Name, RegControl, Tap, Min, Max, Step, Position, Winding, Direction, CogenMode
feeder_reg1a, feeder_reg1a ,  0.98125,  0.90000,  1.10000,  0.00625, -3, 2, Forward, False
feeder_reg1b, feeder_reg1b ,  0.98125,  0.90000,  1.10000,  0.00625, -3, 2, Forward, False
feeder_reg1c, feeder_reg1c ,  0.98125,  0.90000,  1.10000,  0.00625, -3, 2, Forward, False
feeder_reg2a, feeder_reg2a ,  0.99375,  0.90000,  1.10000,  0.00625, -1, 2, Forward, False
feeder_reg2b, feeder_reg2b ,  0.99375,  0.90000,  1.10000,  0.00625, -1, 2, Forward, False
feeder_reg2c, feeder_reg2c ,  0.99375,  0.90000,  1.10000,  0.00625, -1, 2, Forward, False
feeder_reg3a, feeder_reg3a ,  1.00000,  0.90000,  1.10000,  0.00625, 0, 2, Forward, False
feeder_reg3b, feeder_reg3b ,  1.00000,  0.90000,  1.10000,  0.00625, 0, 2, Forward, False
feeder_reg3c, feeder_reg3c ,  0.99375,  0.90000,  1.10000,  0.00625, -1, 2, Forward, False
vreg2_a, vreg2_a ,  0.97500,  0.90000,  1.10000,  0.00625, -4, 2, Reverse, False
vreg2_b, vreg2_b ,  0.96875,  0.90000,  1.10000,  0.00625, -5, 2, Reverse, False
vreg2_c, vreg2_c ,  0.98750,  0.90000,  1.10000,  0.00625, -2, 2, Reverse, False
vreg3_a, vreg3_a ,  1.03125,  0.90000,  1.10000,  0.00625, 5, 2, Forward, False
vreg3_b, vreg3_b ,  1.03125,  0.90000,  1.10000,  0.00625, 5, 2, Forward, False
vreg3_c, vreg3_c ,  1.02500,  0.90000,  1.10000,  0.00625, 4, 2, Forward, False
vreg4_a, vreg4_a ,  0.98750,  0.90000,  1.10000,  0.00625, -2, 2, Reverse, False
vreg4_b, vreg4_b ,  0.98125,  0.90000,  1.10000,  0.00625, -3, 2, Reverse, False
vreg4_c, vreg4_c ,  0.98125,  0.90000,  1.10000,  0.00625, -3, 2, Reverse, False
