<?xml version="1.0" encoding="utf-8"?>
<!-- un-comment this line to enable validation
-->
<rdf:RDF xmlns:cim="http://iec.ch/TC57/CIM100#" xmlns:rdf="http://www.w3.org/1999/02/22-rdf-syntax-ns#">
<!--
-->
<cim:IEC61970CIMVersion rdf:about="urn:uuid:AE81E492-58B6-4D6F-A8FF-F9A19B4ED202">
  <cim:IEC61970CIMVersion.version>IEC61970CIM100</cim:IEC61970CIMVersion.version>
  <cim:IEC61970CIMVersion.date>2019-04-01</cim:IEC61970CIMVersion.date>
</cim:IEC61970CIMVersion>
<cim:CoordinateSystem rdf:about="urn:uuid:41811944-48EE-4B57-919D-45D72E33A9B9">
  <cim:IdentifiedObject.mRID>41811944-48EE-4B57-919D-45D72E33A9B9</cim:IdentifiedObject.mRID>
  <cim:IdentifiedObject.name>auto_CrsUrn</cim:IdentifiedObject.name>
  <cim:CoordinateSystem.crsUrn>OpenDSSLocalBusCoordinates</cim:CoordinateSystem.crsUrn>
</cim:CoordinateSystem>
<cim:GeographicalRegion rdf:about="urn:uuid:EE74FBC4-BCF2-4E0E-B3C4-8C529FA08E8E">
  <cim:IdentifiedObject.mRID>EE74FBC4-BCF2-4E0E-B3C4-8C529FA08E8E</cim:IdentifiedObject.mRID>
  <cim:IdentifiedObject.name>geo1</cim:IdentifiedObject.name>
</cim:GeographicalRegion>
<cim:SubGeographicalRegion rdf:about="urn:uuid:2BC16077-4820-4B91-9513-903BEA52653A">
  <cim:IdentifiedObject.mRID>2BC16077-4820-4B91-9513-903BEA52653A</cim:IdentifiedObject.mRID>
  <cim:IdentifiedObject.name>subgeo1</cim:IdentifiedObject.name>
  <cim:SubGeographicalRegion.Region rdf:resource="urn:uuid:EE74FBC4-BCF2-4E0E-B3C4-8C529FA08E8E"/>
</cim:SubGeographicalRegion>
<cim:Substation rdf:about="urn:uuid:96DADB7E-0963-4A0A-B99C-5386EC3A0FBF">
  <cim:IdentifiedObject.mRID>96DADB7E-0963-4A0A-B99C-5386EC3A0FBF</cim:IdentifiedObject.mRID>
  <cim:IdentifiedObject.name>sub1</cim:IdentifiedObject.name>
  <cim:Substation.Region rdf:resource="urn:uuid:2BC16077-4820-4B91-9513-903BEA52653A"/>
</cim:Substation>
<cim:Location rdf:about="urn:uuid:C4D1D67A-906C-4626-8ABF-BEDE2E005BC2">
  <cim:IdentifiedObject.mRID>C4D1D67A-906C-4626-8ABF-BEDE2E005BC2</cim:IdentifiedObject.mRID>
  <cim:IdentifiedObject.name>auto_Location</cim:IdentifiedObject.name>
  <cim:Location.CoordinateSystem rdf:resource="urn:uuid:41811944-48EE-4B57-919D-45D72E33A9B9"/>
</cim:Location>
<cim:Feeder rdf:about="urn:uuid:94BEE3C7-5EF1-465A-B872-FF43E62AA81B">
  <cim:IdentifiedObject.mRID>94BEE3C7-5EF1-465A-B872-FF43E62AA81B</cim:IdentifiedObject.mRID>
  <cim:IdentifiedObject.name>auto</cim:IdentifiedObject.name>
  <cim:Feeder.NormalEnergizingSubstation rdf:resource="urn:uuid:96DADB7E-0963-4A0A-B99C-5386EC3A0FBF"/>
  <cim:PowerSystemResource.Location rdf:resource="urn:uuid:C4D1D67A-906C-4626-8ABF-BEDE2E005BC2"/>
</cim:Feeder>
<cim:OperationalLimitType rdf:about="urn:uuid:E6ED4168-F5AC-4019-BF58-2DDED5E420FA">
  <cim:IdentifiedObject.mRID>E6ED4168-F5AC-4019-BF58-2DDED5E420FA</cim:IdentifiedObject.mRID>
  <cim:IdentifiedObject.name>auto_NormAmpsType</cim:IdentifiedObject.name>
  <cim:OperationalLimitType.acceptableDuration>5E9</cim:OperationalLimitType.acceptableDuration>
  <cim:OperationalLimitType.direction rdf:resource="http://iec.ch/TC57/CIM100#OperationalLimitDirectionKind.absoluteValue"/>
</cim:OperationalLimitType>
<cim:OperationalLimitType rdf:about="urn:uuid:8E7B3221-081E-4B97-9241-E0FDFB8C9EA7">
  <cim:IdentifiedObject.mRID>8E7B3221-081E-4B97-9241-E0FDFB8C9EA7</cim:IdentifiedObject.mRID>
  <cim:IdentifiedObject.name>auto_EmergencyAmpsType</cim:IdentifiedObject.name>
  <cim:OperationalLimitType.acceptableDuration>7200</cim:OperationalLimitType.acceptableDuration>
  <cim:OperationalLimitType.direction rdf:resource="http://iec.ch/TC57/CIM100#OperationalLimitDirectionKind.absoluteValue"/>
</cim:OperationalLimitType>
<cim:OperationalLimitType rdf:about="urn:uuid:DCD9C5CF-904F-4C08-9212-8505395F776E">
  <cim:IdentifiedObject.mRID>DCD9C5CF-904F-4C08-9212-8505395F776E</cim:IdentifiedObject.mRID>
  <cim:IdentifiedObject.name>auto_RangeAHiType</cim:IdentifiedObject.name>
  <cim:OperationalLimitType.acceptableDuration>5E9</cim:OperationalLimitType.acceptableDuration>
  <cim:OperationalLimitType.direction rdf:resource="http://iec.ch/TC57/CIM100#OperationalLimitDirectionKind.high"/>
</cim:OperationalLimitType>
<cim:OperationalLimitType rdf:about="urn:uuid:78C4FB43-0AE4-47B6-9C41-3CCFFEE310B7">
  <cim:IdentifiedObject.mRID>78C4FB43-0AE4-47B6-9C41-3CCFFEE310B7</cim:IdentifiedObject.mRID>
  <cim:IdentifiedObject.name>auto_RangeALoType</cim:IdentifiedObject.name>
  <cim:OperationalLimitType.acceptableDuration>5E9</cim:OperationalLimitType.acceptableDuration>
  <cim:OperationalLimitType.direction rdf:resource="http://iec.ch/TC57/CIM100#OperationalLimitDirectionKind.low"/>
</cim:OperationalLimitType>
<cim:OperationalLimitType rdf:about="urn:uuid:9570AD02-7C1C-40FA-AF3C-D30EF4FA0C95">
  <cim:IdentifiedObject.mRID>9570AD02-7C1C-40FA-AF3C-D30EF4FA0C95</cim:IdentifiedObject.mRID>
  <cim:IdentifiedObject.name>auto_RangeBHiType</cim:IdentifiedObject.name>
  <cim:OperationalLimitType.acceptableDuration>86400</cim:OperationalLimitType.acceptableDuration>
  <cim:OperationalLimitType.direction rdf:resource="http://iec.ch/TC57/CIM100#OperationalLimitDirectionKind.high"/>
</cim:OperationalLimitType>
<cim:OperationalLimitType rdf:about="urn:uuid:A65DB0E4-600E-473F-89D5-AEFA4AE34270">
  <cim:IdentifiedObject.mRID>A65DB0E4-600E-473F-89D5-AEFA4AE34270</cim:IdentifiedObject.mRID>
  <cim:IdentifiedObject.name>auto_RangeBLoType</cim:IdentifiedObject.name>
  <cim:OperationalLimitType.acceptableDuration>86400</cim:OperationalLimitType.acceptableDuration>
  <cim:OperationalLimitType.direction rdf:resource="http://iec.ch/TC57/CIM100#OperationalLimitDirectionKind.low"/>
</cim:OperationalLimitType>
<cim:BaseVoltage rdf:about="urn:uuid:0EE2A17B-1F2D-4910-A105-A63D1BF29015">
  <cim:IdentifiedObject.mRID>0EE2A17B-1F2D-4910-A105-A63D1BF29015</cim:IdentifiedObject.mRID>
  <cim:IdentifiedObject.name>BaseV_345.0000</cim:IdentifiedObject.name>
  <cim:BaseVoltage.nominalVoltage>345000</cim:BaseVoltage.nominalVoltage>
</cim:BaseVoltage>
<cim:OperationalLimitSet rdf:about="urn:uuid:DDAFBB20-5114-4A4F-B2F9-DAD4EB4047B8">
  <cim:IdentifiedObject.mRID>DDAFBB20-5114-4A4F-B2F9-DAD4EB4047B8</cim:IdentifiedObject.mRID>
  <cim:IdentifiedObject.name>OpLimV_345.0000</cim:IdentifiedObject.name>
</cim:OperationalLimitSet>
<cim:VoltageLimit rdf:about="urn:uuid:4E0C0C8B-967B-4A3D-AFE9-BD853B4E104D">
  <cim:IdentifiedObject.mRID>4E0C0C8B-967B-4A3D-AFE9-BD853B4E104D</cim:IdentifiedObject.mRID>
  <cim:IdentifiedObject.name>OpLimV_345.0000_RangeAHi</cim:IdentifiedObject.name>
  <cim:OperationalLimit.OperationalLimitSet rdf:resource="urn:uuid:DDAFBB20-5114-4A4F-B2F9-DAD4EB4047B8"/>
  <cim:OperationalLimit.OperationalLimitType rdf:resource="urn:uuid:DCD9C5CF-904F-4C08-9212-8505395F776E"/>
  <cim:VoltageLimit.value>362250</cim:VoltageLimit.value>
</cim:VoltageLimit>
<cim:VoltageLimit rdf:about="urn:uuid:4651E405-4D30-4D62-9E3D-711EB60BCDDB">
  <cim:IdentifiedObject.mRID>4651E405-4D30-4D62-9E3D-711EB60BCDDB</cim:IdentifiedObject.mRID>
  <cim:IdentifiedObject.name>OpLimV_345.0000_RangeALo</cim:IdentifiedObject.name>
  <cim:OperationalLimit.OperationalLimitSet rdf:resource="urn:uuid:DDAFBB20-5114-4A4F-B2F9-DAD4EB4047B8"/>
  <cim:OperationalLimit.OperationalLimitType rdf:resource="urn:uuid:78C4FB43-0AE4-47B6-9C41-3CCFFEE310B7"/>
  <cim:VoltageLimit.value>327750</cim:VoltageLimit.value>
</cim:VoltageLimit>
<cim:VoltageLimit rdf:about="urn:uuid:37038D46-8B2D-4358-B1CB-2C45ABBC0BA1">
  <cim:IdentifiedObject.mRID>37038D46-8B2D-4358-B1CB-2C45ABBC0BA1</cim:IdentifiedObject.mRID>
  <cim:IdentifiedObject.name>OpLimV_345.0000_RangeBHi</cim:IdentifiedObject.name>
  <cim:OperationalLimit.OperationalLimitSet rdf:resource="urn:uuid:DDAFBB20-5114-4A4F-B2F9-DAD4EB4047B8"/>
  <cim:OperationalLimit.OperationalLimitType rdf:resource="urn:uuid:9570AD02-7C1C-40FA-AF3C-D30EF4FA0C95"/>
  <cim:VoltageLimit.value>365124.99</cim:VoltageLimit.value>
</cim:VoltageLimit>
<cim:VoltageLimit rdf:about="urn:uuid:DD28E91E-AB92-4888-9AAB-FCD53644BBB9">
  <cim:IdentifiedObject.mRID>DD28E91E-AB92-4888-9AAB-FCD53644BBB9</cim:IdentifiedObject.mRID>
  <cim:IdentifiedObject.name>OpLimV_345.0000_RangeBLo</cim:IdentifiedObject.name>
  <cim:OperationalLimit.OperationalLimitSet rdf:resource="urn:uuid:DDAFBB20-5114-4A4F-B2F9-DAD4EB4047B8"/>
  <cim:OperationalLimit.OperationalLimitType rdf:resource="urn:uuid:A65DB0E4-600E-473F-89D5-AEFA4AE34270"/>
  <cim:VoltageLimit.value>316250.01</cim:VoltageLimit.value>
</cim:VoltageLimit>
<cim:BaseVoltage rdf:about="urn:uuid:19C7AAFF-1CF0-4FEB-8B3A-CDB966E36B41">
  <cim:IdentifiedObject.mRID>19C7AAFF-1CF0-4FEB-8B3A-CDB966E36B41</cim:IdentifiedObject.mRID>
  <cim:IdentifiedObject.name>BaseV_161.0000</cim:IdentifiedObject.name>
  <cim:BaseVoltage.nominalVoltage>161000</cim:BaseVoltage.nominalVoltage>
</cim:BaseVoltage>
<cim:OperationalLimitSet rdf:about="urn:uuid:F9444686-1CC2-4F01-99B5-4718EB67700E">
  <cim:IdentifiedObject.mRID>F9444686-1CC2-4F01-99B5-4718EB67700E</cim:IdentifiedObject.mRID>
  <cim:IdentifiedObject.name>OpLimV_161.0000</cim:IdentifiedObject.name>
</cim:OperationalLimitSet>
<cim:VoltageLimit rdf:about="urn:uuid:1C6E6DE0-57A9-4657-A9F4-411163EB306D">
  <cim:IdentifiedObject.mRID>1C6E6DE0-57A9-4657-A9F4-411163EB306D</cim:IdentifiedObject.mRID>
  <cim:IdentifiedObject.name>OpLimV_161.0000_RangeAHi</cim:IdentifiedObject.name>
  <cim:OperationalLimit.OperationalLimitSet rdf:resource="urn:uuid:F9444686-1CC2-4F01-99B5-4718EB67700E"/>
  <cim:OperationalLimit.OperationalLimitType rdf:resource="urn:uuid:DCD9C5CF-904F-4C08-9212-8505395F776E"/>
  <cim:VoltageLimit.value>169050</cim:VoltageLimit.value>
</cim:VoltageLimit>
<cim:VoltageLimit rdf:about="urn:uuid:642AECB9-6D5A-49A6-8841-1D799509977C">
  <cim:IdentifiedObject.mRID>642AECB9-6D5A-49A6-8841-1D799509977C</cim:IdentifiedObject.mRID>
  <cim:IdentifiedObject.name>OpLimV_161.0000_RangeALo</cim:IdentifiedObject.name>
  <cim:OperationalLimit.OperationalLimitSet rdf:resource="urn:uuid:F9444686-1CC2-4F01-99B5-4718EB67700E"/>
  <cim:OperationalLimit.OperationalLimitType rdf:resource="urn:uuid:78C4FB43-0AE4-47B6-9C41-3CCFFEE310B7"/>
  <cim:VoltageLimit.value>152950</cim:VoltageLimit.value>
</cim:VoltageLimit>
<cim:VoltageLimit rdf:about="urn:uuid:FA94E040-B6C0-4A0F-8308-3DE65B6B6486">
  <cim:IdentifiedObject.mRID>FA94E040-B6C0-4A0F-8308-3DE65B6B6486</cim:IdentifiedObject.mRID>
  <cim:IdentifiedObject.name>OpLimV_161.0000_RangeBHi</cim:IdentifiedObject.name>
  <cim:OperationalLimit.OperationalLimitSet rdf:resource="urn:uuid:F9444686-1CC2-4F01-99B5-4718EB67700E"/>
  <cim:OperationalLimit.OperationalLimitType rdf:resource="urn:uuid:9570AD02-7C1C-40FA-AF3C-D30EF4FA0C95"/>
  <cim:VoltageLimit.value>170391.66</cim:VoltageLimit.value>
</cim:VoltageLimit>
<cim:VoltageLimit rdf:about="urn:uuid:41614AA1-0065-48A4-BBE1-CB2255F31C50">
  <cim:IdentifiedObject.mRID>41614AA1-0065-48A4-BBE1-CB2255F31C50</cim:IdentifiedObject.mRID>
  <cim:IdentifiedObject.name>OpLimV_161.0000_RangeBLo</cim:IdentifiedObject.name>
  <cim:OperationalLimit.OperationalLimitSet rdf:resource="urn:uuid:F9444686-1CC2-4F01-99B5-4718EB67700E"/>
  <cim:OperationalLimit.OperationalLimitType rdf:resource="urn:uuid:A65DB0E4-600E-473F-89D5-AEFA4AE34270"/>
  <cim:VoltageLimit.value>147583.34</cim:VoltageLimit.value>
</cim:VoltageLimit>
<cim:BaseVoltage rdf:about="urn:uuid:A5053708-5AFC-4927-BB9D-462F4F2036E8">
  <cim:IdentifiedObject.mRID>A5053708-5AFC-4927-BB9D-462F4F2036E8</cim:IdentifiedObject.mRID>
  <cim:IdentifiedObject.name>BaseV_13.8000</cim:IdentifiedObject.name>
  <cim:BaseVoltage.nominalVoltage>13800</cim:BaseVoltage.nominalVoltage>
</cim:BaseVoltage>
<cim:OperationalLimitSet rdf:about="urn:uuid:12D21140-1CED-42C2-A030-20C9EB09991C">
  <cim:IdentifiedObject.mRID>12D21140-1CED-42C2-A030-20C9EB09991C</cim:IdentifiedObject.mRID>
  <cim:IdentifiedObject.name>OpLimV_13.8000</cim:IdentifiedObject.name>
</cim:OperationalLimitSet>
<cim:VoltageLimit rdf:about="urn:uuid:F21BB5E0-4E75-46DF-9E4A-8B5669DCF6C6">
  <cim:IdentifiedObject.mRID>F21BB5E0-4E75-46DF-9E4A-8B5669DCF6C6</cim:IdentifiedObject.mRID>
  <cim:IdentifiedObject.name>OpLimV_13.8000_RangeAHi</cim:IdentifiedObject.name>
  <cim:OperationalLimit.OperationalLimitSet rdf:resource="urn:uuid:12D21140-1CED-42C2-A030-20C9EB09991C"/>
  <cim:OperationalLimit.OperationalLimitType rdf:resource="urn:uuid:DCD9C5CF-904F-4C08-9212-8505395F776E"/>
  <cim:VoltageLimit.value>14490</cim:VoltageLimit.value>
</cim:VoltageLimit>
<cim:VoltageLimit rdf:about="urn:uuid:79666F27-2E4E-4292-A8A5-B57CEC5FE470">
  <cim:IdentifiedObject.mRID>79666F27-2E4E-4292-A8A5-B57CEC5FE470</cim:IdentifiedObject.mRID>
  <cim:IdentifiedObject.name>OpLimV_13.8000_RangeALo</cim:IdentifiedObject.name>
  <cim:OperationalLimit.OperationalLimitSet rdf:resource="urn:uuid:12D21140-1CED-42C2-A030-20C9EB09991C"/>
  <cim:OperationalLimit.OperationalLimitType rdf:resource="urn:uuid:78C4FB43-0AE4-47B6-9C41-3CCFFEE310B7"/>
  <cim:VoltageLimit.value>13110</cim:VoltageLimit.value>
</cim:VoltageLimit>
<cim:VoltageLimit rdf:about="urn:uuid:7E04B5F4-D8EB-4103-B7BF-19D137933C76">
  <cim:IdentifiedObject.mRID>7E04B5F4-D8EB-4103-B7BF-19D137933C76</cim:IdentifiedObject.mRID>
  <cim:IdentifiedObject.name>OpLimV_13.8000_RangeBHi</cim:IdentifiedObject.name>
  <cim:OperationalLimit.OperationalLimitSet rdf:resource="urn:uuid:12D21140-1CED-42C2-A030-20C9EB09991C"/>
  <cim:OperationalLimit.OperationalLimitType rdf:resource="urn:uuid:9570AD02-7C1C-40FA-AF3C-D30EF4FA0C95"/>
  <cim:VoltageLimit.value>14605</cim:VoltageLimit.value>
</cim:VoltageLimit>
<cim:VoltageLimit rdf:about="urn:uuid:389DF732-BCA6-4FD0-9F3C-B6A3B84D070C">
  <cim:IdentifiedObject.mRID>389DF732-BCA6-4FD0-9F3C-B6A3B84D070C</cim:IdentifiedObject.mRID>
  <cim:IdentifiedObject.name>OpLimV_13.8000_RangeBLo</cim:IdentifiedObject.name>
  <cim:OperationalLimit.OperationalLimitSet rdf:resource="urn:uuid:12D21140-1CED-42C2-A030-20C9EB09991C"/>
  <cim:OperationalLimit.OperationalLimitType rdf:resource="urn:uuid:A65DB0E4-600E-473F-89D5-AEFA4AE34270"/>
  <cim:VoltageLimit.value>12650</cim:VoltageLimit.value>
</cim:VoltageLimit>
<cim:TopologicalNode rdf:about="urn:uuid:3BB6017D-F3B7-4F34-9A6E-3A1D3280B71F">
  <cim:IdentifiedObject.mRID>3BB6017D-F3B7-4F34-9A6E-3A1D3280B71F</cim:IdentifiedObject.mRID>
  <cim:IdentifiedObject.name>sourcebus</cim:IdentifiedObject.name>
  <cim:TopologicalNode.TopologicalIsland rdf:resource="urn:uuid:67178A96-DA28-4AE0-AA75-BD4F1DDDDA25"/>
</cim:TopologicalNode>
<cim:ConnectivityNode rdf:about="urn:uuid:41E7CC01-6C94-4046-A821-4F8712E432D9">
  <cim:IdentifiedObject.mRID>41E7CC01-6C94-4046-A821-4F8712E432D9</cim:IdentifiedObject.mRID>
  <cim:IdentifiedObject.name>sourcebus</cim:IdentifiedObject.name>
  <cim:ConnectivityNode.TopologicalNode rdf:resource="urn:uuid:3BB6017D-F3B7-4F34-9A6E-3A1D3280B71F"/>
  <cim:ConnectivityNode.OperationalLimitSet rdf:resource="urn:uuid:DDAFBB20-5114-4A4F-B2F9-DAD4EB4047B8"/>
  <cim:ConnectivityNode.ConnectivityNodeContainer rdf:resource="urn:uuid:94BEE3C7-5EF1-465A-B872-FF43E62AA81B"/>
</cim:ConnectivityNode>
<cim:TopologicalNode rdf:about="urn:uuid:4367B999-F776-491D-9AF8-B15DED372FA1">
  <cim:IdentifiedObject.mRID>4367B999-F776-491D-9AF8-B15DED372FA1</cim:IdentifiedObject.mRID>
  <cim:IdentifiedObject.name>high</cim:IdentifiedObject.name>
  <cim:TopologicalNode.TopologicalIsland rdf:resource="urn:uuid:67178A96-DA28-4AE0-AA75-BD4F1DDDDA25"/>
</cim:TopologicalNode>
<cim:ConnectivityNode rdf:about="urn:uuid:A94B5EAE-1208-4DA6-881C-D011DBD9EE07">
  <cim:IdentifiedObject.mRID>A94B5EAE-1208-4DA6-881C-D011DBD9EE07</cim:IdentifiedObject.mRID>
  <cim:IdentifiedObject.name>high</cim:IdentifiedObject.name>
  <cim:ConnectivityNode.TopologicalNode rdf:resource="urn:uuid:4367B999-F776-491D-9AF8-B15DED372FA1"/>
  <cim:ConnectivityNode.OperationalLimitSet rdf:resource="urn:uuid:DDAFBB20-5114-4A4F-B2F9-DAD4EB4047B8"/>
  <cim:ConnectivityNode.ConnectivityNodeContainer rdf:resource="urn:uuid:94BEE3C7-5EF1-465A-B872-FF43E62AA81B"/>
</cim:ConnectivityNode>
<cim:TopologicalNode rdf:about="urn:uuid:467ED321-DCFD-45EA-8693-57AE296405FF">
  <cim:IdentifiedObject.mRID>467ED321-DCFD-45EA-8693-57AE296405FF</cim:IdentifiedObject.mRID>
  <cim:IdentifiedObject.name>low</cim:IdentifiedObject.name>
  <cim:TopologicalNode.TopologicalIsland rdf:resource="urn:uuid:67178A96-DA28-4AE0-AA75-BD4F1DDDDA25"/>
</cim:TopologicalNode>
<cim:ConnectivityNode rdf:about="urn:uuid:74C64658-89EB-4F37-A92B-9A0712B37FA8">
  <cim:IdentifiedObject.mRID>74C64658-89EB-4F37-A92B-9A0712B37FA8</cim:IdentifiedObject.mRID>
  <cim:IdentifiedObject.name>low</cim:IdentifiedObject.name>
  <cim:ConnectivityNode.TopologicalNode rdf:resource="urn:uuid:467ED321-DCFD-45EA-8693-57AE296405FF"/>
  <cim:ConnectivityNode.OperationalLimitSet rdf:resource="urn:uuid:F9444686-1CC2-4F01-99B5-4718EB67700E"/>
  <cim:ConnectivityNode.ConnectivityNodeContainer rdf:resource="urn:uuid:94BEE3C7-5EF1-465A-B872-FF43E62AA81B"/>
</cim:ConnectivityNode>
<cim:TopologicalNode rdf:about="urn:uuid:A300DC01-5693-496D-B72F-916DFDBE3570">
  <cim:IdentifiedObject.mRID>A300DC01-5693-496D-B72F-916DFDBE3570</cim:IdentifiedObject.mRID>
  <cim:IdentifiedObject.name>tert</cim:IdentifiedObject.name>
  <cim:TopologicalNode.TopologicalIsland rdf:resource="urn:uuid:67178A96-DA28-4AE0-AA75-BD4F1DDDDA25"/>
</cim:TopologicalNode>
<cim:ConnectivityNode rdf:about="urn:uuid:4DE244BE-14DD-4E81-A807-6191231FC6CE">
  <cim:IdentifiedObject.mRID>4DE244BE-14DD-4E81-A807-6191231FC6CE</cim:IdentifiedObject.mRID>
  <cim:IdentifiedObject.name>tert</cim:IdentifiedObject.name>
  <cim:ConnectivityNode.TopologicalNode rdf:resource="urn:uuid:A300DC01-5693-496D-B72F-916DFDBE3570"/>
  <cim:ConnectivityNode.OperationalLimitSet rdf:resource="urn:uuid:12D21140-1CED-42C2-A030-20C9EB09991C"/>
  <cim:ConnectivityNode.ConnectivityNodeContainer rdf:resource="urn:uuid:94BEE3C7-5EF1-465A-B872-FF43E62AA81B"/>
</cim:ConnectivityNode>
<cim:TopologicalIsland rdf:about="urn:uuid:67178A96-DA28-4AE0-AA75-BD4F1DDDDA25">
  <cim:IdentifiedObject.mRID>67178A96-DA28-4AE0-AA75-BD4F1DDDDA25</cim:IdentifiedObject.mRID>
  <cim:IdentifiedObject.name>auto_Island</cim:IdentifiedObject.name>
  <cim:TopologicalIsland.AngleRefTopologicalNode rdf:resource="urn:uuid:3BB6017D-F3B7-4F34-9A6E-3A1D3280B71F"/>
</cim:TopologicalIsland>
<cim:EnergySource rdf:about="urn:uuid:27930F38-39F9-4CB9-A724-CCF2E6CFA894">
  <cim:IdentifiedObject.mRID>27930F38-39F9-4CB9-A724-CCF2E6CFA894</cim:IdentifiedObject.mRID>
  <cim:IdentifiedObject.name>source</cim:IdentifiedObject.name>
  <cim:Equipment.EquipmentContainer rdf:resource="urn:uuid:94BEE3C7-5EF1-465A-B872-FF43E62AA81B"/>
  <cim:ConductingEquipment.BaseVoltage rdf:resource="urn:uuid:0EE2A17B-1F2D-4910-A105-A63D1BF29015"/>
  <cim:EnergySource.nominalVoltage>345000</cim:EnergySource.nominalVoltage>
  <cim:EnergySource.voltageMagnitude>345000</cim:EnergySource.voltageMagnitude>
  <cim:EnergySource.voltageAngle>0</cim:EnergySource.voltageAngle>
  <cim:EnergySource.r>0.014433901</cim:EnergySource.r>
  <cim:EnergySource.x>0.057735606</cim:EnergySource.x>
  <cim:EnergySource.r0>0.018856521</cim:EnergySource.r0>
  <cim:EnergySource.x0>0.056569563</cim:EnergySource.x0>
  <cim:PowerSystemResource.Location rdf:resource="urn:uuid:53652278-C773-47E6-BAAE-7E5B5A5CAE6D"/>
</cim:EnergySource>
<cim:Terminal rdf:about="urn:uuid:8BD66645-B900-4657-B6D6-1B472EE525D2">
  <cim:IdentifiedObject.mRID>8BD66645-B900-4657-B6D6-1B472EE525D2</cim:IdentifiedObject.mRID>
  <cim:IdentifiedObject.name>source_T1</cim:IdentifiedObject.name>
  <cim:Terminal.ConductingEquipment rdf:resource="urn:uuid:27930F38-39F9-4CB9-A724-CCF2E6CFA894"/>
  <cim:ACDCTerminal.sequenceNumber>1</cim:ACDCTerminal.sequenceNumber>
  <cim:Terminal.ConnectivityNode rdf:resource="urn:uuid:41E7CC01-6C94-4046-A821-4F8712E432D9"/>
</cim:Terminal>
<cim:Location rdf:about="urn:uuid:53652278-C773-47E6-BAAE-7E5B5A5CAE6D">
  <cim:IdentifiedObject.mRID>53652278-C773-47E6-BAAE-7E5B5A5CAE6D</cim:IdentifiedObject.mRID>
  <cim:IdentifiedObject.name>source_Loc</cim:IdentifiedObject.name>
  <cim:Location.CoordinateSystem rdf:resource="urn:uuid:41811944-48EE-4B57-919D-45D72E33A9B9"/>
</cim:Location>
<cim:PositionPoint rdf:about="urn:uuid:467266A6-B92E-49B2-96A0-894B1B776B6D">
  <cim:PositionPoint.Location rdf:resource="urn:uuid:53652278-C773-47E6-BAAE-7E5B5A5CAE6D"/>
  <cim:PositionPoint.sequenceNumber>1</cim:PositionPoint.sequenceNumber>
  <cim:PositionPoint.xPosition>0</cim:PositionPoint.xPosition>
  <cim:PositionPoint.yPosition>0</cim:PositionPoint.yPosition>
</cim:PositionPoint>
<cim:Location rdf:about="urn:uuid:ADC49E70-E857-4196-86B0-FC3745C6C2BB">
  <cim:IdentifiedObject.mRID>ADC49E70-E857-4196-86B0-FC3745C6C2BB</cim:IdentifiedObject.mRID>
  <cim:IdentifiedObject.name>t1_Loc</cim:IdentifiedObject.name>
  <cim:Location.CoordinateSystem rdf:resource="urn:uuid:41811944-48EE-4B57-919D-45D72E33A9B9"/>
</cim:Location>
<cim:PositionPoint rdf:about="urn:uuid:F935C640-02B1-4B44-A6E2-67B3E38DAB2C">
  <cim:PositionPoint.Location rdf:resource="urn:uuid:ADC49E70-E857-4196-86B0-FC3745C6C2BB"/>
  <cim:PositionPoint.sequenceNumber>1</cim:PositionPoint.sequenceNumber>
  <cim:PositionPoint.xPosition>0</cim:PositionPoint.xPosition>
  <cim:PositionPoint.yPosition>0</cim:PositionPoint.yPosition>
</cim:PositionPoint>
<cim:PositionPoint rdf:about="urn:uuid:FDA3FD8B-326B-4664-B3E8-71849B3BB292">
  <cim:PositionPoint.Location rdf:resource="urn:uuid:ADC49E70-E857-4196-86B0-FC3745C6C2BB"/>
  <cim:PositionPoint.sequenceNumber>2</cim:PositionPoint.sequenceNumber>
  <cim:PositionPoint.xPosition>0</cim:PositionPoint.xPosition>
  <cim:PositionPoint.yPosition>0</cim:PositionPoint.yPosition>
</cim:PositionPoint>
<cim:PositionPoint rdf:about="urn:uuid:68B70058-7596-4911-B6FD-83A631B1264D">
  <cim:PositionPoint.Location rdf:resource="urn:uuid:ADC49E70-E857-4196-86B0-FC3745C6C2BB"/>
  <cim:PositionPoint.sequenceNumber>3</cim:PositionPoint.sequenceNumber>
  <cim:PositionPoint.xPosition>0</cim:PositionPoint.xPosition>
  <cim:PositionPoint.yPosition>0</cim:PositionPoint.yPosition>
</cim:PositionPoint>
<cim:TransformerCoreAdmittance rdf:about="urn:uuid:2C4AEF71-5915-4381-A139-C78B164160CF">
  <cim:IdentifiedObject.mRID>2C4AEF71-5915-4381-A139-C78B164160CF</cim:IdentifiedObject.mRID>
  <cim:IdentifiedObject.name>t1_Yc</cim:IdentifiedObject.name>
  <cim:TransformerCoreAdmittance.g>6.6540643E-7</cim:TransformerCoreAdmittance.g>
  <cim:TransformerCoreAdmittance.g0>6.6540643E-7</cim:TransformerCoreAdmittance.g0>
  <cim:TransformerCoreAdmittance.b>9.1493384E-7</cim:TransformerCoreAdmittance.b>
  <cim:TransformerCoreAdmittance.b0>9.1493384E-7</cim:TransformerCoreAdmittance.b0>
  <cim:TransformerCoreAdmittance.TransformerEnd rdf:resource="urn:uuid:8C0E7AD4-CAEE-42D0-B4AE-598E893255FC"/>
</cim:TransformerCoreAdmittance>
<cim:TransformerMeshImpedance rdf:about="urn:uuid:350784B4-01CE-4331-8403-C7B78980B14C">
  <cim:IdentifiedObject.mRID>350784B4-01CE-4331-8403-C7B78980B14C</cim:IdentifiedObject.mRID>
  <cim:IdentifiedObject.name>t1_Zsc_1</cim:IdentifiedObject.name>
  <cim:TransformerMeshImpedance.r>0.37835523</cim:TransformerMeshImpedance.r>
  <cim:TransformerMeshImpedance.r0>0.37835523</cim:TransformerMeshImpedance.r0>
  <cim:TransformerMeshImpedance.x>26.077295</cim:TransformerMeshImpedance.x>
  <cim:TransformerMeshImpedance.x0>26.077295</cim:TransformerMeshImpedance.x0>
  <cim:TransformerMeshImpedance.FromTransformerEnd rdf:resource="urn:uuid:8C0E7AD4-CAEE-42D0-B4AE-598E893255FC"/>
  <cim:TransformerMeshImpedance.ToTransformerEnd rdf:resource="urn:uuid:CD921AFA-9583-4800-B279-D63FD705CAAB"/>
</cim:TransformerMeshImpedance>
<cim:TransformerMeshImpedance rdf:about="urn:uuid:9282CB3E-7F1F-4592-8041-A59B4FAD4E93">
  <cim:IdentifiedObject.mRID>9282CB3E-7F1F-4592-8041-A59B4FAD4E93</cim:IdentifiedObject.mRID>
  <cim:IdentifiedObject.name>t1_Zsc_2</cim:IdentifiedObject.name>
  <cim:TransformerMeshImpedance.r>5.4087845</cim:TransformerMeshImpedance.r>
  <cim:TransformerMeshImpedance.r0>5.4087845</cim:TransformerMeshImpedance.r0>
  <cim:TransformerMeshImpedance.x>88.186705</cim:TransformerMeshImpedance.x>
  <cim:TransformerMeshImpedance.x0>88.186705</cim:TransformerMeshImpedance.x0>
  <cim:TransformerMeshImpedance.FromTransformerEnd rdf:resource="urn:uuid:8C0E7AD4-CAEE-42D0-B4AE-598E893255FC"/>
  <cim:TransformerMeshImpedance.ToTransformerEnd rdf:resource="urn:uuid:1AC303A8-4067-4983-BB67-98BFEE04EF94"/>
</cim:TransformerMeshImpedance>
<cim:TransformerMeshImpedance rdf:about="urn:uuid:9AE6C944-6B32-496F-BA52-381BF4942C4E">
  <cim:IdentifiedObject.mRID>9AE6C944-6B32-496F-BA52-381BF4942C4E</cim:IdentifiedObject.mRID>
  <cim:IdentifiedObject.name>t1_Zsc_3</cim:IdentifiedObject.name>
  <cim:TransformerMeshImpedance.r>1.1828616</cim:TransformerMeshImpedance.r>
  <cim:TransformerMeshImpedance.r0>1.1828616</cim:TransformerMeshImpedance.r0>
  <cim:TransformerMeshImpedance.x>22.347044</cim:TransformerMeshImpedance.x>
  <cim:TransformerMeshImpedance.x0>22.347044</cim:TransformerMeshImpedance.x0>
  <cim:TransformerMeshImpedance.FromTransformerEnd rdf:resource="urn:uuid:CD921AFA-9583-4800-B279-D63FD705CAAB"/>
  <cim:TransformerMeshImpedance.ToTransformerEnd rdf:resource="urn:uuid:1AC303A8-4067-4983-BB67-98BFEE04EF94"/>
</cim:TransformerMeshImpedance>
<cim:PowerTransformerEnd rdf:about="urn:uuid:8C0E7AD4-CAEE-42D0-B4AE-598E893255FC">
  <cim:IdentifiedObject.mRID>8C0E7AD4-CAEE-42D0-B4AE-598E893255FC</cim:IdentifiedObject.mRID>
  <cim:IdentifiedObject.name>t1_End_1</cim:IdentifiedObject.name>
  <cim:PowerTransformerEnd.PowerTransformer rdf:resource="urn:uuid:74A81B7A-269E-4FF2-9A42-855F73AE66D0"/>
  <cim:PowerTransformerEnd.ratedS>3.3E8</cim:PowerTransformerEnd.ratedS>
  <cim:PowerTransformerEnd.ratedU>345000</cim:PowerTransformerEnd.ratedU>
  <cim:PowerTransformerEnd.r>0.17781614</cim:PowerTransformerEnd.r>
  <cim:PowerTransformerEnd.connectionKind rdf:resource="http://iec.ch/TC57/CIM100#WindingConnection.Y"/>
  <cim:PowerTransformerEnd.phaseAngleClock>0</cim:PowerTransformerEnd.phaseAngleClock>
  <cim:TransformerEnd.grounded>true</cim:TransformerEnd.grounded>
  <cim:TransformerEnd.rground>0</cim:TransformerEnd.rground>
  <cim:TransformerEnd.xground>0</cim:TransformerEnd.xground>
  <cim:TransformerEnd.endNumber>1</cim:TransformerEnd.endNumber>
  <cim:TransformerEnd.Terminal rdf:resource="urn:uuid:47B528F0-B176-4591-880C-7FA92809675A"/>
  <cim:TransformerEnd.BaseVoltage rdf:resource="urn:uuid:0EE2A17B-1F2D-4910-A105-A63D1BF29015"/>
</cim:PowerTransformerEnd>
<cim:Terminal rdf:about="urn:uuid:47B528F0-B176-4591-880C-7FA92809675A">
  <cim:IdentifiedObject.mRID>47B528F0-B176-4591-880C-7FA92809675A</cim:IdentifiedObject.mRID>
  <cim:IdentifiedObject.name>t1_T1</cim:IdentifiedObject.name>
  <cim:Terminal.ConductingEquipment rdf:resource="urn:uuid:74A81B7A-269E-4FF2-9A42-855F73AE66D0"/>
  <cim:ACDCTerminal.sequenceNumber>1</cim:ACDCTerminal.sequenceNumber>
  <cim:Terminal.ConnectivityNode rdf:resource="urn:uuid:A94B5EAE-1208-4DA6-881C-D011DBD9EE07"/>
  <cim:ACDCTerminal.OperationalLimitSet rdf:resource="urn:uuid:35CA7C6D-976E-40E6-A76E-FACEA9C2033D"/>
</cim:Terminal>
<cim:PowerTransformerEnd rdf:about="urn:uuid:CD921AFA-9583-4800-B279-D63FD705CAAB">
  <cim:IdentifiedObject.mRID>CD921AFA-9583-4800-B279-D63FD705CAAB</cim:IdentifiedObject.mRID>
  <cim:IdentifiedObject.name>t1_End_2</cim:IdentifiedObject.name>
  <cim:PowerTransformerEnd.PowerTransformer rdf:resource="urn:uuid:74A81B7A-269E-4FF2-9A42-855F73AE66D0"/>
  <cim:PowerTransformerEnd.ratedS>3.3E8</cim:PowerTransformerEnd.ratedS>
  <cim:PowerTransformerEnd.ratedU>161000</cim:PowerTransformerEnd.ratedU>
  <cim:PowerTransformerEnd.r>0.043672958</cim:PowerTransformerEnd.r>
  <cim:PowerTransformerEnd.connectionKind rdf:resource="http://iec.ch/TC57/CIM100#WindingConnection.Y"/>
  <cim:PowerTransformerEnd.phaseAngleClock>0</cim:PowerTransformerEnd.phaseAngleClock>
  <cim:TransformerEnd.grounded>true</cim:TransformerEnd.grounded>
  <cim:TransformerEnd.rground>0</cim:TransformerEnd.rground>
  <cim:TransformerEnd.xground>0</cim:TransformerEnd.xground>
  <cim:TransformerEnd.endNumber>2</cim:TransformerEnd.endNumber>
  <cim:TransformerEnd.Terminal rdf:resource="urn:uuid:7D3FE699-DFBC-434D-B266-918194215ADB"/>
  <cim:TransformerEnd.BaseVoltage rdf:resource="urn:uuid:19C7AAFF-1CF0-4FEB-8B3A-CDB966E36B41"/>
</cim:PowerTransformerEnd>
<cim:Terminal rdf:about="urn:uuid:7D3FE699-DFBC-434D-B266-918194215ADB">
  <cim:IdentifiedObject.mRID>7D3FE699-DFBC-434D-B266-918194215ADB</cim:IdentifiedObject.mRID>
  <cim:IdentifiedObject.name>t1_T2</cim:IdentifiedObject.name>
  <cim:Terminal.ConductingEquipment rdf:resource="urn:uuid:74A81B7A-269E-4FF2-9A42-855F73AE66D0"/>
  <cim:ACDCTerminal.sequenceNumber>2</cim:ACDCTerminal.sequenceNumber>
  <cim:Terminal.ConnectivityNode rdf:resource="urn:uuid:74C64658-89EB-4F37-A92B-9A0712B37FA8"/>
</cim:Terminal>
<cim:PowerTransformerEnd rdf:about="urn:uuid:1AC303A8-4067-4983-BB67-98BFEE04EF94">
  <cim:IdentifiedObject.mRID>1AC303A8-4067-4983-BB67-98BFEE04EF94</cim:IdentifiedObject.mRID>
  <cim:IdentifiedObject.name>t1_End_3</cim:IdentifiedObject.name>
  <cim:PowerTransformerEnd.PowerTransformer rdf:resource="urn:uuid:74A81B7A-269E-4FF2-9A42-855F73AE66D0"/>
  <cim:PowerTransformerEnd.ratedS>72000000</cim:PowerTransformerEnd.ratedS>
  <cim:PowerTransformerEnd.ratedU>13800</cim:PowerTransformerEnd.ratedU>
  <cim:PowerTransformerEnd.r>0.038360435</cim:PowerTransformerEnd.r>
  <cim:PowerTransformerEnd.connectionKind rdf:resource="http://iec.ch/TC57/CIM100#WindingConnection.D"/>
  <cim:PowerTransformerEnd.phaseAngleClock>1</cim:PowerTransformerEnd.phaseAngleClock>
  <cim:TransformerEnd.grounded>false</cim:TransformerEnd.grounded>
  <cim:TransformerEnd.endNumber>3</cim:TransformerEnd.endNumber>
  <cim:TransformerEnd.Terminal rdf:resource="urn:uuid:0AF1896A-B094-4A83-8033-80E8E3E90945"/>
  <cim:TransformerEnd.BaseVoltage rdf:resource="urn:uuid:A5053708-5AFC-4927-BB9D-462F4F2036E8"/>
</cim:PowerTransformerEnd>
<cim:Terminal rdf:about="urn:uuid:0AF1896A-B094-4A83-8033-80E8E3E90945">
  <cim:IdentifiedObject.mRID>0AF1896A-B094-4A83-8033-80E8E3E90945</cim:IdentifiedObject.mRID>
  <cim:IdentifiedObject.name>t1_T3</cim:IdentifiedObject.name>
  <cim:Terminal.ConductingEquipment rdf:resource="urn:uuid:74A81B7A-269E-4FF2-9A42-855F73AE66D0"/>
  <cim:ACDCTerminal.sequenceNumber>3</cim:ACDCTerminal.sequenceNumber>
  <cim:Terminal.ConnectivityNode rdf:resource="urn:uuid:4DE244BE-14DD-4E81-A807-6191231FC6CE"/>
</cim:Terminal>
<cim:PowerTransformer rdf:about="urn:uuid:74A81B7A-269E-4FF2-9A42-855F73AE66D0">
  <cim:IdentifiedObject.mRID>74A81B7A-269E-4FF2-9A42-855F73AE66D0</cim:IdentifiedObject.mRID>
  <cim:IdentifiedObject.name>t1</cim:IdentifiedObject.name>
  <cim:Equipment.EquipmentContainer rdf:resource="urn:uuid:94BEE3C7-5EF1-465A-B872-FF43E62AA81B"/>
  <cim:PowerTransformer.vectorGroup>Yyd1</cim:PowerTransformer.vectorGroup>
  <cim:PowerSystemResource.Location rdf:resource="urn:uuid:ADC49E70-E857-4196-86B0-FC3745C6C2BB"/>
</cim:PowerTransformer>
<cim:LoadBreakSwitch rdf:about="urn:uuid:44E40C93-7E0C-4F43-99CD-94DBF26C4762">
  <cim:IdentifiedObject.mRID>44E40C93-7E0C-4F43-99CD-94DBF26C4762</cim:IdentifiedObject.mRID>
  <cim:IdentifiedObject.name>line1</cim:IdentifiedObject.name>
  <cim:Equipment.EquipmentContainer rdf:resource="urn:uuid:94BEE3C7-5EF1-465A-B872-FF43E62AA81B"/>
  <cim:ConductingEquipment.BaseVoltage rdf:resource="urn:uuid:0EE2A17B-1F2D-4910-A105-A63D1BF29015"/>
  <cim:ProtectedSwitch.breakingCapacity>400</cim:ProtectedSwitch.breakingCapacity>
  <cim:Switch.ratedCurrent>400</cim:Switch.ratedCurrent>
  <cim:Switch.normalOpen>false</cim:Switch.normalOpen>
  <cim:Switch.open>false</cim:Switch.open>
  <cim:Switch.retained>true</cim:Switch.retained>
  <cim:PowerSystemResource.Location rdf:resource="urn:uuid:2B5102EC-236E-4A81-85C0-8D3D7E57F10E"/>
</cim:LoadBreakSwitch>
<cim:Terminal rdf:about="urn:uuid:ADEAAE35-6E72-44E1-B0FF-DC3F9ABE6DE2">
  <cim:IdentifiedObject.mRID>ADEAAE35-6E72-44E1-B0FF-DC3F9ABE6DE2</cim:IdentifiedObject.mRID>
  <cim:IdentifiedObject.name>line1_T1</cim:IdentifiedObject.name>
  <cim:Terminal.ConductingEquipment rdf:resource="urn:uuid:44E40C93-7E0C-4F43-99CD-94DBF26C4762"/>
  <cim:ACDCTerminal.sequenceNumber>1</cim:ACDCTerminal.sequenceNumber>
  <cim:Terminal.ConnectivityNode rdf:resource="urn:uuid:41E7CC01-6C94-4046-A821-4F8712E432D9"/>
  <cim:ACDCTerminal.OperationalLimitSet rdf:resource="urn:uuid:D0ABCA4A-E560-4BEC-B5EC-59C995DFB8A1"/>
</cim:Terminal>
<cim:Terminal rdf:about="urn:uuid:348BE559-F40D-48DF-9F5A-2929A5959695">
  <cim:IdentifiedObject.mRID>348BE559-F40D-48DF-9F5A-2929A5959695</cim:IdentifiedObject.mRID>
  <cim:IdentifiedObject.name>line1_T2</cim:IdentifiedObject.name>
  <cim:Terminal.ConductingEquipment rdf:resource="urn:uuid:44E40C93-7E0C-4F43-99CD-94DBF26C4762"/>
  <cim:ACDCTerminal.sequenceNumber>2</cim:ACDCTerminal.sequenceNumber>
  <cim:Terminal.ConnectivityNode rdf:resource="urn:uuid:A94B5EAE-1208-4DA6-881C-D011DBD9EE07"/>
</cim:Terminal>
<cim:Location rdf:about="urn:uuid:2B5102EC-236E-4A81-85C0-8D3D7E57F10E">
  <cim:IdentifiedObject.mRID>2B5102EC-236E-4A81-85C0-8D3D7E57F10E</cim:IdentifiedObject.mRID>
  <cim:IdentifiedObject.name>line1_Loc</cim:IdentifiedObject.name>
  <cim:Location.CoordinateSystem rdf:resource="urn:uuid:41811944-48EE-4B57-919D-45D72E33A9B9"/>
</cim:Location>
<cim:PositionPoint rdf:about="urn:uuid:4C80D6AF-9D2B-4987-9527-79F4DD62E506">
  <cim:PositionPoint.Location rdf:resource="urn:uuid:2B5102EC-236E-4A81-85C0-8D3D7E57F10E"/>
  <cim:PositionPoint.sequenceNumber>1</cim:PositionPoint.sequenceNumber>
  <cim:PositionPoint.xPosition>0</cim:PositionPoint.xPosition>
  <cim:PositionPoint.yPosition>0</cim:PositionPoint.yPosition>
</cim:PositionPoint>
<cim:PositionPoint rdf:about="urn:uuid:59A1ADD8-1197-4E07-A880-840A5F960CC8">
  <cim:PositionPoint.Location rdf:resource="urn:uuid:2B5102EC-236E-4A81-85C0-8D3D7E57F10E"/>
  <cim:PositionPoint.sequenceNumber>2</cim:PositionPoint.sequenceNumber>
  <cim:PositionPoint.xPosition>0</cim:PositionPoint.xPosition>
  <cim:PositionPoint.yPosition>0</cim:PositionPoint.yPosition>
</cim:PositionPoint>
<cim:LoadResponseCharacteristic rdf:about="urn:uuid:3C2B4E6E-AAF4-4BD0-B8E6-65A63A593DE3">
  <cim:IdentifiedObject.mRID>3C2B4E6E-AAF4-4BD0-B8E6-65A63A593DE3</cim:IdentifiedObject.mRID>
  <cim:IdentifiedObject.name>Constant kVA</cim:IdentifiedObject.name>
  <cim:LoadResponseCharacteristic.exponentModel>false</cim:LoadResponseCharacteristic.exponentModel>
  <cim:LoadResponseCharacteristic.pConstantImpedance>0</cim:LoadResponseCharacteristic.pConstantImpedance>
  <cim:LoadResponseCharacteristic.pConstantCurrent>0</cim:LoadResponseCharacteristic.pConstantCurrent>
  <cim:LoadResponseCharacteristic.pConstantPower>100</cim:LoadResponseCharacteristic.pConstantPower>
  <cim:LoadResponseCharacteristic.qConstantImpedance>0</cim:LoadResponseCharacteristic.qConstantImpedance>
  <cim:LoadResponseCharacteristic.qConstantCurrent>0</cim:LoadResponseCharacteristic.qConstantCurrent>
  <cim:LoadResponseCharacteristic.qConstantPower>100</cim:LoadResponseCharacteristic.qConstantPower>
  <cim:LoadResponseCharacteristic.pVoltageExponent>0</cim:LoadResponseCharacteristic.pVoltageExponent>
  <cim:LoadResponseCharacteristic.qVoltageExponent>0</cim:LoadResponseCharacteristic.qVoltageExponent>
  <cim:LoadResponseCharacteristic.pFrequencyExponent>0</cim:LoadResponseCharacteristic.pFrequencyExponent>
  <cim:LoadResponseCharacteristic.qFrequencyExponent>0</cim:LoadResponseCharacteristic.qFrequencyExponent>
</cim:LoadResponseCharacteristic>
<cim:LoadResponseCharacteristic rdf:about="urn:uuid:B270833A-F195-4709-9C1D-4F799F854219">
  <cim:IdentifiedObject.mRID>B270833A-F195-4709-9C1D-4F799F854219</cim:IdentifiedObject.mRID>
  <cim:IdentifiedObject.name>Constant Z</cim:IdentifiedObject.name>
  <cim:LoadResponseCharacteristic.exponentModel>false</cim:LoadResponseCharacteristic.exponentModel>
  <cim:LoadResponseCharacteristic.pConstantImpedance>100</cim:LoadResponseCharacteristic.pConstantImpedance>
  <cim:LoadResponseCharacteristic.pConstantCurrent>0</cim:LoadResponseCharacteristic.pConstantCurrent>
  <cim:LoadResponseCharacteristic.pConstantPower>0</cim:LoadResponseCharacteristic.pConstantPower>
  <cim:LoadResponseCharacteristic.qConstantImpedance>100</cim:LoadResponseCharacteristic.qConstantImpedance>
  <cim:LoadResponseCharacteristic.qConstantCurrent>0</cim:LoadResponseCharacteristic.qConstantCurrent>
  <cim:LoadResponseCharacteristic.qConstantPower>0</cim:LoadResponseCharacteristic.qConstantPower>
  <cim:LoadResponseCharacteristic.pVoltageExponent>0</cim:LoadResponseCharacteristic.pVoltageExponent>
  <cim:LoadResponseCharacteristic.qVoltageExponent>0</cim:LoadResponseCharacteristic.qVoltageExponent>
  <cim:LoadResponseCharacteristic.pFrequencyExponent>0</cim:LoadResponseCharacteristic.pFrequencyExponent>
  <cim:LoadResponseCharacteristic.qFrequencyExponent>0</cim:LoadResponseCharacteristic.qFrequencyExponent>
</cim:LoadResponseCharacteristic>
<cim:LoadResponseCharacteristic rdf:about="urn:uuid:AA01ECE6-4A2E-4E51-9DBB-B4FCC637FED2">
  <cim:IdentifiedObject.mRID>AA01ECE6-4A2E-4E51-9DBB-B4FCC637FED2</cim:IdentifiedObject.mRID>
  <cim:IdentifiedObject.name>Motor</cim:IdentifiedObject.name>
  <cim:LoadResponseCharacteristic.exponentModel>false</cim:LoadResponseCharacteristic.exponentModel>
  <cim:LoadResponseCharacteristic.pConstantImpedance>0</cim:LoadResponseCharacteristic.pConstantImpedance>
  <cim:LoadResponseCharacteristic.pConstantCurrent>0</cim:LoadResponseCharacteristic.pConstantCurrent>
  <cim:LoadResponseCharacteristic.pConstantPower>100</cim:LoadResponseCharacteristic.pConstantPower>
  <cim:LoadResponseCharacteristic.qConstantImpedance>100</cim:LoadResponseCharacteristic.qConstantImpedance>
  <cim:LoadResponseCharacteristic.qConstantCurrent>0</cim:LoadResponseCharacteristic.qConstantCurrent>
  <cim:LoadResponseCharacteristic.qConstantPower>0</cim:LoadResponseCharacteristic.qConstantPower>
  <cim:LoadResponseCharacteristic.pVoltageExponent>0</cim:LoadResponseCharacteristic.pVoltageExponent>
  <cim:LoadResponseCharacteristic.qVoltageExponent>0</cim:LoadResponseCharacteristic.qVoltageExponent>
  <cim:LoadResponseCharacteristic.pFrequencyExponent>0</cim:LoadResponseCharacteristic.pFrequencyExponent>
  <cim:LoadResponseCharacteristic.qFrequencyExponent>0</cim:LoadResponseCharacteristic.qFrequencyExponent>
</cim:LoadResponseCharacteristic>
<cim:LoadResponseCharacteristic rdf:about="urn:uuid:34BB8391-06FF-4F52-B118-51D3AA169145">
  <cim:IdentifiedObject.mRID>34BB8391-06FF-4F52-B118-51D3AA169145</cim:IdentifiedObject.mRID>
  <cim:IdentifiedObject.name>Mix Motor/Res</cim:IdentifiedObject.name>
  <cim:LoadResponseCharacteristic.exponentModel>true</cim:LoadResponseCharacteristic.exponentModel>
  <cim:LoadResponseCharacteristic.pConstantImpedance>0</cim:LoadResponseCharacteristic.pConstantImpedance>
  <cim:LoadResponseCharacteristic.pConstantCurrent>0</cim:LoadResponseCharacteristic.pConstantCurrent>
  <cim:LoadResponseCharacteristic.pConstantPower>0</cim:LoadResponseCharacteristic.pConstantPower>
  <cim:LoadResponseCharacteristic.qConstantImpedance>0</cim:LoadResponseCharacteristic.qConstantImpedance>
  <cim:LoadResponseCharacteristic.qConstantCurrent>0</cim:LoadResponseCharacteristic.qConstantCurrent>
  <cim:LoadResponseCharacteristic.qConstantPower>0</cim:LoadResponseCharacteristic.qConstantPower>
  <cim:LoadResponseCharacteristic.pVoltageExponent>1</cim:LoadResponseCharacteristic.pVoltageExponent>
  <cim:LoadResponseCharacteristic.qVoltageExponent>2</cim:LoadResponseCharacteristic.qVoltageExponent>
  <cim:LoadResponseCharacteristic.pFrequencyExponent>0</cim:LoadResponseCharacteristic.pFrequencyExponent>
  <cim:LoadResponseCharacteristic.qFrequencyExponent>0</cim:LoadResponseCharacteristic.qFrequencyExponent>
</cim:LoadResponseCharacteristic>
<cim:LoadResponseCharacteristic rdf:about="urn:uuid:38D49F11-B831-4559-8EE8-E7B50DFADEB2">
  <cim:IdentifiedObject.mRID>38D49F11-B831-4559-8EE8-E7B50DFADEB2</cim:IdentifiedObject.mRID>
  <cim:IdentifiedObject.name>Constant I</cim:IdentifiedObject.name>
  <cim:LoadResponseCharacteristic.exponentModel>false</cim:LoadResponseCharacteristic.exponentModel>
  <cim:LoadResponseCharacteristic.pConstantImpedance>0</cim:LoadResponseCharacteristic.pConstantImpedance>
  <cim:LoadResponseCharacteristic.pConstantCurrent>100</cim:LoadResponseCharacteristic.pConstantCurrent>
  <cim:LoadResponseCharacteristic.pConstantPower>0</cim:LoadResponseCharacteristic.pConstantPower>
  <cim:LoadResponseCharacteristic.qConstantImpedance>0</cim:LoadResponseCharacteristic.qConstantImpedance>
  <cim:LoadResponseCharacteristic.qConstantCurrent>100</cim:LoadResponseCharacteristic.qConstantCurrent>
  <cim:LoadResponseCharacteristic.qConstantPower>0</cim:LoadResponseCharacteristic.qConstantPower>
  <cim:LoadResponseCharacteristic.pVoltageExponent>0</cim:LoadResponseCharacteristic.pVoltageExponent>
  <cim:LoadResponseCharacteristic.qVoltageExponent>0</cim:LoadResponseCharacteristic.qVoltageExponent>
  <cim:LoadResponseCharacteristic.pFrequencyExponent>0</cim:LoadResponseCharacteristic.pFrequencyExponent>
  <cim:LoadResponseCharacteristic.qFrequencyExponent>0</cim:LoadResponseCharacteristic.qFrequencyExponent>
</cim:LoadResponseCharacteristic>
<cim:LoadResponseCharacteristic rdf:about="urn:uuid:16A5366A-58EC-403E-A6E1-FEB78551106E">
  <cim:IdentifiedObject.mRID>16A5366A-58EC-403E-A6E1-FEB78551106E</cim:IdentifiedObject.mRID>
  <cim:IdentifiedObject.name>Variable P, Fixed Q</cim:IdentifiedObject.name>
  <cim:LoadResponseCharacteristic.exponentModel>false</cim:LoadResponseCharacteristic.exponentModel>
  <cim:LoadResponseCharacteristic.pConstantImpedance>0</cim:LoadResponseCharacteristic.pConstantImpedance>
  <cim:LoadResponseCharacteristic.pConstantCurrent>0</cim:LoadResponseCharacteristic.pConstantCurrent>
  <cim:LoadResponseCharacteristic.pConstantPower>100</cim:LoadResponseCharacteristic.pConstantPower>
  <cim:LoadResponseCharacteristic.qConstantImpedance>0</cim:LoadResponseCharacteristic.qConstantImpedance>
  <cim:LoadResponseCharacteristic.qConstantCurrent>0</cim:LoadResponseCharacteristic.qConstantCurrent>
  <cim:LoadResponseCharacteristic.qConstantPower>100</cim:LoadResponseCharacteristic.qConstantPower>
  <cim:LoadResponseCharacteristic.pVoltageExponent>0</cim:LoadResponseCharacteristic.pVoltageExponent>
  <cim:LoadResponseCharacteristic.qVoltageExponent>0</cim:LoadResponseCharacteristic.qVoltageExponent>
  <cim:LoadResponseCharacteristic.pFrequencyExponent>0</cim:LoadResponseCharacteristic.pFrequencyExponent>
  <cim:LoadResponseCharacteristic.qFrequencyExponent>0</cim:LoadResponseCharacteristic.qFrequencyExponent>
</cim:LoadResponseCharacteristic>
<cim:LoadResponseCharacteristic rdf:about="urn:uuid:A04DAC01-EE1D-44E9-BCD0-BADF6EDCC88E">
  <cim:IdentifiedObject.mRID>A04DAC01-EE1D-44E9-BCD0-BADF6EDCC88E</cim:IdentifiedObject.mRID>
  <cim:IdentifiedObject.name>Variable P, Fixed X</cim:IdentifiedObject.name>
  <cim:LoadResponseCharacteristic.exponentModel>false</cim:LoadResponseCharacteristic.exponentModel>
  <cim:LoadResponseCharacteristic.pConstantImpedance>0</cim:LoadResponseCharacteristic.pConstantImpedance>
  <cim:LoadResponseCharacteristic.pConstantCurrent>0</cim:LoadResponseCharacteristic.pConstantCurrent>
  <cim:LoadResponseCharacteristic.pConstantPower>100</cim:LoadResponseCharacteristic.pConstantPower>
  <cim:LoadResponseCharacteristic.qConstantImpedance>100</cim:LoadResponseCharacteristic.qConstantImpedance>
  <cim:LoadResponseCharacteristic.qConstantCurrent>0</cim:LoadResponseCharacteristic.qConstantCurrent>
  <cim:LoadResponseCharacteristic.qConstantPower>0</cim:LoadResponseCharacteristic.qConstantPower>
  <cim:LoadResponseCharacteristic.pVoltageExponent>0</cim:LoadResponseCharacteristic.pVoltageExponent>
  <cim:LoadResponseCharacteristic.qVoltageExponent>0</cim:LoadResponseCharacteristic.qVoltageExponent>
  <cim:LoadResponseCharacteristic.pFrequencyExponent>0</cim:LoadResponseCharacteristic.pFrequencyExponent>
  <cim:LoadResponseCharacteristic.qFrequencyExponent>0</cim:LoadResponseCharacteristic.qFrequencyExponent>
</cim:LoadResponseCharacteristic>
<cim:EnergyConsumer rdf:about="urn:uuid:139DDFB1-76D4-4A30-9709-E138D54610FB">
  <cim:IdentifiedObject.mRID>139DDFB1-76D4-4A30-9709-E138D54610FB</cim:IdentifiedObject.mRID>
  <cim:IdentifiedObject.name>test</cim:IdentifiedObject.name>
  <cim:Equipment.EquipmentContainer rdf:resource="urn:uuid:94BEE3C7-5EF1-465A-B872-FF43E62AA81B"/>
  <cim:ConductingEquipment.BaseVoltage rdf:resource="urn:uuid:19C7AAFF-1CF0-4FEB-8B3A-CDB966E36B41"/>
  <cim:EnergyConsumer.LoadResponse rdf:resource="urn:uuid:3C2B4E6E-AAF4-4BD0-B8E6-65A63A593DE3"/>
  <cim:EnergyConsumer.p>3.3E8</cim:EnergyConsumer.p>
  <cim:EnergyConsumer.q>2.0451563E8</cim:EnergyConsumer.q>
  <cim:EnergyConsumer.customerCount>1</cim:EnergyConsumer.customerCount>
  <cim:EnergyConsumer.phaseConnection rdf:resource="http://iec.ch/TC57/CIM100#PhaseShuntConnectionKind.Y"/>
  <cim:EnergyConsumer.grounded>true</cim:EnergyConsumer.grounded>
  <cim:PowerSystemResource.Location rdf:resource="urn:uuid:49908444-FC2A-4E12-9190-4955200C1B6A"/>
</cim:EnergyConsumer>
<cim:Terminal rdf:about="urn:uuid:59C1F623-66BA-4DCF-8948-A574D99D7286">
  <cim:IdentifiedObject.mRID>59C1F623-66BA-4DCF-8948-A574D99D7286</cim:IdentifiedObject.mRID>
  <cim:IdentifiedObject.name>test_T1</cim:IdentifiedObject.name>
  <cim:Terminal.ConductingEquipment rdf:resource="urn:uuid:139DDFB1-76D4-4A30-9709-E138D54610FB"/>
  <cim:ACDCTerminal.sequenceNumber>1</cim:ACDCTerminal.sequenceNumber>
  <cim:Terminal.ConnectivityNode rdf:resource="urn:uuid:74C64658-89EB-4F37-A92B-9A0712B37FA8"/>
</cim:Terminal>
<cim:Location rdf:about="urn:uuid:49908444-FC2A-4E12-9190-4955200C1B6A">
  <cim:IdentifiedObject.mRID>49908444-FC2A-4E12-9190-4955200C1B6A</cim:IdentifiedObject.mRID>
  <cim:IdentifiedObject.name>test_Loc</cim:IdentifiedObject.name>
  <cim:Location.CoordinateSystem rdf:resource="urn:uuid:41811944-48EE-4B57-919D-45D72E33A9B9"/>
</cim:Location>
<cim:PositionPoint rdf:about="urn:uuid:2BFA8159-4EA1-404D-A4EE-986A067AA319">
  <cim:PositionPoint.Location rdf:resource="urn:uuid:49908444-FC2A-4E12-9190-4955200C1B6A"/>
  <cim:PositionPoint.sequenceNumber>1</cim:PositionPoint.sequenceNumber>
  <cim:PositionPoint.xPosition>0</cim:PositionPoint.xPosition>
  <cim:PositionPoint.yPosition>0</cim:PositionPoint.yPosition>
</cim:PositionPoint>
<cim:OperationalLimitSet rdf:about="urn:uuid:35CA7C6D-976E-40E6-A76E-FACEA9C2033D">
  <cim:IdentifiedObject.mRID>35CA7C6D-976E-40E6-A76E-FACEA9C2033D</cim:IdentifiedObject.mRID>
  <cim:IdentifiedObject.name>OpLimI_607.5_828.4</cim:IdentifiedObject.name>
</cim:OperationalLimitSet>
<cim:CurrentLimit rdf:about="urn:uuid:6C796042-2426-4694-A1C4-8BAAE66ACEA0">
  <cim:IdentifiedObject.mRID>6C796042-2426-4694-A1C4-8BAAE66ACEA0</cim:IdentifiedObject.mRID>
  <cim:IdentifiedObject.name>OpLimI_607.5_828.4_Norm</cim:IdentifiedObject.name>
  <cim:OperationalLimit.OperationalLimitSet rdf:resource="urn:uuid:35CA7C6D-976E-40E6-A76E-FACEA9C2033D"/>
  <cim:OperationalLimit.OperationalLimitType rdf:resource="urn:uuid:E6ED4168-F5AC-4019-BF58-2DDED5E420FA"/>
  <cim:CurrentLimit.value>607.47289</cim:CurrentLimit.value>
</cim:CurrentLimit>
<cim:CurrentLimit rdf:about="urn:uuid:A3A28803-4A55-4E27-B866-00A4CC5536A3">
  <cim:IdentifiedObject.mRID>A3A28803-4A55-4E27-B866-00A4CC5536A3</cim:IdentifiedObject.mRID>
  <cim:IdentifiedObject.name>OpLimI_607.5_828.4_Emerg</cim:IdentifiedObject.name>
  <cim:OperationalLimit.OperationalLimitSet rdf:resource="urn:uuid:35CA7C6D-976E-40E6-A76E-FACEA9C2033D"/>
  <cim:OperationalLimit.OperationalLimitType rdf:resource="urn:uuid:8E7B3221-081E-4B97-9241-E0FDFB8C9EA7"/>
  <cim:CurrentLimit.value>828.37213</cim:CurrentLimit.value>
</cim:CurrentLimit>
<cim:OperationalLimitSet rdf:about="urn:uuid:D0ABCA4A-E560-4BEC-B5EC-59C995DFB8A1">
  <cim:IdentifiedObject.mRID>D0ABCA4A-E560-4BEC-B5EC-59C995DFB8A1</cim:IdentifiedObject.mRID>
  <cim:IdentifiedObject.name>OpLimI_400.0_600.0</cim:IdentifiedObject.name>
</cim:OperationalLimitSet>
<cim:CurrentLimit rdf:about="urn:uuid:A82354F8-4290-4871-9B0E-3E664E713DF4">
  <cim:IdentifiedObject.mRID>A82354F8-4290-4871-9B0E-3E664E713DF4</cim:IdentifiedObject.mRID>
  <cim:IdentifiedObject.name>OpLimI_400.0_600.0_Norm</cim:IdentifiedObject.name>
  <cim:OperationalLimit.OperationalLimitSet rdf:resource="urn:uuid:D0ABCA4A-E560-4BEC-B5EC-59C995DFB8A1"/>
  <cim:OperationalLimit.OperationalLimitType rdf:resource="urn:uuid:E6ED4168-F5AC-4019-BF58-2DDED5E420FA"/>
  <cim:CurrentLimit.value>400</cim:CurrentLimit.value>
</cim:CurrentLimit>
<cim:CurrentLimit rdf:about="urn:uuid:866A9CED-1EBE-4F45-9607-85007E5EEEC1">
  <cim:IdentifiedObject.mRID>866A9CED-1EBE-4F45-9607-85007E5EEEC1</cim:IdentifiedObject.mRID>
  <cim:IdentifiedObject.name>OpLimI_400.0_600.0_Emerg</cim:IdentifiedObject.name>
  <cim:OperationalLimit.OperationalLimitSet rdf:resource="urn:uuid:D0ABCA4A-E560-4BEC-B5EC-59C995DFB8A1"/>
  <cim:OperationalLimit.OperationalLimitType rdf:resource="urn:uuid:8E7B3221-081E-4B97-9241-E0FDFB8C9EA7"/>
  <cim:CurrentLimit.value>600</cim:CurrentLimit.value>
</cim:CurrentLimit>
</rdf:RDF>
