<?xml version="1.0" encoding="utf-8"?>
<!-- un-comment this line to enable validation
-->
<rdf:RDF xmlns:cim="http://iec.ch/TC57/CIM100#" xmlns:rdf="http://www.w3.org/1999/02/22-rdf-syntax-ns#">
<!--
-->
<cim:IEC61970CIMVersion rdf:ID="_B789C000-7085-454A-A99F-7169BE1DC2CE">
  <cim:IEC61970CIMVersion.version>IEC61970CIM100</cim:IEC61970CIMVersion.version>
  <cim:IEC61970CIMVersion.date>2019-04-01</cim:IEC61970CIMVersion.date>
</cim:IEC61970CIMVersion>
<cim:CoordinateSystem rdf:ID="_D1C06DF3-ECAD-426E-8CCE-BA093649C24E">
  <cim:IdentifiedObject.mRID>_D1C06DF3-ECAD-426E-8CCE-BA093649C24E</cim:IdentifiedObject.mRID>
  <cim:IdentifiedObject.name>auto_CrsUrn</cim:IdentifiedObject.name>
  <cim:CoordinateSystem.crsUrn>OpenDSSLocalBusCoordinates</cim:CoordinateSystem.crsUrn>
</cim:CoordinateSystem>
<cim:GeographicalRegion rdf:ID="_6E7ABB5B-622A-4C9E-BF23-ED26D5FBB9FF">
  <cim:IdentifiedObject.mRID>_6E7ABB5B-622A-4C9E-BF23-ED26D5FBB9FF</cim:IdentifiedObject.mRID>
  <cim:IdentifiedObject.name>geo1</cim:IdentifiedObject.name>
</cim:GeographicalRegion>
<cim:SubGeographicalRegion rdf:ID="_4C1C7E05-6988-4AD0-877F-177E28303F99">
  <cim:IdentifiedObject.mRID>_4C1C7E05-6988-4AD0-877F-177E28303F99</cim:IdentifiedObject.mRID>
  <cim:IdentifiedObject.name>subgeo1</cim:IdentifiedObject.name>
  <cim:SubGeographicalRegion.Region rdf:resource="#_6E7ABB5B-622A-4C9E-BF23-ED26D5FBB9FF"/>
</cim:SubGeographicalRegion>
<cim:Substation rdf:ID="_B841CDD3-2DD1-4D66-97E8-A3B089621CDA">
  <cim:IdentifiedObject.mRID>_B841CDD3-2DD1-4D66-97E8-A3B089621CDA</cim:IdentifiedObject.mRID>
  <cim:IdentifiedObject.name>sub1</cim:IdentifiedObject.name>
  <cim:Substation.Region rdf:resource="#_4C1C7E05-6988-4AD0-877F-177E28303F99"/>
</cim:Substation>
<cim:Location rdf:ID="_A2093E60-66A7-4B2A-9610-38BF70AAD402">
  <cim:IdentifiedObject.mRID>_A2093E60-66A7-4B2A-9610-38BF70AAD402</cim:IdentifiedObject.mRID>
  <cim:IdentifiedObject.name>auto_Location</cim:IdentifiedObject.name>
  <cim:Location.CoordinateSystem rdf:resource="#_D1C06DF3-ECAD-426E-8CCE-BA093649C24E"/>
</cim:Location>
<cim:Feeder rdf:ID="_7528323E-ABA2-420F-B8B8-DA51E172BB46">
  <cim:IdentifiedObject.mRID>_7528323E-ABA2-420F-B8B8-DA51E172BB46</cim:IdentifiedObject.mRID>
  <cim:IdentifiedObject.name>auto</cim:IdentifiedObject.name>
  <cim:Feeder.NormalEnergizingSubstation rdf:resource="#_B841CDD3-2DD1-4D66-97E8-A3B089621CDA"/>
  <cim:PowerSystemResource.Location rdf:resource="#_A2093E60-66A7-4B2A-9610-38BF70AAD402"/>
</cim:Feeder>
<cim:OperationalLimitType rdf:ID="_1D1550BB-94C6-45B7-BFBE-3AA244C8252E">
  <cim:IdentifiedObject.mRID>_1D1550BB-94C6-45B7-BFBE-3AA244C8252E</cim:IdentifiedObject.mRID>
  <cim:IdentifiedObject.name>auto_NormAmpsType</cim:IdentifiedObject.name>
  <cim:OperationalLimitType.acceptableDuration>5E9</cim:OperationalLimitType.acceptableDuration>
  <cim:OperationalLimitType.direction rdf:resource="http://iec.ch/TC57/CIM100#OperationalLimitDirectionKind.absoluteValue"/>
</cim:OperationalLimitType>
<cim:OperationalLimitType rdf:ID="_9557110C-79C0-4296-88BC-BBF96CDED523">
  <cim:IdentifiedObject.mRID>_9557110C-79C0-4296-88BC-BBF96CDED523</cim:IdentifiedObject.mRID>
  <cim:IdentifiedObject.name>auto_EmergencyAmpsType</cim:IdentifiedObject.name>
  <cim:OperationalLimitType.acceptableDuration>7200</cim:OperationalLimitType.acceptableDuration>
  <cim:OperationalLimitType.direction rdf:resource="http://iec.ch/TC57/CIM100#OperationalLimitDirectionKind.absoluteValue"/>
</cim:OperationalLimitType>
<cim:OperationalLimitType rdf:ID="_3D0F1121-39EC-4FBA-8F9A-D10743D669C0">
  <cim:IdentifiedObject.mRID>_3D0F1121-39EC-4FBA-8F9A-D10743D669C0</cim:IdentifiedObject.mRID>
  <cim:IdentifiedObject.name>auto_RangeAHiType</cim:IdentifiedObject.name>
  <cim:OperationalLimitType.acceptableDuration>5E9</cim:OperationalLimitType.acceptableDuration>
  <cim:OperationalLimitType.direction rdf:resource="http://iec.ch/TC57/CIM100#OperationalLimitDirectionKind.high"/>
</cim:OperationalLimitType>
<cim:OperationalLimitType rdf:ID="_F593AE38-1859-457E-A284-DE50AEEE1332">
  <cim:IdentifiedObject.mRID>_F593AE38-1859-457E-A284-DE50AEEE1332</cim:IdentifiedObject.mRID>
  <cim:IdentifiedObject.name>auto_RangeALoType</cim:IdentifiedObject.name>
  <cim:OperationalLimitType.acceptableDuration>5E9</cim:OperationalLimitType.acceptableDuration>
  <cim:OperationalLimitType.direction rdf:resource="http://iec.ch/TC57/CIM100#OperationalLimitDirectionKind.low"/>
</cim:OperationalLimitType>
<cim:OperationalLimitType rdf:ID="_CFC645FD-0885-49F2-AA37-ECDD55DB6337">
  <cim:IdentifiedObject.mRID>_CFC645FD-0885-49F2-AA37-ECDD55DB6337</cim:IdentifiedObject.mRID>
  <cim:IdentifiedObject.name>auto_RangeBHiType</cim:IdentifiedObject.name>
  <cim:OperationalLimitType.acceptableDuration>86400</cim:OperationalLimitType.acceptableDuration>
  <cim:OperationalLimitType.direction rdf:resource="http://iec.ch/TC57/CIM100#OperationalLimitDirectionKind.high"/>
</cim:OperationalLimitType>
<cim:OperationalLimitType rdf:ID="_7609BC56-EAAA-4656-9CFD-F5798DF98167">
  <cim:IdentifiedObject.mRID>_7609BC56-EAAA-4656-9CFD-F5798DF98167</cim:IdentifiedObject.mRID>
  <cim:IdentifiedObject.name>auto_RangeBLoType</cim:IdentifiedObject.name>
  <cim:OperationalLimitType.acceptableDuration>86400</cim:OperationalLimitType.acceptableDuration>
  <cim:OperationalLimitType.direction rdf:resource="http://iec.ch/TC57/CIM100#OperationalLimitDirectionKind.low"/>
</cim:OperationalLimitType>
<cim:BaseVoltage rdf:ID="_C4478E2A-36DA-4481-A3FA-0984B8B02FF5">
  <cim:IdentifiedObject.mRID>_C4478E2A-36DA-4481-A3FA-0984B8B02FF5</cim:IdentifiedObject.mRID>
  <cim:IdentifiedObject.name>BaseV_345.0000</cim:IdentifiedObject.name>
  <cim:BaseVoltage.nominalVoltage>345000</cim:BaseVoltage.nominalVoltage>
</cim:BaseVoltage>
<cim:OperationalLimitSet rdf:ID="_C72572A7-EEDB-4A8B-BFED-6A4A03A58471">
  <cim:IdentifiedObject.mRID>_C72572A7-EEDB-4A8B-BFED-6A4A03A58471</cim:IdentifiedObject.mRID>
  <cim:IdentifiedObject.name>OpLimV_345.0000</cim:IdentifiedObject.name>
</cim:OperationalLimitSet>
<cim:VoltageLimit rdf:ID="_47C0AFB2-A233-4D18-B76D-346E46DADAA7">
  <cim:IdentifiedObject.mRID>_47C0AFB2-A233-4D18-B76D-346E46DADAA7</cim:IdentifiedObject.mRID>
  <cim:IdentifiedObject.name>OpLimV_345.0000_RangeAHi</cim:IdentifiedObject.name>
  <cim:OperationalLimit.OperationalLimitSet rdf:resource="#_C72572A7-EEDB-4A8B-BFED-6A4A03A58471"/>
  <cim:OperationalLimit.OperationalLimitType rdf:resource="#_3D0F1121-39EC-4FBA-8F9A-D10743D669C0"/>
  <cim:VoltageLimit.value>362250</cim:VoltageLimit.value>
</cim:VoltageLimit>
<cim:VoltageLimit rdf:ID="_B92537C8-7978-45C9-A37B-39DEB18539FA">
  <cim:IdentifiedObject.mRID>_B92537C8-7978-45C9-A37B-39DEB18539FA</cim:IdentifiedObject.mRID>
  <cim:IdentifiedObject.name>OpLimV_345.0000_RangeALo</cim:IdentifiedObject.name>
  <cim:OperationalLimit.OperationalLimitSet rdf:resource="#_C72572A7-EEDB-4A8B-BFED-6A4A03A58471"/>
  <cim:OperationalLimit.OperationalLimitType rdf:resource="#_F593AE38-1859-457E-A284-DE50AEEE1332"/>
  <cim:VoltageLimit.value>327750</cim:VoltageLimit.value>
</cim:VoltageLimit>
<cim:VoltageLimit rdf:ID="_3962698C-09FB-495D-815A-60D43B5F7C75">
  <cim:IdentifiedObject.mRID>_3962698C-09FB-495D-815A-60D43B5F7C75</cim:IdentifiedObject.mRID>
  <cim:IdentifiedObject.name>OpLimV_345.0000_RangeBHi</cim:IdentifiedObject.name>
  <cim:OperationalLimit.OperationalLimitSet rdf:resource="#_C72572A7-EEDB-4A8B-BFED-6A4A03A58471"/>
  <cim:OperationalLimit.OperationalLimitType rdf:resource="#_CFC645FD-0885-49F2-AA37-ECDD55DB6337"/>
  <cim:VoltageLimit.value>365124.99</cim:VoltageLimit.value>
</cim:VoltageLimit>
<cim:VoltageLimit rdf:ID="_BB418EF2-AA0C-42B3-8577-6A793699B3C1">
  <cim:IdentifiedObject.mRID>_BB418EF2-AA0C-42B3-8577-6A793699B3C1</cim:IdentifiedObject.mRID>
  <cim:IdentifiedObject.name>OpLimV_345.0000_RangeBLo</cim:IdentifiedObject.name>
  <cim:OperationalLimit.OperationalLimitSet rdf:resource="#_C72572A7-EEDB-4A8B-BFED-6A4A03A58471"/>
  <cim:OperationalLimit.OperationalLimitType rdf:resource="#_7609BC56-EAAA-4656-9CFD-F5798DF98167"/>
  <cim:VoltageLimit.value>316250.01</cim:VoltageLimit.value>
</cim:VoltageLimit>
<cim:BaseVoltage rdf:ID="_BDB5059E-F3EA-4D83-8366-42B0EDD5E5E5">
  <cim:IdentifiedObject.mRID>_BDB5059E-F3EA-4D83-8366-42B0EDD5E5E5</cim:IdentifiedObject.mRID>
  <cim:IdentifiedObject.name>BaseV_161.0000</cim:IdentifiedObject.name>
  <cim:BaseVoltage.nominalVoltage>161000</cim:BaseVoltage.nominalVoltage>
</cim:BaseVoltage>
<cim:OperationalLimitSet rdf:ID="_105BA3EE-17B8-4BEE-946E-9AAE26C9AE25">
  <cim:IdentifiedObject.mRID>_105BA3EE-17B8-4BEE-946E-9AAE26C9AE25</cim:IdentifiedObject.mRID>
  <cim:IdentifiedObject.name>OpLimV_161.0000</cim:IdentifiedObject.name>
</cim:OperationalLimitSet>
<cim:VoltageLimit rdf:ID="_EF20F038-9C5C-46F8-A322-67A16B482E7F">
  <cim:IdentifiedObject.mRID>_EF20F038-9C5C-46F8-A322-67A16B482E7F</cim:IdentifiedObject.mRID>
  <cim:IdentifiedObject.name>OpLimV_161.0000_RangeAHi</cim:IdentifiedObject.name>
  <cim:OperationalLimit.OperationalLimitSet rdf:resource="#_105BA3EE-17B8-4BEE-946E-9AAE26C9AE25"/>
  <cim:OperationalLimit.OperationalLimitType rdf:resource="#_3D0F1121-39EC-4FBA-8F9A-D10743D669C0"/>
  <cim:VoltageLimit.value>169050</cim:VoltageLimit.value>
</cim:VoltageLimit>
<cim:VoltageLimit rdf:ID="_798E67D8-AC10-4BDA-9605-F6769A076899">
  <cim:IdentifiedObject.mRID>_798E67D8-AC10-4BDA-9605-F6769A076899</cim:IdentifiedObject.mRID>
  <cim:IdentifiedObject.name>OpLimV_161.0000_RangeALo</cim:IdentifiedObject.name>
  <cim:OperationalLimit.OperationalLimitSet rdf:resource="#_105BA3EE-17B8-4BEE-946E-9AAE26C9AE25"/>
  <cim:OperationalLimit.OperationalLimitType rdf:resource="#_F593AE38-1859-457E-A284-DE50AEEE1332"/>
  <cim:VoltageLimit.value>152950</cim:VoltageLimit.value>
</cim:VoltageLimit>
<cim:VoltageLimit rdf:ID="_E213B602-F860-4A36-B128-363ACE7B373C">
  <cim:IdentifiedObject.mRID>_E213B602-F860-4A36-B128-363ACE7B373C</cim:IdentifiedObject.mRID>
  <cim:IdentifiedObject.name>OpLimV_161.0000_RangeBHi</cim:IdentifiedObject.name>
  <cim:OperationalLimit.OperationalLimitSet rdf:resource="#_105BA3EE-17B8-4BEE-946E-9AAE26C9AE25"/>
  <cim:OperationalLimit.OperationalLimitType rdf:resource="#_CFC645FD-0885-49F2-AA37-ECDD55DB6337"/>
  <cim:VoltageLimit.value>170391.66</cim:VoltageLimit.value>
</cim:VoltageLimit>
<cim:VoltageLimit rdf:ID="_EB5FCE7E-7B9F-40E1-9E15-B8C52A1EB312">
  <cim:IdentifiedObject.mRID>_EB5FCE7E-7B9F-40E1-9E15-B8C52A1EB312</cim:IdentifiedObject.mRID>
  <cim:IdentifiedObject.name>OpLimV_161.0000_RangeBLo</cim:IdentifiedObject.name>
  <cim:OperationalLimit.OperationalLimitSet rdf:resource="#_105BA3EE-17B8-4BEE-946E-9AAE26C9AE25"/>
  <cim:OperationalLimit.OperationalLimitType rdf:resource="#_7609BC56-EAAA-4656-9CFD-F5798DF98167"/>
  <cim:VoltageLimit.value>147583.34</cim:VoltageLimit.value>
</cim:VoltageLimit>
<cim:BaseVoltage rdf:ID="_63EA142B-AD4F-4012-B6F5-9AC110A71379">
  <cim:IdentifiedObject.mRID>_63EA142B-AD4F-4012-B6F5-9AC110A71379</cim:IdentifiedObject.mRID>
  <cim:IdentifiedObject.name>BaseV_13.8000</cim:IdentifiedObject.name>
  <cim:BaseVoltage.nominalVoltage>13800</cim:BaseVoltage.nominalVoltage>
</cim:BaseVoltage>
<cim:OperationalLimitSet rdf:ID="_D913572D-382A-44D1-AB0A-36B3E6AA154F">
  <cim:IdentifiedObject.mRID>_D913572D-382A-44D1-AB0A-36B3E6AA154F</cim:IdentifiedObject.mRID>
  <cim:IdentifiedObject.name>OpLimV_13.8000</cim:IdentifiedObject.name>
</cim:OperationalLimitSet>
<cim:VoltageLimit rdf:ID="_1BA26596-2D29-4CD0-8273-D7306B41CC28">
  <cim:IdentifiedObject.mRID>_1BA26596-2D29-4CD0-8273-D7306B41CC28</cim:IdentifiedObject.mRID>
  <cim:IdentifiedObject.name>OpLimV_13.8000_RangeAHi</cim:IdentifiedObject.name>
  <cim:OperationalLimit.OperationalLimitSet rdf:resource="#_D913572D-382A-44D1-AB0A-36B3E6AA154F"/>
  <cim:OperationalLimit.OperationalLimitType rdf:resource="#_3D0F1121-39EC-4FBA-8F9A-D10743D669C0"/>
  <cim:VoltageLimit.value>14490</cim:VoltageLimit.value>
</cim:VoltageLimit>
<cim:VoltageLimit rdf:ID="_82CBB47F-6C39-47D4-8E0A-90B3AC550EB9">
  <cim:IdentifiedObject.mRID>_82CBB47F-6C39-47D4-8E0A-90B3AC550EB9</cim:IdentifiedObject.mRID>
  <cim:IdentifiedObject.name>OpLimV_13.8000_RangeALo</cim:IdentifiedObject.name>
  <cim:OperationalLimit.OperationalLimitSet rdf:resource="#_D913572D-382A-44D1-AB0A-36B3E6AA154F"/>
  <cim:OperationalLimit.OperationalLimitType rdf:resource="#_F593AE38-1859-457E-A284-DE50AEEE1332"/>
  <cim:VoltageLimit.value>13110</cim:VoltageLimit.value>
</cim:VoltageLimit>
<cim:VoltageLimit rdf:ID="_388FB430-2D32-470A-8A77-86F926620AEF">
  <cim:IdentifiedObject.mRID>_388FB430-2D32-470A-8A77-86F926620AEF</cim:IdentifiedObject.mRID>
  <cim:IdentifiedObject.name>OpLimV_13.8000_RangeBHi</cim:IdentifiedObject.name>
  <cim:OperationalLimit.OperationalLimitSet rdf:resource="#_D913572D-382A-44D1-AB0A-36B3E6AA154F"/>
  <cim:OperationalLimit.OperationalLimitType rdf:resource="#_CFC645FD-0885-49F2-AA37-ECDD55DB6337"/>
  <cim:VoltageLimit.value>14605</cim:VoltageLimit.value>
</cim:VoltageLimit>
<cim:VoltageLimit rdf:ID="_3B1AF076-B5BA-43CC-9C23-BD5209B6EDDB">
  <cim:IdentifiedObject.mRID>_3B1AF076-B5BA-43CC-9C23-BD5209B6EDDB</cim:IdentifiedObject.mRID>
  <cim:IdentifiedObject.name>OpLimV_13.8000_RangeBLo</cim:IdentifiedObject.name>
  <cim:OperationalLimit.OperationalLimitSet rdf:resource="#_D913572D-382A-44D1-AB0A-36B3E6AA154F"/>
  <cim:OperationalLimit.OperationalLimitType rdf:resource="#_7609BC56-EAAA-4656-9CFD-F5798DF98167"/>
  <cim:VoltageLimit.value>12650</cim:VoltageLimit.value>
</cim:VoltageLimit>
<cim:TopologicalNode rdf:ID="_F8681556-F34F-4DEF-99B2-3CF56A17BD25">
  <cim:IdentifiedObject.mRID>_F8681556-F34F-4DEF-99B2-3CF56A17BD25</cim:IdentifiedObject.mRID>
  <cim:IdentifiedObject.name>sourcebus</cim:IdentifiedObject.name>
  <cim:TopologicalNode.TopologicalIsland rdf:resource="#_D61F7620-3BC7-4583-A0C3-17F16C0EE5C2"/>
</cim:TopologicalNode>
<cim:ConnectivityNode rdf:ID="_27DC3A98-ACCF-41DF-8F6D-C3150D6DE966">
  <cim:IdentifiedObject.mRID>_27DC3A98-ACCF-41DF-8F6D-C3150D6DE966</cim:IdentifiedObject.mRID>
  <cim:IdentifiedObject.name>sourcebus</cim:IdentifiedObject.name>
  <cim:ConnectivityNode.TopologicalNode rdf:resource="#_F8681556-F34F-4DEF-99B2-3CF56A17BD25"/>
  <cim:ConnectivityNode.OperationalLimitSet rdf:resource="#_C72572A7-EEDB-4A8B-BFED-6A4A03A58471"/>
  <cim:ConnectivityNode.ConnectivityNodeContainer rdf:resource="#_7528323E-ABA2-420F-B8B8-DA51E172BB46"/>
</cim:ConnectivityNode>
<cim:TopologicalNode rdf:ID="_341C6578-2624-4F73-847C-85F8ABABBCF9">
  <cim:IdentifiedObject.mRID>_341C6578-2624-4F73-847C-85F8ABABBCF9</cim:IdentifiedObject.mRID>
  <cim:IdentifiedObject.name>high</cim:IdentifiedObject.name>
  <cim:TopologicalNode.TopologicalIsland rdf:resource="#_D61F7620-3BC7-4583-A0C3-17F16C0EE5C2"/>
</cim:TopologicalNode>
<cim:ConnectivityNode rdf:ID="_21C25773-7DA3-47DB-A63B-B9BAF855FB72">
  <cim:IdentifiedObject.mRID>_21C25773-7DA3-47DB-A63B-B9BAF855FB72</cim:IdentifiedObject.mRID>
  <cim:IdentifiedObject.name>high</cim:IdentifiedObject.name>
  <cim:ConnectivityNode.TopologicalNode rdf:resource="#_341C6578-2624-4F73-847C-85F8ABABBCF9"/>
  <cim:ConnectivityNode.OperationalLimitSet rdf:resource="#_C72572A7-EEDB-4A8B-BFED-6A4A03A58471"/>
  <cim:ConnectivityNode.ConnectivityNodeContainer rdf:resource="#_7528323E-ABA2-420F-B8B8-DA51E172BB46"/>
</cim:ConnectivityNode>
<cim:TopologicalNode rdf:ID="_7E8C9823-4566-4366-86F3-C1C36BFA94A9">
  <cim:IdentifiedObject.mRID>_7E8C9823-4566-4366-86F3-C1C36BFA94A9</cim:IdentifiedObject.mRID>
  <cim:IdentifiedObject.name>low</cim:IdentifiedObject.name>
  <cim:TopologicalNode.TopologicalIsland rdf:resource="#_D61F7620-3BC7-4583-A0C3-17F16C0EE5C2"/>
</cim:TopologicalNode>
<cim:ConnectivityNode rdf:ID="_EB2C0EA9-81ED-4C27-AF65-53E5C00B9F23">
  <cim:IdentifiedObject.mRID>_EB2C0EA9-81ED-4C27-AF65-53E5C00B9F23</cim:IdentifiedObject.mRID>
  <cim:IdentifiedObject.name>low</cim:IdentifiedObject.name>
  <cim:ConnectivityNode.TopologicalNode rdf:resource="#_7E8C9823-4566-4366-86F3-C1C36BFA94A9"/>
  <cim:ConnectivityNode.OperationalLimitSet rdf:resource="#_105BA3EE-17B8-4BEE-946E-9AAE26C9AE25"/>
  <cim:ConnectivityNode.ConnectivityNodeContainer rdf:resource="#_7528323E-ABA2-420F-B8B8-DA51E172BB46"/>
</cim:ConnectivityNode>
<cim:TopologicalNode rdf:ID="_8EDB4CD7-0A29-4B9B-A3B9-79E57CE1835B">
  <cim:IdentifiedObject.mRID>_8EDB4CD7-0A29-4B9B-A3B9-79E57CE1835B</cim:IdentifiedObject.mRID>
  <cim:IdentifiedObject.name>tert</cim:IdentifiedObject.name>
  <cim:TopologicalNode.TopologicalIsland rdf:resource="#_D61F7620-3BC7-4583-A0C3-17F16C0EE5C2"/>
</cim:TopologicalNode>
<cim:ConnectivityNode rdf:ID="_6937B4E8-5C2C-456B-8940-F240A8E95DBB">
  <cim:IdentifiedObject.mRID>_6937B4E8-5C2C-456B-8940-F240A8E95DBB</cim:IdentifiedObject.mRID>
  <cim:IdentifiedObject.name>tert</cim:IdentifiedObject.name>
  <cim:ConnectivityNode.TopologicalNode rdf:resource="#_8EDB4CD7-0A29-4B9B-A3B9-79E57CE1835B"/>
  <cim:ConnectivityNode.OperationalLimitSet rdf:resource="#_D913572D-382A-44D1-AB0A-36B3E6AA154F"/>
  <cim:ConnectivityNode.ConnectivityNodeContainer rdf:resource="#_7528323E-ABA2-420F-B8B8-DA51E172BB46"/>
</cim:ConnectivityNode>
<cim:TopologicalIsland rdf:ID="_D61F7620-3BC7-4583-A0C3-17F16C0EE5C2">
  <cim:IdentifiedObject.mRID>_D61F7620-3BC7-4583-A0C3-17F16C0EE5C2</cim:IdentifiedObject.mRID>
  <cim:IdentifiedObject.name>auto_Island</cim:IdentifiedObject.name>
  <cim:TopologicalIsland.AngleRefTopologicalNode rdf:resource="#_F8681556-F34F-4DEF-99B2-3CF56A17BD25"/>
</cim:TopologicalIsland>
<cim:EnergySource rdf:ID="_6048A43D-E868-4B96-BD7A-771AA15B8E3F">
  <cim:IdentifiedObject.mRID>_6048A43D-E868-4B96-BD7A-771AA15B8E3F</cim:IdentifiedObject.mRID>
  <cim:IdentifiedObject.name>source</cim:IdentifiedObject.name>
  <cim:Equipment.EquipmentContainer rdf:resource="#_7528323E-ABA2-420F-B8B8-DA51E172BB46"/>
  <cim:ConductingEquipment.BaseVoltage rdf:resource="#_C4478E2A-36DA-4481-A3FA-0984B8B02FF5"/>
  <cim:EnergySource.nominalVoltage>345000</cim:EnergySource.nominalVoltage>
  <cim:EnergySource.voltageMagnitude>345000</cim:EnergySource.voltageMagnitude>
  <cim:EnergySource.voltageAngle>0</cim:EnergySource.voltageAngle>
  <cim:EnergySource.r>0.014433901</cim:EnergySource.r>
  <cim:EnergySource.x>0.057735606</cim:EnergySource.x>
  <cim:EnergySource.r0>0.018856521</cim:EnergySource.r0>
  <cim:EnergySource.x0>0.056569563</cim:EnergySource.x0>
  <cim:PowerSystemResource.Location rdf:resource="#_39B3BE9F-768D-4852-806C-13D55F4BCCC7"/>
</cim:EnergySource>
<cim:Terminal rdf:ID="_9685B2CF-B4E0-4903-9BA0-0B42B6186354">
  <cim:IdentifiedObject.mRID>_9685B2CF-B4E0-4903-9BA0-0B42B6186354</cim:IdentifiedObject.mRID>
  <cim:IdentifiedObject.name>source_T1</cim:IdentifiedObject.name>
  <cim:Terminal.ConductingEquipment rdf:resource="#_6048A43D-E868-4B96-BD7A-771AA15B8E3F"/>
  <cim:ACDCTerminal.sequenceNumber>1</cim:ACDCTerminal.sequenceNumber>
  <cim:Terminal.ConnectivityNode rdf:resource="#_27DC3A98-ACCF-41DF-8F6D-C3150D6DE966"/>
</cim:Terminal>
<cim:Location rdf:ID="_39B3BE9F-768D-4852-806C-13D55F4BCCC7">
  <cim:IdentifiedObject.mRID>_39B3BE9F-768D-4852-806C-13D55F4BCCC7</cim:IdentifiedObject.mRID>
  <cim:IdentifiedObject.name>source_Loc</cim:IdentifiedObject.name>
  <cim:Location.CoordinateSystem rdf:resource="#_D1C06DF3-ECAD-426E-8CCE-BA093649C24E"/>
</cim:Location>
<cim:PositionPoint rdf:ID="_3F485BCC-8044-4CC0-8015-A900F08A2E3D">
  <cim:PositionPoint.Location rdf:resource="#_39B3BE9F-768D-4852-806C-13D55F4BCCC7"/>
  <cim:PositionPoint.sequenceNumber>1</cim:PositionPoint.sequenceNumber>
  <cim:PositionPoint.xPosition>0</cim:PositionPoint.xPosition>
  <cim:PositionPoint.yPosition>0</cim:PositionPoint.yPosition>
</cim:PositionPoint>
<cim:PowerTransformerInfo rdf:ID="_EB8FFB0F-E68D-417D-93BF-6A97F9C48925">
  <cim:IdentifiedObject.mRID>_EB8FFB0F-E68D-417D-93BF-6A97F9C48925</cim:IdentifiedObject.mRID>
  <cim:IdentifiedObject.name>auto_PowerXfInfo</cim:IdentifiedObject.name>
</cim:PowerTransformerInfo>
<cim:TransformerTankInfo rdf:ID="_5AE21FFA-871D-49FD-A41A-644BD128466F">
  <cim:IdentifiedObject.mRID>_5AE21FFA-871D-49FD-A41A-644BD128466F</cim:IdentifiedObject.mRID>
  <cim:IdentifiedObject.name>auto</cim:IdentifiedObject.name>
  <cim:TransformerTankInfo.PowerTransformerInfo rdf:resource="#_EB8FFB0F-E68D-417D-93BF-6A97F9C48925"/>
</cim:TransformerTankInfo>
<cim:TransformerEndInfo rdf:ID="_08E61EF3-032F-4ED8-9B5D-E26D2F20B26B">
  <cim:IdentifiedObject.mRID>_08E61EF3-032F-4ED8-9B5D-E26D2F20B26B</cim:IdentifiedObject.mRID>
  <cim:IdentifiedObject.name>auto_1</cim:IdentifiedObject.name>
  <cim:TransformerEndInfo.TransformerTankInfo rdf:resource="#_5AE21FFA-871D-49FD-A41A-644BD128466F"/>
  <cim:TransformerEndInfo.endNumber>1</cim:TransformerEndInfo.endNumber>
  <cim:TransformerEndInfo.connectionKind rdf:resource="http://iec.ch/TC57/CIM100#WindingConnection.I"/>
  <cim:TransformerEndInfo.phaseAngleClock>0</cim:TransformerEndInfo.phaseAngleClock>
  <cim:TransformerEndInfo.ratedU>106230</cim:TransformerEndInfo.ratedU>
  <cim:TransformerEndInfo.ratedS>58667000</cim:TransformerEndInfo.ratedS>
  <cim:TransformerEndInfo.shortTermS>64533700</cim:TransformerEndInfo.shortTermS>
  <cim:TransformerEndInfo.emergencyS>88000500</cim:TransformerEndInfo.emergencyS>
  <cim:TransformerEndInfo.r>0.17792715</cim:TransformerEndInfo.r>
  <cim:TransformerEndInfo.insulationU>0</cim:TransformerEndInfo.insulationU>
</cim:TransformerEndInfo>
<cim:TransformerEndInfo rdf:ID="_C66D83C9-3F94-4D29-9114-08A0961C2C30">
  <cim:IdentifiedObject.mRID>_C66D83C9-3F94-4D29-9114-08A0961C2C30</cim:IdentifiedObject.mRID>
  <cim:IdentifiedObject.name>auto_2</cim:IdentifiedObject.name>
  <cim:TransformerEndInfo.TransformerTankInfo rdf:resource="#_5AE21FFA-871D-49FD-A41A-644BD128466F"/>
  <cim:TransformerEndInfo.endNumber>2</cim:TransformerEndInfo.endNumber>
  <cim:TransformerEndInfo.connectionKind rdf:resource="http://iec.ch/TC57/CIM100#WindingConnection.I"/>
  <cim:TransformerEndInfo.phaseAngleClock>0</cim:TransformerEndInfo.phaseAngleClock>
  <cim:TransformerEndInfo.ratedU>92950</cim:TransformerEndInfo.ratedU>
  <cim:TransformerEndInfo.ratedS>58667000</cim:TransformerEndInfo.ratedS>
  <cim:TransformerEndInfo.shortTermS>64533700</cim:TransformerEndInfo.shortTermS>
  <cim:TransformerEndInfo.emergencyS>88000500</cim:TransformerEndInfo.emergencyS>
  <cim:TransformerEndInfo.r>0.15345203</cim:TransformerEndInfo.r>
  <cim:TransformerEndInfo.insulationU>0</cim:TransformerEndInfo.insulationU>
</cim:TransformerEndInfo>
<cim:TransformerEndInfo rdf:ID="_7073F24A-39BA-4C8D-8EB0-15698D767D2B">
  <cim:IdentifiedObject.mRID>_7073F24A-39BA-4C8D-8EB0-15698D767D2B</cim:IdentifiedObject.mRID>
  <cim:IdentifiedObject.name>auto_3</cim:IdentifiedObject.name>
  <cim:TransformerEndInfo.TransformerTankInfo rdf:resource="#_5AE21FFA-871D-49FD-A41A-644BD128466F"/>
  <cim:TransformerEndInfo.endNumber>3</cim:TransformerEndInfo.endNumber>
  <cim:TransformerEndInfo.connectionKind rdf:resource="http://iec.ch/TC57/CIM100#WindingConnection.I"/>
  <cim:TransformerEndInfo.phaseAngleClock>0</cim:TransformerEndInfo.phaseAngleClock>
  <cim:TransformerEndInfo.ratedU>13800</cim:TransformerEndInfo.ratedU>
  <cim:TransformerEndInfo.ratedS>24000000</cim:TransformerEndInfo.ratedS>
  <cim:TransformerEndInfo.shortTermS>26400000</cim:TransformerEndInfo.shortTermS>
  <cim:TransformerEndInfo.emergencyS>36000000</cim:TransformerEndInfo.emergencyS>
  <cim:TransformerEndInfo.r>0.022823455</cim:TransformerEndInfo.r>
  <cim:TransformerEndInfo.insulationU>0</cim:TransformerEndInfo.insulationU>
</cim:TransformerEndInfo>
<cim:NoLoadTest rdf:ID="_9FD67F0A-0827-4572-A30D-06F8E1D81A4B">
  <cim:IdentifiedObject.mRID>_9FD67F0A-0827-4572-A30D-06F8E1D81A4B</cim:IdentifiedObject.mRID>
  <cim:IdentifiedObject.name>auto_1</cim:IdentifiedObject.name>
  <cim:NoLoadTest.EnergisedEnd rdf:resource="#_08E61EF3-032F-4ED8-9B5D-E26D2F20B26B"/>
  <cim:NoLoadTest.energisedEndVoltage>106230</cim:NoLoadTest.energisedEndVoltage>
  <cim:NoLoadTest.excitingCurrent>0.062</cim:NoLoadTest.excitingCurrent>
  <cim:NoLoadTest.excitingCurrentZero>0.062</cim:NoLoadTest.excitingCurrentZero>
  <cim:NoLoadTest.loss>26.40015</cim:NoLoadTest.loss>
  <cim:NoLoadTest.lossZero>26.40015</cim:NoLoadTest.lossZero>
  <cim:TransformerTest.basePower>58667000</cim:TransformerTest.basePower>
  <cim:TransformerTest.temperature>50</cim:TransformerTest.temperature>
</cim:NoLoadTest>
<cim:ShortCircuitTest rdf:ID="_2FE8AF1F-B7FB-4237-926D-E7F8FE63D9E1">
  <cim:IdentifiedObject.mRID>_2FE8AF1F-B7FB-4237-926D-E7F8FE63D9E1</cim:IdentifiedObject.mRID>
  <cim:IdentifiedObject.name>auto_1</cim:IdentifiedObject.name>
  <cim:ShortCircuitTest.EnergisedEnd rdf:resource="#_08E61EF3-032F-4ED8-9B5D-E26D2F20B26B"/>
  <cim:ShortCircuitTest.GroundedEnds rdf:resource="#_C66D83C9-3F94-4D29-9114-08A0961C2C30"/>
  <cim:ShortCircuitTest.energisedEndStep>16</cim:ShortCircuitTest.energisedEndStep>
  <cim:ShortCircuitTest.groundedEndStep>16</cim:ShortCircuitTest.groundedEndStep>
  <cim:ShortCircuitTest.leakageImpedance>26.063923</cim:ShortCircuitTest.leakageImpedance>
  <cim:ShortCircuitTest.leakageImpedanceZero>26.063923</cim:ShortCircuitTest.leakageImpedanceZero>
  <cim:ShortCircuitTest.loss>115.39799</cim:ShortCircuitTest.loss>
  <cim:ShortCircuitTest.lossZero>115.39799</cim:ShortCircuitTest.lossZero>
  <cim:TransformerTest.basePower>58667000</cim:TransformerTest.basePower>
  <cim:TransformerTest.temperature>50</cim:TransformerTest.temperature>
</cim:ShortCircuitTest>
<cim:ShortCircuitTest rdf:ID="_C72E2C58-CED9-4541-8EBE-B1A4DD29123C">
  <cim:IdentifiedObject.mRID>_C72E2C58-CED9-4541-8EBE-B1A4DD29123C</cim:IdentifiedObject.mRID>
  <cim:IdentifiedObject.name>auto_2</cim:IdentifiedObject.name>
  <cim:ShortCircuitTest.EnergisedEnd rdf:resource="#_08E61EF3-032F-4ED8-9B5D-E26D2F20B26B"/>
  <cim:ShortCircuitTest.GroundedEnds rdf:resource="#_7073F24A-39BA-4C8D-8EB0-15698D767D2B"/>
  <cim:ShortCircuitTest.energisedEndStep>16</cim:ShortCircuitTest.energisedEndStep>
  <cim:ShortCircuitTest.groundedEndStep>16</cim:ShortCircuitTest.groundedEndStep>
  <cim:ShortCircuitTest.leakageImpedance>33.661893</cim:ShortCircuitTest.leakageImpedance>
  <cim:ShortCircuitTest.leakageImpedanceZero>33.661893</cim:ShortCircuitTest.leakageImpedanceZero>
  <cim:ShortCircuitTest.loss>0</cim:ShortCircuitTest.loss>
  <cim:ShortCircuitTest.lossZero>0</cim:ShortCircuitTest.lossZero>
  <cim:TransformerTest.basePower>58667000</cim:TransformerTest.basePower>
  <cim:TransformerTest.temperature>50</cim:TransformerTest.temperature>
</cim:ShortCircuitTest>
<cim:ShortCircuitTest rdf:ID="_0F55B191-1ED5-4AC8-B8B1-9CF131D742F3">
  <cim:IdentifiedObject.mRID>_0F55B191-1ED5-4AC8-B8B1-9CF131D742F3</cim:IdentifiedObject.mRID>
  <cim:IdentifiedObject.name>auto_3</cim:IdentifiedObject.name>
  <cim:ShortCircuitTest.EnergisedEnd rdf:resource="#_C66D83C9-3F94-4D29-9114-08A0961C2C30"/>
  <cim:ShortCircuitTest.GroundedEnds rdf:resource="#_7073F24A-39BA-4C8D-8EB0-15698D767D2B"/>
  <cim:ShortCircuitTest.energisedEndStep>16</cim:ShortCircuitTest.energisedEndStep>
  <cim:ShortCircuitTest.groundedEndStep>16</cim:ShortCircuitTest.groundedEndStep>
  <cim:ShortCircuitTest.leakageImpedance>22.340377</cim:ShortCircuitTest.leakageImpedance>
  <cim:ShortCircuitTest.leakageImpedanceZero>22.340377</cim:ShortCircuitTest.leakageImpedanceZero>
  <cim:ShortCircuitTest.loss>0</cim:ShortCircuitTest.loss>
  <cim:ShortCircuitTest.lossZero>0</cim:ShortCircuitTest.lossZero>
  <cim:TransformerTest.basePower>58667000</cim:TransformerTest.basePower>
  <cim:TransformerTest.temperature>50</cim:TransformerTest.temperature>
</cim:ShortCircuitTest>
<cim:Asset rdf:ID="_91E7F500-3D0F-468D-AA4F-0CE23E267100">
  <cim:IdentifiedObject.mRID>_91E7F500-3D0F-468D-AA4F-0CE23E267100</cim:IdentifiedObject.mRID>
  <cim:IdentifiedObject.name>TankAsset_auto</cim:IdentifiedObject.name>
  <cim:Asset.AssetInfo rdf:resource="#_5AE21FFA-871D-49FD-A41A-644BD128466F"/>
  <cim:Asset.PowerSystemResources rdf:resource="#_0D31D6A0-5829-4699-9CEA-1393A2FD6D45"/>
  <cim:Asset.PowerSystemResources rdf:resource="#_D5B9EDB0-7C40-49D2-B458-3FEC6DB45F6D"/>
  <cim:Asset.PowerSystemResources rdf:resource="#_C47AC45A-926B-4FC5-8CDE-1CE8045B981D"/>
</cim:Asset>
<cim:TransformerTank rdf:ID="_0D31D6A0-5829-4699-9CEA-1393A2FD6D45">
  <cim:IdentifiedObject.mRID>_0D31D6A0-5829-4699-9CEA-1393A2FD6D45</cim:IdentifiedObject.mRID>
  <cim:IdentifiedObject.name>t1a</cim:IdentifiedObject.name>
  <cim:Equipment.EquipmentContainer rdf:resource="#_7528323E-ABA2-420F-B8B8-DA51E172BB46"/>
  <cim:TransformerTank.PowerTransformer rdf:resource="#_1F54FADE-97BF-4A01-B9DD-1076DC3799D8"/>
  <cim:PowerSystemResource.Location rdf:resource="#_5622EEE6-B690-4562-B4E9-1C631EBD25E6"/>
</cim:TransformerTank>
<cim:Location rdf:ID="_5622EEE6-B690-4562-B4E9-1C631EBD25E6">
  <cim:IdentifiedObject.mRID>_5622EEE6-B690-4562-B4E9-1C631EBD25E6</cim:IdentifiedObject.mRID>
  <cim:IdentifiedObject.name>t1a_Loc</cim:IdentifiedObject.name>
  <cim:Location.CoordinateSystem rdf:resource="#_D1C06DF3-ECAD-426E-8CCE-BA093649C24E"/>
</cim:Location>
<cim:PositionPoint rdf:ID="_85E24515-3843-4ACF-8166-F69F96AAACFD">
  <cim:PositionPoint.Location rdf:resource="#_5622EEE6-B690-4562-B4E9-1C631EBD25E6"/>
  <cim:PositionPoint.sequenceNumber>1</cim:PositionPoint.sequenceNumber>
  <cim:PositionPoint.xPosition>0</cim:PositionPoint.xPosition>
  <cim:PositionPoint.yPosition>0</cim:PositionPoint.yPosition>
</cim:PositionPoint>
<cim:PositionPoint rdf:ID="_2B654445-0343-494F-840C-EE7B11721CBC">
  <cim:PositionPoint.Location rdf:resource="#_5622EEE6-B690-4562-B4E9-1C631EBD25E6"/>
  <cim:PositionPoint.sequenceNumber>2</cim:PositionPoint.sequenceNumber>
  <cim:PositionPoint.xPosition>0</cim:PositionPoint.xPosition>
  <cim:PositionPoint.yPosition>0</cim:PositionPoint.yPosition>
</cim:PositionPoint>
<cim:PositionPoint rdf:ID="_8EE82067-F513-46F3-8DEC-2D1DDA02FF53">
  <cim:PositionPoint.Location rdf:resource="#_5622EEE6-B690-4562-B4E9-1C631EBD25E6"/>
  <cim:PositionPoint.sequenceNumber>3</cim:PositionPoint.sequenceNumber>
  <cim:PositionPoint.xPosition>0</cim:PositionPoint.xPosition>
  <cim:PositionPoint.yPosition>0</cim:PositionPoint.yPosition>
</cim:PositionPoint>
<cim:TransformerTankEnd rdf:ID="_D41914D9-EA64-4CB8-9AB1-5875D0BF9196">
  <cim:IdentifiedObject.mRID>_D41914D9-EA64-4CB8-9AB1-5875D0BF9196</cim:IdentifiedObject.mRID>
  <cim:IdentifiedObject.name>t1a_End_1</cim:IdentifiedObject.name>
  <cim:TransformerTankEnd.phases rdf:resource="http://iec.ch/TC57/CIM100#PhaseCode.A"/>
  <cim:TransformerEnd.grounded>false</cim:TransformerEnd.grounded>
  <cim:TransformerTankEnd.reversed>false</cim:TransformerTankEnd.reversed>
  <cim:TransformerTankEnd.TransformerTank rdf:resource="#_0D31D6A0-5829-4699-9CEA-1393A2FD6D45"/>
  <cim:TransformerEnd.endNumber>1</cim:TransformerEnd.endNumber>
  <cim:TransformerEnd.Terminal rdf:resource="#_886FA32A-4FBF-4553-B0C1-AA591E3C5810"/>
  <cim:TransformerEnd.BaseVoltage rdf:resource="#_C4478E2A-36DA-4481-A3FA-0984B8B02FF5"/>
</cim:TransformerTankEnd>
<cim:Terminal rdf:ID="_886FA32A-4FBF-4553-B0C1-AA591E3C5810">
  <cim:IdentifiedObject.mRID>_886FA32A-4FBF-4553-B0C1-AA591E3C5810</cim:IdentifiedObject.mRID>
  <cim:IdentifiedObject.name>t1a_T1</cim:IdentifiedObject.name>
  <cim:Terminal.ConductingEquipment rdf:resource="#_1F54FADE-97BF-4A01-B9DD-1076DC3799D8"/>
  <cim:ACDCTerminal.sequenceNumber>1</cim:ACDCTerminal.sequenceNumber>
  <cim:Terminal.ConnectivityNode rdf:resource="#_21C25773-7DA3-47DB-A63B-B9BAF855FB72"/>
  <cim:ACDCTerminal.OperationalLimitSet rdf:resource="#_BC0F05FE-16B9-44BF-8DA7-D556C26F2851"/>
</cim:Terminal>
<cim:TransformerTankEnd rdf:ID="_762B514D-119D-462C-935F-2CD73525DB32">
  <cim:IdentifiedObject.mRID>_762B514D-119D-462C-935F-2CD73525DB32</cim:IdentifiedObject.mRID>
  <cim:IdentifiedObject.name>t1a_End_2</cim:IdentifiedObject.name>
  <cim:TransformerTankEnd.phases rdf:resource="http://iec.ch/TC57/CIM100#PhaseCode.A"/>
  <cim:TransformerEnd.grounded>true</cim:TransformerEnd.grounded>
  <cim:TransformerEnd.rground>0</cim:TransformerEnd.rground>
  <cim:TransformerEnd.xground>0</cim:TransformerEnd.xground>
  <cim:TransformerTankEnd.reversed>false</cim:TransformerTankEnd.reversed>
  <cim:TransformerTankEnd.TransformerTank rdf:resource="#_0D31D6A0-5829-4699-9CEA-1393A2FD6D45"/>
  <cim:TransformerEnd.endNumber>2</cim:TransformerEnd.endNumber>
  <cim:TransformerEnd.Terminal rdf:resource="#_A43AFE73-4A2F-4129-80F1-A23F29972E06"/>
  <cim:TransformerEnd.BaseVoltage rdf:resource="#_BDB5059E-F3EA-4D83-8366-42B0EDD5E5E5"/>
</cim:TransformerTankEnd>
<cim:Terminal rdf:ID="_A43AFE73-4A2F-4129-80F1-A23F29972E06">
  <cim:IdentifiedObject.mRID>_A43AFE73-4A2F-4129-80F1-A23F29972E06</cim:IdentifiedObject.mRID>
  <cim:IdentifiedObject.name>t1a_T2</cim:IdentifiedObject.name>
  <cim:Terminal.ConductingEquipment rdf:resource="#_1F54FADE-97BF-4A01-B9DD-1076DC3799D8"/>
  <cim:ACDCTerminal.sequenceNumber>2</cim:ACDCTerminal.sequenceNumber>
  <cim:Terminal.ConnectivityNode rdf:resource="#_EB2C0EA9-81ED-4C27-AF65-53E5C00B9F23"/>
</cim:Terminal>
<cim:TransformerTankEnd rdf:ID="_87985947-0B4B-4D31-8A5C-6FEC6BFF870F">
  <cim:IdentifiedObject.mRID>_87985947-0B4B-4D31-8A5C-6FEC6BFF870F</cim:IdentifiedObject.mRID>
  <cim:IdentifiedObject.name>t1a_End_3</cim:IdentifiedObject.name>
  <cim:TransformerTankEnd.phases rdf:resource="http://iec.ch/TC57/CIM100#PhaseCode.AB"/>
  <cim:TransformerEnd.grounded>false</cim:TransformerEnd.grounded>
  <cim:TransformerTankEnd.reversed>false</cim:TransformerTankEnd.reversed>
  <cim:TransformerTankEnd.TransformerTank rdf:resource="#_0D31D6A0-5829-4699-9CEA-1393A2FD6D45"/>
  <cim:TransformerEnd.endNumber>3</cim:TransformerEnd.endNumber>
  <cim:TransformerEnd.Terminal rdf:resource="#_C49D09F3-C627-4A3E-B5E5-A383D6089A8D"/>
  <cim:TransformerEnd.BaseVoltage rdf:resource="#_63EA142B-AD4F-4012-B6F5-9AC110A71379"/>
</cim:TransformerTankEnd>
<cim:Terminal rdf:ID="_C49D09F3-C627-4A3E-B5E5-A383D6089A8D">
  <cim:IdentifiedObject.mRID>_C49D09F3-C627-4A3E-B5E5-A383D6089A8D</cim:IdentifiedObject.mRID>
  <cim:IdentifiedObject.name>t1a_T3</cim:IdentifiedObject.name>
  <cim:Terminal.ConductingEquipment rdf:resource="#_1F54FADE-97BF-4A01-B9DD-1076DC3799D8"/>
  <cim:ACDCTerminal.sequenceNumber>3</cim:ACDCTerminal.sequenceNumber>
  <cim:Terminal.ConnectivityNode rdf:resource="#_6937B4E8-5C2C-456B-8940-F240A8E95DBB"/>
</cim:Terminal>
<cim:TransformerTank rdf:ID="_D5B9EDB0-7C40-49D2-B458-3FEC6DB45F6D">
  <cim:IdentifiedObject.mRID>_D5B9EDB0-7C40-49D2-B458-3FEC6DB45F6D</cim:IdentifiedObject.mRID>
  <cim:IdentifiedObject.name>t1b</cim:IdentifiedObject.name>
  <cim:Equipment.EquipmentContainer rdf:resource="#_7528323E-ABA2-420F-B8B8-DA51E172BB46"/>
  <cim:TransformerTank.PowerTransformer rdf:resource="#_B0FDF49E-B4E8-4381-95BC-BE24EDF3A0C2"/>
  <cim:PowerSystemResource.Location rdf:resource="#_174E0B70-ADC2-4DA4-95A1-27BFB044C3FE"/>
</cim:TransformerTank>
<cim:Location rdf:ID="_174E0B70-ADC2-4DA4-95A1-27BFB044C3FE">
  <cim:IdentifiedObject.mRID>_174E0B70-ADC2-4DA4-95A1-27BFB044C3FE</cim:IdentifiedObject.mRID>
  <cim:IdentifiedObject.name>t1b_Loc</cim:IdentifiedObject.name>
  <cim:Location.CoordinateSystem rdf:resource="#_D1C06DF3-ECAD-426E-8CCE-BA093649C24E"/>
</cim:Location>
<cim:PositionPoint rdf:ID="_7079EC91-DC5B-47EC-AD8F-D5C954D80F97">
  <cim:PositionPoint.Location rdf:resource="#_174E0B70-ADC2-4DA4-95A1-27BFB044C3FE"/>
  <cim:PositionPoint.sequenceNumber>1</cim:PositionPoint.sequenceNumber>
  <cim:PositionPoint.xPosition>0</cim:PositionPoint.xPosition>
  <cim:PositionPoint.yPosition>0</cim:PositionPoint.yPosition>
</cim:PositionPoint>
<cim:PositionPoint rdf:ID="_CA86EB31-9C4F-4B59-BBAC-7FE2C39CD926">
  <cim:PositionPoint.Location rdf:resource="#_174E0B70-ADC2-4DA4-95A1-27BFB044C3FE"/>
  <cim:PositionPoint.sequenceNumber>2</cim:PositionPoint.sequenceNumber>
  <cim:PositionPoint.xPosition>0</cim:PositionPoint.xPosition>
  <cim:PositionPoint.yPosition>0</cim:PositionPoint.yPosition>
</cim:PositionPoint>
<cim:PositionPoint rdf:ID="_26893AD3-940D-499D-BDF5-C0838D9BA697">
  <cim:PositionPoint.Location rdf:resource="#_174E0B70-ADC2-4DA4-95A1-27BFB044C3FE"/>
  <cim:PositionPoint.sequenceNumber>3</cim:PositionPoint.sequenceNumber>
  <cim:PositionPoint.xPosition>0</cim:PositionPoint.xPosition>
  <cim:PositionPoint.yPosition>0</cim:PositionPoint.yPosition>
</cim:PositionPoint>
<cim:TransformerTankEnd rdf:ID="_D12CAD6E-D25A-46F5-8B63-2B99D5A85CA6">
  <cim:IdentifiedObject.mRID>_D12CAD6E-D25A-46F5-8B63-2B99D5A85CA6</cim:IdentifiedObject.mRID>
  <cim:IdentifiedObject.name>t1b_End_1</cim:IdentifiedObject.name>
  <cim:TransformerTankEnd.phases rdf:resource="http://iec.ch/TC57/CIM100#PhaseCode.B"/>
  <cim:TransformerEnd.grounded>false</cim:TransformerEnd.grounded>
  <cim:TransformerTankEnd.reversed>false</cim:TransformerTankEnd.reversed>
  <cim:TransformerTankEnd.TransformerTank rdf:resource="#_D5B9EDB0-7C40-49D2-B458-3FEC6DB45F6D"/>
  <cim:TransformerEnd.endNumber>1</cim:TransformerEnd.endNumber>
  <cim:TransformerEnd.Terminal rdf:resource="#_4D3BC59E-ECAF-4233-BBC1-918DEF02E8B4"/>
  <cim:TransformerEnd.BaseVoltage rdf:resource="#_C4478E2A-36DA-4481-A3FA-0984B8B02FF5"/>
</cim:TransformerTankEnd>
<cim:Terminal rdf:ID="_4D3BC59E-ECAF-4233-BBC1-918DEF02E8B4">
  <cim:IdentifiedObject.mRID>_4D3BC59E-ECAF-4233-BBC1-918DEF02E8B4</cim:IdentifiedObject.mRID>
  <cim:IdentifiedObject.name>t1b_T1</cim:IdentifiedObject.name>
  <cim:Terminal.ConductingEquipment rdf:resource="#_B0FDF49E-B4E8-4381-95BC-BE24EDF3A0C2"/>
  <cim:ACDCTerminal.sequenceNumber>1</cim:ACDCTerminal.sequenceNumber>
  <cim:Terminal.ConnectivityNode rdf:resource="#_21C25773-7DA3-47DB-A63B-B9BAF855FB72"/>
  <cim:ACDCTerminal.OperationalLimitSet rdf:resource="#_BC0F05FE-16B9-44BF-8DA7-D556C26F2851"/>
</cim:Terminal>
<cim:TransformerTankEnd rdf:ID="_8373FF3F-F272-4029-862D-5ABDB8958994">
  <cim:IdentifiedObject.mRID>_8373FF3F-F272-4029-862D-5ABDB8958994</cim:IdentifiedObject.mRID>
  <cim:IdentifiedObject.name>t1b_End_2</cim:IdentifiedObject.name>
  <cim:TransformerTankEnd.phases rdf:resource="http://iec.ch/TC57/CIM100#PhaseCode.B"/>
  <cim:TransformerEnd.grounded>true</cim:TransformerEnd.grounded>
  <cim:TransformerEnd.rground>0</cim:TransformerEnd.rground>
  <cim:TransformerEnd.xground>0</cim:TransformerEnd.xground>
  <cim:TransformerTankEnd.reversed>false</cim:TransformerTankEnd.reversed>
  <cim:TransformerTankEnd.TransformerTank rdf:resource="#_D5B9EDB0-7C40-49D2-B458-3FEC6DB45F6D"/>
  <cim:TransformerEnd.endNumber>2</cim:TransformerEnd.endNumber>
  <cim:TransformerEnd.Terminal rdf:resource="#_E92B5058-0A58-4495-9B9F-7714360EBD53"/>
  <cim:TransformerEnd.BaseVoltage rdf:resource="#_BDB5059E-F3EA-4D83-8366-42B0EDD5E5E5"/>
</cim:TransformerTankEnd>
<cim:Terminal rdf:ID="_E92B5058-0A58-4495-9B9F-7714360EBD53">
  <cim:IdentifiedObject.mRID>_E92B5058-0A58-4495-9B9F-7714360EBD53</cim:IdentifiedObject.mRID>
  <cim:IdentifiedObject.name>t1b_T2</cim:IdentifiedObject.name>
  <cim:Terminal.ConductingEquipment rdf:resource="#_B0FDF49E-B4E8-4381-95BC-BE24EDF3A0C2"/>
  <cim:ACDCTerminal.sequenceNumber>2</cim:ACDCTerminal.sequenceNumber>
  <cim:Terminal.ConnectivityNode rdf:resource="#_EB2C0EA9-81ED-4C27-AF65-53E5C00B9F23"/>
</cim:Terminal>
<cim:TransformerTankEnd rdf:ID="_27EF162D-78B8-416D-B44E-E89D9AB72A28">
  <cim:IdentifiedObject.mRID>_27EF162D-78B8-416D-B44E-E89D9AB72A28</cim:IdentifiedObject.mRID>
  <cim:IdentifiedObject.name>t1b_End_3</cim:IdentifiedObject.name>
  <cim:TransformerTankEnd.phases rdf:resource="http://iec.ch/TC57/CIM100#PhaseCode.BC"/>
  <cim:TransformerEnd.grounded>false</cim:TransformerEnd.grounded>
  <cim:TransformerTankEnd.reversed>false</cim:TransformerTankEnd.reversed>
  <cim:TransformerTankEnd.TransformerTank rdf:resource="#_D5B9EDB0-7C40-49D2-B458-3FEC6DB45F6D"/>
  <cim:TransformerEnd.endNumber>3</cim:TransformerEnd.endNumber>
  <cim:TransformerEnd.Terminal rdf:resource="#_565115EB-3269-48F9-A17C-FC633028A58E"/>
  <cim:TransformerEnd.BaseVoltage rdf:resource="#_63EA142B-AD4F-4012-B6F5-9AC110A71379"/>
</cim:TransformerTankEnd>
<cim:Terminal rdf:ID="_565115EB-3269-48F9-A17C-FC633028A58E">
  <cim:IdentifiedObject.mRID>_565115EB-3269-48F9-A17C-FC633028A58E</cim:IdentifiedObject.mRID>
  <cim:IdentifiedObject.name>t1b_T3</cim:IdentifiedObject.name>
  <cim:Terminal.ConductingEquipment rdf:resource="#_B0FDF49E-B4E8-4381-95BC-BE24EDF3A0C2"/>
  <cim:ACDCTerminal.sequenceNumber>3</cim:ACDCTerminal.sequenceNumber>
  <cim:Terminal.ConnectivityNode rdf:resource="#_6937B4E8-5C2C-456B-8940-F240A8E95DBB"/>
</cim:Terminal>
<cim:TransformerTank rdf:ID="_C47AC45A-926B-4FC5-8CDE-1CE8045B981D">
  <cim:IdentifiedObject.mRID>_C47AC45A-926B-4FC5-8CDE-1CE8045B981D</cim:IdentifiedObject.mRID>
  <cim:IdentifiedObject.name>t1c</cim:IdentifiedObject.name>
  <cim:Equipment.EquipmentContainer rdf:resource="#_7528323E-ABA2-420F-B8B8-DA51E172BB46"/>
  <cim:TransformerTank.PowerTransformer rdf:resource="#_D18FFC27-FD42-40A8-942C-3531288E0BC1"/>
  <cim:PowerSystemResource.Location rdf:resource="#_FC963300-1E7B-4241-A2AA-91768D500ACB"/>
</cim:TransformerTank>
<cim:Location rdf:ID="_FC963300-1E7B-4241-A2AA-91768D500ACB">
  <cim:IdentifiedObject.mRID>_FC963300-1E7B-4241-A2AA-91768D500ACB</cim:IdentifiedObject.mRID>
  <cim:IdentifiedObject.name>t1c_Loc</cim:IdentifiedObject.name>
  <cim:Location.CoordinateSystem rdf:resource="#_D1C06DF3-ECAD-426E-8CCE-BA093649C24E"/>
</cim:Location>
<cim:PositionPoint rdf:ID="_3BB4F55A-4C09-4BF4-B826-59A8D34A9247">
  <cim:PositionPoint.Location rdf:resource="#_FC963300-1E7B-4241-A2AA-91768D500ACB"/>
  <cim:PositionPoint.sequenceNumber>1</cim:PositionPoint.sequenceNumber>
  <cim:PositionPoint.xPosition>0</cim:PositionPoint.xPosition>
  <cim:PositionPoint.yPosition>0</cim:PositionPoint.yPosition>
</cim:PositionPoint>
<cim:PositionPoint rdf:ID="_7835E5D4-D77A-4A71-AB57-7F043190C2A0">
  <cim:PositionPoint.Location rdf:resource="#_FC963300-1E7B-4241-A2AA-91768D500ACB"/>
  <cim:PositionPoint.sequenceNumber>2</cim:PositionPoint.sequenceNumber>
  <cim:PositionPoint.xPosition>0</cim:PositionPoint.xPosition>
  <cim:PositionPoint.yPosition>0</cim:PositionPoint.yPosition>
</cim:PositionPoint>
<cim:PositionPoint rdf:ID="_E58B8C2E-F2DD-4F55-87CB-EFB232C544F3">
  <cim:PositionPoint.Location rdf:resource="#_FC963300-1E7B-4241-A2AA-91768D500ACB"/>
  <cim:PositionPoint.sequenceNumber>3</cim:PositionPoint.sequenceNumber>
  <cim:PositionPoint.xPosition>0</cim:PositionPoint.xPosition>
  <cim:PositionPoint.yPosition>0</cim:PositionPoint.yPosition>
</cim:PositionPoint>
<cim:TransformerTankEnd rdf:ID="_57A7C92A-E5B8-4D76-BB8B-BDF78EA3C410">
  <cim:IdentifiedObject.mRID>_57A7C92A-E5B8-4D76-BB8B-BDF78EA3C410</cim:IdentifiedObject.mRID>
  <cim:IdentifiedObject.name>t1c_End_1</cim:IdentifiedObject.name>
  <cim:TransformerTankEnd.phases rdf:resource="http://iec.ch/TC57/CIM100#PhaseCode.C"/>
  <cim:TransformerEnd.grounded>false</cim:TransformerEnd.grounded>
  <cim:TransformerTankEnd.reversed>false</cim:TransformerTankEnd.reversed>
  <cim:TransformerTankEnd.TransformerTank rdf:resource="#_C47AC45A-926B-4FC5-8CDE-1CE8045B981D"/>
  <cim:TransformerEnd.endNumber>1</cim:TransformerEnd.endNumber>
  <cim:TransformerEnd.Terminal rdf:resource="#_B6A80C73-6519-47C7-B9DC-8085F073CA25"/>
  <cim:TransformerEnd.BaseVoltage rdf:resource="#_C4478E2A-36DA-4481-A3FA-0984B8B02FF5"/>
</cim:TransformerTankEnd>
<cim:Terminal rdf:ID="_B6A80C73-6519-47C7-B9DC-8085F073CA25">
  <cim:IdentifiedObject.mRID>_B6A80C73-6519-47C7-B9DC-8085F073CA25</cim:IdentifiedObject.mRID>
  <cim:IdentifiedObject.name>t1c_T1</cim:IdentifiedObject.name>
  <cim:Terminal.ConductingEquipment rdf:resource="#_D18FFC27-FD42-40A8-942C-3531288E0BC1"/>
  <cim:ACDCTerminal.sequenceNumber>1</cim:ACDCTerminal.sequenceNumber>
  <cim:Terminal.ConnectivityNode rdf:resource="#_21C25773-7DA3-47DB-A63B-B9BAF855FB72"/>
  <cim:ACDCTerminal.OperationalLimitSet rdf:resource="#_BC0F05FE-16B9-44BF-8DA7-D556C26F2851"/>
</cim:Terminal>
<cim:TransformerTankEnd rdf:ID="_F6C915BB-290F-40C7-98E2-8F32DB88E60C">
  <cim:IdentifiedObject.mRID>_F6C915BB-290F-40C7-98E2-8F32DB88E60C</cim:IdentifiedObject.mRID>
  <cim:IdentifiedObject.name>t1c_End_2</cim:IdentifiedObject.name>
  <cim:TransformerTankEnd.phases rdf:resource="http://iec.ch/TC57/CIM100#PhaseCode.C"/>
  <cim:TransformerEnd.grounded>true</cim:TransformerEnd.grounded>
  <cim:TransformerEnd.rground>0</cim:TransformerEnd.rground>
  <cim:TransformerEnd.xground>0</cim:TransformerEnd.xground>
  <cim:TransformerTankEnd.reversed>false</cim:TransformerTankEnd.reversed>
  <cim:TransformerTankEnd.TransformerTank rdf:resource="#_C47AC45A-926B-4FC5-8CDE-1CE8045B981D"/>
  <cim:TransformerEnd.endNumber>2</cim:TransformerEnd.endNumber>
  <cim:TransformerEnd.Terminal rdf:resource="#_42938051-CAAB-494D-8FC0-8A82602FCF51"/>
  <cim:TransformerEnd.BaseVoltage rdf:resource="#_BDB5059E-F3EA-4D83-8366-42B0EDD5E5E5"/>
</cim:TransformerTankEnd>
<cim:Terminal rdf:ID="_42938051-CAAB-494D-8FC0-8A82602FCF51">
  <cim:IdentifiedObject.mRID>_42938051-CAAB-494D-8FC0-8A82602FCF51</cim:IdentifiedObject.mRID>
  <cim:IdentifiedObject.name>t1c_T2</cim:IdentifiedObject.name>
  <cim:Terminal.ConductingEquipment rdf:resource="#_D18FFC27-FD42-40A8-942C-3531288E0BC1"/>
  <cim:ACDCTerminal.sequenceNumber>2</cim:ACDCTerminal.sequenceNumber>
  <cim:Terminal.ConnectivityNode rdf:resource="#_EB2C0EA9-81ED-4C27-AF65-53E5C00B9F23"/>
</cim:Terminal>
<cim:TransformerTankEnd rdf:ID="_79C6A635-D505-4ED4-AE52-87B766569529">
  <cim:IdentifiedObject.mRID>_79C6A635-D505-4ED4-AE52-87B766569529</cim:IdentifiedObject.mRID>
  <cim:IdentifiedObject.name>t1c_End_3</cim:IdentifiedObject.name>
  <cim:TransformerTankEnd.phases rdf:resource="http://iec.ch/TC57/CIM100#PhaseCode.AC"/>
  <cim:TransformerEnd.grounded>false</cim:TransformerEnd.grounded>
  <cim:TransformerTankEnd.reversed>true</cim:TransformerTankEnd.reversed>
  <cim:TransformerTankEnd.TransformerTank rdf:resource="#_C47AC45A-926B-4FC5-8CDE-1CE8045B981D"/>
  <cim:TransformerEnd.endNumber>3</cim:TransformerEnd.endNumber>
  <cim:TransformerEnd.Terminal rdf:resource="#_FC32FD84-F96E-407B-BCC6-2847D6436C15"/>
  <cim:TransformerEnd.BaseVoltage rdf:resource="#_63EA142B-AD4F-4012-B6F5-9AC110A71379"/>
</cim:TransformerTankEnd>
<cim:Terminal rdf:ID="_FC32FD84-F96E-407B-BCC6-2847D6436C15">
  <cim:IdentifiedObject.mRID>_FC32FD84-F96E-407B-BCC6-2847D6436C15</cim:IdentifiedObject.mRID>
  <cim:IdentifiedObject.name>t1c_T3</cim:IdentifiedObject.name>
  <cim:Terminal.ConductingEquipment rdf:resource="#_D18FFC27-FD42-40A8-942C-3531288E0BC1"/>
  <cim:ACDCTerminal.sequenceNumber>3</cim:ACDCTerminal.sequenceNumber>
  <cim:Terminal.ConnectivityNode rdf:resource="#_6937B4E8-5C2C-456B-8940-F240A8E95DBB"/>
</cim:Terminal>
<cim:PowerTransformer rdf:ID="_1F54FADE-97BF-4A01-B9DD-1076DC3799D8">
  <cim:IdentifiedObject.mRID>_1F54FADE-97BF-4A01-B9DD-1076DC3799D8</cim:IdentifiedObject.mRID>
  <cim:IdentifiedObject.name>t1a</cim:IdentifiedObject.name>
  <cim:Equipment.EquipmentContainer rdf:resource="#_7528323E-ABA2-420F-B8B8-DA51E172BB46"/>
  <cim:PowerTransformer.vectorGroup>Iii</cim:PowerTransformer.vectorGroup>
  <cim:PowerSystemResource.Location rdf:resource="#_5622EEE6-B690-4562-B4E9-1C631EBD25E6"/>
</cim:PowerTransformer>
<cim:PowerTransformer rdf:ID="_B0FDF49E-B4E8-4381-95BC-BE24EDF3A0C2">
  <cim:IdentifiedObject.mRID>_B0FDF49E-B4E8-4381-95BC-BE24EDF3A0C2</cim:IdentifiedObject.mRID>
  <cim:IdentifiedObject.name>t1b</cim:IdentifiedObject.name>
  <cim:Equipment.EquipmentContainer rdf:resource="#_7528323E-ABA2-420F-B8B8-DA51E172BB46"/>
  <cim:PowerTransformer.vectorGroup>Iii</cim:PowerTransformer.vectorGroup>
  <cim:PowerSystemResource.Location rdf:resource="#_174E0B70-ADC2-4DA4-95A1-27BFB044C3FE"/>
</cim:PowerTransformer>
<cim:PowerTransformer rdf:ID="_D18FFC27-FD42-40A8-942C-3531288E0BC1">
  <cim:IdentifiedObject.mRID>_D18FFC27-FD42-40A8-942C-3531288E0BC1</cim:IdentifiedObject.mRID>
  <cim:IdentifiedObject.name>t1c</cim:IdentifiedObject.name>
  <cim:Equipment.EquipmentContainer rdf:resource="#_7528323E-ABA2-420F-B8B8-DA51E172BB46"/>
  <cim:PowerTransformer.vectorGroup>Iii</cim:PowerTransformer.vectorGroup>
  <cim:PowerSystemResource.Location rdf:resource="#_FC963300-1E7B-4241-A2AA-91768D500ACB"/>
</cim:PowerTransformer>
<cim:LoadBreakSwitch rdf:ID="_C6D2845F-63E4-4014-A2F8-7CEE6C89BAB4">
  <cim:IdentifiedObject.mRID>_C6D2845F-63E4-4014-A2F8-7CEE6C89BAB4</cim:IdentifiedObject.mRID>
  <cim:IdentifiedObject.name>line1</cim:IdentifiedObject.name>
  <cim:Equipment.EquipmentContainer rdf:resource="#_7528323E-ABA2-420F-B8B8-DA51E172BB46"/>
  <cim:ConductingEquipment.BaseVoltage rdf:resource="#_C4478E2A-36DA-4481-A3FA-0984B8B02FF5"/>
  <cim:ProtectedSwitch.breakingCapacity>400</cim:ProtectedSwitch.breakingCapacity>
  <cim:Switch.ratedCurrent>400</cim:Switch.ratedCurrent>
  <cim:Switch.normalOpen>false</cim:Switch.normalOpen>
  <cim:Switch.open>false</cim:Switch.open>
  <cim:Switch.retained>true</cim:Switch.retained>
  <cim:PowerSystemResource.Location rdf:resource="#_5E1F80A0-E532-47C7-B852-8C82D010A4E6"/>
</cim:LoadBreakSwitch>
<cim:Terminal rdf:ID="_A937C13D-0AC1-41A8-B192-51499E3F0FDF">
  <cim:IdentifiedObject.mRID>_A937C13D-0AC1-41A8-B192-51499E3F0FDF</cim:IdentifiedObject.mRID>
  <cim:IdentifiedObject.name>line1_T1</cim:IdentifiedObject.name>
  <cim:Terminal.ConductingEquipment rdf:resource="#_C6D2845F-63E4-4014-A2F8-7CEE6C89BAB4"/>
  <cim:ACDCTerminal.sequenceNumber>1</cim:ACDCTerminal.sequenceNumber>
  <cim:Terminal.ConnectivityNode rdf:resource="#_27DC3A98-ACCF-41DF-8F6D-C3150D6DE966"/>
  <cim:ACDCTerminal.OperationalLimitSet rdf:resource="#_B5ABEF24-7192-48C1-8C72-F080D08420EF"/>
</cim:Terminal>
<cim:Terminal rdf:ID="_3136E0EC-C077-4C4F-BD10-83E6FC43D443">
  <cim:IdentifiedObject.mRID>_3136E0EC-C077-4C4F-BD10-83E6FC43D443</cim:IdentifiedObject.mRID>
  <cim:IdentifiedObject.name>line1_T2</cim:IdentifiedObject.name>
  <cim:Terminal.ConductingEquipment rdf:resource="#_C6D2845F-63E4-4014-A2F8-7CEE6C89BAB4"/>
  <cim:ACDCTerminal.sequenceNumber>2</cim:ACDCTerminal.sequenceNumber>
  <cim:Terminal.ConnectivityNode rdf:resource="#_21C25773-7DA3-47DB-A63B-B9BAF855FB72"/>
</cim:Terminal>
<cim:Location rdf:ID="_5E1F80A0-E532-47C7-B852-8C82D010A4E6">
  <cim:IdentifiedObject.mRID>_5E1F80A0-E532-47C7-B852-8C82D010A4E6</cim:IdentifiedObject.mRID>
  <cim:IdentifiedObject.name>line1_Loc</cim:IdentifiedObject.name>
  <cim:Location.CoordinateSystem rdf:resource="#_D1C06DF3-ECAD-426E-8CCE-BA093649C24E"/>
</cim:Location>
<cim:PositionPoint rdf:ID="_2CEF5322-E62D-47F2-997C-CE9940DD97CA">
  <cim:PositionPoint.Location rdf:resource="#_5E1F80A0-E532-47C7-B852-8C82D010A4E6"/>
  <cim:PositionPoint.sequenceNumber>1</cim:PositionPoint.sequenceNumber>
  <cim:PositionPoint.xPosition>0</cim:PositionPoint.xPosition>
  <cim:PositionPoint.yPosition>0</cim:PositionPoint.yPosition>
</cim:PositionPoint>
<cim:PositionPoint rdf:ID="_519EAD0B-FE7D-4CAF-96E9-2B6E167FCAA7">
  <cim:PositionPoint.Location rdf:resource="#_5E1F80A0-E532-47C7-B852-8C82D010A4E6"/>
  <cim:PositionPoint.sequenceNumber>2</cim:PositionPoint.sequenceNumber>
  <cim:PositionPoint.xPosition>0</cim:PositionPoint.xPosition>
  <cim:PositionPoint.yPosition>0</cim:PositionPoint.yPosition>
</cim:PositionPoint>
<cim:LoadBreakSwitch rdf:ID="_DB02BAFF-588D-4666-B7CB-DC55419F4D5D">
  <cim:IdentifiedObject.mRID>_DB02BAFF-588D-4666-B7CB-DC55419F4D5D</cim:IdentifiedObject.mRID>
  <cim:IdentifiedObject.name>common</cim:IdentifiedObject.name>
  <cim:Equipment.EquipmentContainer rdf:resource="#_7528323E-ABA2-420F-B8B8-DA51E172BB46"/>
  <cim:ConductingEquipment.BaseVoltage rdf:resource="#_C4478E2A-36DA-4481-A3FA-0984B8B02FF5"/>
  <cim:ProtectedSwitch.breakingCapacity>400</cim:ProtectedSwitch.breakingCapacity>
  <cim:Switch.ratedCurrent>400</cim:Switch.ratedCurrent>
  <cim:Switch.normalOpen>false</cim:Switch.normalOpen>
  <cim:Switch.open>false</cim:Switch.open>
  <cim:Switch.retained>true</cim:Switch.retained>
  <cim:PowerSystemResource.Location rdf:resource="#_9E1FD618-6638-40E9-9A2D-9A5F535BF245"/>
</cim:LoadBreakSwitch>
<cim:SwitchPhase rdf:ID="_0367FFED-7CE5-4582-AE93-69E745BBE32D">
  <cim:IdentifiedObject.mRID>_0367FFED-7CE5-4582-AE93-69E745BBE32D</cim:IdentifiedObject.mRID>
  <cim:IdentifiedObject.name>common_C</cim:IdentifiedObject.name>
  <cim:SwitchPhase.closed>true</cim:SwitchPhase.closed>
  <cim:SwitchPhase.normalOpen>false</cim:SwitchPhase.normalOpen>
  <cim:SwitchPhase.phaseSide1 rdf:resource="http://iec.ch/TC57/CIM100#SinglePhaseKind.C"/>
  <cim:SwitchPhase.phaseSide2 rdf:resource="http://iec.ch/TC57/CIM100#SinglePhaseKind.A"/>
  <cim:SwitchPhase.Switch rdf:resource="#_DB02BAFF-588D-4666-B7CB-DC55419F4D5D"/>
  <cim:PowerSystemResource.Location rdf:resource="#_9E1FD618-6638-40E9-9A2D-9A5F535BF245"/>
</cim:SwitchPhase>
<cim:Terminal rdf:ID="_B2F5A43E-C94D-49A7-85DF-57B86693BBB7">
  <cim:IdentifiedObject.mRID>_B2F5A43E-C94D-49A7-85DF-57B86693BBB7</cim:IdentifiedObject.mRID>
  <cim:IdentifiedObject.name>common_T2</cim:IdentifiedObject.name>
  <cim:Terminal.ConductingEquipment rdf:resource="#_DB02BAFF-588D-4666-B7CB-DC55419F4D5D"/>
  <cim:ACDCTerminal.sequenceNumber>2</cim:ACDCTerminal.sequenceNumber>
  <cim:Terminal.ConnectivityNode rdf:resource="#_EB2C0EA9-81ED-4C27-AF65-53E5C00B9F23"/>
</cim:Terminal>
<cim:Location rdf:ID="_9E1FD618-6638-40E9-9A2D-9A5F535BF245">
  <cim:IdentifiedObject.mRID>_9E1FD618-6638-40E9-9A2D-9A5F535BF245</cim:IdentifiedObject.mRID>
  <cim:IdentifiedObject.name>common_Loc</cim:IdentifiedObject.name>
  <cim:Location.CoordinateSystem rdf:resource="#_D1C06DF3-ECAD-426E-8CCE-BA093649C24E"/>
</cim:Location>
<cim:PositionPoint rdf:ID="_FAAF7F44-88BA-411E-B53D-AC218B69DF29">
  <cim:PositionPoint.Location rdf:resource="#_9E1FD618-6638-40E9-9A2D-9A5F535BF245"/>
  <cim:PositionPoint.sequenceNumber>2</cim:PositionPoint.sequenceNumber>
  <cim:PositionPoint.xPosition>0</cim:PositionPoint.xPosition>
  <cim:PositionPoint.yPosition>0</cim:PositionPoint.yPosition>
</cim:PositionPoint>
<cim:LoadResponseCharacteristic rdf:ID="_18CE2D59-8DE7-4C4B-A86F-22650770C74C">
  <cim:IdentifiedObject.mRID>_18CE2D59-8DE7-4C4B-A86F-22650770C74C</cim:IdentifiedObject.mRID>
  <cim:IdentifiedObject.name>Constant kVA</cim:IdentifiedObject.name>
  <cim:LoadResponseCharacteristic.exponentModel>false</cim:LoadResponseCharacteristic.exponentModel>
  <cim:LoadResponseCharacteristic.pConstantImpedance>0</cim:LoadResponseCharacteristic.pConstantImpedance>
  <cim:LoadResponseCharacteristic.pConstantCurrent>0</cim:LoadResponseCharacteristic.pConstantCurrent>
  <cim:LoadResponseCharacteristic.pConstantPower>100</cim:LoadResponseCharacteristic.pConstantPower>
  <cim:LoadResponseCharacteristic.qConstantImpedance>0</cim:LoadResponseCharacteristic.qConstantImpedance>
  <cim:LoadResponseCharacteristic.qConstantCurrent>0</cim:LoadResponseCharacteristic.qConstantCurrent>
  <cim:LoadResponseCharacteristic.qConstantPower>100</cim:LoadResponseCharacteristic.qConstantPower>
  <cim:LoadResponseCharacteristic.pVoltageExponent>0</cim:LoadResponseCharacteristic.pVoltageExponent>
  <cim:LoadResponseCharacteristic.qVoltageExponent>0</cim:LoadResponseCharacteristic.qVoltageExponent>
  <cim:LoadResponseCharacteristic.pFrequencyExponent>0</cim:LoadResponseCharacteristic.pFrequencyExponent>
  <cim:LoadResponseCharacteristic.qFrequencyExponent>0</cim:LoadResponseCharacteristic.qFrequencyExponent>
</cim:LoadResponseCharacteristic>
<cim:LoadResponseCharacteristic rdf:ID="_D4AEDB32-0B61-426B-8F2C-DB89F182D609">
  <cim:IdentifiedObject.mRID>_D4AEDB32-0B61-426B-8F2C-DB89F182D609</cim:IdentifiedObject.mRID>
  <cim:IdentifiedObject.name>Constant Z</cim:IdentifiedObject.name>
  <cim:LoadResponseCharacteristic.exponentModel>false</cim:LoadResponseCharacteristic.exponentModel>
  <cim:LoadResponseCharacteristic.pConstantImpedance>100</cim:LoadResponseCharacteristic.pConstantImpedance>
  <cim:LoadResponseCharacteristic.pConstantCurrent>0</cim:LoadResponseCharacteristic.pConstantCurrent>
  <cim:LoadResponseCharacteristic.pConstantPower>0</cim:LoadResponseCharacteristic.pConstantPower>
  <cim:LoadResponseCharacteristic.qConstantImpedance>100</cim:LoadResponseCharacteristic.qConstantImpedance>
  <cim:LoadResponseCharacteristic.qConstantCurrent>0</cim:LoadResponseCharacteristic.qConstantCurrent>
  <cim:LoadResponseCharacteristic.qConstantPower>0</cim:LoadResponseCharacteristic.qConstantPower>
  <cim:LoadResponseCharacteristic.pVoltageExponent>0</cim:LoadResponseCharacteristic.pVoltageExponent>
  <cim:LoadResponseCharacteristic.qVoltageExponent>0</cim:LoadResponseCharacteristic.qVoltageExponent>
  <cim:LoadResponseCharacteristic.pFrequencyExponent>0</cim:LoadResponseCharacteristic.pFrequencyExponent>
  <cim:LoadResponseCharacteristic.qFrequencyExponent>0</cim:LoadResponseCharacteristic.qFrequencyExponent>
</cim:LoadResponseCharacteristic>
<cim:LoadResponseCharacteristic rdf:ID="_B641D463-0345-4713-BC3C-C9DC8A940322">
  <cim:IdentifiedObject.mRID>_B641D463-0345-4713-BC3C-C9DC8A940322</cim:IdentifiedObject.mRID>
  <cim:IdentifiedObject.name>Motor</cim:IdentifiedObject.name>
  <cim:LoadResponseCharacteristic.exponentModel>false</cim:LoadResponseCharacteristic.exponentModel>
  <cim:LoadResponseCharacteristic.pConstantImpedance>0</cim:LoadResponseCharacteristic.pConstantImpedance>
  <cim:LoadResponseCharacteristic.pConstantCurrent>0</cim:LoadResponseCharacteristic.pConstantCurrent>
  <cim:LoadResponseCharacteristic.pConstantPower>100</cim:LoadResponseCharacteristic.pConstantPower>
  <cim:LoadResponseCharacteristic.qConstantImpedance>100</cim:LoadResponseCharacteristic.qConstantImpedance>
  <cim:LoadResponseCharacteristic.qConstantCurrent>0</cim:LoadResponseCharacteristic.qConstantCurrent>
  <cim:LoadResponseCharacteristic.qConstantPower>0</cim:LoadResponseCharacteristic.qConstantPower>
  <cim:LoadResponseCharacteristic.pVoltageExponent>0</cim:LoadResponseCharacteristic.pVoltageExponent>
  <cim:LoadResponseCharacteristic.qVoltageExponent>0</cim:LoadResponseCharacteristic.qVoltageExponent>
  <cim:LoadResponseCharacteristic.pFrequencyExponent>0</cim:LoadResponseCharacteristic.pFrequencyExponent>
  <cim:LoadResponseCharacteristic.qFrequencyExponent>0</cim:LoadResponseCharacteristic.qFrequencyExponent>
</cim:LoadResponseCharacteristic>
<cim:LoadResponseCharacteristic rdf:ID="_512FEE50-8D13-45CA-8440-93050DA8F435">
  <cim:IdentifiedObject.mRID>_512FEE50-8D13-45CA-8440-93050DA8F435</cim:IdentifiedObject.mRID>
  <cim:IdentifiedObject.name>Mix Motor/Res</cim:IdentifiedObject.name>
  <cim:LoadResponseCharacteristic.exponentModel>true</cim:LoadResponseCharacteristic.exponentModel>
  <cim:LoadResponseCharacteristic.pConstantImpedance>0</cim:LoadResponseCharacteristic.pConstantImpedance>
  <cim:LoadResponseCharacteristic.pConstantCurrent>0</cim:LoadResponseCharacteristic.pConstantCurrent>
  <cim:LoadResponseCharacteristic.pConstantPower>0</cim:LoadResponseCharacteristic.pConstantPower>
  <cim:LoadResponseCharacteristic.qConstantImpedance>0</cim:LoadResponseCharacteristic.qConstantImpedance>
  <cim:LoadResponseCharacteristic.qConstantCurrent>0</cim:LoadResponseCharacteristic.qConstantCurrent>
  <cim:LoadResponseCharacteristic.qConstantPower>0</cim:LoadResponseCharacteristic.qConstantPower>
  <cim:LoadResponseCharacteristic.pVoltageExponent>1</cim:LoadResponseCharacteristic.pVoltageExponent>
  <cim:LoadResponseCharacteristic.qVoltageExponent>2</cim:LoadResponseCharacteristic.qVoltageExponent>
  <cim:LoadResponseCharacteristic.pFrequencyExponent>0</cim:LoadResponseCharacteristic.pFrequencyExponent>
  <cim:LoadResponseCharacteristic.qFrequencyExponent>0</cim:LoadResponseCharacteristic.qFrequencyExponent>
</cim:LoadResponseCharacteristic>
<cim:LoadResponseCharacteristic rdf:ID="_E5532CE6-411F-4EF0-8F8E-2B4D68FDB33C">
  <cim:IdentifiedObject.mRID>_E5532CE6-411F-4EF0-8F8E-2B4D68FDB33C</cim:IdentifiedObject.mRID>
  <cim:IdentifiedObject.name>Constant I</cim:IdentifiedObject.name>
  <cim:LoadResponseCharacteristic.exponentModel>false</cim:LoadResponseCharacteristic.exponentModel>
  <cim:LoadResponseCharacteristic.pConstantImpedance>0</cim:LoadResponseCharacteristic.pConstantImpedance>
  <cim:LoadResponseCharacteristic.pConstantCurrent>100</cim:LoadResponseCharacteristic.pConstantCurrent>
  <cim:LoadResponseCharacteristic.pConstantPower>0</cim:LoadResponseCharacteristic.pConstantPower>
  <cim:LoadResponseCharacteristic.qConstantImpedance>0</cim:LoadResponseCharacteristic.qConstantImpedance>
  <cim:LoadResponseCharacteristic.qConstantCurrent>100</cim:LoadResponseCharacteristic.qConstantCurrent>
  <cim:LoadResponseCharacteristic.qConstantPower>0</cim:LoadResponseCharacteristic.qConstantPower>
  <cim:LoadResponseCharacteristic.pVoltageExponent>0</cim:LoadResponseCharacteristic.pVoltageExponent>
  <cim:LoadResponseCharacteristic.qVoltageExponent>0</cim:LoadResponseCharacteristic.qVoltageExponent>
  <cim:LoadResponseCharacteristic.pFrequencyExponent>0</cim:LoadResponseCharacteristic.pFrequencyExponent>
  <cim:LoadResponseCharacteristic.qFrequencyExponent>0</cim:LoadResponseCharacteristic.qFrequencyExponent>
</cim:LoadResponseCharacteristic>
<cim:LoadResponseCharacteristic rdf:ID="_57FE89B2-23C6-4E92-9A6F-0B34B07EA136">
  <cim:IdentifiedObject.mRID>_57FE89B2-23C6-4E92-9A6F-0B34B07EA136</cim:IdentifiedObject.mRID>
  <cim:IdentifiedObject.name>Variable P, Fixed Q</cim:IdentifiedObject.name>
  <cim:LoadResponseCharacteristic.exponentModel>false</cim:LoadResponseCharacteristic.exponentModel>
  <cim:LoadResponseCharacteristic.pConstantImpedance>0</cim:LoadResponseCharacteristic.pConstantImpedance>
  <cim:LoadResponseCharacteristic.pConstantCurrent>0</cim:LoadResponseCharacteristic.pConstantCurrent>
  <cim:LoadResponseCharacteristic.pConstantPower>100</cim:LoadResponseCharacteristic.pConstantPower>
  <cim:LoadResponseCharacteristic.qConstantImpedance>0</cim:LoadResponseCharacteristic.qConstantImpedance>
  <cim:LoadResponseCharacteristic.qConstantCurrent>0</cim:LoadResponseCharacteristic.qConstantCurrent>
  <cim:LoadResponseCharacteristic.qConstantPower>100</cim:LoadResponseCharacteristic.qConstantPower>
  <cim:LoadResponseCharacteristic.pVoltageExponent>0</cim:LoadResponseCharacteristic.pVoltageExponent>
  <cim:LoadResponseCharacteristic.qVoltageExponent>0</cim:LoadResponseCharacteristic.qVoltageExponent>
  <cim:LoadResponseCharacteristic.pFrequencyExponent>0</cim:LoadResponseCharacteristic.pFrequencyExponent>
  <cim:LoadResponseCharacteristic.qFrequencyExponent>0</cim:LoadResponseCharacteristic.qFrequencyExponent>
</cim:LoadResponseCharacteristic>
<cim:LoadResponseCharacteristic rdf:ID="_9FEA71D4-9004-4893-B873-8F7A034F9C7F">
  <cim:IdentifiedObject.mRID>_9FEA71D4-9004-4893-B873-8F7A034F9C7F</cim:IdentifiedObject.mRID>
  <cim:IdentifiedObject.name>Variable P, Fixed X</cim:IdentifiedObject.name>
  <cim:LoadResponseCharacteristic.exponentModel>false</cim:LoadResponseCharacteristic.exponentModel>
  <cim:LoadResponseCharacteristic.pConstantImpedance>0</cim:LoadResponseCharacteristic.pConstantImpedance>
  <cim:LoadResponseCharacteristic.pConstantCurrent>0</cim:LoadResponseCharacteristic.pConstantCurrent>
  <cim:LoadResponseCharacteristic.pConstantPower>100</cim:LoadResponseCharacteristic.pConstantPower>
  <cim:LoadResponseCharacteristic.qConstantImpedance>100</cim:LoadResponseCharacteristic.qConstantImpedance>
  <cim:LoadResponseCharacteristic.qConstantCurrent>0</cim:LoadResponseCharacteristic.qConstantCurrent>
  <cim:LoadResponseCharacteristic.qConstantPower>0</cim:LoadResponseCharacteristic.qConstantPower>
  <cim:LoadResponseCharacteristic.pVoltageExponent>0</cim:LoadResponseCharacteristic.pVoltageExponent>
  <cim:LoadResponseCharacteristic.qVoltageExponent>0</cim:LoadResponseCharacteristic.qVoltageExponent>
  <cim:LoadResponseCharacteristic.pFrequencyExponent>0</cim:LoadResponseCharacteristic.pFrequencyExponent>
  <cim:LoadResponseCharacteristic.qFrequencyExponent>0</cim:LoadResponseCharacteristic.qFrequencyExponent>
</cim:LoadResponseCharacteristic>
<cim:EnergyConsumer rdf:ID="_F1263E92-BBFB-48BC-B06C-A506CED8364F">
  <cim:IdentifiedObject.mRID>_F1263E92-BBFB-48BC-B06C-A506CED8364F</cim:IdentifiedObject.mRID>
  <cim:IdentifiedObject.name>test</cim:IdentifiedObject.name>
  <cim:Equipment.EquipmentContainer rdf:resource="#_7528323E-ABA2-420F-B8B8-DA51E172BB46"/>
  <cim:ConductingEquipment.BaseVoltage rdf:resource="#_BDB5059E-F3EA-4D83-8366-42B0EDD5E5E5"/>
  <cim:EnergyConsumer.LoadResponse rdf:resource="#_18CE2D59-8DE7-4C4B-A86F-22650770C74C"/>
  <cim:EnergyConsumer.p>3.3E8</cim:EnergyConsumer.p>
  <cim:EnergyConsumer.q>2.0451563E8</cim:EnergyConsumer.q>
  <cim:EnergyConsumer.customerCount>1</cim:EnergyConsumer.customerCount>
  <cim:EnergyConsumer.phaseConnection rdf:resource="http://iec.ch/TC57/CIM100#PhaseShuntConnectionKind.Y"/>
  <cim:EnergyConsumer.grounded>true</cim:EnergyConsumer.grounded>
  <cim:PowerSystemResource.Location rdf:resource="#_5EBE0BD2-DA57-4D25-AE34-3A5A0DA8BB11"/>
</cim:EnergyConsumer>
<cim:Terminal rdf:ID="_714FA084-A591-42DA-A131-DCE9B3E86C70">
  <cim:IdentifiedObject.mRID>_714FA084-A591-42DA-A131-DCE9B3E86C70</cim:IdentifiedObject.mRID>
  <cim:IdentifiedObject.name>test_T1</cim:IdentifiedObject.name>
  <cim:Terminal.ConductingEquipment rdf:resource="#_F1263E92-BBFB-48BC-B06C-A506CED8364F"/>
  <cim:ACDCTerminal.sequenceNumber>1</cim:ACDCTerminal.sequenceNumber>
  <cim:Terminal.ConnectivityNode rdf:resource="#_EB2C0EA9-81ED-4C27-AF65-53E5C00B9F23"/>
</cim:Terminal>
<cim:Location rdf:ID="_5EBE0BD2-DA57-4D25-AE34-3A5A0DA8BB11">
  <cim:IdentifiedObject.mRID>_5EBE0BD2-DA57-4D25-AE34-3A5A0DA8BB11</cim:IdentifiedObject.mRID>
  <cim:IdentifiedObject.name>test_Loc</cim:IdentifiedObject.name>
  <cim:Location.CoordinateSystem rdf:resource="#_D1C06DF3-ECAD-426E-8CCE-BA093649C24E"/>
</cim:Location>
<cim:PositionPoint rdf:ID="_66B9CDA4-91C6-4E0E-8619-52D9C4AE8BC3">
  <cim:PositionPoint.Location rdf:resource="#_5EBE0BD2-DA57-4D25-AE34-3A5A0DA8BB11"/>
  <cim:PositionPoint.sequenceNumber>1</cim:PositionPoint.sequenceNumber>
  <cim:PositionPoint.xPosition>0</cim:PositionPoint.xPosition>
  <cim:PositionPoint.yPosition>0</cim:PositionPoint.yPosition>
</cim:PositionPoint>
<cim:OperationalLimitSet rdf:ID="_BC0F05FE-16B9-44BF-8DA7-D556C26F2851">
  <cim:IdentifiedObject.mRID>_BC0F05FE-16B9-44BF-8DA7-D556C26F2851</cim:IdentifiedObject.mRID>
  <cim:IdentifiedObject.name>OpLimI_607.5_828.4</cim:IdentifiedObject.name>
</cim:OperationalLimitSet>
<cim:CurrentLimit rdf:ID="_3F41ABF5-8A5F-40D6-8D5E-D0115D2287D7">
  <cim:IdentifiedObject.mRID>_3F41ABF5-8A5F-40D6-8D5E-D0115D2287D7</cim:IdentifiedObject.mRID>
  <cim:IdentifiedObject.name>OpLimI_607.5_828.4_Norm</cim:IdentifiedObject.name>
  <cim:OperationalLimit.OperationalLimitSet rdf:resource="#_BC0F05FE-16B9-44BF-8DA7-D556C26F2851"/>
  <cim:OperationalLimit.OperationalLimitType rdf:resource="#_1D1550BB-94C6-45B7-BFBE-3AA244C8252E"/>
  <cim:CurrentLimit.value>607.49035</cim:CurrentLimit.value>
</cim:CurrentLimit>
<cim:CurrentLimit rdf:ID="_A37AE418-486F-4239-A422-4C8C18C75663">
  <cim:IdentifiedObject.mRID>_A37AE418-486F-4239-A422-4C8C18C75663</cim:IdentifiedObject.mRID>
  <cim:IdentifiedObject.name>OpLimI_607.5_828.4_Emerg</cim:IdentifiedObject.name>
  <cim:OperationalLimit.OperationalLimitSet rdf:resource="#_BC0F05FE-16B9-44BF-8DA7-D556C26F2851"/>
  <cim:OperationalLimit.OperationalLimitType rdf:resource="#_9557110C-79C0-4296-88BC-BBF96CDED523"/>
  <cim:CurrentLimit.value>828.39593</cim:CurrentLimit.value>
</cim:CurrentLimit>
<cim:OperationalLimitSet rdf:ID="_B5ABEF24-7192-48C1-8C72-F080D08420EF">
  <cim:IdentifiedObject.mRID>_B5ABEF24-7192-48C1-8C72-F080D08420EF</cim:IdentifiedObject.mRID>
  <cim:IdentifiedObject.name>OpLimI_400.0_600.0</cim:IdentifiedObject.name>
</cim:OperationalLimitSet>
<cim:CurrentLimit rdf:ID="_125185AA-F1B2-4226-9DE5-764C7D00956E">
  <cim:IdentifiedObject.mRID>_125185AA-F1B2-4226-9DE5-764C7D00956E</cim:IdentifiedObject.mRID>
  <cim:IdentifiedObject.name>OpLimI_400.0_600.0_Norm</cim:IdentifiedObject.name>
  <cim:OperationalLimit.OperationalLimitSet rdf:resource="#_B5ABEF24-7192-48C1-8C72-F080D08420EF"/>
  <cim:OperationalLimit.OperationalLimitType rdf:resource="#_1D1550BB-94C6-45B7-BFBE-3AA244C8252E"/>
  <cim:CurrentLimit.value>400</cim:CurrentLimit.value>
</cim:CurrentLimit>
<cim:CurrentLimit rdf:ID="_B6966917-790D-466A-8161-375CE6BAFFDE">
  <cim:IdentifiedObject.mRID>_B6966917-790D-466A-8161-375CE6BAFFDE</cim:IdentifiedObject.mRID>
  <cim:IdentifiedObject.name>OpLimI_400.0_600.0_Emerg</cim:IdentifiedObject.name>
  <cim:OperationalLimit.OperationalLimitSet rdf:resource="#_B5ABEF24-7192-48C1-8C72-F080D08420EF"/>
  <cim:OperationalLimit.OperationalLimitType rdf:resource="#_9557110C-79C0-4296-88BC-BBF96CDED523"/>
  <cim:CurrentLimit.value>600</cim:CurrentLimit.value>
</cim:CurrentLimit>
</rdf:RDF>
