<?xml version="1.0" encoding="utf-8"?>
<!-- un-comment this line to enable validation
-->
<rdf:RDF xmlns:cim="http://iec.ch/TC57/CIM100#" xmlns:rdf="http://www.w3.org/1999/02/22-rdf-syntax-ns#">
<!--
-->
<cim:IEC61970CIMVersion rdf:about="urn:uuid:561A5402-FF66-433F-9746-15B3B1F6D486">
  <cim:IEC61970CIMVersion.version>IEC61970CIM100</cim:IEC61970CIMVersion.version>
  <cim:IEC61970CIMVersion.date>2019-04-01</cim:IEC61970CIMVersion.date>
</cim:IEC61970CIMVersion>
<cim:CoordinateSystem rdf:about="urn:uuid:8DC56913-991B-4613-9C63-B434FF886911">
  <cim:IdentifiedObject.mRID>8DC56913-991B-4613-9C63-B434FF886911</cim:IdentifiedObject.mRID>
  <cim:IdentifiedObject.name>auto_CrsUrn</cim:IdentifiedObject.name>
  <cim:CoordinateSystem.crsUrn>OpenDSSLocalBusCoordinates</cim:CoordinateSystem.crsUrn>
</cim:CoordinateSystem>
<cim:GeographicalRegion rdf:about="urn:uuid:C0BBD832-1086-4B30-AAF3-34167AE7FB32">
  <cim:IdentifiedObject.mRID>C0BBD832-1086-4B30-AAF3-34167AE7FB32</cim:IdentifiedObject.mRID>
  <cim:IdentifiedObject.name>geo1</cim:IdentifiedObject.name>
</cim:GeographicalRegion>
<cim:SubGeographicalRegion rdf:about="urn:uuid:044A6E2E-7518-4C05-83EA-7B641CB164BA">
  <cim:IdentifiedObject.mRID>044A6E2E-7518-4C05-83EA-7B641CB164BA</cim:IdentifiedObject.mRID>
  <cim:IdentifiedObject.name>subgeo1</cim:IdentifiedObject.name>
  <cim:SubGeographicalRegion.Region rdf:resource="urn:uuid:C0BBD832-1086-4B30-AAF3-34167AE7FB32"/>
</cim:SubGeographicalRegion>
<cim:Substation rdf:about="urn:uuid:4ED095A3-C5A9-42C0-97DE-2D05F48464CC">
  <cim:IdentifiedObject.mRID>4ED095A3-C5A9-42C0-97DE-2D05F48464CC</cim:IdentifiedObject.mRID>
  <cim:IdentifiedObject.name>sub1</cim:IdentifiedObject.name>
  <cim:Substation.Region rdf:resource="urn:uuid:044A6E2E-7518-4C05-83EA-7B641CB164BA"/>
</cim:Substation>
<cim:Location rdf:about="urn:uuid:28BC5DD0-85AA-4329-BDC1-E99558E1C5AC">
  <cim:IdentifiedObject.mRID>28BC5DD0-85AA-4329-BDC1-E99558E1C5AC</cim:IdentifiedObject.mRID>
  <cim:IdentifiedObject.name>auto_Location</cim:IdentifiedObject.name>
  <cim:Location.CoordinateSystem rdf:resource="urn:uuid:8DC56913-991B-4613-9C63-B434FF886911"/>
</cim:Location>
<cim:Feeder rdf:about="urn:uuid:7528323E-ABA2-420F-B8B8-DA51E172BB46">
  <cim:IdentifiedObject.mRID>7528323E-ABA2-420F-B8B8-DA51E172BB46</cim:IdentifiedObject.mRID>
  <cim:IdentifiedObject.name>auto</cim:IdentifiedObject.name>
  <cim:Feeder.NormalEnergizingSubstation rdf:resource="urn:uuid:4ED095A3-C5A9-42C0-97DE-2D05F48464CC"/>
  <cim:PowerSystemResource.Location rdf:resource="urn:uuid:28BC5DD0-85AA-4329-BDC1-E99558E1C5AC"/>
</cim:Feeder>
<cim:OperationalLimitType rdf:about="urn:uuid:2E35BD22-A7FD-4ECE-80DF-2D3ACED5B962">
  <cim:IdentifiedObject.mRID>2E35BD22-A7FD-4ECE-80DF-2D3ACED5B962</cim:IdentifiedObject.mRID>
  <cim:IdentifiedObject.name>auto_NormAmpsType</cim:IdentifiedObject.name>
  <cim:OperationalLimitType.acceptableDuration>5E9</cim:OperationalLimitType.acceptableDuration>
  <cim:OperationalLimitType.direction rdf:resource="http://iec.ch/TC57/CIM100#OperationalLimitDirectionKind.absoluteValue"/>
</cim:OperationalLimitType>
<cim:OperationalLimitType rdf:about="urn:uuid:5225E3A1-C342-4B1F-A238-D4402C96EBEF">
  <cim:IdentifiedObject.mRID>5225E3A1-C342-4B1F-A238-D4402C96EBEF</cim:IdentifiedObject.mRID>
  <cim:IdentifiedObject.name>auto_EmergencyAmpsType</cim:IdentifiedObject.name>
  <cim:OperationalLimitType.acceptableDuration>7200</cim:OperationalLimitType.acceptableDuration>
  <cim:OperationalLimitType.direction rdf:resource="http://iec.ch/TC57/CIM100#OperationalLimitDirectionKind.absoluteValue"/>
</cim:OperationalLimitType>
<cim:OperationalLimitType rdf:about="urn:uuid:2E4EFEB6-CAAB-4C39-92F7-A22120762FDA">
  <cim:IdentifiedObject.mRID>2E4EFEB6-CAAB-4C39-92F7-A22120762FDA</cim:IdentifiedObject.mRID>
  <cim:IdentifiedObject.name>auto_RangeAHiType</cim:IdentifiedObject.name>
  <cim:OperationalLimitType.acceptableDuration>5E9</cim:OperationalLimitType.acceptableDuration>
  <cim:OperationalLimitType.direction rdf:resource="http://iec.ch/TC57/CIM100#OperationalLimitDirectionKind.high"/>
</cim:OperationalLimitType>
<cim:OperationalLimitType rdf:about="urn:uuid:03B63866-CC1A-41E4-A378-E26B7DB07F37">
  <cim:IdentifiedObject.mRID>03B63866-CC1A-41E4-A378-E26B7DB07F37</cim:IdentifiedObject.mRID>
  <cim:IdentifiedObject.name>auto_RangeALoType</cim:IdentifiedObject.name>
  <cim:OperationalLimitType.acceptableDuration>5E9</cim:OperationalLimitType.acceptableDuration>
  <cim:OperationalLimitType.direction rdf:resource="http://iec.ch/TC57/CIM100#OperationalLimitDirectionKind.low"/>
</cim:OperationalLimitType>
<cim:OperationalLimitType rdf:about="urn:uuid:D6ECD634-14D0-441F-8CE1-55EBD3422079">
  <cim:IdentifiedObject.mRID>D6ECD634-14D0-441F-8CE1-55EBD3422079</cim:IdentifiedObject.mRID>
  <cim:IdentifiedObject.name>auto_RangeBHiType</cim:IdentifiedObject.name>
  <cim:OperationalLimitType.acceptableDuration>86400</cim:OperationalLimitType.acceptableDuration>
  <cim:OperationalLimitType.direction rdf:resource="http://iec.ch/TC57/CIM100#OperationalLimitDirectionKind.high"/>
</cim:OperationalLimitType>
<cim:OperationalLimitType rdf:about="urn:uuid:7686B2F6-2F3E-4D63-B4AF-B722D1B01F76">
  <cim:IdentifiedObject.mRID>7686B2F6-2F3E-4D63-B4AF-B722D1B01F76</cim:IdentifiedObject.mRID>
  <cim:IdentifiedObject.name>auto_RangeBLoType</cim:IdentifiedObject.name>
  <cim:OperationalLimitType.acceptableDuration>86400</cim:OperationalLimitType.acceptableDuration>
  <cim:OperationalLimitType.direction rdf:resource="http://iec.ch/TC57/CIM100#OperationalLimitDirectionKind.low"/>
</cim:OperationalLimitType>
<cim:BaseVoltage rdf:about="urn:uuid:E6AFC9FE-DAB1-403F-8CED-16BAE19E06A0">
  <cim:IdentifiedObject.mRID>E6AFC9FE-DAB1-403F-8CED-16BAE19E06A0</cim:IdentifiedObject.mRID>
  <cim:IdentifiedObject.name>BaseV_345.0000</cim:IdentifiedObject.name>
  <cim:BaseVoltage.nominalVoltage>345000</cim:BaseVoltage.nominalVoltage>
</cim:BaseVoltage>
<cim:OperationalLimitSet rdf:about="urn:uuid:83E7AE2D-6971-47FE-8456-D6AD657855C9">
  <cim:IdentifiedObject.mRID>83E7AE2D-6971-47FE-8456-D6AD657855C9</cim:IdentifiedObject.mRID>
  <cim:IdentifiedObject.name>OpLimV_345.0000</cim:IdentifiedObject.name>
</cim:OperationalLimitSet>
<cim:VoltageLimit rdf:about="urn:uuid:96508DB0-DBD1-4A70-B497-B998FCBDF021">
  <cim:IdentifiedObject.mRID>96508DB0-DBD1-4A70-B497-B998FCBDF021</cim:IdentifiedObject.mRID>
  <cim:IdentifiedObject.name>OpLimV_345.0000_RangeAHi</cim:IdentifiedObject.name>
  <cim:OperationalLimit.OperationalLimitSet rdf:resource="urn:uuid:83E7AE2D-6971-47FE-8456-D6AD657855C9"/>
  <cim:OperationalLimit.OperationalLimitType rdf:resource="urn:uuid:2E4EFEB6-CAAB-4C39-92F7-A22120762FDA"/>
  <cim:VoltageLimit.value>362250</cim:VoltageLimit.value>
</cim:VoltageLimit>
<cim:VoltageLimit rdf:about="urn:uuid:3D291374-95E2-469A-B5F1-CE3F17A82131">
  <cim:IdentifiedObject.mRID>3D291374-95E2-469A-B5F1-CE3F17A82131</cim:IdentifiedObject.mRID>
  <cim:IdentifiedObject.name>OpLimV_345.0000_RangeALo</cim:IdentifiedObject.name>
  <cim:OperationalLimit.OperationalLimitSet rdf:resource="urn:uuid:83E7AE2D-6971-47FE-8456-D6AD657855C9"/>
  <cim:OperationalLimit.OperationalLimitType rdf:resource="urn:uuid:03B63866-CC1A-41E4-A378-E26B7DB07F37"/>
  <cim:VoltageLimit.value>327750</cim:VoltageLimit.value>
</cim:VoltageLimit>
<cim:VoltageLimit rdf:about="urn:uuid:63ADF519-E149-4D78-AC68-931930A9AB5A">
  <cim:IdentifiedObject.mRID>63ADF519-E149-4D78-AC68-931930A9AB5A</cim:IdentifiedObject.mRID>
  <cim:IdentifiedObject.name>OpLimV_345.0000_RangeBHi</cim:IdentifiedObject.name>
  <cim:OperationalLimit.OperationalLimitSet rdf:resource="urn:uuid:83E7AE2D-6971-47FE-8456-D6AD657855C9"/>
  <cim:OperationalLimit.OperationalLimitType rdf:resource="urn:uuid:D6ECD634-14D0-441F-8CE1-55EBD3422079"/>
  <cim:VoltageLimit.value>365124.99</cim:VoltageLimit.value>
</cim:VoltageLimit>
<cim:VoltageLimit rdf:about="urn:uuid:82218075-673E-4094-BD0F-29514AB65589">
  <cim:IdentifiedObject.mRID>82218075-673E-4094-BD0F-29514AB65589</cim:IdentifiedObject.mRID>
  <cim:IdentifiedObject.name>OpLimV_345.0000_RangeBLo</cim:IdentifiedObject.name>
  <cim:OperationalLimit.OperationalLimitSet rdf:resource="urn:uuid:83E7AE2D-6971-47FE-8456-D6AD657855C9"/>
  <cim:OperationalLimit.OperationalLimitType rdf:resource="urn:uuid:7686B2F6-2F3E-4D63-B4AF-B722D1B01F76"/>
  <cim:VoltageLimit.value>316250.01</cim:VoltageLimit.value>
</cim:VoltageLimit>
<cim:BaseVoltage rdf:about="urn:uuid:A36575F3-1D25-42FE-AB7A-9960FFC9D71A">
  <cim:IdentifiedObject.mRID>A36575F3-1D25-42FE-AB7A-9960FFC9D71A</cim:IdentifiedObject.mRID>
  <cim:IdentifiedObject.name>BaseV_161.0000</cim:IdentifiedObject.name>
  <cim:BaseVoltage.nominalVoltage>161000</cim:BaseVoltage.nominalVoltage>
</cim:BaseVoltage>
<cim:OperationalLimitSet rdf:about="urn:uuid:987A4A4B-3315-4B50-9124-9E0412AC81F6">
  <cim:IdentifiedObject.mRID>987A4A4B-3315-4B50-9124-9E0412AC81F6</cim:IdentifiedObject.mRID>
  <cim:IdentifiedObject.name>OpLimV_161.0000</cim:IdentifiedObject.name>
</cim:OperationalLimitSet>
<cim:VoltageLimit rdf:about="urn:uuid:4ECC58BF-99E6-4327-BDF1-E294D13A9047">
  <cim:IdentifiedObject.mRID>4ECC58BF-99E6-4327-BDF1-E294D13A9047</cim:IdentifiedObject.mRID>
  <cim:IdentifiedObject.name>OpLimV_161.0000_RangeAHi</cim:IdentifiedObject.name>
  <cim:OperationalLimit.OperationalLimitSet rdf:resource="urn:uuid:987A4A4B-3315-4B50-9124-9E0412AC81F6"/>
  <cim:OperationalLimit.OperationalLimitType rdf:resource="urn:uuid:2E4EFEB6-CAAB-4C39-92F7-A22120762FDA"/>
  <cim:VoltageLimit.value>169050</cim:VoltageLimit.value>
</cim:VoltageLimit>
<cim:VoltageLimit rdf:about="urn:uuid:F7A715D1-70E3-4012-9C85-F0D774F5D687">
  <cim:IdentifiedObject.mRID>F7A715D1-70E3-4012-9C85-F0D774F5D687</cim:IdentifiedObject.mRID>
  <cim:IdentifiedObject.name>OpLimV_161.0000_RangeALo</cim:IdentifiedObject.name>
  <cim:OperationalLimit.OperationalLimitSet rdf:resource="urn:uuid:987A4A4B-3315-4B50-9124-9E0412AC81F6"/>
  <cim:OperationalLimit.OperationalLimitType rdf:resource="urn:uuid:03B63866-CC1A-41E4-A378-E26B7DB07F37"/>
  <cim:VoltageLimit.value>152950</cim:VoltageLimit.value>
</cim:VoltageLimit>
<cim:VoltageLimit rdf:about="urn:uuid:BCEFEAF5-0428-4ED4-8414-EFD630CE80DA">
  <cim:IdentifiedObject.mRID>BCEFEAF5-0428-4ED4-8414-EFD630CE80DA</cim:IdentifiedObject.mRID>
  <cim:IdentifiedObject.name>OpLimV_161.0000_RangeBHi</cim:IdentifiedObject.name>
  <cim:OperationalLimit.OperationalLimitSet rdf:resource="urn:uuid:987A4A4B-3315-4B50-9124-9E0412AC81F6"/>
  <cim:OperationalLimit.OperationalLimitType rdf:resource="urn:uuid:D6ECD634-14D0-441F-8CE1-55EBD3422079"/>
  <cim:VoltageLimit.value>170391.66</cim:VoltageLimit.value>
</cim:VoltageLimit>
<cim:VoltageLimit rdf:about="urn:uuid:FEEB78B7-B591-471C-B99C-474E1829475D">
  <cim:IdentifiedObject.mRID>FEEB78B7-B591-471C-B99C-474E1829475D</cim:IdentifiedObject.mRID>
  <cim:IdentifiedObject.name>OpLimV_161.0000_RangeBLo</cim:IdentifiedObject.name>
  <cim:OperationalLimit.OperationalLimitSet rdf:resource="urn:uuid:987A4A4B-3315-4B50-9124-9E0412AC81F6"/>
  <cim:OperationalLimit.OperationalLimitType rdf:resource="urn:uuid:7686B2F6-2F3E-4D63-B4AF-B722D1B01F76"/>
  <cim:VoltageLimit.value>147583.34</cim:VoltageLimit.value>
</cim:VoltageLimit>
<cim:BaseVoltage rdf:about="urn:uuid:F9F56686-21C1-4EBB-93F8-F5AF199F1024">
  <cim:IdentifiedObject.mRID>F9F56686-21C1-4EBB-93F8-F5AF199F1024</cim:IdentifiedObject.mRID>
  <cim:IdentifiedObject.name>BaseV_13.8000</cim:IdentifiedObject.name>
  <cim:BaseVoltage.nominalVoltage>13800</cim:BaseVoltage.nominalVoltage>
</cim:BaseVoltage>
<cim:OperationalLimitSet rdf:about="urn:uuid:4A99D005-4F13-4AAA-A578-B9BEF539FC7D">
  <cim:IdentifiedObject.mRID>4A99D005-4F13-4AAA-A578-B9BEF539FC7D</cim:IdentifiedObject.mRID>
  <cim:IdentifiedObject.name>OpLimV_13.8000</cim:IdentifiedObject.name>
</cim:OperationalLimitSet>
<cim:VoltageLimit rdf:about="urn:uuid:24DFE77F-E7FB-4EBB-9259-C0CE29EF0C33">
  <cim:IdentifiedObject.mRID>24DFE77F-E7FB-4EBB-9259-C0CE29EF0C33</cim:IdentifiedObject.mRID>
  <cim:IdentifiedObject.name>OpLimV_13.8000_RangeAHi</cim:IdentifiedObject.name>
  <cim:OperationalLimit.OperationalLimitSet rdf:resource="urn:uuid:4A99D005-4F13-4AAA-A578-B9BEF539FC7D"/>
  <cim:OperationalLimit.OperationalLimitType rdf:resource="urn:uuid:2E4EFEB6-CAAB-4C39-92F7-A22120762FDA"/>
  <cim:VoltageLimit.value>14490</cim:VoltageLimit.value>
</cim:VoltageLimit>
<cim:VoltageLimit rdf:about="urn:uuid:6260154B-2392-4085-B75F-8D64DF7B336F">
  <cim:IdentifiedObject.mRID>6260154B-2392-4085-B75F-8D64DF7B336F</cim:IdentifiedObject.mRID>
  <cim:IdentifiedObject.name>OpLimV_13.8000_RangeALo</cim:IdentifiedObject.name>
  <cim:OperationalLimit.OperationalLimitSet rdf:resource="urn:uuid:4A99D005-4F13-4AAA-A578-B9BEF539FC7D"/>
  <cim:OperationalLimit.OperationalLimitType rdf:resource="urn:uuid:03B63866-CC1A-41E4-A378-E26B7DB07F37"/>
  <cim:VoltageLimit.value>13110</cim:VoltageLimit.value>
</cim:VoltageLimit>
<cim:VoltageLimit rdf:about="urn:uuid:CAA39F87-8C6B-4C76-83B9-39B4A9FB4E71">
  <cim:IdentifiedObject.mRID>CAA39F87-8C6B-4C76-83B9-39B4A9FB4E71</cim:IdentifiedObject.mRID>
  <cim:IdentifiedObject.name>OpLimV_13.8000_RangeBHi</cim:IdentifiedObject.name>
  <cim:OperationalLimit.OperationalLimitSet rdf:resource="urn:uuid:4A99D005-4F13-4AAA-A578-B9BEF539FC7D"/>
  <cim:OperationalLimit.OperationalLimitType rdf:resource="urn:uuid:D6ECD634-14D0-441F-8CE1-55EBD3422079"/>
  <cim:VoltageLimit.value>14605</cim:VoltageLimit.value>
</cim:VoltageLimit>
<cim:VoltageLimit rdf:about="urn:uuid:07DE6CE2-C888-4E3D-9F04-99D5622232F9">
  <cim:IdentifiedObject.mRID>07DE6CE2-C888-4E3D-9F04-99D5622232F9</cim:IdentifiedObject.mRID>
  <cim:IdentifiedObject.name>OpLimV_13.8000_RangeBLo</cim:IdentifiedObject.name>
  <cim:OperationalLimit.OperationalLimitSet rdf:resource="urn:uuid:4A99D005-4F13-4AAA-A578-B9BEF539FC7D"/>
  <cim:OperationalLimit.OperationalLimitType rdf:resource="urn:uuid:7686B2F6-2F3E-4D63-B4AF-B722D1B01F76"/>
  <cim:VoltageLimit.value>12650</cim:VoltageLimit.value>
</cim:VoltageLimit>
<cim:TopologicalNode rdf:about="urn:uuid:3D6A5806-739E-4DE0-A3F5-6888D141022C">
  <cim:IdentifiedObject.mRID>3D6A5806-739E-4DE0-A3F5-6888D141022C</cim:IdentifiedObject.mRID>
  <cim:IdentifiedObject.name>sourcebus</cim:IdentifiedObject.name>
  <cim:TopologicalNode.TopologicalIsland rdf:resource="urn:uuid:92CABB78-6022-4B91-A6C3-7C7DFDEC7EBD"/>
</cim:TopologicalNode>
<cim:ConnectivityNode rdf:about="urn:uuid:22E51763-D202-4485-8FBF-65B835679DFE">
  <cim:IdentifiedObject.mRID>22E51763-D202-4485-8FBF-65B835679DFE</cim:IdentifiedObject.mRID>
  <cim:IdentifiedObject.name>sourcebus</cim:IdentifiedObject.name>
  <cim:ConnectivityNode.TopologicalNode rdf:resource="urn:uuid:3D6A5806-739E-4DE0-A3F5-6888D141022C"/>
  <cim:ConnectivityNode.OperationalLimitSet rdf:resource="urn:uuid:83E7AE2D-6971-47FE-8456-D6AD657855C9"/>
  <cim:ConnectivityNode.ConnectivityNodeContainer rdf:resource="urn:uuid:7528323E-ABA2-420F-B8B8-DA51E172BB46"/>
</cim:ConnectivityNode>
<cim:TopologicalNode rdf:about="urn:uuid:FB53349B-5D4A-49EF-9463-43EC8967D4AE">
  <cim:IdentifiedObject.mRID>FB53349B-5D4A-49EF-9463-43EC8967D4AE</cim:IdentifiedObject.mRID>
  <cim:IdentifiedObject.name>high</cim:IdentifiedObject.name>
  <cim:TopologicalNode.TopologicalIsland rdf:resource="urn:uuid:92CABB78-6022-4B91-A6C3-7C7DFDEC7EBD"/>
</cim:TopologicalNode>
<cim:ConnectivityNode rdf:about="urn:uuid:E24E4C63-FE50-420E-A148-FF5735EA2C14">
  <cim:IdentifiedObject.mRID>E24E4C63-FE50-420E-A148-FF5735EA2C14</cim:IdentifiedObject.mRID>
  <cim:IdentifiedObject.name>high</cim:IdentifiedObject.name>
  <cim:ConnectivityNode.TopologicalNode rdf:resource="urn:uuid:FB53349B-5D4A-49EF-9463-43EC8967D4AE"/>
  <cim:ConnectivityNode.OperationalLimitSet rdf:resource="urn:uuid:83E7AE2D-6971-47FE-8456-D6AD657855C9"/>
  <cim:ConnectivityNode.ConnectivityNodeContainer rdf:resource="urn:uuid:7528323E-ABA2-420F-B8B8-DA51E172BB46"/>
</cim:ConnectivityNode>
<cim:TopologicalNode rdf:about="urn:uuid:66023941-352A-41A3-8A31-101FF4E7C773">
  <cim:IdentifiedObject.mRID>66023941-352A-41A3-8A31-101FF4E7C773</cim:IdentifiedObject.mRID>
  <cim:IdentifiedObject.name>low</cim:IdentifiedObject.name>
  <cim:TopologicalNode.TopologicalIsland rdf:resource="urn:uuid:92CABB78-6022-4B91-A6C3-7C7DFDEC7EBD"/>
</cim:TopologicalNode>
<cim:ConnectivityNode rdf:about="urn:uuid:F0AC30C0-9404-4D39-8654-4B93DED4E3FA">
  <cim:IdentifiedObject.mRID>F0AC30C0-9404-4D39-8654-4B93DED4E3FA</cim:IdentifiedObject.mRID>
  <cim:IdentifiedObject.name>low</cim:IdentifiedObject.name>
  <cim:ConnectivityNode.TopologicalNode rdf:resource="urn:uuid:66023941-352A-41A3-8A31-101FF4E7C773"/>
  <cim:ConnectivityNode.OperationalLimitSet rdf:resource="urn:uuid:987A4A4B-3315-4B50-9124-9E0412AC81F6"/>
  <cim:ConnectivityNode.ConnectivityNodeContainer rdf:resource="urn:uuid:7528323E-ABA2-420F-B8B8-DA51E172BB46"/>
</cim:ConnectivityNode>
<cim:TopologicalNode rdf:about="urn:uuid:528D50AC-EB32-41D7-BA53-42F4E5A99C44">
  <cim:IdentifiedObject.mRID>528D50AC-EB32-41D7-BA53-42F4E5A99C44</cim:IdentifiedObject.mRID>
  <cim:IdentifiedObject.name>tert</cim:IdentifiedObject.name>
  <cim:TopologicalNode.TopologicalIsland rdf:resource="urn:uuid:92CABB78-6022-4B91-A6C3-7C7DFDEC7EBD"/>
</cim:TopologicalNode>
<cim:ConnectivityNode rdf:about="urn:uuid:F24CE509-0AEE-49B8-85A3-AE05A20CB625">
  <cim:IdentifiedObject.mRID>F24CE509-0AEE-49B8-85A3-AE05A20CB625</cim:IdentifiedObject.mRID>
  <cim:IdentifiedObject.name>tert</cim:IdentifiedObject.name>
  <cim:ConnectivityNode.TopologicalNode rdf:resource="urn:uuid:528D50AC-EB32-41D7-BA53-42F4E5A99C44"/>
  <cim:ConnectivityNode.OperationalLimitSet rdf:resource="urn:uuid:4A99D005-4F13-4AAA-A578-B9BEF539FC7D"/>
  <cim:ConnectivityNode.ConnectivityNodeContainer rdf:resource="urn:uuid:7528323E-ABA2-420F-B8B8-DA51E172BB46"/>
</cim:ConnectivityNode>
<cim:TopologicalIsland rdf:about="urn:uuid:92CABB78-6022-4B91-A6C3-7C7DFDEC7EBD">
  <cim:IdentifiedObject.mRID>92CABB78-6022-4B91-A6C3-7C7DFDEC7EBD</cim:IdentifiedObject.mRID>
  <cim:IdentifiedObject.name>auto_Island</cim:IdentifiedObject.name>
  <cim:TopologicalIsland.AngleRefTopologicalNode rdf:resource="urn:uuid:3D6A5806-739E-4DE0-A3F5-6888D141022C"/>
</cim:TopologicalIsland>
<cim:EnergySource rdf:about="urn:uuid:EBB5E0A0-2DD1-41C4-A71F-2AE326D968A2">
  <cim:IdentifiedObject.mRID>EBB5E0A0-2DD1-41C4-A71F-2AE326D968A2</cim:IdentifiedObject.mRID>
  <cim:IdentifiedObject.name>source</cim:IdentifiedObject.name>
  <cim:Equipment.EquipmentContainer rdf:resource="urn:uuid:7528323E-ABA2-420F-B8B8-DA51E172BB46"/>
  <cim:ConductingEquipment.BaseVoltage rdf:resource="urn:uuid:E6AFC9FE-DAB1-403F-8CED-16BAE19E06A0"/>
  <cim:EnergySource.nominalVoltage>345000</cim:EnergySource.nominalVoltage>
  <cim:EnergySource.voltageMagnitude>345000</cim:EnergySource.voltageMagnitude>
  <cim:EnergySource.voltageAngle>0</cim:EnergySource.voltageAngle>
  <cim:EnergySource.r>0.014433901</cim:EnergySource.r>
  <cim:EnergySource.x>0.057735606</cim:EnergySource.x>
  <cim:EnergySource.r0>0.018856521</cim:EnergySource.r0>
  <cim:EnergySource.x0>0.056569563</cim:EnergySource.x0>
  <cim:PowerSystemResource.Location rdf:resource="urn:uuid:4FED7367-A535-4C42-AB4B-CD60220DF16A"/>
</cim:EnergySource>
<cim:Terminal rdf:about="urn:uuid:12F00C96-1841-436F-ABDD-47908C9DFA2E">
  <cim:IdentifiedObject.mRID>12F00C96-1841-436F-ABDD-47908C9DFA2E</cim:IdentifiedObject.mRID>
  <cim:IdentifiedObject.name>source_T1</cim:IdentifiedObject.name>
  <cim:Terminal.ConductingEquipment rdf:resource="urn:uuid:EBB5E0A0-2DD1-41C4-A71F-2AE326D968A2"/>
  <cim:ACDCTerminal.sequenceNumber>1</cim:ACDCTerminal.sequenceNumber>
  <cim:Terminal.ConnectivityNode rdf:resource="urn:uuid:22E51763-D202-4485-8FBF-65B835679DFE"/>
</cim:Terminal>
<cim:Location rdf:about="urn:uuid:4FED7367-A535-4C42-AB4B-CD60220DF16A">
  <cim:IdentifiedObject.mRID>4FED7367-A535-4C42-AB4B-CD60220DF16A</cim:IdentifiedObject.mRID>
  <cim:IdentifiedObject.name>source_Loc</cim:IdentifiedObject.name>
  <cim:Location.CoordinateSystem rdf:resource="urn:uuid:8DC56913-991B-4613-9C63-B434FF886911"/>
</cim:Location>
<cim:PositionPoint rdf:about="urn:uuid:853DBB95-4C29-49F2-8586-89D32B259398">
  <cim:PositionPoint.Location rdf:resource="urn:uuid:4FED7367-A535-4C42-AB4B-CD60220DF16A"/>
  <cim:PositionPoint.sequenceNumber>1</cim:PositionPoint.sequenceNumber>
  <cim:PositionPoint.xPosition>0</cim:PositionPoint.xPosition>
  <cim:PositionPoint.yPosition>0</cim:PositionPoint.yPosition>
</cim:PositionPoint>
<cim:TransformerTankInfo rdf:about="urn:uuid:CCB6AB07-007E-4A2A-9E44-71182A50F421">
  <cim:IdentifiedObject.mRID>CCB6AB07-007E-4A2A-9E44-71182A50F421</cim:IdentifiedObject.mRID>
  <cim:IdentifiedObject.name>auto</cim:IdentifiedObject.name>
</cim:TransformerTankInfo>
<cim:TransformerEndInfo rdf:about="urn:uuid:08EC1375-84AF-41B1-95D8-AAF727C79861">
  <cim:IdentifiedObject.mRID>08EC1375-84AF-41B1-95D8-AAF727C79861</cim:IdentifiedObject.mRID>
  <cim:IdentifiedObject.name>auto_1</cim:IdentifiedObject.name>
  <cim:TransformerEndInfo.TransformerTankInfo rdf:resource="urn:uuid:CCB6AB07-007E-4A2A-9E44-71182A50F421"/>
  <cim:TransformerEndInfo.endNumber>1</cim:TransformerEndInfo.endNumber>
  <cim:TransformerEndInfo.connectionKind rdf:resource="http://iec.ch/TC57/CIM100#WindingConnection.I"/>
  <cim:TransformerEndInfo.phaseAngleClock>0</cim:TransformerEndInfo.phaseAngleClock>
  <cim:TransformerEndInfo.ratedU>106230</cim:TransformerEndInfo.ratedU>
  <cim:TransformerEndInfo.ratedS>58667000</cim:TransformerEndInfo.ratedS>
  <cim:TransformerEndInfo.shortTermS>64533700</cim:TransformerEndInfo.shortTermS>
  <cim:TransformerEndInfo.emergencyS>88000500</cim:TransformerEndInfo.emergencyS>
  <cim:TransformerEndInfo.r>0.17792715</cim:TransformerEndInfo.r>
  <cim:TransformerEndInfo.insulationU>0</cim:TransformerEndInfo.insulationU>
</cim:TransformerEndInfo>
<cim:TransformerEndInfo rdf:about="urn:uuid:94E97462-69FE-4BBD-B6A1-10831599E7C1">
  <cim:IdentifiedObject.mRID>94E97462-69FE-4BBD-B6A1-10831599E7C1</cim:IdentifiedObject.mRID>
  <cim:IdentifiedObject.name>auto_2</cim:IdentifiedObject.name>
  <cim:TransformerEndInfo.TransformerTankInfo rdf:resource="urn:uuid:CCB6AB07-007E-4A2A-9E44-71182A50F421"/>
  <cim:TransformerEndInfo.endNumber>2</cim:TransformerEndInfo.endNumber>
  <cim:TransformerEndInfo.connectionKind rdf:resource="http://iec.ch/TC57/CIM100#WindingConnection.I"/>
  <cim:TransformerEndInfo.phaseAngleClock>0</cim:TransformerEndInfo.phaseAngleClock>
  <cim:TransformerEndInfo.ratedU>92950</cim:TransformerEndInfo.ratedU>
  <cim:TransformerEndInfo.ratedS>58667000</cim:TransformerEndInfo.ratedS>
  <cim:TransformerEndInfo.shortTermS>64533700</cim:TransformerEndInfo.shortTermS>
  <cim:TransformerEndInfo.emergencyS>88000500</cim:TransformerEndInfo.emergencyS>
  <cim:TransformerEndInfo.r>0.15345203</cim:TransformerEndInfo.r>
  <cim:TransformerEndInfo.insulationU>0</cim:TransformerEndInfo.insulationU>
</cim:TransformerEndInfo>
<cim:TransformerEndInfo rdf:about="urn:uuid:6074AAD8-6134-4350-AEAF-B5B2F4B35BF4">
  <cim:IdentifiedObject.mRID>6074AAD8-6134-4350-AEAF-B5B2F4B35BF4</cim:IdentifiedObject.mRID>
  <cim:IdentifiedObject.name>auto_3</cim:IdentifiedObject.name>
  <cim:TransformerEndInfo.TransformerTankInfo rdf:resource="urn:uuid:CCB6AB07-007E-4A2A-9E44-71182A50F421"/>
  <cim:TransformerEndInfo.endNumber>3</cim:TransformerEndInfo.endNumber>
  <cim:TransformerEndInfo.connectionKind rdf:resource="http://iec.ch/TC57/CIM100#WindingConnection.I"/>
  <cim:TransformerEndInfo.phaseAngleClock>0</cim:TransformerEndInfo.phaseAngleClock>
  <cim:TransformerEndInfo.ratedU>13800</cim:TransformerEndInfo.ratedU>
  <cim:TransformerEndInfo.ratedS>24000000</cim:TransformerEndInfo.ratedS>
  <cim:TransformerEndInfo.shortTermS>26400000</cim:TransformerEndInfo.shortTermS>
  <cim:TransformerEndInfo.emergencyS>36000000</cim:TransformerEndInfo.emergencyS>
  <cim:TransformerEndInfo.r>0.022823455</cim:TransformerEndInfo.r>
  <cim:TransformerEndInfo.insulationU>0</cim:TransformerEndInfo.insulationU>
</cim:TransformerEndInfo>
<cim:NoLoadTest rdf:about="urn:uuid:6B038306-3283-4AF2-A303-5FBDD4C06DC9">
  <cim:IdentifiedObject.mRID>6B038306-3283-4AF2-A303-5FBDD4C06DC9</cim:IdentifiedObject.mRID>
  <cim:IdentifiedObject.name>auto_1</cim:IdentifiedObject.name>
  <cim:NoLoadTest.EnergisedEnd rdf:resource="urn:uuid:08EC1375-84AF-41B1-95D8-AAF727C79861"/>
  <cim:NoLoadTest.energisedEndVoltage>106230</cim:NoLoadTest.energisedEndVoltage>
  <cim:NoLoadTest.excitingCurrent>0.076609399</cim:NoLoadTest.excitingCurrent>
  <cim:NoLoadTest.excitingCurrentZero>0.076609399</cim:NoLoadTest.excitingCurrentZero>
  <cim:NoLoadTest.loss>26.40015</cim:NoLoadTest.loss>
  <cim:NoLoadTest.lossZero>26.40015</cim:NoLoadTest.lossZero>
  <cim:TransformerTest.basePower>58667000</cim:TransformerTest.basePower>
  <cim:TransformerTest.temperature>50</cim:TransformerTest.temperature>
</cim:NoLoadTest>
<cim:ShortCircuitTest rdf:about="urn:uuid:6D56B6B2-1497-486A-808D-95C852642BA5">
  <cim:IdentifiedObject.mRID>6D56B6B2-1497-486A-808D-95C852642BA5</cim:IdentifiedObject.mRID>
  <cim:IdentifiedObject.name>auto_1</cim:IdentifiedObject.name>
  <cim:ShortCircuitTest.EnergisedEnd rdf:resource="urn:uuid:08EC1375-84AF-41B1-95D8-AAF727C79861"/>
  <cim:ShortCircuitTest.GroundedEnds rdf:resource="urn:uuid:94E97462-69FE-4BBD-B6A1-10831599E7C1"/>
  <cim:ShortCircuitTest.energisedEndStep>16</cim:ShortCircuitTest.energisedEndStep>
  <cim:ShortCircuitTest.groundedEndStep>16</cim:ShortCircuitTest.groundedEndStep>
  <cim:ShortCircuitTest.leakageImpedance>26.066669</cim:ShortCircuitTest.leakageImpedance>
  <cim:ShortCircuitTest.leakageImpedanceZero>26.066669</cim:ShortCircuitTest.leakageImpedanceZero>
  <cim:ShortCircuitTest.loss>115.39799</cim:ShortCircuitTest.loss>
  <cim:ShortCircuitTest.lossZero>115.39799</cim:ShortCircuitTest.lossZero>
  <cim:TransformerTest.basePower>58667000</cim:TransformerTest.basePower>
  <cim:TransformerTest.temperature>50</cim:TransformerTest.temperature>
</cim:ShortCircuitTest>
<cim:ShortCircuitTest rdf:about="urn:uuid:E312DC31-A10B-4F30-85A3-9ACB2C7451A9">
  <cim:IdentifiedObject.mRID>E312DC31-A10B-4F30-85A3-9ACB2C7451A9</cim:IdentifiedObject.mRID>
  <cim:IdentifiedObject.name>auto_2</cim:IdentifiedObject.name>
  <cim:ShortCircuitTest.EnergisedEnd rdf:resource="urn:uuid:08EC1375-84AF-41B1-95D8-AAF727C79861"/>
  <cim:ShortCircuitTest.GroundedEnds rdf:resource="urn:uuid:6074AAD8-6134-4350-AEAF-B5B2F4B35BF4"/>
  <cim:ShortCircuitTest.energisedEndStep>16</cim:ShortCircuitTest.energisedEndStep>
  <cim:ShortCircuitTest.groundedEndStep>16</cim:ShortCircuitTest.groundedEndStep>
  <cim:ShortCircuitTest.leakageImpedance>33.696662</cim:ShortCircuitTest.leakageImpedance>
  <cim:ShortCircuitTest.leakageImpedanceZero>33.696662</cim:ShortCircuitTest.leakageImpedanceZero>
  <cim:ShortCircuitTest.loss>466.75465</cim:ShortCircuitTest.loss>
  <cim:ShortCircuitTest.lossZero>466.75465</cim:ShortCircuitTest.lossZero>
  <cim:TransformerTest.basePower>58667000</cim:TransformerTest.basePower>
  <cim:TransformerTest.temperature>50</cim:TransformerTest.temperature>
</cim:ShortCircuitTest>
<cim:ShortCircuitTest rdf:about="urn:uuid:42A9BA13-79D5-4F0B-AADE-0F56A9099E73">
  <cim:IdentifiedObject.mRID>42A9BA13-79D5-4F0B-AADE-0F56A9099E73</cim:IdentifiedObject.mRID>
  <cim:IdentifiedObject.name>auto_3</cim:IdentifiedObject.name>
  <cim:ShortCircuitTest.EnergisedEnd rdf:resource="urn:uuid:94E97462-69FE-4BBD-B6A1-10831599E7C1"/>
  <cim:ShortCircuitTest.GroundedEnds rdf:resource="urn:uuid:6074AAD8-6134-4350-AEAF-B5B2F4B35BF4"/>
  <cim:ShortCircuitTest.energisedEndStep>16</cim:ShortCircuitTest.energisedEndStep>
  <cim:ShortCircuitTest.groundedEndStep>16</cim:ShortCircuitTest.groundedEndStep>
  <cim:ShortCircuitTest.leakageImpedance>22.371989</cim:ShortCircuitTest.leakageImpedance>
  <cim:ShortCircuitTest.leakageImpedanceZero>22.371989</cim:ShortCircuitTest.leakageImpedanceZero>
  <cim:ShortCircuitTest.loss>473.61869</cim:ShortCircuitTest.loss>
  <cim:ShortCircuitTest.lossZero>473.61869</cim:ShortCircuitTest.lossZero>
  <cim:TransformerTest.basePower>58667000</cim:TransformerTest.basePower>
  <cim:TransformerTest.temperature>50</cim:TransformerTest.temperature>
</cim:ShortCircuitTest>
<cim:TransformerTank rdf:about="urn:uuid:C5B70AA0-BAC8-4423-9518-5FD1F3A43D82">
  <cim:IdentifiedObject.mRID>C5B70AA0-BAC8-4423-9518-5FD1F3A43D82</cim:IdentifiedObject.mRID>
  <cim:IdentifiedObject.name>t1a</cim:IdentifiedObject.name>
  <cim:Equipment.EquipmentContainer rdf:resource="urn:uuid:7528323E-ABA2-420F-B8B8-DA51E172BB46"/>
  <cim:TransformerTank.TransformerTankInfo rdf:resource="urn:uuid:CCB6AB07-007E-4A2A-9E44-71182A50F421"/>
  <cim:TransformerTank.PowerTransformer rdf:resource="urn:uuid:42E16A06-BBC0-4404-A6F3-DD70A01B6B79"/>
  <cim:PowerSystemResource.Location rdf:resource="urn:uuid:669226ED-CF4E-4B21-8C45-716AAC38540D"/>
</cim:TransformerTank>
<cim:Location rdf:about="urn:uuid:669226ED-CF4E-4B21-8C45-716AAC38540D">
  <cim:IdentifiedObject.mRID>669226ED-CF4E-4B21-8C45-716AAC38540D</cim:IdentifiedObject.mRID>
  <cim:IdentifiedObject.name>t1a_Loc</cim:IdentifiedObject.name>
  <cim:Location.CoordinateSystem rdf:resource="urn:uuid:8DC56913-991B-4613-9C63-B434FF886911"/>
</cim:Location>
<cim:PositionPoint rdf:about="urn:uuid:14453049-1AEA-4F25-8117-160E8E331120">
  <cim:PositionPoint.Location rdf:resource="urn:uuid:669226ED-CF4E-4B21-8C45-716AAC38540D"/>
  <cim:PositionPoint.sequenceNumber>1</cim:PositionPoint.sequenceNumber>
  <cim:PositionPoint.xPosition>0</cim:PositionPoint.xPosition>
  <cim:PositionPoint.yPosition>0</cim:PositionPoint.yPosition>
</cim:PositionPoint>
<cim:PositionPoint rdf:about="urn:uuid:BEAB9B90-E2EF-4B8F-A0DF-9FC872A985A2">
  <cim:PositionPoint.Location rdf:resource="urn:uuid:669226ED-CF4E-4B21-8C45-716AAC38540D"/>
  <cim:PositionPoint.sequenceNumber>2</cim:PositionPoint.sequenceNumber>
  <cim:PositionPoint.xPosition>0</cim:PositionPoint.xPosition>
  <cim:PositionPoint.yPosition>0</cim:PositionPoint.yPosition>
</cim:PositionPoint>
<cim:PositionPoint rdf:about="urn:uuid:24195185-CDFD-4A82-82FA-99A6B69AF7F6">
  <cim:PositionPoint.Location rdf:resource="urn:uuid:669226ED-CF4E-4B21-8C45-716AAC38540D"/>
  <cim:PositionPoint.sequenceNumber>3</cim:PositionPoint.sequenceNumber>
  <cim:PositionPoint.xPosition>0</cim:PositionPoint.xPosition>
  <cim:PositionPoint.yPosition>0</cim:PositionPoint.yPosition>
</cim:PositionPoint>
<cim:TransformerTankEnd rdf:about="urn:uuid:834A4F21-D02A-4B54-B65E-704EE83148A3">
  <cim:IdentifiedObject.mRID>834A4F21-D02A-4B54-B65E-704EE83148A3</cim:IdentifiedObject.mRID>
  <cim:IdentifiedObject.name>t1a_End_1</cim:IdentifiedObject.name>
  <cim:TransformerEnd.grounded>false</cim:TransformerEnd.grounded>
  <cim:TransformerTankEnd.orderedPhases rdf:resource="http://iec.ch/TC57/CIM100#OrderedPhaseCodeKind.AN"/>
  <cim:TransformerTankEnd.TransformerTank rdf:resource="urn:uuid:C5B70AA0-BAC8-4423-9518-5FD1F3A43D82"/>
  <cim:TransformerEnd.endNumber>1</cim:TransformerEnd.endNumber>
  <cim:TransformerEnd.Terminal rdf:resource="urn:uuid:21C31E58-8B26-460F-B361-058A5FAF9E15"/>
  <cim:TransformerEnd.BaseVoltage rdf:resource="urn:uuid:E6AFC9FE-DAB1-403F-8CED-16BAE19E06A0"/>
</cim:TransformerTankEnd>
<cim:Terminal rdf:about="urn:uuid:21C31E58-8B26-460F-B361-058A5FAF9E15">
  <cim:IdentifiedObject.mRID>21C31E58-8B26-460F-B361-058A5FAF9E15</cim:IdentifiedObject.mRID>
  <cim:IdentifiedObject.name>t1a_T1</cim:IdentifiedObject.name>
  <cim:Terminal.ConductingEquipment rdf:resource="urn:uuid:42E16A06-BBC0-4404-A6F3-DD70A01B6B79"/>
  <cim:ACDCTerminal.sequenceNumber>1</cim:ACDCTerminal.sequenceNumber>
  <cim:Terminal.ConnectivityNode rdf:resource="urn:uuid:E24E4C63-FE50-420E-A148-FF5735EA2C14"/>
  <cim:ACDCTerminal.OperationalLimitSet rdf:resource="urn:uuid:6B2C7E3A-CCC7-4B7F-B349-6ABF3A52000B"/>
</cim:Terminal>
<cim:TransformerTankEnd rdf:about="urn:uuid:98FBEE7C-884A-4A94-BFC2-DE72005F93B1">
  <cim:IdentifiedObject.mRID>98FBEE7C-884A-4A94-BFC2-DE72005F93B1</cim:IdentifiedObject.mRID>
  <cim:IdentifiedObject.name>t1a_End_2</cim:IdentifiedObject.name>
  <cim:TransformerEnd.grounded>true</cim:TransformerEnd.grounded>
  <cim:TransformerEnd.rground>0</cim:TransformerEnd.rground>
  <cim:TransformerEnd.xground>0</cim:TransformerEnd.xground>
  <cim:TransformerTankEnd.orderedPhases rdf:resource="http://iec.ch/TC57/CIM100#OrderedPhaseCodeKind.AN"/>
  <cim:TransformerTankEnd.TransformerTank rdf:resource="urn:uuid:C5B70AA0-BAC8-4423-9518-5FD1F3A43D82"/>
  <cim:TransformerEnd.endNumber>2</cim:TransformerEnd.endNumber>
  <cim:TransformerEnd.Terminal rdf:resource="urn:uuid:F004CDE2-6165-47C9-B14A-3A5FB8D67C03"/>
  <cim:TransformerEnd.BaseVoltage rdf:resource="urn:uuid:A36575F3-1D25-42FE-AB7A-9960FFC9D71A"/>
</cim:TransformerTankEnd>
<cim:Terminal rdf:about="urn:uuid:F004CDE2-6165-47C9-B14A-3A5FB8D67C03">
  <cim:IdentifiedObject.mRID>F004CDE2-6165-47C9-B14A-3A5FB8D67C03</cim:IdentifiedObject.mRID>
  <cim:IdentifiedObject.name>t1a_T2</cim:IdentifiedObject.name>
  <cim:Terminal.ConductingEquipment rdf:resource="urn:uuid:42E16A06-BBC0-4404-A6F3-DD70A01B6B79"/>
  <cim:ACDCTerminal.sequenceNumber>2</cim:ACDCTerminal.sequenceNumber>
  <cim:Terminal.ConnectivityNode rdf:resource="urn:uuid:F0AC30C0-9404-4D39-8654-4B93DED4E3FA"/>
</cim:Terminal>
<cim:TransformerTankEnd rdf:about="urn:uuid:90099140-DBD3-4F46-B348-5FFE083FA1BE">
  <cim:IdentifiedObject.mRID>90099140-DBD3-4F46-B348-5FFE083FA1BE</cim:IdentifiedObject.mRID>
  <cim:IdentifiedObject.name>t1a_End_3</cim:IdentifiedObject.name>
  <cim:TransformerEnd.grounded>false</cim:TransformerEnd.grounded>
  <cim:TransformerTankEnd.orderedPhases rdf:resource="http://iec.ch/TC57/CIM100#OrderedPhaseCodeKind.AB"/>
  <cim:TransformerTankEnd.TransformerTank rdf:resource="urn:uuid:C5B70AA0-BAC8-4423-9518-5FD1F3A43D82"/>
  <cim:TransformerEnd.endNumber>3</cim:TransformerEnd.endNumber>
  <cim:TransformerEnd.Terminal rdf:resource="urn:uuid:2F26E9A4-3185-48DA-BE22-897C27754D24"/>
  <cim:TransformerEnd.BaseVoltage rdf:resource="urn:uuid:F9F56686-21C1-4EBB-93F8-F5AF199F1024"/>
</cim:TransformerTankEnd>
<cim:Terminal rdf:about="urn:uuid:2F26E9A4-3185-48DA-BE22-897C27754D24">
  <cim:IdentifiedObject.mRID>2F26E9A4-3185-48DA-BE22-897C27754D24</cim:IdentifiedObject.mRID>
  <cim:IdentifiedObject.name>t1a_T3</cim:IdentifiedObject.name>
  <cim:Terminal.ConductingEquipment rdf:resource="urn:uuid:42E16A06-BBC0-4404-A6F3-DD70A01B6B79"/>
  <cim:ACDCTerminal.sequenceNumber>3</cim:ACDCTerminal.sequenceNumber>
  <cim:Terminal.ConnectivityNode rdf:resource="urn:uuid:F24CE509-0AEE-49B8-85A3-AE05A20CB625"/>
</cim:Terminal>
<cim:TransformerTank rdf:about="urn:uuid:6EC518A7-3491-425E-AAF5-ACB5A258BE43">
  <cim:IdentifiedObject.mRID>6EC518A7-3491-425E-AAF5-ACB5A258BE43</cim:IdentifiedObject.mRID>
  <cim:IdentifiedObject.name>t1b</cim:IdentifiedObject.name>
  <cim:Equipment.EquipmentContainer rdf:resource="urn:uuid:7528323E-ABA2-420F-B8B8-DA51E172BB46"/>
  <cim:TransformerTank.TransformerTankInfo rdf:resource="urn:uuid:CCB6AB07-007E-4A2A-9E44-71182A50F421"/>
  <cim:TransformerTank.PowerTransformer rdf:resource="urn:uuid:42E16A06-BBC0-4404-A6F3-DD70A01B6B79"/>
  <cim:PowerSystemResource.Location rdf:resource="urn:uuid:ADD807B2-AC53-41AD-93C9-D529ACAC9A60"/>
</cim:TransformerTank>
<cim:Location rdf:about="urn:uuid:ADD807B2-AC53-41AD-93C9-D529ACAC9A60">
  <cim:IdentifiedObject.mRID>ADD807B2-AC53-41AD-93C9-D529ACAC9A60</cim:IdentifiedObject.mRID>
  <cim:IdentifiedObject.name>t1b_Loc</cim:IdentifiedObject.name>
  <cim:Location.CoordinateSystem rdf:resource="urn:uuid:8DC56913-991B-4613-9C63-B434FF886911"/>
</cim:Location>
<cim:PositionPoint rdf:about="urn:uuid:0AD1C869-BD89-46DC-9354-6BDC58558D14">
  <cim:PositionPoint.Location rdf:resource="urn:uuid:ADD807B2-AC53-41AD-93C9-D529ACAC9A60"/>
  <cim:PositionPoint.sequenceNumber>1</cim:PositionPoint.sequenceNumber>
  <cim:PositionPoint.xPosition>0</cim:PositionPoint.xPosition>
  <cim:PositionPoint.yPosition>0</cim:PositionPoint.yPosition>
</cim:PositionPoint>
<cim:PositionPoint rdf:about="urn:uuid:FD6598D3-2A93-400B-A069-10A0714C3194">
  <cim:PositionPoint.Location rdf:resource="urn:uuid:ADD807B2-AC53-41AD-93C9-D529ACAC9A60"/>
  <cim:PositionPoint.sequenceNumber>2</cim:PositionPoint.sequenceNumber>
  <cim:PositionPoint.xPosition>0</cim:PositionPoint.xPosition>
  <cim:PositionPoint.yPosition>0</cim:PositionPoint.yPosition>
</cim:PositionPoint>
<cim:PositionPoint rdf:about="urn:uuid:A59CD20D-BEB5-4140-8A22-A5F3A4318358">
  <cim:PositionPoint.Location rdf:resource="urn:uuid:ADD807B2-AC53-41AD-93C9-D529ACAC9A60"/>
  <cim:PositionPoint.sequenceNumber>3</cim:PositionPoint.sequenceNumber>
  <cim:PositionPoint.xPosition>0</cim:PositionPoint.xPosition>
  <cim:PositionPoint.yPosition>0</cim:PositionPoint.yPosition>
</cim:PositionPoint>
<cim:TransformerTankEnd rdf:about="urn:uuid:71A75FCA-9BB5-44AA-A9F7-4E08D00A2B42">
  <cim:IdentifiedObject.mRID>71A75FCA-9BB5-44AA-A9F7-4E08D00A2B42</cim:IdentifiedObject.mRID>
  <cim:IdentifiedObject.name>t1b_End_1</cim:IdentifiedObject.name>
  <cim:TransformerEnd.grounded>false</cim:TransformerEnd.grounded>
  <cim:TransformerTankEnd.orderedPhases rdf:resource="http://iec.ch/TC57/CIM100#OrderedPhaseCodeKind.BN"/>
  <cim:TransformerTankEnd.TransformerTank rdf:resource="urn:uuid:6EC518A7-3491-425E-AAF5-ACB5A258BE43"/>
  <cim:TransformerEnd.endNumber>1</cim:TransformerEnd.endNumber>
  <cim:TransformerEnd.Terminal rdf:resource="urn:uuid:3E512386-1598-4BE2-A5D2-7A6D0F4B3320"/>
  <cim:TransformerEnd.BaseVoltage rdf:resource="urn:uuid:E6AFC9FE-DAB1-403F-8CED-16BAE19E06A0"/>
</cim:TransformerTankEnd>
<cim:Terminal rdf:about="urn:uuid:3E512386-1598-4BE2-A5D2-7A6D0F4B3320">
  <cim:IdentifiedObject.mRID>3E512386-1598-4BE2-A5D2-7A6D0F4B3320</cim:IdentifiedObject.mRID>
  <cim:IdentifiedObject.name>t1b_T1</cim:IdentifiedObject.name>
  <cim:Terminal.ConductingEquipment rdf:resource="urn:uuid:42E16A06-BBC0-4404-A6F3-DD70A01B6B79"/>
  <cim:ACDCTerminal.sequenceNumber>1</cim:ACDCTerminal.sequenceNumber>
  <cim:Terminal.ConnectivityNode rdf:resource="urn:uuid:E24E4C63-FE50-420E-A148-FF5735EA2C14"/>
  <cim:ACDCTerminal.OperationalLimitSet rdf:resource="urn:uuid:6B2C7E3A-CCC7-4B7F-B349-6ABF3A52000B"/>
</cim:Terminal>
<cim:TransformerTankEnd rdf:about="urn:uuid:25697F54-A968-4321-9AC3-4E477C3CF5BF">
  <cim:IdentifiedObject.mRID>25697F54-A968-4321-9AC3-4E477C3CF5BF</cim:IdentifiedObject.mRID>
  <cim:IdentifiedObject.name>t1b_End_2</cim:IdentifiedObject.name>
  <cim:TransformerEnd.grounded>true</cim:TransformerEnd.grounded>
  <cim:TransformerEnd.rground>0</cim:TransformerEnd.rground>
  <cim:TransformerEnd.xground>0</cim:TransformerEnd.xground>
  <cim:TransformerTankEnd.orderedPhases rdf:resource="http://iec.ch/TC57/CIM100#OrderedPhaseCodeKind.BN"/>
  <cim:TransformerTankEnd.TransformerTank rdf:resource="urn:uuid:6EC518A7-3491-425E-AAF5-ACB5A258BE43"/>
  <cim:TransformerEnd.endNumber>2</cim:TransformerEnd.endNumber>
  <cim:TransformerEnd.Terminal rdf:resource="urn:uuid:2034D707-E198-40C7-9281-DEE4DF5D9C4A"/>
  <cim:TransformerEnd.BaseVoltage rdf:resource="urn:uuid:A36575F3-1D25-42FE-AB7A-9960FFC9D71A"/>
</cim:TransformerTankEnd>
<cim:Terminal rdf:about="urn:uuid:2034D707-E198-40C7-9281-DEE4DF5D9C4A">
  <cim:IdentifiedObject.mRID>2034D707-E198-40C7-9281-DEE4DF5D9C4A</cim:IdentifiedObject.mRID>
  <cim:IdentifiedObject.name>t1b_T2</cim:IdentifiedObject.name>
  <cim:Terminal.ConductingEquipment rdf:resource="urn:uuid:42E16A06-BBC0-4404-A6F3-DD70A01B6B79"/>
  <cim:ACDCTerminal.sequenceNumber>2</cim:ACDCTerminal.sequenceNumber>
  <cim:Terminal.ConnectivityNode rdf:resource="urn:uuid:F0AC30C0-9404-4D39-8654-4B93DED4E3FA"/>
</cim:Terminal>
<cim:TransformerTankEnd rdf:about="urn:uuid:E2AD5851-ED2E-4666-96A2-020C2E19777C">
  <cim:IdentifiedObject.mRID>E2AD5851-ED2E-4666-96A2-020C2E19777C</cim:IdentifiedObject.mRID>
  <cim:IdentifiedObject.name>t1b_End_3</cim:IdentifiedObject.name>
  <cim:TransformerEnd.grounded>false</cim:TransformerEnd.grounded>
  <cim:TransformerTankEnd.orderedPhases rdf:resource="http://iec.ch/TC57/CIM100#OrderedPhaseCodeKind.BC"/>
  <cim:TransformerTankEnd.TransformerTank rdf:resource="urn:uuid:6EC518A7-3491-425E-AAF5-ACB5A258BE43"/>
  <cim:TransformerEnd.endNumber>3</cim:TransformerEnd.endNumber>
  <cim:TransformerEnd.Terminal rdf:resource="urn:uuid:ABC65C79-003B-4725-8016-5306B78DBF4C"/>
  <cim:TransformerEnd.BaseVoltage rdf:resource="urn:uuid:F9F56686-21C1-4EBB-93F8-F5AF199F1024"/>
</cim:TransformerTankEnd>
<cim:Terminal rdf:about="urn:uuid:ABC65C79-003B-4725-8016-5306B78DBF4C">
  <cim:IdentifiedObject.mRID>ABC65C79-003B-4725-8016-5306B78DBF4C</cim:IdentifiedObject.mRID>
  <cim:IdentifiedObject.name>t1b_T3</cim:IdentifiedObject.name>
  <cim:Terminal.ConductingEquipment rdf:resource="urn:uuid:42E16A06-BBC0-4404-A6F3-DD70A01B6B79"/>
  <cim:ACDCTerminal.sequenceNumber>3</cim:ACDCTerminal.sequenceNumber>
  <cim:Terminal.ConnectivityNode rdf:resource="urn:uuid:F24CE509-0AEE-49B8-85A3-AE05A20CB625"/>
</cim:Terminal>
<cim:TransformerTank rdf:about="urn:uuid:CDEF188A-17C7-4320-8228-E7326C49072C">
  <cim:IdentifiedObject.mRID>CDEF188A-17C7-4320-8228-E7326C49072C</cim:IdentifiedObject.mRID>
  <cim:IdentifiedObject.name>t1c</cim:IdentifiedObject.name>
  <cim:Equipment.EquipmentContainer rdf:resource="urn:uuid:7528323E-ABA2-420F-B8B8-DA51E172BB46"/>
  <cim:TransformerTank.TransformerTankInfo rdf:resource="urn:uuid:CCB6AB07-007E-4A2A-9E44-71182A50F421"/>
  <cim:TransformerTank.PowerTransformer rdf:resource="urn:uuid:42E16A06-BBC0-4404-A6F3-DD70A01B6B79"/>
  <cim:PowerSystemResource.Location rdf:resource="urn:uuid:B79F2393-C306-42E3-8856-E94EEF3AB4B5"/>
</cim:TransformerTank>
<cim:Location rdf:about="urn:uuid:B79F2393-C306-42E3-8856-E94EEF3AB4B5">
  <cim:IdentifiedObject.mRID>B79F2393-C306-42E3-8856-E94EEF3AB4B5</cim:IdentifiedObject.mRID>
  <cim:IdentifiedObject.name>t1c_Loc</cim:IdentifiedObject.name>
  <cim:Location.CoordinateSystem rdf:resource="urn:uuid:8DC56913-991B-4613-9C63-B434FF886911"/>
</cim:Location>
<cim:PositionPoint rdf:about="urn:uuid:BCB2902A-91D9-4508-831F-39A347071EEB">
  <cim:PositionPoint.Location rdf:resource="urn:uuid:B79F2393-C306-42E3-8856-E94EEF3AB4B5"/>
  <cim:PositionPoint.sequenceNumber>1</cim:PositionPoint.sequenceNumber>
  <cim:PositionPoint.xPosition>0</cim:PositionPoint.xPosition>
  <cim:PositionPoint.yPosition>0</cim:PositionPoint.yPosition>
</cim:PositionPoint>
<cim:PositionPoint rdf:about="urn:uuid:6337AFDF-7D2A-43BA-A07E-B2AE40302491">
  <cim:PositionPoint.Location rdf:resource="urn:uuid:B79F2393-C306-42E3-8856-E94EEF3AB4B5"/>
  <cim:PositionPoint.sequenceNumber>2</cim:PositionPoint.sequenceNumber>
  <cim:PositionPoint.xPosition>0</cim:PositionPoint.xPosition>
  <cim:PositionPoint.yPosition>0</cim:PositionPoint.yPosition>
</cim:PositionPoint>
<cim:PositionPoint rdf:about="urn:uuid:DD90D0A7-9063-449A-8FFC-EBEECFC13093">
  <cim:PositionPoint.Location rdf:resource="urn:uuid:B79F2393-C306-42E3-8856-E94EEF3AB4B5"/>
  <cim:PositionPoint.sequenceNumber>3</cim:PositionPoint.sequenceNumber>
  <cim:PositionPoint.xPosition>0</cim:PositionPoint.xPosition>
  <cim:PositionPoint.yPosition>0</cim:PositionPoint.yPosition>
</cim:PositionPoint>
<cim:TransformerTankEnd rdf:about="urn:uuid:F440445B-C3EB-4C67-AC35-AFA973F21EB5">
  <cim:IdentifiedObject.mRID>F440445B-C3EB-4C67-AC35-AFA973F21EB5</cim:IdentifiedObject.mRID>
  <cim:IdentifiedObject.name>t1c_End_1</cim:IdentifiedObject.name>
  <cim:TransformerEnd.grounded>false</cim:TransformerEnd.grounded>
  <cim:TransformerTankEnd.orderedPhases rdf:resource="http://iec.ch/TC57/CIM100#OrderedPhaseCodeKind.CN"/>
  <cim:TransformerTankEnd.TransformerTank rdf:resource="urn:uuid:CDEF188A-17C7-4320-8228-E7326C49072C"/>
  <cim:TransformerEnd.endNumber>1</cim:TransformerEnd.endNumber>
  <cim:TransformerEnd.Terminal rdf:resource="urn:uuid:5C250249-FBE6-46AA-BE2B-2DC3E93A8CB8"/>
  <cim:TransformerEnd.BaseVoltage rdf:resource="urn:uuid:E6AFC9FE-DAB1-403F-8CED-16BAE19E06A0"/>
</cim:TransformerTankEnd>
<cim:Terminal rdf:about="urn:uuid:5C250249-FBE6-46AA-BE2B-2DC3E93A8CB8">
  <cim:IdentifiedObject.mRID>5C250249-FBE6-46AA-BE2B-2DC3E93A8CB8</cim:IdentifiedObject.mRID>
  <cim:IdentifiedObject.name>t1c_T1</cim:IdentifiedObject.name>
  <cim:Terminal.ConductingEquipment rdf:resource="urn:uuid:42E16A06-BBC0-4404-A6F3-DD70A01B6B79"/>
  <cim:ACDCTerminal.sequenceNumber>1</cim:ACDCTerminal.sequenceNumber>
  <cim:Terminal.ConnectivityNode rdf:resource="urn:uuid:E24E4C63-FE50-420E-A148-FF5735EA2C14"/>
  <cim:ACDCTerminal.OperationalLimitSet rdf:resource="urn:uuid:6B2C7E3A-CCC7-4B7F-B349-6ABF3A52000B"/>
</cim:Terminal>
<cim:TransformerTankEnd rdf:about="urn:uuid:AEE300F7-B037-4D93-9CB0-A5DF11F174A6">
  <cim:IdentifiedObject.mRID>AEE300F7-B037-4D93-9CB0-A5DF11F174A6</cim:IdentifiedObject.mRID>
  <cim:IdentifiedObject.name>t1c_End_2</cim:IdentifiedObject.name>
  <cim:TransformerEnd.grounded>true</cim:TransformerEnd.grounded>
  <cim:TransformerEnd.rground>0</cim:TransformerEnd.rground>
  <cim:TransformerEnd.xground>0</cim:TransformerEnd.xground>
  <cim:TransformerTankEnd.orderedPhases rdf:resource="http://iec.ch/TC57/CIM100#OrderedPhaseCodeKind.CN"/>
  <cim:TransformerTankEnd.TransformerTank rdf:resource="urn:uuid:CDEF188A-17C7-4320-8228-E7326C49072C"/>
  <cim:TransformerEnd.endNumber>2</cim:TransformerEnd.endNumber>
  <cim:TransformerEnd.Terminal rdf:resource="urn:uuid:90470587-FE08-4123-B098-5CBBD3806FA8"/>
  <cim:TransformerEnd.BaseVoltage rdf:resource="urn:uuid:A36575F3-1D25-42FE-AB7A-9960FFC9D71A"/>
</cim:TransformerTankEnd>
<cim:Terminal rdf:about="urn:uuid:90470587-FE08-4123-B098-5CBBD3806FA8">
  <cim:IdentifiedObject.mRID>90470587-FE08-4123-B098-5CBBD3806FA8</cim:IdentifiedObject.mRID>
  <cim:IdentifiedObject.name>t1c_T2</cim:IdentifiedObject.name>
  <cim:Terminal.ConductingEquipment rdf:resource="urn:uuid:42E16A06-BBC0-4404-A6F3-DD70A01B6B79"/>
  <cim:ACDCTerminal.sequenceNumber>2</cim:ACDCTerminal.sequenceNumber>
  <cim:Terminal.ConnectivityNode rdf:resource="urn:uuid:F0AC30C0-9404-4D39-8654-4B93DED4E3FA"/>
</cim:Terminal>
<cim:TransformerTankEnd rdf:about="urn:uuid:6542323B-7BA9-487B-AECF-9DC3C4B973D8">
  <cim:IdentifiedObject.mRID>6542323B-7BA9-487B-AECF-9DC3C4B973D8</cim:IdentifiedObject.mRID>
  <cim:IdentifiedObject.name>t1c_End_3</cim:IdentifiedObject.name>
  <cim:TransformerEnd.grounded>false</cim:TransformerEnd.grounded>
  <cim:TransformerTankEnd.orderedPhases rdf:resource="http://iec.ch/TC57/CIM100#OrderedPhaseCodeKind.CA"/>
  <cim:TransformerTankEnd.TransformerTank rdf:resource="urn:uuid:CDEF188A-17C7-4320-8228-E7326C49072C"/>
  <cim:TransformerEnd.endNumber>3</cim:TransformerEnd.endNumber>
  <cim:TransformerEnd.Terminal rdf:resource="urn:uuid:209C4A22-B1E4-4512-BEE0-EA47F9C50E9C"/>
  <cim:TransformerEnd.BaseVoltage rdf:resource="urn:uuid:F9F56686-21C1-4EBB-93F8-F5AF199F1024"/>
</cim:TransformerTankEnd>
<cim:Terminal rdf:about="urn:uuid:209C4A22-B1E4-4512-BEE0-EA47F9C50E9C">
  <cim:IdentifiedObject.mRID>209C4A22-B1E4-4512-BEE0-EA47F9C50E9C</cim:IdentifiedObject.mRID>
  <cim:IdentifiedObject.name>t1c_T3</cim:IdentifiedObject.name>
  <cim:Terminal.ConductingEquipment rdf:resource="urn:uuid:42E16A06-BBC0-4404-A6F3-DD70A01B6B79"/>
  <cim:ACDCTerminal.sequenceNumber>3</cim:ACDCTerminal.sequenceNumber>
  <cim:Terminal.ConnectivityNode rdf:resource="urn:uuid:F24CE509-0AEE-49B8-85A3-AE05A20CB625"/>
</cim:Terminal>
<cim:PowerTransformer rdf:about="urn:uuid:42E16A06-BBC0-4404-A6F3-DD70A01B6B79">
  <cim:IdentifiedObject.mRID>42E16A06-BBC0-4404-A6F3-DD70A01B6B79</cim:IdentifiedObject.mRID>
  <cim:IdentifiedObject.name>auto</cim:IdentifiedObject.name>
  <cim:Equipment.EquipmentContainer rdf:resource="urn:uuid:7528323E-ABA2-420F-B8B8-DA51E172BB46"/>
  <cim:PowerTransformer.vectorGroup>Yyd1</cim:PowerTransformer.vectorGroup>
  <cim:PowerSystemResource.Location rdf:resource="urn:uuid:B79F2393-C306-42E3-8856-E94EEF3AB4B5"/>
</cim:PowerTransformer>
<cim:LoadBreakSwitch rdf:about="urn:uuid:36E95A1F-DB49-4F98-A11E-60B8C1ACE79B">
  <cim:IdentifiedObject.mRID>36E95A1F-DB49-4F98-A11E-60B8C1ACE79B</cim:IdentifiedObject.mRID>
  <cim:IdentifiedObject.name>line1</cim:IdentifiedObject.name>
  <cim:Equipment.EquipmentContainer rdf:resource="urn:uuid:7528323E-ABA2-420F-B8B8-DA51E172BB46"/>
  <cim:ConductingEquipment.BaseVoltage rdf:resource="urn:uuid:E6AFC9FE-DAB1-403F-8CED-16BAE19E06A0"/>
  <cim:ProtectedSwitch.breakingCapacity>400</cim:ProtectedSwitch.breakingCapacity>
  <cim:Switch.ratedCurrent>400</cim:Switch.ratedCurrent>
  <cim:Switch.normalOpen>false</cim:Switch.normalOpen>
  <cim:Switch.open>false</cim:Switch.open>
  <cim:Switch.retained>true</cim:Switch.retained>
  <cim:PowerSystemResource.Location rdf:resource="urn:uuid:1FF7D028-D51D-42F2-893A-3F2316E8C8DF"/>
</cim:LoadBreakSwitch>
<cim:Terminal rdf:about="urn:uuid:2D53B6E1-076F-4F3C-BFAB-927B6834076F">
  <cim:IdentifiedObject.mRID>2D53B6E1-076F-4F3C-BFAB-927B6834076F</cim:IdentifiedObject.mRID>
  <cim:IdentifiedObject.name>line1_T1</cim:IdentifiedObject.name>
  <cim:Terminal.ConductingEquipment rdf:resource="urn:uuid:36E95A1F-DB49-4F98-A11E-60B8C1ACE79B"/>
  <cim:ACDCTerminal.sequenceNumber>1</cim:ACDCTerminal.sequenceNumber>
  <cim:Terminal.ConnectivityNode rdf:resource="urn:uuid:22E51763-D202-4485-8FBF-65B835679DFE"/>
  <cim:ACDCTerminal.OperationalLimitSet rdf:resource="urn:uuid:24622848-1204-4955-874B-AB57D618A7D3"/>
</cim:Terminal>
<cim:Terminal rdf:about="urn:uuid:C75E0B5F-AD15-4A71-A910-85A3838A8FDA">
  <cim:IdentifiedObject.mRID>C75E0B5F-AD15-4A71-A910-85A3838A8FDA</cim:IdentifiedObject.mRID>
  <cim:IdentifiedObject.name>line1_T2</cim:IdentifiedObject.name>
  <cim:Terminal.ConductingEquipment rdf:resource="urn:uuid:36E95A1F-DB49-4F98-A11E-60B8C1ACE79B"/>
  <cim:ACDCTerminal.sequenceNumber>2</cim:ACDCTerminal.sequenceNumber>
  <cim:Terminal.ConnectivityNode rdf:resource="urn:uuid:E24E4C63-FE50-420E-A148-FF5735EA2C14"/>
</cim:Terminal>
<cim:Location rdf:about="urn:uuid:1FF7D028-D51D-42F2-893A-3F2316E8C8DF">
  <cim:IdentifiedObject.mRID>1FF7D028-D51D-42F2-893A-3F2316E8C8DF</cim:IdentifiedObject.mRID>
  <cim:IdentifiedObject.name>line1_Loc</cim:IdentifiedObject.name>
  <cim:Location.CoordinateSystem rdf:resource="urn:uuid:8DC56913-991B-4613-9C63-B434FF886911"/>
</cim:Location>
<cim:PositionPoint rdf:about="urn:uuid:381980DA-1540-4CF5-BE70-CD5973352260">
  <cim:PositionPoint.Location rdf:resource="urn:uuid:1FF7D028-D51D-42F2-893A-3F2316E8C8DF"/>
  <cim:PositionPoint.sequenceNumber>1</cim:PositionPoint.sequenceNumber>
  <cim:PositionPoint.xPosition>0</cim:PositionPoint.xPosition>
  <cim:PositionPoint.yPosition>0</cim:PositionPoint.yPosition>
</cim:PositionPoint>
<cim:PositionPoint rdf:about="urn:uuid:449C5FD9-D0BD-4DCF-B10F-658F4A471462">
  <cim:PositionPoint.Location rdf:resource="urn:uuid:1FF7D028-D51D-42F2-893A-3F2316E8C8DF"/>
  <cim:PositionPoint.sequenceNumber>2</cim:PositionPoint.sequenceNumber>
  <cim:PositionPoint.xPosition>0</cim:PositionPoint.xPosition>
  <cim:PositionPoint.yPosition>0</cim:PositionPoint.yPosition>
</cim:PositionPoint>
<cim:LoadBreakSwitch rdf:about="urn:uuid:CF854D83-5910-43E3-9361-9919C9D72C1A">
  <cim:IdentifiedObject.mRID>CF854D83-5910-43E3-9361-9919C9D72C1A</cim:IdentifiedObject.mRID>
  <cim:IdentifiedObject.name>common</cim:IdentifiedObject.name>
  <cim:Equipment.EquipmentContainer rdf:resource="urn:uuid:7528323E-ABA2-420F-B8B8-DA51E172BB46"/>
  <cim:ConductingEquipment.BaseVoltage rdf:resource="urn:uuid:E6AFC9FE-DAB1-403F-8CED-16BAE19E06A0"/>
  <cim:ProtectedSwitch.breakingCapacity>400</cim:ProtectedSwitch.breakingCapacity>
  <cim:Switch.ratedCurrent>400</cim:Switch.ratedCurrent>
  <cim:Switch.normalOpen>false</cim:Switch.normalOpen>
  <cim:Switch.open>false</cim:Switch.open>
  <cim:Switch.retained>true</cim:Switch.retained>
  <cim:PowerSystemResource.Location rdf:resource="urn:uuid:72F79BF1-D96F-46F1-BC60-8ACEBF3099F8"/>
</cim:LoadBreakSwitch>
<cim:SwitchPhase rdf:about="urn:uuid:C74F2F00-5180-4636-9B44-A8494B963143">
  <cim:IdentifiedObject.mRID>C74F2F00-5180-4636-9B44-A8494B963143</cim:IdentifiedObject.mRID>
  <cim:IdentifiedObject.name>common_C</cim:IdentifiedObject.name>
  <cim:SwitchPhase.closed>true</cim:SwitchPhase.closed>
  <cim:SwitchPhase.normalOpen>false</cim:SwitchPhase.normalOpen>
  <cim:SwitchPhase.phaseSide1 rdf:resource="http://iec.ch/TC57/CIM100#SinglePhaseKind.C"/>
  <cim:SwitchPhase.phaseSide2 rdf:resource="http://iec.ch/TC57/CIM100#SinglePhaseKind.A"/>
  <cim:SwitchPhase.Switch rdf:resource="urn:uuid:CF854D83-5910-43E3-9361-9919C9D72C1A"/>
  <cim:PowerSystemResource.Location rdf:resource="urn:uuid:72F79BF1-D96F-46F1-BC60-8ACEBF3099F8"/>
</cim:SwitchPhase>
<cim:Terminal rdf:about="urn:uuid:D061BED2-5BD4-4A01-B46B-018F504E65BE">
  <cim:IdentifiedObject.mRID>D061BED2-5BD4-4A01-B46B-018F504E65BE</cim:IdentifiedObject.mRID>
  <cim:IdentifiedObject.name>common_T2</cim:IdentifiedObject.name>
  <cim:Terminal.ConductingEquipment rdf:resource="urn:uuid:CF854D83-5910-43E3-9361-9919C9D72C1A"/>
  <cim:ACDCTerminal.sequenceNumber>2</cim:ACDCTerminal.sequenceNumber>
  <cim:Terminal.ConnectivityNode rdf:resource="urn:uuid:F0AC30C0-9404-4D39-8654-4B93DED4E3FA"/>
</cim:Terminal>
<cim:Location rdf:about="urn:uuid:72F79BF1-D96F-46F1-BC60-8ACEBF3099F8">
  <cim:IdentifiedObject.mRID>72F79BF1-D96F-46F1-BC60-8ACEBF3099F8</cim:IdentifiedObject.mRID>
  <cim:IdentifiedObject.name>common_Loc</cim:IdentifiedObject.name>
  <cim:Location.CoordinateSystem rdf:resource="urn:uuid:8DC56913-991B-4613-9C63-B434FF886911"/>
</cim:Location>
<cim:PositionPoint rdf:about="urn:uuid:0D90C5A4-7CEE-4BF9-9C22-ACBCB4BF8ECF">
  <cim:PositionPoint.Location rdf:resource="urn:uuid:72F79BF1-D96F-46F1-BC60-8ACEBF3099F8"/>
  <cim:PositionPoint.sequenceNumber>2</cim:PositionPoint.sequenceNumber>
  <cim:PositionPoint.xPosition>0</cim:PositionPoint.xPosition>
  <cim:PositionPoint.yPosition>0</cim:PositionPoint.yPosition>
</cim:PositionPoint>
<cim:LoadResponseCharacteristic rdf:about="urn:uuid:37EBEDFB-C6CA-4A2C-BC79-4C0C5C976080">
  <cim:IdentifiedObject.mRID>37EBEDFB-C6CA-4A2C-BC79-4C0C5C976080</cim:IdentifiedObject.mRID>
  <cim:IdentifiedObject.name>Constant kVA</cim:IdentifiedObject.name>
  <cim:LoadResponseCharacteristic.exponentModel>false</cim:LoadResponseCharacteristic.exponentModel>
  <cim:LoadResponseCharacteristic.pConstantImpedance>0</cim:LoadResponseCharacteristic.pConstantImpedance>
  <cim:LoadResponseCharacteristic.pConstantCurrent>0</cim:LoadResponseCharacteristic.pConstantCurrent>
  <cim:LoadResponseCharacteristic.pConstantPower>100</cim:LoadResponseCharacteristic.pConstantPower>
  <cim:LoadResponseCharacteristic.qConstantImpedance>0</cim:LoadResponseCharacteristic.qConstantImpedance>
  <cim:LoadResponseCharacteristic.qConstantCurrent>0</cim:LoadResponseCharacteristic.qConstantCurrent>
  <cim:LoadResponseCharacteristic.qConstantPower>100</cim:LoadResponseCharacteristic.qConstantPower>
  <cim:LoadResponseCharacteristic.pVoltageExponent>0</cim:LoadResponseCharacteristic.pVoltageExponent>
  <cim:LoadResponseCharacteristic.qVoltageExponent>0</cim:LoadResponseCharacteristic.qVoltageExponent>
  <cim:LoadResponseCharacteristic.pFrequencyExponent>0</cim:LoadResponseCharacteristic.pFrequencyExponent>
  <cim:LoadResponseCharacteristic.qFrequencyExponent>0</cim:LoadResponseCharacteristic.qFrequencyExponent>
</cim:LoadResponseCharacteristic>
<cim:LoadResponseCharacteristic rdf:about="urn:uuid:A2F7FA7A-75BE-483D-91AE-F658DA6BD0C7">
  <cim:IdentifiedObject.mRID>A2F7FA7A-75BE-483D-91AE-F658DA6BD0C7</cim:IdentifiedObject.mRID>
  <cim:IdentifiedObject.name>Constant Z</cim:IdentifiedObject.name>
  <cim:LoadResponseCharacteristic.exponentModel>false</cim:LoadResponseCharacteristic.exponentModel>
  <cim:LoadResponseCharacteristic.pConstantImpedance>100</cim:LoadResponseCharacteristic.pConstantImpedance>
  <cim:LoadResponseCharacteristic.pConstantCurrent>0</cim:LoadResponseCharacteristic.pConstantCurrent>
  <cim:LoadResponseCharacteristic.pConstantPower>0</cim:LoadResponseCharacteristic.pConstantPower>
  <cim:LoadResponseCharacteristic.qConstantImpedance>100</cim:LoadResponseCharacteristic.qConstantImpedance>
  <cim:LoadResponseCharacteristic.qConstantCurrent>0</cim:LoadResponseCharacteristic.qConstantCurrent>
  <cim:LoadResponseCharacteristic.qConstantPower>0</cim:LoadResponseCharacteristic.qConstantPower>
  <cim:LoadResponseCharacteristic.pVoltageExponent>0</cim:LoadResponseCharacteristic.pVoltageExponent>
  <cim:LoadResponseCharacteristic.qVoltageExponent>0</cim:LoadResponseCharacteristic.qVoltageExponent>
  <cim:LoadResponseCharacteristic.pFrequencyExponent>0</cim:LoadResponseCharacteristic.pFrequencyExponent>
  <cim:LoadResponseCharacteristic.qFrequencyExponent>0</cim:LoadResponseCharacteristic.qFrequencyExponent>
</cim:LoadResponseCharacteristic>
<cim:LoadResponseCharacteristic rdf:about="urn:uuid:B04B2836-4C3A-4A8D-8C26-CF83A9B99B77">
  <cim:IdentifiedObject.mRID>B04B2836-4C3A-4A8D-8C26-CF83A9B99B77</cim:IdentifiedObject.mRID>
  <cim:IdentifiedObject.name>Motor</cim:IdentifiedObject.name>
  <cim:LoadResponseCharacteristic.exponentModel>false</cim:LoadResponseCharacteristic.exponentModel>
  <cim:LoadResponseCharacteristic.pConstantImpedance>0</cim:LoadResponseCharacteristic.pConstantImpedance>
  <cim:LoadResponseCharacteristic.pConstantCurrent>0</cim:LoadResponseCharacteristic.pConstantCurrent>
  <cim:LoadResponseCharacteristic.pConstantPower>100</cim:LoadResponseCharacteristic.pConstantPower>
  <cim:LoadResponseCharacteristic.qConstantImpedance>100</cim:LoadResponseCharacteristic.qConstantImpedance>
  <cim:LoadResponseCharacteristic.qConstantCurrent>0</cim:LoadResponseCharacteristic.qConstantCurrent>
  <cim:LoadResponseCharacteristic.qConstantPower>0</cim:LoadResponseCharacteristic.qConstantPower>
  <cim:LoadResponseCharacteristic.pVoltageExponent>0</cim:LoadResponseCharacteristic.pVoltageExponent>
  <cim:LoadResponseCharacteristic.qVoltageExponent>0</cim:LoadResponseCharacteristic.qVoltageExponent>
  <cim:LoadResponseCharacteristic.pFrequencyExponent>0</cim:LoadResponseCharacteristic.pFrequencyExponent>
  <cim:LoadResponseCharacteristic.qFrequencyExponent>0</cim:LoadResponseCharacteristic.qFrequencyExponent>
</cim:LoadResponseCharacteristic>
<cim:LoadResponseCharacteristic rdf:about="urn:uuid:2E732225-4DC4-4D26-AFD3-7BB6959E714B">
  <cim:IdentifiedObject.mRID>2E732225-4DC4-4D26-AFD3-7BB6959E714B</cim:IdentifiedObject.mRID>
  <cim:IdentifiedObject.name>Mix Motor/Res</cim:IdentifiedObject.name>
  <cim:LoadResponseCharacteristic.exponentModel>true</cim:LoadResponseCharacteristic.exponentModel>
  <cim:LoadResponseCharacteristic.pConstantImpedance>0</cim:LoadResponseCharacteristic.pConstantImpedance>
  <cim:LoadResponseCharacteristic.pConstantCurrent>0</cim:LoadResponseCharacteristic.pConstantCurrent>
  <cim:LoadResponseCharacteristic.pConstantPower>0</cim:LoadResponseCharacteristic.pConstantPower>
  <cim:LoadResponseCharacteristic.qConstantImpedance>0</cim:LoadResponseCharacteristic.qConstantImpedance>
  <cim:LoadResponseCharacteristic.qConstantCurrent>0</cim:LoadResponseCharacteristic.qConstantCurrent>
  <cim:LoadResponseCharacteristic.qConstantPower>0</cim:LoadResponseCharacteristic.qConstantPower>
  <cim:LoadResponseCharacteristic.pVoltageExponent>1</cim:LoadResponseCharacteristic.pVoltageExponent>
  <cim:LoadResponseCharacteristic.qVoltageExponent>2</cim:LoadResponseCharacteristic.qVoltageExponent>
  <cim:LoadResponseCharacteristic.pFrequencyExponent>0</cim:LoadResponseCharacteristic.pFrequencyExponent>
  <cim:LoadResponseCharacteristic.qFrequencyExponent>0</cim:LoadResponseCharacteristic.qFrequencyExponent>
</cim:LoadResponseCharacteristic>
<cim:LoadResponseCharacteristic rdf:about="urn:uuid:25C367C4-5CEB-4DC4-94A6-4A1419F6AFB0">
  <cim:IdentifiedObject.mRID>25C367C4-5CEB-4DC4-94A6-4A1419F6AFB0</cim:IdentifiedObject.mRID>
  <cim:IdentifiedObject.name>Constant I</cim:IdentifiedObject.name>
  <cim:LoadResponseCharacteristic.exponentModel>false</cim:LoadResponseCharacteristic.exponentModel>
  <cim:LoadResponseCharacteristic.pConstantImpedance>0</cim:LoadResponseCharacteristic.pConstantImpedance>
  <cim:LoadResponseCharacteristic.pConstantCurrent>100</cim:LoadResponseCharacteristic.pConstantCurrent>
  <cim:LoadResponseCharacteristic.pConstantPower>0</cim:LoadResponseCharacteristic.pConstantPower>
  <cim:LoadResponseCharacteristic.qConstantImpedance>0</cim:LoadResponseCharacteristic.qConstantImpedance>
  <cim:LoadResponseCharacteristic.qConstantCurrent>100</cim:LoadResponseCharacteristic.qConstantCurrent>
  <cim:LoadResponseCharacteristic.qConstantPower>0</cim:LoadResponseCharacteristic.qConstantPower>
  <cim:LoadResponseCharacteristic.pVoltageExponent>0</cim:LoadResponseCharacteristic.pVoltageExponent>
  <cim:LoadResponseCharacteristic.qVoltageExponent>0</cim:LoadResponseCharacteristic.qVoltageExponent>
  <cim:LoadResponseCharacteristic.pFrequencyExponent>0</cim:LoadResponseCharacteristic.pFrequencyExponent>
  <cim:LoadResponseCharacteristic.qFrequencyExponent>0</cim:LoadResponseCharacteristic.qFrequencyExponent>
</cim:LoadResponseCharacteristic>
<cim:LoadResponseCharacteristic rdf:about="urn:uuid:2CC5F1C2-AFF5-4998-80D5-211574D8B458">
  <cim:IdentifiedObject.mRID>2CC5F1C2-AFF5-4998-80D5-211574D8B458</cim:IdentifiedObject.mRID>
  <cim:IdentifiedObject.name>Variable P, Fixed Q</cim:IdentifiedObject.name>
  <cim:LoadResponseCharacteristic.exponentModel>false</cim:LoadResponseCharacteristic.exponentModel>
  <cim:LoadResponseCharacteristic.pConstantImpedance>0</cim:LoadResponseCharacteristic.pConstantImpedance>
  <cim:LoadResponseCharacteristic.pConstantCurrent>0</cim:LoadResponseCharacteristic.pConstantCurrent>
  <cim:LoadResponseCharacteristic.pConstantPower>100</cim:LoadResponseCharacteristic.pConstantPower>
  <cim:LoadResponseCharacteristic.qConstantImpedance>0</cim:LoadResponseCharacteristic.qConstantImpedance>
  <cim:LoadResponseCharacteristic.qConstantCurrent>0</cim:LoadResponseCharacteristic.qConstantCurrent>
  <cim:LoadResponseCharacteristic.qConstantPower>100</cim:LoadResponseCharacteristic.qConstantPower>
  <cim:LoadResponseCharacteristic.pVoltageExponent>0</cim:LoadResponseCharacteristic.pVoltageExponent>
  <cim:LoadResponseCharacteristic.qVoltageExponent>0</cim:LoadResponseCharacteristic.qVoltageExponent>
  <cim:LoadResponseCharacteristic.pFrequencyExponent>0</cim:LoadResponseCharacteristic.pFrequencyExponent>
  <cim:LoadResponseCharacteristic.qFrequencyExponent>0</cim:LoadResponseCharacteristic.qFrequencyExponent>
</cim:LoadResponseCharacteristic>
<cim:LoadResponseCharacteristic rdf:about="urn:uuid:F25773DB-D665-4686-AEF4-ECCD1E91AF02">
  <cim:IdentifiedObject.mRID>F25773DB-D665-4686-AEF4-ECCD1E91AF02</cim:IdentifiedObject.mRID>
  <cim:IdentifiedObject.name>Variable P, Fixed X</cim:IdentifiedObject.name>
  <cim:LoadResponseCharacteristic.exponentModel>false</cim:LoadResponseCharacteristic.exponentModel>
  <cim:LoadResponseCharacteristic.pConstantImpedance>0</cim:LoadResponseCharacteristic.pConstantImpedance>
  <cim:LoadResponseCharacteristic.pConstantCurrent>0</cim:LoadResponseCharacteristic.pConstantCurrent>
  <cim:LoadResponseCharacteristic.pConstantPower>100</cim:LoadResponseCharacteristic.pConstantPower>
  <cim:LoadResponseCharacteristic.qConstantImpedance>100</cim:LoadResponseCharacteristic.qConstantImpedance>
  <cim:LoadResponseCharacteristic.qConstantCurrent>0</cim:LoadResponseCharacteristic.qConstantCurrent>
  <cim:LoadResponseCharacteristic.qConstantPower>0</cim:LoadResponseCharacteristic.qConstantPower>
  <cim:LoadResponseCharacteristic.pVoltageExponent>0</cim:LoadResponseCharacteristic.pVoltageExponent>
  <cim:LoadResponseCharacteristic.qVoltageExponent>0</cim:LoadResponseCharacteristic.qVoltageExponent>
  <cim:LoadResponseCharacteristic.pFrequencyExponent>0</cim:LoadResponseCharacteristic.pFrequencyExponent>
  <cim:LoadResponseCharacteristic.qFrequencyExponent>0</cim:LoadResponseCharacteristic.qFrequencyExponent>
</cim:LoadResponseCharacteristic>
<cim:EnergyConsumer rdf:about="urn:uuid:D02D0DBD-92AD-4EE0-9843-DA576AD4D393">
  <cim:IdentifiedObject.mRID>D02D0DBD-92AD-4EE0-9843-DA576AD4D393</cim:IdentifiedObject.mRID>
  <cim:IdentifiedObject.name>test</cim:IdentifiedObject.name>
  <cim:Equipment.EquipmentContainer rdf:resource="urn:uuid:7528323E-ABA2-420F-B8B8-DA51E172BB46"/>
  <cim:ConductingEquipment.BaseVoltage rdf:resource="urn:uuid:A36575F3-1D25-42FE-AB7A-9960FFC9D71A"/>
  <cim:EnergyConsumer.LoadResponse rdf:resource="urn:uuid:37EBEDFB-C6CA-4A2C-BC79-4C0C5C976080"/>
  <cim:EnergyConsumer.p>3.3E8</cim:EnergyConsumer.p>
  <cim:EnergyConsumer.q>2.0451563E8</cim:EnergyConsumer.q>
  <cim:EnergyConsumer.customerCount>1</cim:EnergyConsumer.customerCount>
  <cim:EnergyConsumer.phaseConnection rdf:resource="http://iec.ch/TC57/CIM100#PhaseShuntConnectionKind.Y"/>
  <cim:EnergyConsumer.grounded>true</cim:EnergyConsumer.grounded>
  <cim:PowerSystemResource.Location rdf:resource="urn:uuid:C010E1AA-F42D-4C84-BF4A-F0A2AB95C4B1"/>
</cim:EnergyConsumer>
<cim:Terminal rdf:about="urn:uuid:5C3665AD-DC98-4683-871E-C74A4401E04F">
  <cim:IdentifiedObject.mRID>5C3665AD-DC98-4683-871E-C74A4401E04F</cim:IdentifiedObject.mRID>
  <cim:IdentifiedObject.name>test_T1</cim:IdentifiedObject.name>
  <cim:Terminal.ConductingEquipment rdf:resource="urn:uuid:D02D0DBD-92AD-4EE0-9843-DA576AD4D393"/>
  <cim:ACDCTerminal.sequenceNumber>1</cim:ACDCTerminal.sequenceNumber>
  <cim:Terminal.ConnectivityNode rdf:resource="urn:uuid:F0AC30C0-9404-4D39-8654-4B93DED4E3FA"/>
</cim:Terminal>
<cim:Location rdf:about="urn:uuid:C010E1AA-F42D-4C84-BF4A-F0A2AB95C4B1">
  <cim:IdentifiedObject.mRID>C010E1AA-F42D-4C84-BF4A-F0A2AB95C4B1</cim:IdentifiedObject.mRID>
  <cim:IdentifiedObject.name>test_Loc</cim:IdentifiedObject.name>
  <cim:Location.CoordinateSystem rdf:resource="urn:uuid:8DC56913-991B-4613-9C63-B434FF886911"/>
</cim:Location>
<cim:PositionPoint rdf:about="urn:uuid:FAE22B30-4A5D-4BD1-AB64-0D3E1F547EC7">
  <cim:PositionPoint.Location rdf:resource="urn:uuid:C010E1AA-F42D-4C84-BF4A-F0A2AB95C4B1"/>
  <cim:PositionPoint.sequenceNumber>1</cim:PositionPoint.sequenceNumber>
  <cim:PositionPoint.xPosition>0</cim:PositionPoint.xPosition>
  <cim:PositionPoint.yPosition>0</cim:PositionPoint.yPosition>
</cim:PositionPoint>
<cim:OperationalLimitSet rdf:about="urn:uuid:6B2C7E3A-CCC7-4B7F-B349-6ABF3A52000B">
  <cim:IdentifiedObject.mRID>6B2C7E3A-CCC7-4B7F-B349-6ABF3A52000B</cim:IdentifiedObject.mRID>
  <cim:IdentifiedObject.name>OpLimI_607.5_828.4</cim:IdentifiedObject.name>
</cim:OperationalLimitSet>
<cim:CurrentLimit rdf:about="urn:uuid:78DAAEC6-D8F4-47A5-9861-393E8A3E8E00">
  <cim:IdentifiedObject.mRID>78DAAEC6-D8F4-47A5-9861-393E8A3E8E00</cim:IdentifiedObject.mRID>
  <cim:IdentifiedObject.name>OpLimI_607.5_828.4_Norm</cim:IdentifiedObject.name>
  <cim:OperationalLimit.OperationalLimitSet rdf:resource="urn:uuid:6B2C7E3A-CCC7-4B7F-B349-6ABF3A52000B"/>
  <cim:OperationalLimit.OperationalLimitType rdf:resource="urn:uuid:2E35BD22-A7FD-4ECE-80DF-2D3ACED5B962"/>
  <cim:CurrentLimit.value>607.49035</cim:CurrentLimit.value>
</cim:CurrentLimit>
<cim:CurrentLimit rdf:about="urn:uuid:BC84E6AA-444D-426F-BEEC-CC59FD38E28D">
  <cim:IdentifiedObject.mRID>BC84E6AA-444D-426F-BEEC-CC59FD38E28D</cim:IdentifiedObject.mRID>
  <cim:IdentifiedObject.name>OpLimI_607.5_828.4_Emerg</cim:IdentifiedObject.name>
  <cim:OperationalLimit.OperationalLimitSet rdf:resource="urn:uuid:6B2C7E3A-CCC7-4B7F-B349-6ABF3A52000B"/>
  <cim:OperationalLimit.OperationalLimitType rdf:resource="urn:uuid:5225E3A1-C342-4B1F-A238-D4402C96EBEF"/>
  <cim:CurrentLimit.value>828.39593</cim:CurrentLimit.value>
</cim:CurrentLimit>
<cim:OperationalLimitSet rdf:about="urn:uuid:24622848-1204-4955-874B-AB57D618A7D3">
  <cim:IdentifiedObject.mRID>24622848-1204-4955-874B-AB57D618A7D3</cim:IdentifiedObject.mRID>
  <cim:IdentifiedObject.name>OpLimI_400.0_600.0</cim:IdentifiedObject.name>
</cim:OperationalLimitSet>
<cim:CurrentLimit rdf:about="urn:uuid:F32C68CB-10DD-4558-9AF8-1A18A15AE9F2">
  <cim:IdentifiedObject.mRID>F32C68CB-10DD-4558-9AF8-1A18A15AE9F2</cim:IdentifiedObject.mRID>
  <cim:IdentifiedObject.name>OpLimI_400.0_600.0_Norm</cim:IdentifiedObject.name>
  <cim:OperationalLimit.OperationalLimitSet rdf:resource="urn:uuid:24622848-1204-4955-874B-AB57D618A7D3"/>
  <cim:OperationalLimit.OperationalLimitType rdf:resource="urn:uuid:2E35BD22-A7FD-4ECE-80DF-2D3ACED5B962"/>
  <cim:CurrentLimit.value>400</cim:CurrentLimit.value>
</cim:CurrentLimit>
<cim:CurrentLimit rdf:about="urn:uuid:7CB622DF-1997-4F4B-8B9C-30122C7EB56A">
  <cim:IdentifiedObject.mRID>7CB622DF-1997-4F4B-8B9C-30122C7EB56A</cim:IdentifiedObject.mRID>
  <cim:IdentifiedObject.name>OpLimI_400.0_600.0_Emerg</cim:IdentifiedObject.name>
  <cim:OperationalLimit.OperationalLimitSet rdf:resource="urn:uuid:24622848-1204-4955-874B-AB57D618A7D3"/>
  <cim:OperationalLimit.OperationalLimitType rdf:resource="urn:uuid:5225E3A1-C342-4B1F-A238-D4402C96EBEF"/>
  <cim:CurrentLimit.value>600</cim:CurrentLimit.value>
</cim:CurrentLimit>
</rdf:RDF>
