<?xml version="1.0" encoding="utf-8"?>
<!-- un-comment this line to enable validation
-->
<rdf:RDF xmlns:cim="http://iec.ch/TC57/CIM100#" xmlns:rdf="http://www.w3.org/1999/02/22-rdf-syntax-ns#">
<!--
-->
<cim:IEC61970CIMVersion rdf:ID="_11802FBA-6501-48E8-83A9-C805E5BA81FF">
  <cim:IEC61970CIMVersion.version>IEC61970CIM100</cim:IEC61970CIMVersion.version>
  <cim:IEC61970CIMVersion.date>2019-04-01</cim:IEC61970CIMVersion.date>
</cim:IEC61970CIMVersion>
<cim:CoordinateSystem rdf:ID="_DDE155AC-8109-46A5-99C5-46B00C73A2CB">
  <cim:IdentifiedObject.mRID>_DDE155AC-8109-46A5-99C5-46B00C73A2CB</cim:IdentifiedObject.mRID>
  <cim:IdentifiedObject.name>auto_CrsUrn</cim:IdentifiedObject.name>
  <cim:CoordinateSystem.crsUrn>OpenDSSLocalBusCoordinates</cim:CoordinateSystem.crsUrn>
</cim:CoordinateSystem>
<cim:GeographicalRegion rdf:ID="_AD1DA889-DFEF-49D1-B564-7B7314C9F153">
  <cim:IdentifiedObject.mRID>_AD1DA889-DFEF-49D1-B564-7B7314C9F153</cim:IdentifiedObject.mRID>
  <cim:IdentifiedObject.name>geo1</cim:IdentifiedObject.name>
</cim:GeographicalRegion>
<cim:SubGeographicalRegion rdf:ID="_C0D0E05F-0570-4DBD-B67D-82F2B5C78908">
  <cim:IdentifiedObject.mRID>_C0D0E05F-0570-4DBD-B67D-82F2B5C78908</cim:IdentifiedObject.mRID>
  <cim:IdentifiedObject.name>subgeo1</cim:IdentifiedObject.name>
  <cim:SubGeographicalRegion.Region rdf:resource="#_AD1DA889-DFEF-49D1-B564-7B7314C9F153"/>
</cim:SubGeographicalRegion>
<cim:Substation rdf:ID="_AA587107-5103-4A11-B161-64BC2DB05BCB">
  <cim:IdentifiedObject.mRID>_AA587107-5103-4A11-B161-64BC2DB05BCB</cim:IdentifiedObject.mRID>
  <cim:IdentifiedObject.name>sub1</cim:IdentifiedObject.name>
  <cim:Substation.Region rdf:resource="#_C0D0E05F-0570-4DBD-B67D-82F2B5C78908"/>
</cim:Substation>
<cim:Location rdf:ID="_3F9FCDFD-48E9-4385-8EC3-EF6838DDBDCC">
  <cim:IdentifiedObject.mRID>_3F9FCDFD-48E9-4385-8EC3-EF6838DDBDCC</cim:IdentifiedObject.mRID>
  <cim:IdentifiedObject.name>auto_Location</cim:IdentifiedObject.name>
  <cim:Location.CoordinateSystem rdf:resource="#_DDE155AC-8109-46A5-99C5-46B00C73A2CB"/>
</cim:Location>
<cim:Feeder rdf:ID="_7AE1360F-8A58-49FE-8716-8CF8794B9F9A">
  <cim:IdentifiedObject.mRID>_7AE1360F-8A58-49FE-8716-8CF8794B9F9A</cim:IdentifiedObject.mRID>
  <cim:IdentifiedObject.name>auto</cim:IdentifiedObject.name>
  <cim:Feeder.NormalEnergizingSubstation rdf:resource="#_AA587107-5103-4A11-B161-64BC2DB05BCB"/>
  <cim:PowerSystemResource.Location rdf:resource="#_3F9FCDFD-48E9-4385-8EC3-EF6838DDBDCC"/>
</cim:Feeder>
<cim:OperationalLimitType rdf:ID="_44762AF0-7803-41A7-BA23-8D37C0CD26AE">
  <cim:IdentifiedObject.mRID>_44762AF0-7803-41A7-BA23-8D37C0CD26AE</cim:IdentifiedObject.mRID>
  <cim:IdentifiedObject.name>auto_NormAmpsType</cim:IdentifiedObject.name>
  <cim:OperationalLimitType.acceptableDuration>5E9</cim:OperationalLimitType.acceptableDuration>
  <cim:OperationalLimitType.direction rdf:resource="http://iec.ch/TC57/CIM100#OperationalLimitDirectionKind.absoluteValue"/>
</cim:OperationalLimitType>
<cim:OperationalLimitType rdf:ID="_FEE2A550-CD9F-4009-B2FA-72AD53FE38C9">
  <cim:IdentifiedObject.mRID>_FEE2A550-CD9F-4009-B2FA-72AD53FE38C9</cim:IdentifiedObject.mRID>
  <cim:IdentifiedObject.name>auto_EmergencyAmpsType</cim:IdentifiedObject.name>
  <cim:OperationalLimitType.acceptableDuration>7200</cim:OperationalLimitType.acceptableDuration>
  <cim:OperationalLimitType.direction rdf:resource="http://iec.ch/TC57/CIM100#OperationalLimitDirectionKind.absoluteValue"/>
</cim:OperationalLimitType>
<cim:OperationalLimitType rdf:ID="_3B8BDB0C-5B13-426C-826E-45BC091010EC">
  <cim:IdentifiedObject.mRID>_3B8BDB0C-5B13-426C-826E-45BC091010EC</cim:IdentifiedObject.mRID>
  <cim:IdentifiedObject.name>auto_RangeAHiType</cim:IdentifiedObject.name>
  <cim:OperationalLimitType.acceptableDuration>5E9</cim:OperationalLimitType.acceptableDuration>
  <cim:OperationalLimitType.direction rdf:resource="http://iec.ch/TC57/CIM100#OperationalLimitDirectionKind.high"/>
</cim:OperationalLimitType>
<cim:OperationalLimitType rdf:ID="_0543BAE8-5540-4CAF-8527-8F3B76EFFE06">
  <cim:IdentifiedObject.mRID>_0543BAE8-5540-4CAF-8527-8F3B76EFFE06</cim:IdentifiedObject.mRID>
  <cim:IdentifiedObject.name>auto_RangeALoType</cim:IdentifiedObject.name>
  <cim:OperationalLimitType.acceptableDuration>5E9</cim:OperationalLimitType.acceptableDuration>
  <cim:OperationalLimitType.direction rdf:resource="http://iec.ch/TC57/CIM100#OperationalLimitDirectionKind.low"/>
</cim:OperationalLimitType>
<cim:OperationalLimitType rdf:ID="_4EFC1845-34D2-4E03-9079-C7DBB576F991">
  <cim:IdentifiedObject.mRID>_4EFC1845-34D2-4E03-9079-C7DBB576F991</cim:IdentifiedObject.mRID>
  <cim:IdentifiedObject.name>auto_RangeBHiType</cim:IdentifiedObject.name>
  <cim:OperationalLimitType.acceptableDuration>86400</cim:OperationalLimitType.acceptableDuration>
  <cim:OperationalLimitType.direction rdf:resource="http://iec.ch/TC57/CIM100#OperationalLimitDirectionKind.high"/>
</cim:OperationalLimitType>
<cim:OperationalLimitType rdf:ID="_C909D7E5-AA2B-436C-AAEF-E5036BCE4B1B">
  <cim:IdentifiedObject.mRID>_C909D7E5-AA2B-436C-AAEF-E5036BCE4B1B</cim:IdentifiedObject.mRID>
  <cim:IdentifiedObject.name>auto_RangeBLoType</cim:IdentifiedObject.name>
  <cim:OperationalLimitType.acceptableDuration>86400</cim:OperationalLimitType.acceptableDuration>
  <cim:OperationalLimitType.direction rdf:resource="http://iec.ch/TC57/CIM100#OperationalLimitDirectionKind.low"/>
</cim:OperationalLimitType>
<cim:BaseVoltage rdf:ID="_CC7296A1-9A4C-4A6F-B71D-FEFD582C3CB8">
  <cim:IdentifiedObject.mRID>_CC7296A1-9A4C-4A6F-B71D-FEFD582C3CB8</cim:IdentifiedObject.mRID>
  <cim:IdentifiedObject.name>BaseV_345.0000</cim:IdentifiedObject.name>
  <cim:BaseVoltage.nominalVoltage>345000</cim:BaseVoltage.nominalVoltage>
</cim:BaseVoltage>
<cim:OperationalLimitSet rdf:ID="_1DE4B006-B58F-4DFB-9F4D-E65D24A2368A">
  <cim:IdentifiedObject.mRID>_1DE4B006-B58F-4DFB-9F4D-E65D24A2368A</cim:IdentifiedObject.mRID>
  <cim:IdentifiedObject.name>OpLimV_345.0000</cim:IdentifiedObject.name>
</cim:OperationalLimitSet>
<cim:VoltageLimit rdf:ID="_720D02DF-5B50-4B83-8F0B-FFC6538F0200">
  <cim:IdentifiedObject.mRID>_720D02DF-5B50-4B83-8F0B-FFC6538F0200</cim:IdentifiedObject.mRID>
  <cim:IdentifiedObject.name>OpLimV_345.0000_RangeAHi</cim:IdentifiedObject.name>
  <cim:OperationalLimit.OperationalLimitSet rdf:resource="#_1DE4B006-B58F-4DFB-9F4D-E65D24A2368A"/>
  <cim:OperationalLimit.OperationalLimitType rdf:resource="#_3B8BDB0C-5B13-426C-826E-45BC091010EC"/>
  <cim:VoltageLimit.value>362250</cim:VoltageLimit.value>
</cim:VoltageLimit>
<cim:VoltageLimit rdf:ID="_86E6AF19-60EB-4AA3-BDF4-66CC6D4BF7C4">
  <cim:IdentifiedObject.mRID>_86E6AF19-60EB-4AA3-BDF4-66CC6D4BF7C4</cim:IdentifiedObject.mRID>
  <cim:IdentifiedObject.name>OpLimV_345.0000_RangeALo</cim:IdentifiedObject.name>
  <cim:OperationalLimit.OperationalLimitSet rdf:resource="#_1DE4B006-B58F-4DFB-9F4D-E65D24A2368A"/>
  <cim:OperationalLimit.OperationalLimitType rdf:resource="#_0543BAE8-5540-4CAF-8527-8F3B76EFFE06"/>
  <cim:VoltageLimit.value>327750</cim:VoltageLimit.value>
</cim:VoltageLimit>
<cim:VoltageLimit rdf:ID="_49B21A6C-08DD-4E63-88E2-2ED3F93FFC08">
  <cim:IdentifiedObject.mRID>_49B21A6C-08DD-4E63-88E2-2ED3F93FFC08</cim:IdentifiedObject.mRID>
  <cim:IdentifiedObject.name>OpLimV_345.0000_RangeBHi</cim:IdentifiedObject.name>
  <cim:OperationalLimit.OperationalLimitSet rdf:resource="#_1DE4B006-B58F-4DFB-9F4D-E65D24A2368A"/>
  <cim:OperationalLimit.OperationalLimitType rdf:resource="#_4EFC1845-34D2-4E03-9079-C7DBB576F991"/>
  <cim:VoltageLimit.value>365124.99</cim:VoltageLimit.value>
</cim:VoltageLimit>
<cim:VoltageLimit rdf:ID="_FFE1DAB9-32AB-4C9A-9600-08E85149DE6B">
  <cim:IdentifiedObject.mRID>_FFE1DAB9-32AB-4C9A-9600-08E85149DE6B</cim:IdentifiedObject.mRID>
  <cim:IdentifiedObject.name>OpLimV_345.0000_RangeBLo</cim:IdentifiedObject.name>
  <cim:OperationalLimit.OperationalLimitSet rdf:resource="#_1DE4B006-B58F-4DFB-9F4D-E65D24A2368A"/>
  <cim:OperationalLimit.OperationalLimitType rdf:resource="#_C909D7E5-AA2B-436C-AAEF-E5036BCE4B1B"/>
  <cim:VoltageLimit.value>316250.01</cim:VoltageLimit.value>
</cim:VoltageLimit>
<cim:BaseVoltage rdf:ID="_FAA6603E-A17E-4EBB-B458-0EF87E76F86F">
  <cim:IdentifiedObject.mRID>_FAA6603E-A17E-4EBB-B458-0EF87E76F86F</cim:IdentifiedObject.mRID>
  <cim:IdentifiedObject.name>BaseV_161.0000</cim:IdentifiedObject.name>
  <cim:BaseVoltage.nominalVoltage>161000</cim:BaseVoltage.nominalVoltage>
</cim:BaseVoltage>
<cim:OperationalLimitSet rdf:ID="_22367665-3124-4B4D-9DAA-C8C53E97CCE6">
  <cim:IdentifiedObject.mRID>_22367665-3124-4B4D-9DAA-C8C53E97CCE6</cim:IdentifiedObject.mRID>
  <cim:IdentifiedObject.name>OpLimV_161.0000</cim:IdentifiedObject.name>
</cim:OperationalLimitSet>
<cim:VoltageLimit rdf:ID="_A66CFBF2-BFC3-4F5A-8CE3-BFA05EB883BD">
  <cim:IdentifiedObject.mRID>_A66CFBF2-BFC3-4F5A-8CE3-BFA05EB883BD</cim:IdentifiedObject.mRID>
  <cim:IdentifiedObject.name>OpLimV_161.0000_RangeAHi</cim:IdentifiedObject.name>
  <cim:OperationalLimit.OperationalLimitSet rdf:resource="#_22367665-3124-4B4D-9DAA-C8C53E97CCE6"/>
  <cim:OperationalLimit.OperationalLimitType rdf:resource="#_3B8BDB0C-5B13-426C-826E-45BC091010EC"/>
  <cim:VoltageLimit.value>169050</cim:VoltageLimit.value>
</cim:VoltageLimit>
<cim:VoltageLimit rdf:ID="_7617EF68-9550-478A-AC41-64E1C5CC2B9F">
  <cim:IdentifiedObject.mRID>_7617EF68-9550-478A-AC41-64E1C5CC2B9F</cim:IdentifiedObject.mRID>
  <cim:IdentifiedObject.name>OpLimV_161.0000_RangeALo</cim:IdentifiedObject.name>
  <cim:OperationalLimit.OperationalLimitSet rdf:resource="#_22367665-3124-4B4D-9DAA-C8C53E97CCE6"/>
  <cim:OperationalLimit.OperationalLimitType rdf:resource="#_0543BAE8-5540-4CAF-8527-8F3B76EFFE06"/>
  <cim:VoltageLimit.value>152950</cim:VoltageLimit.value>
</cim:VoltageLimit>
<cim:VoltageLimit rdf:ID="_1605E7B0-77D7-44A2-9429-E8F852E5B05E">
  <cim:IdentifiedObject.mRID>_1605E7B0-77D7-44A2-9429-E8F852E5B05E</cim:IdentifiedObject.mRID>
  <cim:IdentifiedObject.name>OpLimV_161.0000_RangeBHi</cim:IdentifiedObject.name>
  <cim:OperationalLimit.OperationalLimitSet rdf:resource="#_22367665-3124-4B4D-9DAA-C8C53E97CCE6"/>
  <cim:OperationalLimit.OperationalLimitType rdf:resource="#_4EFC1845-34D2-4E03-9079-C7DBB576F991"/>
  <cim:VoltageLimit.value>170391.66</cim:VoltageLimit.value>
</cim:VoltageLimit>
<cim:VoltageLimit rdf:ID="_C5EEC9E2-DB4E-43B8-9337-4647A39397A5">
  <cim:IdentifiedObject.mRID>_C5EEC9E2-DB4E-43B8-9337-4647A39397A5</cim:IdentifiedObject.mRID>
  <cim:IdentifiedObject.name>OpLimV_161.0000_RangeBLo</cim:IdentifiedObject.name>
  <cim:OperationalLimit.OperationalLimitSet rdf:resource="#_22367665-3124-4B4D-9DAA-C8C53E97CCE6"/>
  <cim:OperationalLimit.OperationalLimitType rdf:resource="#_C909D7E5-AA2B-436C-AAEF-E5036BCE4B1B"/>
  <cim:VoltageLimit.value>147583.34</cim:VoltageLimit.value>
</cim:VoltageLimit>
<cim:BaseVoltage rdf:ID="_0B92B763-77B0-4C61-9FDE-A6D18D1F41B7">
  <cim:IdentifiedObject.mRID>_0B92B763-77B0-4C61-9FDE-A6D18D1F41B7</cim:IdentifiedObject.mRID>
  <cim:IdentifiedObject.name>BaseV_13.8000</cim:IdentifiedObject.name>
  <cim:BaseVoltage.nominalVoltage>13800</cim:BaseVoltage.nominalVoltage>
</cim:BaseVoltage>
<cim:OperationalLimitSet rdf:ID="_BB7D1A61-7720-4CFA-A325-563F789D501E">
  <cim:IdentifiedObject.mRID>_BB7D1A61-7720-4CFA-A325-563F789D501E</cim:IdentifiedObject.mRID>
  <cim:IdentifiedObject.name>OpLimV_13.8000</cim:IdentifiedObject.name>
</cim:OperationalLimitSet>
<cim:VoltageLimit rdf:ID="_D595AF9A-876A-44EA-9CA1-ECF8A54BCC90">
  <cim:IdentifiedObject.mRID>_D595AF9A-876A-44EA-9CA1-ECF8A54BCC90</cim:IdentifiedObject.mRID>
  <cim:IdentifiedObject.name>OpLimV_13.8000_RangeAHi</cim:IdentifiedObject.name>
  <cim:OperationalLimit.OperationalLimitSet rdf:resource="#_BB7D1A61-7720-4CFA-A325-563F789D501E"/>
  <cim:OperationalLimit.OperationalLimitType rdf:resource="#_3B8BDB0C-5B13-426C-826E-45BC091010EC"/>
  <cim:VoltageLimit.value>14490</cim:VoltageLimit.value>
</cim:VoltageLimit>
<cim:VoltageLimit rdf:ID="_01B7D6E1-C984-4B66-9C0B-CCDC0FF71E9E">
  <cim:IdentifiedObject.mRID>_01B7D6E1-C984-4B66-9C0B-CCDC0FF71E9E</cim:IdentifiedObject.mRID>
  <cim:IdentifiedObject.name>OpLimV_13.8000_RangeALo</cim:IdentifiedObject.name>
  <cim:OperationalLimit.OperationalLimitSet rdf:resource="#_BB7D1A61-7720-4CFA-A325-563F789D501E"/>
  <cim:OperationalLimit.OperationalLimitType rdf:resource="#_0543BAE8-5540-4CAF-8527-8F3B76EFFE06"/>
  <cim:VoltageLimit.value>13110</cim:VoltageLimit.value>
</cim:VoltageLimit>
<cim:VoltageLimit rdf:ID="_8AA882FF-6859-4D51-BF74-3FF702D6CF13">
  <cim:IdentifiedObject.mRID>_8AA882FF-6859-4D51-BF74-3FF702D6CF13</cim:IdentifiedObject.mRID>
  <cim:IdentifiedObject.name>OpLimV_13.8000_RangeBHi</cim:IdentifiedObject.name>
  <cim:OperationalLimit.OperationalLimitSet rdf:resource="#_BB7D1A61-7720-4CFA-A325-563F789D501E"/>
  <cim:OperationalLimit.OperationalLimitType rdf:resource="#_4EFC1845-34D2-4E03-9079-C7DBB576F991"/>
  <cim:VoltageLimit.value>14605</cim:VoltageLimit.value>
</cim:VoltageLimit>
<cim:VoltageLimit rdf:ID="_88FED217-6F61-4BB2-8D48-137A4A1F1372">
  <cim:IdentifiedObject.mRID>_88FED217-6F61-4BB2-8D48-137A4A1F1372</cim:IdentifiedObject.mRID>
  <cim:IdentifiedObject.name>OpLimV_13.8000_RangeBLo</cim:IdentifiedObject.name>
  <cim:OperationalLimit.OperationalLimitSet rdf:resource="#_BB7D1A61-7720-4CFA-A325-563F789D501E"/>
  <cim:OperationalLimit.OperationalLimitType rdf:resource="#_C909D7E5-AA2B-436C-AAEF-E5036BCE4B1B"/>
  <cim:VoltageLimit.value>12650</cim:VoltageLimit.value>
</cim:VoltageLimit>
<cim:TopologicalNode rdf:ID="_F6B6C7DD-4DF2-464B-9818-647E035A08B5">
  <cim:IdentifiedObject.mRID>_F6B6C7DD-4DF2-464B-9818-647E035A08B5</cim:IdentifiedObject.mRID>
  <cim:IdentifiedObject.name>sourcebus</cim:IdentifiedObject.name>
  <cim:TopologicalNode.TopologicalIsland rdf:resource="#_4AA45A22-0F27-4B78-A17E-B6FD4C64A86A"/>
</cim:TopologicalNode>
<cim:ConnectivityNode rdf:ID="_1B163789-CFCE-4374-B0F3-D14F5D5AD3FD">
  <cim:IdentifiedObject.mRID>_1B163789-CFCE-4374-B0F3-D14F5D5AD3FD</cim:IdentifiedObject.mRID>
  <cim:IdentifiedObject.name>sourcebus</cim:IdentifiedObject.name>
  <cim:ConnectivityNode.TopologicalNode rdf:resource="#_F6B6C7DD-4DF2-464B-9818-647E035A08B5"/>
  <cim:ConnectivityNode.OperationalLimitSet rdf:resource="#_1DE4B006-B58F-4DFB-9F4D-E65D24A2368A"/>
  <cim:ConnectivityNode.ConnectivityNodeContainer rdf:resource="#_7AE1360F-8A58-49FE-8716-8CF8794B9F9A"/>
</cim:ConnectivityNode>
<cim:TopologicalNode rdf:ID="_916CC0C5-94DA-44D1-B4FC-F0512901A677">
  <cim:IdentifiedObject.mRID>_916CC0C5-94DA-44D1-B4FC-F0512901A677</cim:IdentifiedObject.mRID>
  <cim:IdentifiedObject.name>high</cim:IdentifiedObject.name>
  <cim:TopologicalNode.TopologicalIsland rdf:resource="#_4AA45A22-0F27-4B78-A17E-B6FD4C64A86A"/>
</cim:TopologicalNode>
<cim:ConnectivityNode rdf:ID="_C7DB7753-8BC8-4FC5-B475-B1CC0FD35E03">
  <cim:IdentifiedObject.mRID>_C7DB7753-8BC8-4FC5-B475-B1CC0FD35E03</cim:IdentifiedObject.mRID>
  <cim:IdentifiedObject.name>high</cim:IdentifiedObject.name>
  <cim:ConnectivityNode.TopologicalNode rdf:resource="#_916CC0C5-94DA-44D1-B4FC-F0512901A677"/>
  <cim:ConnectivityNode.OperationalLimitSet rdf:resource="#_1DE4B006-B58F-4DFB-9F4D-E65D24A2368A"/>
  <cim:ConnectivityNode.ConnectivityNodeContainer rdf:resource="#_7AE1360F-8A58-49FE-8716-8CF8794B9F9A"/>
</cim:ConnectivityNode>
<cim:TopologicalNode rdf:ID="_98D2D781-C39B-422B-9A8E-95ADF38AABC4">
  <cim:IdentifiedObject.mRID>_98D2D781-C39B-422B-9A8E-95ADF38AABC4</cim:IdentifiedObject.mRID>
  <cim:IdentifiedObject.name>auto</cim:IdentifiedObject.name>
  <cim:TopologicalNode.TopologicalIsland rdf:resource="#_4AA45A22-0F27-4B78-A17E-B6FD4C64A86A"/>
</cim:TopologicalNode>
<cim:ConnectivityNode rdf:ID="_AF1FE865-0263-4F86-AE4F-16A6AC572DBC">
  <cim:IdentifiedObject.mRID>_AF1FE865-0263-4F86-AE4F-16A6AC572DBC</cim:IdentifiedObject.mRID>
  <cim:IdentifiedObject.name>auto</cim:IdentifiedObject.name>
  <cim:ConnectivityNode.TopologicalNode rdf:resource="#_98D2D781-C39B-422B-9A8E-95ADF38AABC4"/>
  <cim:ConnectivityNode.OperationalLimitSet rdf:resource="#_1DE4B006-B58F-4DFB-9F4D-E65D24A2368A"/>
  <cim:ConnectivityNode.ConnectivityNodeContainer rdf:resource="#_7AE1360F-8A58-49FE-8716-8CF8794B9F9A"/>
</cim:ConnectivityNode>
<cim:TopologicalNode rdf:ID="_8802D827-339F-4E21-8BA0-6F3AD1BF18C5">
  <cim:IdentifiedObject.mRID>_8802D827-339F-4E21-8BA0-6F3AD1BF18C5</cim:IdentifiedObject.mRID>
  <cim:IdentifiedObject.name>low</cim:IdentifiedObject.name>
  <cim:TopologicalNode.TopologicalIsland rdf:resource="#_4AA45A22-0F27-4B78-A17E-B6FD4C64A86A"/>
</cim:TopologicalNode>
<cim:ConnectivityNode rdf:ID="_072F3444-4004-4D31-A8C7-5C66378798B0">
  <cim:IdentifiedObject.mRID>_072F3444-4004-4D31-A8C7-5C66378798B0</cim:IdentifiedObject.mRID>
  <cim:IdentifiedObject.name>low</cim:IdentifiedObject.name>
  <cim:ConnectivityNode.TopologicalNode rdf:resource="#_8802D827-339F-4E21-8BA0-6F3AD1BF18C5"/>
  <cim:ConnectivityNode.OperationalLimitSet rdf:resource="#_22367665-3124-4B4D-9DAA-C8C53E97CCE6"/>
  <cim:ConnectivityNode.ConnectivityNodeContainer rdf:resource="#_7AE1360F-8A58-49FE-8716-8CF8794B9F9A"/>
</cim:ConnectivityNode>
<cim:TopologicalNode rdf:ID="_70864EEB-B532-4A64-9410-71429CE22583">
  <cim:IdentifiedObject.mRID>_70864EEB-B532-4A64-9410-71429CE22583</cim:IdentifiedObject.mRID>
  <cim:IdentifiedObject.name>tert</cim:IdentifiedObject.name>
  <cim:TopologicalNode.TopologicalIsland rdf:resource="#_4AA45A22-0F27-4B78-A17E-B6FD4C64A86A"/>
</cim:TopologicalNode>
<cim:ConnectivityNode rdf:ID="_BA2C1511-BB49-405B-AD5E-D6CCBA2DD1DC">
  <cim:IdentifiedObject.mRID>_BA2C1511-BB49-405B-AD5E-D6CCBA2DD1DC</cim:IdentifiedObject.mRID>
  <cim:IdentifiedObject.name>tert</cim:IdentifiedObject.name>
  <cim:ConnectivityNode.TopologicalNode rdf:resource="#_70864EEB-B532-4A64-9410-71429CE22583"/>
  <cim:ConnectivityNode.OperationalLimitSet rdf:resource="#_BB7D1A61-7720-4CFA-A325-563F789D501E"/>
  <cim:ConnectivityNode.ConnectivityNodeContainer rdf:resource="#_7AE1360F-8A58-49FE-8716-8CF8794B9F9A"/>
</cim:ConnectivityNode>
<cim:TopologicalIsland rdf:ID="_4AA45A22-0F27-4B78-A17E-B6FD4C64A86A">
  <cim:IdentifiedObject.mRID>_4AA45A22-0F27-4B78-A17E-B6FD4C64A86A</cim:IdentifiedObject.mRID>
  <cim:IdentifiedObject.name>auto_Island</cim:IdentifiedObject.name>
  <cim:TopologicalIsland.AngleRefTopologicalNode rdf:resource="#_F6B6C7DD-4DF2-464B-9818-647E035A08B5"/>
</cim:TopologicalIsland>
<cim:EnergySource rdf:ID="_74446F45-E72E-40B3-A29C-8701DEFBB232">
  <cim:IdentifiedObject.mRID>_74446F45-E72E-40B3-A29C-8701DEFBB232</cim:IdentifiedObject.mRID>
  <cim:IdentifiedObject.name>source</cim:IdentifiedObject.name>
  <cim:Equipment.EquipmentContainer rdf:resource="#_7AE1360F-8A58-49FE-8716-8CF8794B9F9A"/>
  <cim:ConductingEquipment.BaseVoltage rdf:resource="#_CC7296A1-9A4C-4A6F-B71D-FEFD582C3CB8"/>
  <cim:EnergySource.nominalVoltage>345000</cim:EnergySource.nominalVoltage>
  <cim:EnergySource.voltageMagnitude>345000</cim:EnergySource.voltageMagnitude>
  <cim:EnergySource.voltageAngle>0</cim:EnergySource.voltageAngle>
  <cim:EnergySource.r>0.014433901</cim:EnergySource.r>
  <cim:EnergySource.x>0.057735606</cim:EnergySource.x>
  <cim:EnergySource.r0>0.018856521</cim:EnergySource.r0>
  <cim:EnergySource.x0>0.056569563</cim:EnergySource.x0>
  <cim:PowerSystemResource.Location rdf:resource="#_86C7B13B-3A03-4D88-B2DF-CFF2F5B5BAB2"/>
</cim:EnergySource>
<cim:Terminal rdf:ID="_C3478A9B-CCE3-4D0F-8B3D-FDC8B002A13D">
  <cim:IdentifiedObject.mRID>_C3478A9B-CCE3-4D0F-8B3D-FDC8B002A13D</cim:IdentifiedObject.mRID>
  <cim:IdentifiedObject.name>source_T1</cim:IdentifiedObject.name>
  <cim:Terminal.ConductingEquipment rdf:resource="#_74446F45-E72E-40B3-A29C-8701DEFBB232"/>
  <cim:ACDCTerminal.sequenceNumber>1</cim:ACDCTerminal.sequenceNumber>
  <cim:Terminal.ConnectivityNode rdf:resource="#_1B163789-CFCE-4374-B0F3-D14F5D5AD3FD"/>
</cim:Terminal>
<cim:Location rdf:ID="_86C7B13B-3A03-4D88-B2DF-CFF2F5B5BAB2">
  <cim:IdentifiedObject.mRID>_86C7B13B-3A03-4D88-B2DF-CFF2F5B5BAB2</cim:IdentifiedObject.mRID>
  <cim:IdentifiedObject.name>source_Loc</cim:IdentifiedObject.name>
  <cim:Location.CoordinateSystem rdf:resource="#_DDE155AC-8109-46A5-99C5-46B00C73A2CB"/>
</cim:Location>
<cim:PositionPoint rdf:ID="_C49FD1F1-5ECE-4AC4-8925-733E09C74E57">
  <cim:PositionPoint.Location rdf:resource="#_86C7B13B-3A03-4D88-B2DF-CFF2F5B5BAB2"/>
  <cim:PositionPoint.sequenceNumber>1</cim:PositionPoint.sequenceNumber>
  <cim:PositionPoint.xPosition>0</cim:PositionPoint.xPosition>
  <cim:PositionPoint.yPosition>0</cim:PositionPoint.yPosition>
</cim:PositionPoint>
<cim:PowerTransformerInfo rdf:ID="_7761B072-B4E4-44CE-B808-24BFD24278C6">
  <cim:IdentifiedObject.mRID>_7761B072-B4E4-44CE-B808-24BFD24278C6</cim:IdentifiedObject.mRID>
  <cim:IdentifiedObject.name>auto_PowerXfInfo</cim:IdentifiedObject.name>
</cim:PowerTransformerInfo>
<cim:TransformerTankInfo rdf:ID="_1858EBB5-F1A1-4E07-A2D6-BF3B9E4A78CC">
  <cim:IdentifiedObject.mRID>_1858EBB5-F1A1-4E07-A2D6-BF3B9E4A78CC</cim:IdentifiedObject.mRID>
  <cim:IdentifiedObject.name>auto</cim:IdentifiedObject.name>
  <cim:TransformerTankInfo.PowerTransformerInfo rdf:resource="#_7761B072-B4E4-44CE-B808-24BFD24278C6"/>
</cim:TransformerTankInfo>
<cim:TransformerEndInfo rdf:ID="_51F53CAB-DA0B-4BB8-896E-69BBDD81073B">
  <cim:IdentifiedObject.mRID>_51F53CAB-DA0B-4BB8-896E-69BBDD81073B</cim:IdentifiedObject.mRID>
  <cim:IdentifiedObject.name>auto_1</cim:IdentifiedObject.name>
  <cim:TransformerEndInfo.TransformerTankInfo rdf:resource="#_1858EBB5-F1A1-4E07-A2D6-BF3B9E4A78CC"/>
  <cim:TransformerEndInfo.endNumber>1</cim:TransformerEndInfo.endNumber>
  <cim:TransformerEndInfo.connectionKind rdf:resource="http://iec.ch/TC57/CIM100#WindingConnection.I"/>
  <cim:TransformerEndInfo.phaseAngleClock>0</cim:TransformerEndInfo.phaseAngleClock>
  <cim:TransformerEndInfo.ratedU>106230</cim:TransformerEndInfo.ratedU>
  <cim:TransformerEndInfo.ratedS>58667000</cim:TransformerEndInfo.ratedS>
  <cim:TransformerEndInfo.shortTermS>64533700</cim:TransformerEndInfo.shortTermS>
  <cim:TransformerEndInfo.emergencyS>88000500</cim:TransformerEndInfo.emergencyS>
  <cim:TransformerEndInfo.r>0.17792715</cim:TransformerEndInfo.r>
  <cim:TransformerEndInfo.insulationU>0</cim:TransformerEndInfo.insulationU>
</cim:TransformerEndInfo>
<cim:TransformerEndInfo rdf:ID="_975EA78C-6805-4DC1-8D2A-95A14B928E5D">
  <cim:IdentifiedObject.mRID>_975EA78C-6805-4DC1-8D2A-95A14B928E5D</cim:IdentifiedObject.mRID>
  <cim:IdentifiedObject.name>auto_2</cim:IdentifiedObject.name>
  <cim:TransformerEndInfo.TransformerTankInfo rdf:resource="#_1858EBB5-F1A1-4E07-A2D6-BF3B9E4A78CC"/>
  <cim:TransformerEndInfo.endNumber>2</cim:TransformerEndInfo.endNumber>
  <cim:TransformerEndInfo.connectionKind rdf:resource="http://iec.ch/TC57/CIM100#WindingConnection.I"/>
  <cim:TransformerEndInfo.phaseAngleClock>0</cim:TransformerEndInfo.phaseAngleClock>
  <cim:TransformerEndInfo.ratedU>92950</cim:TransformerEndInfo.ratedU>
  <cim:TransformerEndInfo.ratedS>58667000</cim:TransformerEndInfo.ratedS>
  <cim:TransformerEndInfo.shortTermS>64533700</cim:TransformerEndInfo.shortTermS>
  <cim:TransformerEndInfo.emergencyS>88000500</cim:TransformerEndInfo.emergencyS>
  <cim:TransformerEndInfo.r>0.15345203</cim:TransformerEndInfo.r>
  <cim:TransformerEndInfo.insulationU>0</cim:TransformerEndInfo.insulationU>
</cim:TransformerEndInfo>
<cim:TransformerEndInfo rdf:ID="_E63756D4-7CDC-45A7-84BB-16E8C1A6AAC5">
  <cim:IdentifiedObject.mRID>_E63756D4-7CDC-45A7-84BB-16E8C1A6AAC5</cim:IdentifiedObject.mRID>
  <cim:IdentifiedObject.name>auto_3</cim:IdentifiedObject.name>
  <cim:TransformerEndInfo.TransformerTankInfo rdf:resource="#_1858EBB5-F1A1-4E07-A2D6-BF3B9E4A78CC"/>
  <cim:TransformerEndInfo.endNumber>3</cim:TransformerEndInfo.endNumber>
  <cim:TransformerEndInfo.connectionKind rdf:resource="http://iec.ch/TC57/CIM100#WindingConnection.I"/>
  <cim:TransformerEndInfo.phaseAngleClock>0</cim:TransformerEndInfo.phaseAngleClock>
  <cim:TransformerEndInfo.ratedU>13800</cim:TransformerEndInfo.ratedU>
  <cim:TransformerEndInfo.ratedS>24000000</cim:TransformerEndInfo.ratedS>
  <cim:TransformerEndInfo.shortTermS>26400000</cim:TransformerEndInfo.shortTermS>
  <cim:TransformerEndInfo.emergencyS>36000000</cim:TransformerEndInfo.emergencyS>
  <cim:TransformerEndInfo.r>0.022823455</cim:TransformerEndInfo.r>
  <cim:TransformerEndInfo.insulationU>0</cim:TransformerEndInfo.insulationU>
</cim:TransformerEndInfo>
<cim:NoLoadTest rdf:ID="_8083F517-CA4F-4C4D-B2DF-99138D6FA5BD">
  <cim:IdentifiedObject.mRID>_8083F517-CA4F-4C4D-B2DF-99138D6FA5BD</cim:IdentifiedObject.mRID>
  <cim:IdentifiedObject.name>auto_1</cim:IdentifiedObject.name>
  <cim:NoLoadTest.EnergisedEnd rdf:resource="#_51F53CAB-DA0B-4BB8-896E-69BBDD81073B"/>
  <cim:NoLoadTest.energisedEndVoltage>106230</cim:NoLoadTest.energisedEndVoltage>
  <cim:NoLoadTest.excitingCurrent>0.062</cim:NoLoadTest.excitingCurrent>
  <cim:NoLoadTest.excitingCurrentZero>0.062</cim:NoLoadTest.excitingCurrentZero>
  <cim:NoLoadTest.loss>26.40015</cim:NoLoadTest.loss>
  <cim:NoLoadTest.lossZero>26.40015</cim:NoLoadTest.lossZero>
  <cim:TransformerTest.basePower>58667000</cim:TransformerTest.basePower>
  <cim:TransformerTest.temperature>50</cim:TransformerTest.temperature>
</cim:NoLoadTest>
<cim:ShortCircuitTest rdf:ID="_675F9472-78BA-45C4-B646-99D5067EACA4">
  <cim:IdentifiedObject.mRID>_675F9472-78BA-45C4-B646-99D5067EACA4</cim:IdentifiedObject.mRID>
  <cim:IdentifiedObject.name>auto_1</cim:IdentifiedObject.name>
  <cim:ShortCircuitTest.EnergisedEnd rdf:resource="#_51F53CAB-DA0B-4BB8-896E-69BBDD81073B"/>
  <cim:ShortCircuitTest.GroundedEnds rdf:resource="#_975EA78C-6805-4DC1-8D2A-95A14B928E5D"/>
  <cim:ShortCircuitTest.energisedEndStep>16</cim:ShortCircuitTest.energisedEndStep>
  <cim:ShortCircuitTest.groundedEndStep>16</cim:ShortCircuitTest.groundedEndStep>
  <cim:ShortCircuitTest.leakageImpedance>26.063923</cim:ShortCircuitTest.leakageImpedance>
  <cim:ShortCircuitTest.leakageImpedanceZero>26.063923</cim:ShortCircuitTest.leakageImpedanceZero>
  <cim:ShortCircuitTest.loss>115.39799</cim:ShortCircuitTest.loss>
  <cim:ShortCircuitTest.lossZero>115.39799</cim:ShortCircuitTest.lossZero>
  <cim:TransformerTest.basePower>58667000</cim:TransformerTest.basePower>
  <cim:TransformerTest.temperature>50</cim:TransformerTest.temperature>
</cim:ShortCircuitTest>
<cim:ShortCircuitTest rdf:ID="_6A2DDB67-A5F9-4517-B31E-CEE702C8031F">
  <cim:IdentifiedObject.mRID>_6A2DDB67-A5F9-4517-B31E-CEE702C8031F</cim:IdentifiedObject.mRID>
  <cim:IdentifiedObject.name>auto_2</cim:IdentifiedObject.name>
  <cim:ShortCircuitTest.EnergisedEnd rdf:resource="#_51F53CAB-DA0B-4BB8-896E-69BBDD81073B"/>
  <cim:ShortCircuitTest.GroundedEnds rdf:resource="#_E63756D4-7CDC-45A7-84BB-16E8C1A6AAC5"/>
  <cim:ShortCircuitTest.energisedEndStep>16</cim:ShortCircuitTest.energisedEndStep>
  <cim:ShortCircuitTest.groundedEndStep>16</cim:ShortCircuitTest.groundedEndStep>
  <cim:ShortCircuitTest.leakageImpedance>33.661893</cim:ShortCircuitTest.leakageImpedance>
  <cim:ShortCircuitTest.leakageImpedanceZero>33.661893</cim:ShortCircuitTest.leakageImpedanceZero>
  <cim:ShortCircuitTest.loss>0</cim:ShortCircuitTest.loss>
  <cim:ShortCircuitTest.lossZero>0</cim:ShortCircuitTest.lossZero>
  <cim:TransformerTest.basePower>58667000</cim:TransformerTest.basePower>
  <cim:TransformerTest.temperature>50</cim:TransformerTest.temperature>
</cim:ShortCircuitTest>
<cim:ShortCircuitTest rdf:ID="_12F6DB26-80CC-4BA6-A195-2D91301D578B">
  <cim:IdentifiedObject.mRID>_12F6DB26-80CC-4BA6-A195-2D91301D578B</cim:IdentifiedObject.mRID>
  <cim:IdentifiedObject.name>auto_3</cim:IdentifiedObject.name>
  <cim:ShortCircuitTest.EnergisedEnd rdf:resource="#_975EA78C-6805-4DC1-8D2A-95A14B928E5D"/>
  <cim:ShortCircuitTest.GroundedEnds rdf:resource="#_E63756D4-7CDC-45A7-84BB-16E8C1A6AAC5"/>
  <cim:ShortCircuitTest.energisedEndStep>16</cim:ShortCircuitTest.energisedEndStep>
  <cim:ShortCircuitTest.groundedEndStep>16</cim:ShortCircuitTest.groundedEndStep>
  <cim:ShortCircuitTest.leakageImpedance>22.340377</cim:ShortCircuitTest.leakageImpedance>
  <cim:ShortCircuitTest.leakageImpedanceZero>22.340377</cim:ShortCircuitTest.leakageImpedanceZero>
  <cim:ShortCircuitTest.loss>0</cim:ShortCircuitTest.loss>
  <cim:ShortCircuitTest.lossZero>0</cim:ShortCircuitTest.lossZero>
  <cim:TransformerTest.basePower>58667000</cim:TransformerTest.basePower>
  <cim:TransformerTest.temperature>50</cim:TransformerTest.temperature>
</cim:ShortCircuitTest>
<cim:Asset rdf:ID="_B62126B2-9CA8-4AB3-98FE-62D4A8826F7F">
  <cim:IdentifiedObject.mRID>_B62126B2-9CA8-4AB3-98FE-62D4A8826F7F</cim:IdentifiedObject.mRID>
  <cim:IdentifiedObject.name>TankAsset_auto</cim:IdentifiedObject.name>
  <cim:Asset.AssetInfo rdf:resource="#_1858EBB5-F1A1-4E07-A2D6-BF3B9E4A78CC"/>
  <cim:Asset.PowerSystemResources rdf:resource="#_8CD24A21-8D9F-4165-9F23-764670F8591F"/>
  <cim:Asset.PowerSystemResources rdf:resource="#_19A3814B-12D7-4FA3-9FD7-7BC347577793"/>
  <cim:Asset.PowerSystemResources rdf:resource="#_FB994D24-3B92-4A74-AE85-9BB13A11B00D"/>
</cim:Asset>
<cim:TransformerTank rdf:ID="_8CD24A21-8D9F-4165-9F23-764670F8591F">
  <cim:IdentifiedObject.mRID>_8CD24A21-8D9F-4165-9F23-764670F8591F</cim:IdentifiedObject.mRID>
  <cim:IdentifiedObject.name>t1a</cim:IdentifiedObject.name>
  <cim:Equipment.EquipmentContainer rdf:resource="#_7AE1360F-8A58-49FE-8716-8CF8794B9F9A"/>
  <cim:TransformerTank.PowerTransformer rdf:resource="#_27EAE073-B8A0-4D7F-B10C-2BC1A809D957"/>
  <cim:PowerSystemResource.Location rdf:resource="#_42522C7E-1785-408C-B7A2-5CAE6437ED18"/>
</cim:TransformerTank>
<cim:Location rdf:ID="_42522C7E-1785-408C-B7A2-5CAE6437ED18">
  <cim:IdentifiedObject.mRID>_42522C7E-1785-408C-B7A2-5CAE6437ED18</cim:IdentifiedObject.mRID>
  <cim:IdentifiedObject.name>t1a_Loc</cim:IdentifiedObject.name>
  <cim:Location.CoordinateSystem rdf:resource="#_DDE155AC-8109-46A5-99C5-46B00C73A2CB"/>
</cim:Location>
<cim:PositionPoint rdf:ID="_AF3408D4-9BBF-43FE-BF64-E9F68F5AECDB">
  <cim:PositionPoint.Location rdf:resource="#_42522C7E-1785-408C-B7A2-5CAE6437ED18"/>
  <cim:PositionPoint.sequenceNumber>1</cim:PositionPoint.sequenceNumber>
  <cim:PositionPoint.xPosition>0</cim:PositionPoint.xPosition>
  <cim:PositionPoint.yPosition>0</cim:PositionPoint.yPosition>
</cim:PositionPoint>
<cim:TransformerTankEnd rdf:ID="_C66FAEE3-BDA4-4D4F-BF5F-1A525D56AAF0">
  <cim:IdentifiedObject.mRID>_C66FAEE3-BDA4-4D4F-BF5F-1A525D56AAF0</cim:IdentifiedObject.mRID>
  <cim:IdentifiedObject.name>t1a_End_1</cim:IdentifiedObject.name>
  <cim:TransformerTankEnd.phases rdf:resource="http://iec.ch/TC57/CIM100#PhaseCode.A"/>
  <cim:TransformerEnd.grounded>false</cim:TransformerEnd.grounded>
  <cim:TransformerTankEnd.reversed>false</cim:TransformerTankEnd.reversed>
  <cim:TransformerTankEnd.TransformerTank rdf:resource="#_8CD24A21-8D9F-4165-9F23-764670F8591F"/>
  <cim:TransformerEnd.endNumber>1</cim:TransformerEnd.endNumber>
  <cim:TransformerEnd.Terminal rdf:resource="#_7682FB6C-3206-48E4-BD2D-FDB948933055"/>
  <cim:TransformerEnd.BaseVoltage rdf:resource="#_CC7296A1-9A4C-4A6F-B71D-FEFD582C3CB8"/>
</cim:TransformerTankEnd>
<cim:Terminal rdf:ID="_7682FB6C-3206-48E4-BD2D-FDB948933055">
  <cim:IdentifiedObject.mRID>_7682FB6C-3206-48E4-BD2D-FDB948933055</cim:IdentifiedObject.mRID>
  <cim:IdentifiedObject.name>t1a_T1</cim:IdentifiedObject.name>
  <cim:Terminal.ConductingEquipment rdf:resource="#_27EAE073-B8A0-4D7F-B10C-2BC1A809D957"/>
  <cim:ACDCTerminal.sequenceNumber>1</cim:ACDCTerminal.sequenceNumber>
  <cim:Terminal.ConnectivityNode rdf:resource="#_AF1FE865-0263-4F86-AE4F-16A6AC572DBC"/>
  <cim:ACDCTerminal.OperationalLimitSet rdf:resource="#_2D2001B1-CC18-41C0-B9BC-2582649D4670"/>
</cim:Terminal>
<cim:TransformerTankEnd rdf:ID="_A83D30F8-2D68-4F0A-82FB-511EBE63D9A1">
  <cim:IdentifiedObject.mRID>_A83D30F8-2D68-4F0A-82FB-511EBE63D9A1</cim:IdentifiedObject.mRID>
  <cim:IdentifiedObject.name>t1a_End_2</cim:IdentifiedObject.name>
  <cim:TransformerTankEnd.phases rdf:resource="http://iec.ch/TC57/CIM100#PhaseCode.C"/>
  <cim:TransformerEnd.grounded>true</cim:TransformerEnd.grounded>
  <cim:TransformerEnd.rground>0</cim:TransformerEnd.rground>
  <cim:TransformerEnd.xground>0</cim:TransformerEnd.xground>
  <cim:TransformerTankEnd.reversed>false</cim:TransformerTankEnd.reversed>
  <cim:TransformerTankEnd.TransformerTank rdf:resource="#_8CD24A21-8D9F-4165-9F23-764670F8591F"/>
  <cim:TransformerEnd.endNumber>2</cim:TransformerEnd.endNumber>
  <cim:TransformerEnd.Terminal rdf:resource="#_FC03A9A5-00A9-4F64-B9F8-4F829A3F5D8D"/>
  <cim:TransformerEnd.BaseVoltage rdf:resource="#_CC7296A1-9A4C-4A6F-B71D-FEFD582C3CB8"/>
</cim:TransformerTankEnd>
<cim:Terminal rdf:ID="_FC03A9A5-00A9-4F64-B9F8-4F829A3F5D8D">
  <cim:IdentifiedObject.mRID>_FC03A9A5-00A9-4F64-B9F8-4F829A3F5D8D</cim:IdentifiedObject.mRID>
  <cim:IdentifiedObject.name>t1a_T2</cim:IdentifiedObject.name>
  <cim:Terminal.ConductingEquipment rdf:resource="#_27EAE073-B8A0-4D7F-B10C-2BC1A809D957"/>
  <cim:ACDCTerminal.sequenceNumber>2</cim:ACDCTerminal.sequenceNumber>
  <cim:Terminal.ConnectivityNode rdf:resource="#_AF1FE865-0263-4F86-AE4F-16A6AC572DBC"/>
</cim:Terminal>
<cim:TransformerTankEnd rdf:ID="_CEBFA296-1646-43CB-AB6A-77620159630F">
  <cim:IdentifiedObject.mRID>_CEBFA296-1646-43CB-AB6A-77620159630F</cim:IdentifiedObject.mRID>
  <cim:IdentifiedObject.name>t1a_End_3</cim:IdentifiedObject.name>
  <cim:TransformerTankEnd.phases rdf:resource="http://iec.ch/TC57/CIM100#PhaseCode.C"/>
  <cim:TransformerEnd.grounded>false</cim:TransformerEnd.grounded>
  <cim:TransformerTankEnd.reversed>false</cim:TransformerTankEnd.reversed>
  <cim:TransformerTankEnd.TransformerTank rdf:resource="#_8CD24A21-8D9F-4165-9F23-764670F8591F"/>
  <cim:TransformerEnd.endNumber>3</cim:TransformerEnd.endNumber>
  <cim:TransformerEnd.Terminal rdf:resource="#_0815401A-C160-4E78-8E0C-E3D88B6086FC"/>
  <cim:TransformerEnd.BaseVoltage rdf:resource="#_CC7296A1-9A4C-4A6F-B71D-FEFD582C3CB8"/>
</cim:TransformerTankEnd>
<cim:Terminal rdf:ID="_0815401A-C160-4E78-8E0C-E3D88B6086FC">
  <cim:IdentifiedObject.mRID>_0815401A-C160-4E78-8E0C-E3D88B6086FC</cim:IdentifiedObject.mRID>
  <cim:IdentifiedObject.name>t1a_T3</cim:IdentifiedObject.name>
  <cim:Terminal.ConductingEquipment rdf:resource="#_27EAE073-B8A0-4D7F-B10C-2BC1A809D957"/>
  <cim:ACDCTerminal.sequenceNumber>3</cim:ACDCTerminal.sequenceNumber>
  <cim:Terminal.ConnectivityNode rdf:resource="#_AF1FE865-0263-4F86-AE4F-16A6AC572DBC"/>
</cim:Terminal>
<cim:TransformerTank rdf:ID="_19A3814B-12D7-4FA3-9FD7-7BC347577793">
  <cim:IdentifiedObject.mRID>_19A3814B-12D7-4FA3-9FD7-7BC347577793</cim:IdentifiedObject.mRID>
  <cim:IdentifiedObject.name>t1b</cim:IdentifiedObject.name>
  <cim:Equipment.EquipmentContainer rdf:resource="#_7AE1360F-8A58-49FE-8716-8CF8794B9F9A"/>
  <cim:TransformerTank.PowerTransformer rdf:resource="#_FA6B1862-AA58-460B-B26D-2BA745DE8E27"/>
  <cim:PowerSystemResource.Location rdf:resource="#_A6FD6DCF-FA35-44F3-B389-2F96DB225269"/>
</cim:TransformerTank>
<cim:Location rdf:ID="_A6FD6DCF-FA35-44F3-B389-2F96DB225269">
  <cim:IdentifiedObject.mRID>_A6FD6DCF-FA35-44F3-B389-2F96DB225269</cim:IdentifiedObject.mRID>
  <cim:IdentifiedObject.name>t1b_Loc</cim:IdentifiedObject.name>
  <cim:Location.CoordinateSystem rdf:resource="#_DDE155AC-8109-46A5-99C5-46B00C73A2CB"/>
</cim:Location>
<cim:PositionPoint rdf:ID="_1B59CA25-18C7-4C91-B69D-4FC9BDAD0F9A">
  <cim:PositionPoint.Location rdf:resource="#_A6FD6DCF-FA35-44F3-B389-2F96DB225269"/>
  <cim:PositionPoint.sequenceNumber>1</cim:PositionPoint.sequenceNumber>
  <cim:PositionPoint.xPosition>0</cim:PositionPoint.xPosition>
  <cim:PositionPoint.yPosition>0</cim:PositionPoint.yPosition>
</cim:PositionPoint>
<cim:TransformerTankEnd rdf:ID="_CE84F808-A23A-4004-95F4-0285657CBA42">
  <cim:IdentifiedObject.mRID>_CE84F808-A23A-4004-95F4-0285657CBA42</cim:IdentifiedObject.mRID>
  <cim:IdentifiedObject.name>t1b_End_1</cim:IdentifiedObject.name>
  <cim:TransformerTankEnd.phases rdf:resource="http://iec.ch/TC57/CIM100#PhaseCode.B"/>
  <cim:TransformerEnd.grounded>false</cim:TransformerEnd.grounded>
  <cim:TransformerTankEnd.reversed>false</cim:TransformerTankEnd.reversed>
  <cim:TransformerTankEnd.TransformerTank rdf:resource="#_19A3814B-12D7-4FA3-9FD7-7BC347577793"/>
  <cim:TransformerEnd.endNumber>1</cim:TransformerEnd.endNumber>
  <cim:TransformerEnd.Terminal rdf:resource="#_DA15E244-4F39-4EC8-A556-4BA4DFC3A64A"/>
  <cim:TransformerEnd.BaseVoltage rdf:resource="#_CC7296A1-9A4C-4A6F-B71D-FEFD582C3CB8"/>
</cim:TransformerTankEnd>
<cim:Terminal rdf:ID="_DA15E244-4F39-4EC8-A556-4BA4DFC3A64A">
  <cim:IdentifiedObject.mRID>_DA15E244-4F39-4EC8-A556-4BA4DFC3A64A</cim:IdentifiedObject.mRID>
  <cim:IdentifiedObject.name>t1b_T1</cim:IdentifiedObject.name>
  <cim:Terminal.ConductingEquipment rdf:resource="#_FA6B1862-AA58-460B-B26D-2BA745DE8E27"/>
  <cim:ACDCTerminal.sequenceNumber>1</cim:ACDCTerminal.sequenceNumber>
  <cim:Terminal.ConnectivityNode rdf:resource="#_AF1FE865-0263-4F86-AE4F-16A6AC572DBC"/>
  <cim:ACDCTerminal.OperationalLimitSet rdf:resource="#_2D2001B1-CC18-41C0-B9BC-2582649D4670"/>
</cim:Terminal>
<cim:TransformerTankEnd rdf:ID="_323A1044-E3DC-4AAF-A5D7-4E09FA329904">
  <cim:IdentifiedObject.mRID>_323A1044-E3DC-4AAF-A5D7-4E09FA329904</cim:IdentifiedObject.mRID>
  <cim:IdentifiedObject.name>t1b_End_2</cim:IdentifiedObject.name>
  <cim:TransformerTankEnd.phases rdf:resource="http://iec.ch/TC57/CIM100#PhaseCode.C"/>
  <cim:TransformerEnd.grounded>true</cim:TransformerEnd.grounded>
  <cim:TransformerEnd.rground>0</cim:TransformerEnd.rground>
  <cim:TransformerEnd.xground>0</cim:TransformerEnd.xground>
  <cim:TransformerTankEnd.reversed>false</cim:TransformerTankEnd.reversed>
  <cim:TransformerTankEnd.TransformerTank rdf:resource="#_19A3814B-12D7-4FA3-9FD7-7BC347577793"/>
  <cim:TransformerEnd.endNumber>2</cim:TransformerEnd.endNumber>
  <cim:TransformerEnd.Terminal rdf:resource="#_90435909-1ADD-4D36-B488-11975560687C"/>
  <cim:TransformerEnd.BaseVoltage rdf:resource="#_CC7296A1-9A4C-4A6F-B71D-FEFD582C3CB8"/>
</cim:TransformerTankEnd>
<cim:Terminal rdf:ID="_90435909-1ADD-4D36-B488-11975560687C">
  <cim:IdentifiedObject.mRID>_90435909-1ADD-4D36-B488-11975560687C</cim:IdentifiedObject.mRID>
  <cim:IdentifiedObject.name>t1b_T2</cim:IdentifiedObject.name>
  <cim:Terminal.ConductingEquipment rdf:resource="#_FA6B1862-AA58-460B-B26D-2BA745DE8E27"/>
  <cim:ACDCTerminal.sequenceNumber>2</cim:ACDCTerminal.sequenceNumber>
  <cim:Terminal.ConnectivityNode rdf:resource="#_AF1FE865-0263-4F86-AE4F-16A6AC572DBC"/>
</cim:Terminal>
<cim:TransformerTankEnd rdf:ID="_2375644D-4463-4B59-B745-E1D342F20784">
  <cim:IdentifiedObject.mRID>_2375644D-4463-4B59-B745-E1D342F20784</cim:IdentifiedObject.mRID>
  <cim:IdentifiedObject.name>t1b_End_3</cim:IdentifiedObject.name>
  <cim:TransformerTankEnd.phases rdf:resource="http://iec.ch/TC57/CIM100#PhaseCode.C"/>
  <cim:TransformerEnd.grounded>false</cim:TransformerEnd.grounded>
  <cim:TransformerTankEnd.reversed>false</cim:TransformerTankEnd.reversed>
  <cim:TransformerTankEnd.TransformerTank rdf:resource="#_19A3814B-12D7-4FA3-9FD7-7BC347577793"/>
  <cim:TransformerEnd.endNumber>3</cim:TransformerEnd.endNumber>
  <cim:TransformerEnd.Terminal rdf:resource="#_55EBAB0D-41D6-40D5-A618-F36936CDA814"/>
  <cim:TransformerEnd.BaseVoltage rdf:resource="#_CC7296A1-9A4C-4A6F-B71D-FEFD582C3CB8"/>
</cim:TransformerTankEnd>
<cim:Terminal rdf:ID="_55EBAB0D-41D6-40D5-A618-F36936CDA814">
  <cim:IdentifiedObject.mRID>_55EBAB0D-41D6-40D5-A618-F36936CDA814</cim:IdentifiedObject.mRID>
  <cim:IdentifiedObject.name>t1b_T3</cim:IdentifiedObject.name>
  <cim:Terminal.ConductingEquipment rdf:resource="#_FA6B1862-AA58-460B-B26D-2BA745DE8E27"/>
  <cim:ACDCTerminal.sequenceNumber>3</cim:ACDCTerminal.sequenceNumber>
  <cim:Terminal.ConnectivityNode rdf:resource="#_AF1FE865-0263-4F86-AE4F-16A6AC572DBC"/>
</cim:Terminal>
<cim:TransformerTank rdf:ID="_FB994D24-3B92-4A74-AE85-9BB13A11B00D">
  <cim:IdentifiedObject.mRID>_FB994D24-3B92-4A74-AE85-9BB13A11B00D</cim:IdentifiedObject.mRID>
  <cim:IdentifiedObject.name>t1c</cim:IdentifiedObject.name>
  <cim:Equipment.EquipmentContainer rdf:resource="#_7AE1360F-8A58-49FE-8716-8CF8794B9F9A"/>
  <cim:TransformerTank.PowerTransformer rdf:resource="#_0F935138-4D9B-47E4-B07B-629E3B7FAAC5"/>
  <cim:PowerSystemResource.Location rdf:resource="#_50978971-298D-41B8-84D5-8FEAE5B43BE7"/>
</cim:TransformerTank>
<cim:Location rdf:ID="_50978971-298D-41B8-84D5-8FEAE5B43BE7">
  <cim:IdentifiedObject.mRID>_50978971-298D-41B8-84D5-8FEAE5B43BE7</cim:IdentifiedObject.mRID>
  <cim:IdentifiedObject.name>t1c_Loc</cim:IdentifiedObject.name>
  <cim:Location.CoordinateSystem rdf:resource="#_DDE155AC-8109-46A5-99C5-46B00C73A2CB"/>
</cim:Location>
<cim:PositionPoint rdf:ID="_9846CE28-CC07-4379-B6A8-01C8E6AE6EB1">
  <cim:PositionPoint.Location rdf:resource="#_50978971-298D-41B8-84D5-8FEAE5B43BE7"/>
  <cim:PositionPoint.sequenceNumber>1</cim:PositionPoint.sequenceNumber>
  <cim:PositionPoint.xPosition>0</cim:PositionPoint.xPosition>
  <cim:PositionPoint.yPosition>0</cim:PositionPoint.yPosition>
</cim:PositionPoint>
<cim:TransformerTankEnd rdf:ID="_FFF9AFBB-3A27-488E-B8C1-44C6017B7437">
  <cim:IdentifiedObject.mRID>_FFF9AFBB-3A27-488E-B8C1-44C6017B7437</cim:IdentifiedObject.mRID>
  <cim:IdentifiedObject.name>t1c_End_1</cim:IdentifiedObject.name>
  <cim:TransformerTankEnd.phases rdf:resource="http://iec.ch/TC57/CIM100#PhaseCode.C"/>
  <cim:TransformerEnd.grounded>false</cim:TransformerEnd.grounded>
  <cim:TransformerTankEnd.reversed>false</cim:TransformerTankEnd.reversed>
  <cim:TransformerTankEnd.TransformerTank rdf:resource="#_FB994D24-3B92-4A74-AE85-9BB13A11B00D"/>
  <cim:TransformerEnd.endNumber>1</cim:TransformerEnd.endNumber>
  <cim:TransformerEnd.Terminal rdf:resource="#_FA9E2EF7-AAB4-4E4F-BC16-946A2635E492"/>
  <cim:TransformerEnd.BaseVoltage rdf:resource="#_CC7296A1-9A4C-4A6F-B71D-FEFD582C3CB8"/>
</cim:TransformerTankEnd>
<cim:Terminal rdf:ID="_FA9E2EF7-AAB4-4E4F-BC16-946A2635E492">
  <cim:IdentifiedObject.mRID>_FA9E2EF7-AAB4-4E4F-BC16-946A2635E492</cim:IdentifiedObject.mRID>
  <cim:IdentifiedObject.name>t1c_T1</cim:IdentifiedObject.name>
  <cim:Terminal.ConductingEquipment rdf:resource="#_0F935138-4D9B-47E4-B07B-629E3B7FAAC5"/>
  <cim:ACDCTerminal.sequenceNumber>1</cim:ACDCTerminal.sequenceNumber>
  <cim:Terminal.ConnectivityNode rdf:resource="#_AF1FE865-0263-4F86-AE4F-16A6AC572DBC"/>
  <cim:ACDCTerminal.OperationalLimitSet rdf:resource="#_2D2001B1-CC18-41C0-B9BC-2582649D4670"/>
</cim:Terminal>
<cim:TransformerTankEnd rdf:ID="_E5B0D09F-3E87-4903-B462-2004C6A2C7C0">
  <cim:IdentifiedObject.mRID>_E5B0D09F-3E87-4903-B462-2004C6A2C7C0</cim:IdentifiedObject.mRID>
  <cim:IdentifiedObject.name>t1c_End_2</cim:IdentifiedObject.name>
  <cim:TransformerTankEnd.phases rdf:resource="http://iec.ch/TC57/CIM100#PhaseCode.C"/>
  <cim:TransformerEnd.grounded>true</cim:TransformerEnd.grounded>
  <cim:TransformerEnd.rground>0</cim:TransformerEnd.rground>
  <cim:TransformerEnd.xground>0</cim:TransformerEnd.xground>
  <cim:TransformerTankEnd.reversed>false</cim:TransformerTankEnd.reversed>
  <cim:TransformerTankEnd.TransformerTank rdf:resource="#_FB994D24-3B92-4A74-AE85-9BB13A11B00D"/>
  <cim:TransformerEnd.endNumber>2</cim:TransformerEnd.endNumber>
  <cim:TransformerEnd.Terminal rdf:resource="#_F7202841-27F2-42E9-A1E9-EC983BB084C2"/>
  <cim:TransformerEnd.BaseVoltage rdf:resource="#_CC7296A1-9A4C-4A6F-B71D-FEFD582C3CB8"/>
</cim:TransformerTankEnd>
<cim:Terminal rdf:ID="_F7202841-27F2-42E9-A1E9-EC983BB084C2">
  <cim:IdentifiedObject.mRID>_F7202841-27F2-42E9-A1E9-EC983BB084C2</cim:IdentifiedObject.mRID>
  <cim:IdentifiedObject.name>t1c_T2</cim:IdentifiedObject.name>
  <cim:Terminal.ConductingEquipment rdf:resource="#_0F935138-4D9B-47E4-B07B-629E3B7FAAC5"/>
  <cim:ACDCTerminal.sequenceNumber>2</cim:ACDCTerminal.sequenceNumber>
  <cim:Terminal.ConnectivityNode rdf:resource="#_AF1FE865-0263-4F86-AE4F-16A6AC572DBC"/>
</cim:Terminal>
<cim:TransformerTankEnd rdf:ID="_DB08ADD7-0415-4346-A441-89313A9818AB">
  <cim:IdentifiedObject.mRID>_DB08ADD7-0415-4346-A441-89313A9818AB</cim:IdentifiedObject.mRID>
  <cim:IdentifiedObject.name>t1c_End_3</cim:IdentifiedObject.name>
  <cim:TransformerTankEnd.phases rdf:resource="http://iec.ch/TC57/CIM100#PhaseCode.C"/>
  <cim:TransformerEnd.grounded>false</cim:TransformerEnd.grounded>
  <cim:TransformerTankEnd.reversed>false</cim:TransformerTankEnd.reversed>
  <cim:TransformerTankEnd.TransformerTank rdf:resource="#_FB994D24-3B92-4A74-AE85-9BB13A11B00D"/>
  <cim:TransformerEnd.endNumber>3</cim:TransformerEnd.endNumber>
  <cim:TransformerEnd.Terminal rdf:resource="#_F12CB919-706D-4917-9853-9B450ADEF7CE"/>
  <cim:TransformerEnd.BaseVoltage rdf:resource="#_CC7296A1-9A4C-4A6F-B71D-FEFD582C3CB8"/>
</cim:TransformerTankEnd>
<cim:Terminal rdf:ID="_F12CB919-706D-4917-9853-9B450ADEF7CE">
  <cim:IdentifiedObject.mRID>_F12CB919-706D-4917-9853-9B450ADEF7CE</cim:IdentifiedObject.mRID>
  <cim:IdentifiedObject.name>t1c_T3</cim:IdentifiedObject.name>
  <cim:Terminal.ConductingEquipment rdf:resource="#_0F935138-4D9B-47E4-B07B-629E3B7FAAC5"/>
  <cim:ACDCTerminal.sequenceNumber>3</cim:ACDCTerminal.sequenceNumber>
  <cim:Terminal.ConnectivityNode rdf:resource="#_AF1FE865-0263-4F86-AE4F-16A6AC572DBC"/>
</cim:Terminal>
<cim:PowerTransformer rdf:ID="_27EAE073-B8A0-4D7F-B10C-2BC1A809D957">
  <cim:IdentifiedObject.mRID>_27EAE073-B8A0-4D7F-B10C-2BC1A809D957</cim:IdentifiedObject.mRID>
  <cim:IdentifiedObject.name>t1a</cim:IdentifiedObject.name>
  <cim:Equipment.EquipmentContainer rdf:resource="#_7AE1360F-8A58-49FE-8716-8CF8794B9F9A"/>
  <cim:PowerTransformer.vectorGroup>Iii</cim:PowerTransformer.vectorGroup>
  <cim:PowerSystemResource.Location rdf:resource="#_42522C7E-1785-408C-B7A2-5CAE6437ED18"/>
</cim:PowerTransformer>
<cim:PowerTransformer rdf:ID="_FA6B1862-AA58-460B-B26D-2BA745DE8E27">
  <cim:IdentifiedObject.mRID>_FA6B1862-AA58-460B-B26D-2BA745DE8E27</cim:IdentifiedObject.mRID>
  <cim:IdentifiedObject.name>t1b</cim:IdentifiedObject.name>
  <cim:Equipment.EquipmentContainer rdf:resource="#_7AE1360F-8A58-49FE-8716-8CF8794B9F9A"/>
  <cim:PowerTransformer.vectorGroup>Iii</cim:PowerTransformer.vectorGroup>
  <cim:PowerSystemResource.Location rdf:resource="#_A6FD6DCF-FA35-44F3-B389-2F96DB225269"/>
</cim:PowerTransformer>
<cim:PowerTransformer rdf:ID="_0F935138-4D9B-47E4-B07B-629E3B7FAAC5">
  <cim:IdentifiedObject.mRID>_0F935138-4D9B-47E4-B07B-629E3B7FAAC5</cim:IdentifiedObject.mRID>
  <cim:IdentifiedObject.name>t1c</cim:IdentifiedObject.name>
  <cim:Equipment.EquipmentContainer rdf:resource="#_7AE1360F-8A58-49FE-8716-8CF8794B9F9A"/>
  <cim:PowerTransformer.vectorGroup>Iii</cim:PowerTransformer.vectorGroup>
  <cim:PowerSystemResource.Location rdf:resource="#_50978971-298D-41B8-84D5-8FEAE5B43BE7"/>
</cim:PowerTransformer>
<cim:LoadBreakSwitch rdf:ID="_8E0C3224-0191-4128-930A-97285B6CDB29">
  <cim:IdentifiedObject.mRID>_8E0C3224-0191-4128-930A-97285B6CDB29</cim:IdentifiedObject.mRID>
  <cim:IdentifiedObject.name>line1</cim:IdentifiedObject.name>
  <cim:Equipment.EquipmentContainer rdf:resource="#_7AE1360F-8A58-49FE-8716-8CF8794B9F9A"/>
  <cim:ConductingEquipment.BaseVoltage rdf:resource="#_CC7296A1-9A4C-4A6F-B71D-FEFD582C3CB8"/>
  <cim:ProtectedSwitch.breakingCapacity>400</cim:ProtectedSwitch.breakingCapacity>
  <cim:Switch.ratedCurrent>400</cim:Switch.ratedCurrent>
  <cim:Switch.normalOpen>false</cim:Switch.normalOpen>
  <cim:Switch.open>false</cim:Switch.open>
  <cim:Switch.retained>true</cim:Switch.retained>
  <cim:PowerSystemResource.Location rdf:resource="#_5598ADC2-8738-4F7B-80AA-B0965E9B4DE3"/>
</cim:LoadBreakSwitch>
<cim:Terminal rdf:ID="_870B1D14-3219-4F30-A8FB-7826244F4AD8">
  <cim:IdentifiedObject.mRID>_870B1D14-3219-4F30-A8FB-7826244F4AD8</cim:IdentifiedObject.mRID>
  <cim:IdentifiedObject.name>line1_T1</cim:IdentifiedObject.name>
  <cim:Terminal.ConductingEquipment rdf:resource="#_8E0C3224-0191-4128-930A-97285B6CDB29"/>
  <cim:ACDCTerminal.sequenceNumber>1</cim:ACDCTerminal.sequenceNumber>
  <cim:Terminal.ConnectivityNode rdf:resource="#_1B163789-CFCE-4374-B0F3-D14F5D5AD3FD"/>
  <cim:ACDCTerminal.OperationalLimitSet rdf:resource="#_37B392AE-19A2-4432-BD39-5A491077F3D4"/>
</cim:Terminal>
<cim:Terminal rdf:ID="_4604E75B-F69F-49A7-A0CA-C73D0C8C4582">
  <cim:IdentifiedObject.mRID>_4604E75B-F69F-49A7-A0CA-C73D0C8C4582</cim:IdentifiedObject.mRID>
  <cim:IdentifiedObject.name>line1_T2</cim:IdentifiedObject.name>
  <cim:Terminal.ConductingEquipment rdf:resource="#_8E0C3224-0191-4128-930A-97285B6CDB29"/>
  <cim:ACDCTerminal.sequenceNumber>2</cim:ACDCTerminal.sequenceNumber>
  <cim:Terminal.ConnectivityNode rdf:resource="#_C7DB7753-8BC8-4FC5-B475-B1CC0FD35E03"/>
</cim:Terminal>
<cim:Location rdf:ID="_5598ADC2-8738-4F7B-80AA-B0965E9B4DE3">
  <cim:IdentifiedObject.mRID>_5598ADC2-8738-4F7B-80AA-B0965E9B4DE3</cim:IdentifiedObject.mRID>
  <cim:IdentifiedObject.name>line1_Loc</cim:IdentifiedObject.name>
  <cim:Location.CoordinateSystem rdf:resource="#_DDE155AC-8109-46A5-99C5-46B00C73A2CB"/>
</cim:Location>
<cim:PositionPoint rdf:ID="_ACD5A3F2-B70D-4A83-9982-19DBC4661F11">
  <cim:PositionPoint.Location rdf:resource="#_5598ADC2-8738-4F7B-80AA-B0965E9B4DE3"/>
  <cim:PositionPoint.sequenceNumber>1</cim:PositionPoint.sequenceNumber>
  <cim:PositionPoint.xPosition>0</cim:PositionPoint.xPosition>
  <cim:PositionPoint.yPosition>0</cim:PositionPoint.yPosition>
</cim:PositionPoint>
<cim:PositionPoint rdf:ID="_941242E2-E9FC-400F-84B9-717E43DE3366">
  <cim:PositionPoint.Location rdf:resource="#_5598ADC2-8738-4F7B-80AA-B0965E9B4DE3"/>
  <cim:PositionPoint.sequenceNumber>2</cim:PositionPoint.sequenceNumber>
  <cim:PositionPoint.xPosition>0</cim:PositionPoint.xPosition>
  <cim:PositionPoint.yPosition>0</cim:PositionPoint.yPosition>
</cim:PositionPoint>
<cim:LoadBreakSwitch rdf:ID="_629FBE14-4793-4D32-B146-D17C4CF470EE">
  <cim:IdentifiedObject.mRID>_629FBE14-4793-4D32-B146-D17C4CF470EE</cim:IdentifiedObject.mRID>
  <cim:IdentifiedObject.name>high</cim:IdentifiedObject.name>
  <cim:Equipment.EquipmentContainer rdf:resource="#_7AE1360F-8A58-49FE-8716-8CF8794B9F9A"/>
  <cim:ConductingEquipment.BaseVoltage rdf:resource="#_CC7296A1-9A4C-4A6F-B71D-FEFD582C3CB8"/>
  <cim:ProtectedSwitch.breakingCapacity>400</cim:ProtectedSwitch.breakingCapacity>
  <cim:Switch.ratedCurrent>400</cim:Switch.ratedCurrent>
  <cim:Switch.normalOpen>false</cim:Switch.normalOpen>
  <cim:Switch.open>false</cim:Switch.open>
  <cim:Switch.retained>true</cim:Switch.retained>
  <cim:PowerSystemResource.Location rdf:resource="#_4B3AAAF5-1860-4621-9E2C-CD0AF378AD14"/>
</cim:LoadBreakSwitch>
<cim:Terminal rdf:ID="_F8A367D3-EB91-4629-B024-89444D760EF8">
  <cim:IdentifiedObject.mRID>_F8A367D3-EB91-4629-B024-89444D760EF8</cim:IdentifiedObject.mRID>
  <cim:IdentifiedObject.name>high_T1</cim:IdentifiedObject.name>
  <cim:Terminal.ConductingEquipment rdf:resource="#_629FBE14-4793-4D32-B146-D17C4CF470EE"/>
  <cim:ACDCTerminal.sequenceNumber>1</cim:ACDCTerminal.sequenceNumber>
  <cim:Terminal.ConnectivityNode rdf:resource="#_AF1FE865-0263-4F86-AE4F-16A6AC572DBC"/>
  <cim:ACDCTerminal.OperationalLimitSet rdf:resource="#_37B392AE-19A2-4432-BD39-5A491077F3D4"/>
</cim:Terminal>
<cim:Terminal rdf:ID="_84BE115E-5EB3-4C7C-8354-29F616AF447A">
  <cim:IdentifiedObject.mRID>_84BE115E-5EB3-4C7C-8354-29F616AF447A</cim:IdentifiedObject.mRID>
  <cim:IdentifiedObject.name>high_T2</cim:IdentifiedObject.name>
  <cim:Terminal.ConductingEquipment rdf:resource="#_629FBE14-4793-4D32-B146-D17C4CF470EE"/>
  <cim:ACDCTerminal.sequenceNumber>2</cim:ACDCTerminal.sequenceNumber>
  <cim:Terminal.ConnectivityNode rdf:resource="#_C7DB7753-8BC8-4FC5-B475-B1CC0FD35E03"/>
</cim:Terminal>
<cim:Location rdf:ID="_4B3AAAF5-1860-4621-9E2C-CD0AF378AD14">
  <cim:IdentifiedObject.mRID>_4B3AAAF5-1860-4621-9E2C-CD0AF378AD14</cim:IdentifiedObject.mRID>
  <cim:IdentifiedObject.name>high_Loc</cim:IdentifiedObject.name>
  <cim:Location.CoordinateSystem rdf:resource="#_DDE155AC-8109-46A5-99C5-46B00C73A2CB"/>
</cim:Location>
<cim:PositionPoint rdf:ID="_8BE14E6A-0FBE-4614-B70C-B6591F072F87">
  <cim:PositionPoint.Location rdf:resource="#_4B3AAAF5-1860-4621-9E2C-CD0AF378AD14"/>
  <cim:PositionPoint.sequenceNumber>1</cim:PositionPoint.sequenceNumber>
  <cim:PositionPoint.xPosition>0</cim:PositionPoint.xPosition>
  <cim:PositionPoint.yPosition>0</cim:PositionPoint.yPosition>
</cim:PositionPoint>
<cim:PositionPoint rdf:ID="_5B709B64-E853-4D78-9FE6-1B32F4721461">
  <cim:PositionPoint.Location rdf:resource="#_4B3AAAF5-1860-4621-9E2C-CD0AF378AD14"/>
  <cim:PositionPoint.sequenceNumber>2</cim:PositionPoint.sequenceNumber>
  <cim:PositionPoint.xPosition>0</cim:PositionPoint.xPosition>
  <cim:PositionPoint.yPosition>0</cim:PositionPoint.yPosition>
</cim:PositionPoint>
<cim:LoadBreakSwitch rdf:ID="_0CBF1943-C174-4BB7-9716-01D36DF9FDC1">
  <cim:IdentifiedObject.mRID>_0CBF1943-C174-4BB7-9716-01D36DF9FDC1</cim:IdentifiedObject.mRID>
  <cim:IdentifiedObject.name>low</cim:IdentifiedObject.name>
  <cim:Equipment.EquipmentContainer rdf:resource="#_7AE1360F-8A58-49FE-8716-8CF8794B9F9A"/>
  <cim:ConductingEquipment.BaseVoltage rdf:resource="#_CC7296A1-9A4C-4A6F-B71D-FEFD582C3CB8"/>
  <cim:ProtectedSwitch.breakingCapacity>400</cim:ProtectedSwitch.breakingCapacity>
  <cim:Switch.ratedCurrent>400</cim:Switch.ratedCurrent>
  <cim:Switch.normalOpen>false</cim:Switch.normalOpen>
  <cim:Switch.open>false</cim:Switch.open>
  <cim:Switch.retained>true</cim:Switch.retained>
  <cim:PowerSystemResource.Location rdf:resource="#_721FC46B-85AD-4E17-8D27-2A86BC979F8C"/>
</cim:LoadBreakSwitch>
<cim:SwitchPhase rdf:ID="_597B00BA-2FD7-4EA1-9A58-3F6286FE65C6">
  <cim:IdentifiedObject.mRID>_597B00BA-2FD7-4EA1-9A58-3F6286FE65C6</cim:IdentifiedObject.mRID>
  <cim:IdentifiedObject.name>low_C</cim:IdentifiedObject.name>
  <cim:SwitchPhase.closed>true</cim:SwitchPhase.closed>
  <cim:SwitchPhase.normalOpen>false</cim:SwitchPhase.normalOpen>
  <cim:SwitchPhase.phaseSide1 rdf:resource="http://iec.ch/TC57/CIM100#SinglePhaseKind.C"/>
  <cim:SwitchPhase.phaseSide2 rdf:resource="http://iec.ch/TC57/CIM100#SinglePhaseKind.A"/>
  <cim:SwitchPhase.Switch rdf:resource="#_0CBF1943-C174-4BB7-9716-01D36DF9FDC1"/>
  <cim:PowerSystemResource.Location rdf:resource="#_721FC46B-85AD-4E17-8D27-2A86BC979F8C"/>
</cim:SwitchPhase>
<cim:Terminal rdf:ID="_B61BFF01-0953-44BF-BCF4-E8C69F19946C">
  <cim:IdentifiedObject.mRID>_B61BFF01-0953-44BF-BCF4-E8C69F19946C</cim:IdentifiedObject.mRID>
  <cim:IdentifiedObject.name>low_T2</cim:IdentifiedObject.name>
  <cim:Terminal.ConductingEquipment rdf:resource="#_0CBF1943-C174-4BB7-9716-01D36DF9FDC1"/>
  <cim:ACDCTerminal.sequenceNumber>2</cim:ACDCTerminal.sequenceNumber>
  <cim:Terminal.ConnectivityNode rdf:resource="#_072F3444-4004-4D31-A8C7-5C66378798B0"/>
</cim:Terminal>
<cim:Location rdf:ID="_721FC46B-85AD-4E17-8D27-2A86BC979F8C">
  <cim:IdentifiedObject.mRID>_721FC46B-85AD-4E17-8D27-2A86BC979F8C</cim:IdentifiedObject.mRID>
  <cim:IdentifiedObject.name>low_Loc</cim:IdentifiedObject.name>
  <cim:Location.CoordinateSystem rdf:resource="#_DDE155AC-8109-46A5-99C5-46B00C73A2CB"/>
</cim:Location>
<cim:PositionPoint rdf:ID="_219BEE04-9E8A-4B65-BD30-B52B1150E2BF">
  <cim:PositionPoint.Location rdf:resource="#_721FC46B-85AD-4E17-8D27-2A86BC979F8C"/>
  <cim:PositionPoint.sequenceNumber>2</cim:PositionPoint.sequenceNumber>
  <cim:PositionPoint.xPosition>0</cim:PositionPoint.xPosition>
  <cim:PositionPoint.yPosition>0</cim:PositionPoint.yPosition>
</cim:PositionPoint>
<cim:LoadBreakSwitch rdf:ID="_AEFE19AF-4F8A-4A98-B266-02F48C1C5281">
  <cim:IdentifiedObject.mRID>_AEFE19AF-4F8A-4A98-B266-02F48C1C5281</cim:IdentifiedObject.mRID>
  <cim:IdentifiedObject.name>tert</cim:IdentifiedObject.name>
  <cim:Equipment.EquipmentContainer rdf:resource="#_7AE1360F-8A58-49FE-8716-8CF8794B9F9A"/>
  <cim:ConductingEquipment.BaseVoltage rdf:resource="#_CC7296A1-9A4C-4A6F-B71D-FEFD582C3CB8"/>
  <cim:ProtectedSwitch.breakingCapacity>400</cim:ProtectedSwitch.breakingCapacity>
  <cim:Switch.ratedCurrent>400</cim:Switch.ratedCurrent>
  <cim:Switch.normalOpen>false</cim:Switch.normalOpen>
  <cim:Switch.open>false</cim:Switch.open>
  <cim:Switch.retained>true</cim:Switch.retained>
  <cim:PowerSystemResource.Location rdf:resource="#_887281CE-574F-468A-9C91-01CD2246FF9C"/>
</cim:LoadBreakSwitch>
<cim:SwitchPhase rdf:ID="_B7FA2BE2-66D7-4F85-AC07-605FC68D3B51">
  <cim:IdentifiedObject.mRID>_B7FA2BE2-66D7-4F85-AC07-605FC68D3B51</cim:IdentifiedObject.mRID>
  <cim:IdentifiedObject.name>tert_C</cim:IdentifiedObject.name>
  <cim:SwitchPhase.closed>true</cim:SwitchPhase.closed>
  <cim:SwitchPhase.normalOpen>false</cim:SwitchPhase.normalOpen>
  <cim:SwitchPhase.phaseSide1 rdf:resource="http://iec.ch/TC57/CIM100#SinglePhaseKind.C"/>
  <cim:SwitchPhase.phaseSide2 rdf:resource="http://iec.ch/TC57/CIM100#SinglePhaseKind.A"/>
  <cim:SwitchPhase.Switch rdf:resource="#_AEFE19AF-4F8A-4A98-B266-02F48C1C5281"/>
  <cim:PowerSystemResource.Location rdf:resource="#_887281CE-574F-468A-9C91-01CD2246FF9C"/>
</cim:SwitchPhase>
<cim:Terminal rdf:ID="_EB35FE43-1688-48F5-9F6A-124FE0193A13">
  <cim:IdentifiedObject.mRID>_EB35FE43-1688-48F5-9F6A-124FE0193A13</cim:IdentifiedObject.mRID>
  <cim:IdentifiedObject.name>tert_T2</cim:IdentifiedObject.name>
  <cim:Terminal.ConductingEquipment rdf:resource="#_AEFE19AF-4F8A-4A98-B266-02F48C1C5281"/>
  <cim:ACDCTerminal.sequenceNumber>2</cim:ACDCTerminal.sequenceNumber>
  <cim:Terminal.ConnectivityNode rdf:resource="#_BA2C1511-BB49-405B-AD5E-D6CCBA2DD1DC"/>
</cim:Terminal>
<cim:Location rdf:ID="_887281CE-574F-468A-9C91-01CD2246FF9C">
  <cim:IdentifiedObject.mRID>_887281CE-574F-468A-9C91-01CD2246FF9C</cim:IdentifiedObject.mRID>
  <cim:IdentifiedObject.name>tert_Loc</cim:IdentifiedObject.name>
  <cim:Location.CoordinateSystem rdf:resource="#_DDE155AC-8109-46A5-99C5-46B00C73A2CB"/>
</cim:Location>
<cim:PositionPoint rdf:ID="_586B9E90-E013-49F0-8001-8FC2A27950BB">
  <cim:PositionPoint.Location rdf:resource="#_887281CE-574F-468A-9C91-01CD2246FF9C"/>
  <cim:PositionPoint.sequenceNumber>2</cim:PositionPoint.sequenceNumber>
  <cim:PositionPoint.xPosition>0</cim:PositionPoint.xPosition>
  <cim:PositionPoint.yPosition>0</cim:PositionPoint.yPosition>
</cim:PositionPoint>
<cim:LoadResponseCharacteristic rdf:ID="_E44C43B0-8931-4C44-AE5A-6A711B16465B">
  <cim:IdentifiedObject.mRID>_E44C43B0-8931-4C44-AE5A-6A711B16465B</cim:IdentifiedObject.mRID>
  <cim:IdentifiedObject.name>Constant kVA</cim:IdentifiedObject.name>
  <cim:LoadResponseCharacteristic.exponentModel>false</cim:LoadResponseCharacteristic.exponentModel>
  <cim:LoadResponseCharacteristic.pConstantImpedance>0</cim:LoadResponseCharacteristic.pConstantImpedance>
  <cim:LoadResponseCharacteristic.pConstantCurrent>0</cim:LoadResponseCharacteristic.pConstantCurrent>
  <cim:LoadResponseCharacteristic.pConstantPower>100</cim:LoadResponseCharacteristic.pConstantPower>
  <cim:LoadResponseCharacteristic.qConstantImpedance>0</cim:LoadResponseCharacteristic.qConstantImpedance>
  <cim:LoadResponseCharacteristic.qConstantCurrent>0</cim:LoadResponseCharacteristic.qConstantCurrent>
  <cim:LoadResponseCharacteristic.qConstantPower>100</cim:LoadResponseCharacteristic.qConstantPower>
  <cim:LoadResponseCharacteristic.pVoltageExponent>0</cim:LoadResponseCharacteristic.pVoltageExponent>
  <cim:LoadResponseCharacteristic.qVoltageExponent>0</cim:LoadResponseCharacteristic.qVoltageExponent>
  <cim:LoadResponseCharacteristic.pFrequencyExponent>0</cim:LoadResponseCharacteristic.pFrequencyExponent>
  <cim:LoadResponseCharacteristic.qFrequencyExponent>0</cim:LoadResponseCharacteristic.qFrequencyExponent>
</cim:LoadResponseCharacteristic>
<cim:LoadResponseCharacteristic rdf:ID="_CF7A0FB3-5B30-439F-9A3B-379B1E40591E">
  <cim:IdentifiedObject.mRID>_CF7A0FB3-5B30-439F-9A3B-379B1E40591E</cim:IdentifiedObject.mRID>
  <cim:IdentifiedObject.name>Constant Z</cim:IdentifiedObject.name>
  <cim:LoadResponseCharacteristic.exponentModel>false</cim:LoadResponseCharacteristic.exponentModel>
  <cim:LoadResponseCharacteristic.pConstantImpedance>100</cim:LoadResponseCharacteristic.pConstantImpedance>
  <cim:LoadResponseCharacteristic.pConstantCurrent>0</cim:LoadResponseCharacteristic.pConstantCurrent>
  <cim:LoadResponseCharacteristic.pConstantPower>0</cim:LoadResponseCharacteristic.pConstantPower>
  <cim:LoadResponseCharacteristic.qConstantImpedance>100</cim:LoadResponseCharacteristic.qConstantImpedance>
  <cim:LoadResponseCharacteristic.qConstantCurrent>0</cim:LoadResponseCharacteristic.qConstantCurrent>
  <cim:LoadResponseCharacteristic.qConstantPower>0</cim:LoadResponseCharacteristic.qConstantPower>
  <cim:LoadResponseCharacteristic.pVoltageExponent>0</cim:LoadResponseCharacteristic.pVoltageExponent>
  <cim:LoadResponseCharacteristic.qVoltageExponent>0</cim:LoadResponseCharacteristic.qVoltageExponent>
  <cim:LoadResponseCharacteristic.pFrequencyExponent>0</cim:LoadResponseCharacteristic.pFrequencyExponent>
  <cim:LoadResponseCharacteristic.qFrequencyExponent>0</cim:LoadResponseCharacteristic.qFrequencyExponent>
</cim:LoadResponseCharacteristic>
<cim:LoadResponseCharacteristic rdf:ID="_44F315E0-526C-4681-8209-6255E41224D6">
  <cim:IdentifiedObject.mRID>_44F315E0-526C-4681-8209-6255E41224D6</cim:IdentifiedObject.mRID>
  <cim:IdentifiedObject.name>Motor</cim:IdentifiedObject.name>
  <cim:LoadResponseCharacteristic.exponentModel>false</cim:LoadResponseCharacteristic.exponentModel>
  <cim:LoadResponseCharacteristic.pConstantImpedance>0</cim:LoadResponseCharacteristic.pConstantImpedance>
  <cim:LoadResponseCharacteristic.pConstantCurrent>0</cim:LoadResponseCharacteristic.pConstantCurrent>
  <cim:LoadResponseCharacteristic.pConstantPower>100</cim:LoadResponseCharacteristic.pConstantPower>
  <cim:LoadResponseCharacteristic.qConstantImpedance>100</cim:LoadResponseCharacteristic.qConstantImpedance>
  <cim:LoadResponseCharacteristic.qConstantCurrent>0</cim:LoadResponseCharacteristic.qConstantCurrent>
  <cim:LoadResponseCharacteristic.qConstantPower>0</cim:LoadResponseCharacteristic.qConstantPower>
  <cim:LoadResponseCharacteristic.pVoltageExponent>0</cim:LoadResponseCharacteristic.pVoltageExponent>
  <cim:LoadResponseCharacteristic.qVoltageExponent>0</cim:LoadResponseCharacteristic.qVoltageExponent>
  <cim:LoadResponseCharacteristic.pFrequencyExponent>0</cim:LoadResponseCharacteristic.pFrequencyExponent>
  <cim:LoadResponseCharacteristic.qFrequencyExponent>0</cim:LoadResponseCharacteristic.qFrequencyExponent>
</cim:LoadResponseCharacteristic>
<cim:LoadResponseCharacteristic rdf:ID="_3D19B4B1-E80D-4479-9C01-107DB0AED3D4">
  <cim:IdentifiedObject.mRID>_3D19B4B1-E80D-4479-9C01-107DB0AED3D4</cim:IdentifiedObject.mRID>
  <cim:IdentifiedObject.name>Mix Motor/Res</cim:IdentifiedObject.name>
  <cim:LoadResponseCharacteristic.exponentModel>true</cim:LoadResponseCharacteristic.exponentModel>
  <cim:LoadResponseCharacteristic.pConstantImpedance>0</cim:LoadResponseCharacteristic.pConstantImpedance>
  <cim:LoadResponseCharacteristic.pConstantCurrent>0</cim:LoadResponseCharacteristic.pConstantCurrent>
  <cim:LoadResponseCharacteristic.pConstantPower>0</cim:LoadResponseCharacteristic.pConstantPower>
  <cim:LoadResponseCharacteristic.qConstantImpedance>0</cim:LoadResponseCharacteristic.qConstantImpedance>
  <cim:LoadResponseCharacteristic.qConstantCurrent>0</cim:LoadResponseCharacteristic.qConstantCurrent>
  <cim:LoadResponseCharacteristic.qConstantPower>0</cim:LoadResponseCharacteristic.qConstantPower>
  <cim:LoadResponseCharacteristic.pVoltageExponent>1</cim:LoadResponseCharacteristic.pVoltageExponent>
  <cim:LoadResponseCharacteristic.qVoltageExponent>2</cim:LoadResponseCharacteristic.qVoltageExponent>
  <cim:LoadResponseCharacteristic.pFrequencyExponent>0</cim:LoadResponseCharacteristic.pFrequencyExponent>
  <cim:LoadResponseCharacteristic.qFrequencyExponent>0</cim:LoadResponseCharacteristic.qFrequencyExponent>
</cim:LoadResponseCharacteristic>
<cim:LoadResponseCharacteristic rdf:ID="_B8DB5BD1-3F03-49DB-8083-95514DC9AB88">
  <cim:IdentifiedObject.mRID>_B8DB5BD1-3F03-49DB-8083-95514DC9AB88</cim:IdentifiedObject.mRID>
  <cim:IdentifiedObject.name>Constant I</cim:IdentifiedObject.name>
  <cim:LoadResponseCharacteristic.exponentModel>false</cim:LoadResponseCharacteristic.exponentModel>
  <cim:LoadResponseCharacteristic.pConstantImpedance>0</cim:LoadResponseCharacteristic.pConstantImpedance>
  <cim:LoadResponseCharacteristic.pConstantCurrent>100</cim:LoadResponseCharacteristic.pConstantCurrent>
  <cim:LoadResponseCharacteristic.pConstantPower>0</cim:LoadResponseCharacteristic.pConstantPower>
  <cim:LoadResponseCharacteristic.qConstantImpedance>0</cim:LoadResponseCharacteristic.qConstantImpedance>
  <cim:LoadResponseCharacteristic.qConstantCurrent>100</cim:LoadResponseCharacteristic.qConstantCurrent>
  <cim:LoadResponseCharacteristic.qConstantPower>0</cim:LoadResponseCharacteristic.qConstantPower>
  <cim:LoadResponseCharacteristic.pVoltageExponent>0</cim:LoadResponseCharacteristic.pVoltageExponent>
  <cim:LoadResponseCharacteristic.qVoltageExponent>0</cim:LoadResponseCharacteristic.qVoltageExponent>
  <cim:LoadResponseCharacteristic.pFrequencyExponent>0</cim:LoadResponseCharacteristic.pFrequencyExponent>
  <cim:LoadResponseCharacteristic.qFrequencyExponent>0</cim:LoadResponseCharacteristic.qFrequencyExponent>
</cim:LoadResponseCharacteristic>
<cim:LoadResponseCharacteristic rdf:ID="_5FE5278D-F613-49AA-9915-7301D6069271">
  <cim:IdentifiedObject.mRID>_5FE5278D-F613-49AA-9915-7301D6069271</cim:IdentifiedObject.mRID>
  <cim:IdentifiedObject.name>Variable P, Fixed Q</cim:IdentifiedObject.name>
  <cim:LoadResponseCharacteristic.exponentModel>false</cim:LoadResponseCharacteristic.exponentModel>
  <cim:LoadResponseCharacteristic.pConstantImpedance>0</cim:LoadResponseCharacteristic.pConstantImpedance>
  <cim:LoadResponseCharacteristic.pConstantCurrent>0</cim:LoadResponseCharacteristic.pConstantCurrent>
  <cim:LoadResponseCharacteristic.pConstantPower>100</cim:LoadResponseCharacteristic.pConstantPower>
  <cim:LoadResponseCharacteristic.qConstantImpedance>0</cim:LoadResponseCharacteristic.qConstantImpedance>
  <cim:LoadResponseCharacteristic.qConstantCurrent>0</cim:LoadResponseCharacteristic.qConstantCurrent>
  <cim:LoadResponseCharacteristic.qConstantPower>100</cim:LoadResponseCharacteristic.qConstantPower>
  <cim:LoadResponseCharacteristic.pVoltageExponent>0</cim:LoadResponseCharacteristic.pVoltageExponent>
  <cim:LoadResponseCharacteristic.qVoltageExponent>0</cim:LoadResponseCharacteristic.qVoltageExponent>
  <cim:LoadResponseCharacteristic.pFrequencyExponent>0</cim:LoadResponseCharacteristic.pFrequencyExponent>
  <cim:LoadResponseCharacteristic.qFrequencyExponent>0</cim:LoadResponseCharacteristic.qFrequencyExponent>
</cim:LoadResponseCharacteristic>
<cim:LoadResponseCharacteristic rdf:ID="_D63E6EF9-196F-482E-B226-70D920EC5597">
  <cim:IdentifiedObject.mRID>_D63E6EF9-196F-482E-B226-70D920EC5597</cim:IdentifiedObject.mRID>
  <cim:IdentifiedObject.name>Variable P, Fixed X</cim:IdentifiedObject.name>
  <cim:LoadResponseCharacteristic.exponentModel>false</cim:LoadResponseCharacteristic.exponentModel>
  <cim:LoadResponseCharacteristic.pConstantImpedance>0</cim:LoadResponseCharacteristic.pConstantImpedance>
  <cim:LoadResponseCharacteristic.pConstantCurrent>0</cim:LoadResponseCharacteristic.pConstantCurrent>
  <cim:LoadResponseCharacteristic.pConstantPower>100</cim:LoadResponseCharacteristic.pConstantPower>
  <cim:LoadResponseCharacteristic.qConstantImpedance>100</cim:LoadResponseCharacteristic.qConstantImpedance>
  <cim:LoadResponseCharacteristic.qConstantCurrent>0</cim:LoadResponseCharacteristic.qConstantCurrent>
  <cim:LoadResponseCharacteristic.qConstantPower>0</cim:LoadResponseCharacteristic.qConstantPower>
  <cim:LoadResponseCharacteristic.pVoltageExponent>0</cim:LoadResponseCharacteristic.pVoltageExponent>
  <cim:LoadResponseCharacteristic.qVoltageExponent>0</cim:LoadResponseCharacteristic.qVoltageExponent>
  <cim:LoadResponseCharacteristic.pFrequencyExponent>0</cim:LoadResponseCharacteristic.pFrequencyExponent>
  <cim:LoadResponseCharacteristic.qFrequencyExponent>0</cim:LoadResponseCharacteristic.qFrequencyExponent>
</cim:LoadResponseCharacteristic>
<cim:EnergyConsumer rdf:ID="_1DC32DB3-1DFF-4CC8-9349-1F1B3ED6EE96">
  <cim:IdentifiedObject.mRID>_1DC32DB3-1DFF-4CC8-9349-1F1B3ED6EE96</cim:IdentifiedObject.mRID>
  <cim:IdentifiedObject.name>test</cim:IdentifiedObject.name>
  <cim:Equipment.EquipmentContainer rdf:resource="#_7AE1360F-8A58-49FE-8716-8CF8794B9F9A"/>
  <cim:ConductingEquipment.BaseVoltage rdf:resource="#_FAA6603E-A17E-4EBB-B458-0EF87E76F86F"/>
  <cim:EnergyConsumer.LoadResponse rdf:resource="#_E44C43B0-8931-4C44-AE5A-6A711B16465B"/>
  <cim:EnergyConsumer.p>3.3E8</cim:EnergyConsumer.p>
  <cim:EnergyConsumer.q>2.0451563E8</cim:EnergyConsumer.q>
  <cim:EnergyConsumer.customerCount>1</cim:EnergyConsumer.customerCount>
  <cim:EnergyConsumer.phaseConnection rdf:resource="http://iec.ch/TC57/CIM100#PhaseShuntConnectionKind.Y"/>
  <cim:EnergyConsumer.grounded>true</cim:EnergyConsumer.grounded>
  <cim:PowerSystemResource.Location rdf:resource="#_8F059CDD-F9B0-4295-8319-E6578AA14012"/>
</cim:EnergyConsumer>
<cim:Terminal rdf:ID="_EAD0CB57-B773-45A8-B3DE-B8979ECEF8AF">
  <cim:IdentifiedObject.mRID>_EAD0CB57-B773-45A8-B3DE-B8979ECEF8AF</cim:IdentifiedObject.mRID>
  <cim:IdentifiedObject.name>test_T1</cim:IdentifiedObject.name>
  <cim:Terminal.ConductingEquipment rdf:resource="#_1DC32DB3-1DFF-4CC8-9349-1F1B3ED6EE96"/>
  <cim:ACDCTerminal.sequenceNumber>1</cim:ACDCTerminal.sequenceNumber>
  <cim:Terminal.ConnectivityNode rdf:resource="#_072F3444-4004-4D31-A8C7-5C66378798B0"/>
</cim:Terminal>
<cim:Location rdf:ID="_8F059CDD-F9B0-4295-8319-E6578AA14012">
  <cim:IdentifiedObject.mRID>_8F059CDD-F9B0-4295-8319-E6578AA14012</cim:IdentifiedObject.mRID>
  <cim:IdentifiedObject.name>test_Loc</cim:IdentifiedObject.name>
  <cim:Location.CoordinateSystem rdf:resource="#_DDE155AC-8109-46A5-99C5-46B00C73A2CB"/>
</cim:Location>
<cim:PositionPoint rdf:ID="_84D72129-E82E-4CD7-9DF2-F40C1031B5DF">
  <cim:PositionPoint.Location rdf:resource="#_8F059CDD-F9B0-4295-8319-E6578AA14012"/>
  <cim:PositionPoint.sequenceNumber>1</cim:PositionPoint.sequenceNumber>
  <cim:PositionPoint.xPosition>0</cim:PositionPoint.xPosition>
  <cim:PositionPoint.yPosition>0</cim:PositionPoint.yPosition>
</cim:PositionPoint>
<cim:OperationalLimitSet rdf:ID="_2D2001B1-CC18-41C0-B9BC-2582649D4670">
  <cim:IdentifiedObject.mRID>_2D2001B1-CC18-41C0-B9BC-2582649D4670</cim:IdentifiedObject.mRID>
  <cim:IdentifiedObject.name>OpLimI_607.5_828.4</cim:IdentifiedObject.name>
</cim:OperationalLimitSet>
<cim:CurrentLimit rdf:ID="_65C0FA9D-EAF2-4DFF-AD63-8D1F965B07C5">
  <cim:IdentifiedObject.mRID>_65C0FA9D-EAF2-4DFF-AD63-8D1F965B07C5</cim:IdentifiedObject.mRID>
  <cim:IdentifiedObject.name>OpLimI_607.5_828.4_Norm</cim:IdentifiedObject.name>
  <cim:OperationalLimit.OperationalLimitSet rdf:resource="#_2D2001B1-CC18-41C0-B9BC-2582649D4670"/>
  <cim:OperationalLimit.OperationalLimitType rdf:resource="#_44762AF0-7803-41A7-BA23-8D37C0CD26AE"/>
  <cim:CurrentLimit.value>607.49035</cim:CurrentLimit.value>
</cim:CurrentLimit>
<cim:CurrentLimit rdf:ID="_653A8063-159E-4A11-A5C4-30C85526ECA9">
  <cim:IdentifiedObject.mRID>_653A8063-159E-4A11-A5C4-30C85526ECA9</cim:IdentifiedObject.mRID>
  <cim:IdentifiedObject.name>OpLimI_607.5_828.4_Emerg</cim:IdentifiedObject.name>
  <cim:OperationalLimit.OperationalLimitSet rdf:resource="#_2D2001B1-CC18-41C0-B9BC-2582649D4670"/>
  <cim:OperationalLimit.OperationalLimitType rdf:resource="#_FEE2A550-CD9F-4009-B2FA-72AD53FE38C9"/>
  <cim:CurrentLimit.value>828.39593</cim:CurrentLimit.value>
</cim:CurrentLimit>
<cim:OperationalLimitSet rdf:ID="_37B392AE-19A2-4432-BD39-5A491077F3D4">
  <cim:IdentifiedObject.mRID>_37B392AE-19A2-4432-BD39-5A491077F3D4</cim:IdentifiedObject.mRID>
  <cim:IdentifiedObject.name>OpLimI_400.0_600.0</cim:IdentifiedObject.name>
</cim:OperationalLimitSet>
<cim:CurrentLimit rdf:ID="_D467BB11-1530-4087-B36A-3C467135884C">
  <cim:IdentifiedObject.mRID>_D467BB11-1530-4087-B36A-3C467135884C</cim:IdentifiedObject.mRID>
  <cim:IdentifiedObject.name>OpLimI_400.0_600.0_Norm</cim:IdentifiedObject.name>
  <cim:OperationalLimit.OperationalLimitSet rdf:resource="#_37B392AE-19A2-4432-BD39-5A491077F3D4"/>
  <cim:OperationalLimit.OperationalLimitType rdf:resource="#_44762AF0-7803-41A7-BA23-8D37C0CD26AE"/>
  <cim:CurrentLimit.value>400</cim:CurrentLimit.value>
</cim:CurrentLimit>
<cim:CurrentLimit rdf:ID="_28D0C165-3AB9-440F-8C50-B52523FA521D">
  <cim:IdentifiedObject.mRID>_28D0C165-3AB9-440F-8C50-B52523FA521D</cim:IdentifiedObject.mRID>
  <cim:IdentifiedObject.name>OpLimI_400.0_600.0_Emerg</cim:IdentifiedObject.name>
  <cim:OperationalLimit.OperationalLimitSet rdf:resource="#_37B392AE-19A2-4432-BD39-5A491077F3D4"/>
  <cim:OperationalLimit.OperationalLimitType rdf:resource="#_FEE2A550-CD9F-4009-B2FA-72AD53FE38C9"/>
  <cim:CurrentLimit.value>600</cim:CurrentLimit.value>
</cim:CurrentLimit>
</rdf:RDF>
