<?xml version="1.0" encoding="utf-8"?>
<!-- un-comment this line to enable validation
-->
<rdf:RDF xmlns:cim="http://iec.ch/TC57/CIM100#" xmlns:rdf="http://www.w3.org/1999/02/22-rdf-syntax-ns#">
<!--
-->
<cim:IEC61970CIMVersion rdf:ID="_B789C000-7085-454A-A99F-7169BE1DC2CE">
  <cim:IEC61970CIMVersion.version>IEC61970CIM100</cim:IEC61970CIMVersion.version>
  <cim:IEC61970CIMVersion.date>2019-04-01</cim:IEC61970CIMVersion.date>
</cim:IEC61970CIMVersion>
<cim:CoordinateSystem rdf:ID="_D1C06DF3-ECAD-426E-8CCE-BA093649C24E">
  <cim:IdentifiedObject.mRID>_D1C06DF3-ECAD-426E-8CCE-BA093649C24E</cim:IdentifiedObject.mRID>
  <cim:IdentifiedObject.name>gydbal_CrsUrn</cim:IdentifiedObject.name>
  <cim:CoordinateSystem.crsUrn>OpenDSSLocalBusCoordinates</cim:CoordinateSystem.crsUrn>
</cim:CoordinateSystem>
<cim:GeographicalRegion rdf:ID="_6E7ABB5B-622A-4C9E-BF23-ED26D5FBB9FF">
  <cim:IdentifiedObject.mRID>_6E7ABB5B-622A-4C9E-BF23-ED26D5FBB9FF</cim:IdentifiedObject.mRID>
  <cim:IdentifiedObject.name>geo1</cim:IdentifiedObject.name>
</cim:GeographicalRegion>
<cim:SubGeographicalRegion rdf:ID="_4C1C7E05-6988-4AD0-877F-177E28303F99">
  <cim:IdentifiedObject.mRID>_4C1C7E05-6988-4AD0-877F-177E28303F99</cim:IdentifiedObject.mRID>
  <cim:IdentifiedObject.name>subgeo1</cim:IdentifiedObject.name>
  <cim:SubGeographicalRegion.Region rdf:resource="#_6E7ABB5B-622A-4C9E-BF23-ED26D5FBB9FF"/>
</cim:SubGeographicalRegion>
<cim:Substation rdf:ID="_B841CDD3-2DD1-4D66-97E8-A3B089621CDA">
  <cim:IdentifiedObject.mRID>_B841CDD3-2DD1-4D66-97E8-A3B089621CDA</cim:IdentifiedObject.mRID>
  <cim:IdentifiedObject.name>sub1</cim:IdentifiedObject.name>
  <cim:Substation.Region rdf:resource="#_4C1C7E05-6988-4AD0-877F-177E28303F99"/>
</cim:Substation>
<cim:Location rdf:ID="_E3ACBDDD-86BE-4D08-AB82-9846AC68C58D">
  <cim:IdentifiedObject.mRID>_E3ACBDDD-86BE-4D08-AB82-9846AC68C58D</cim:IdentifiedObject.mRID>
  <cim:IdentifiedObject.name>gydbal_Location</cim:IdentifiedObject.name>
  <cim:Location.CoordinateSystem rdf:resource="#_D1C06DF3-ECAD-426E-8CCE-BA093649C24E"/>
</cim:Location>
<cim:Feeder rdf:ID="_275E77E2-F477-414B-969D-F596DADC1A7A">
  <cim:IdentifiedObject.mRID>_275E77E2-F477-414B-969D-F596DADC1A7A</cim:IdentifiedObject.mRID>
  <cim:IdentifiedObject.name>gydbal</cim:IdentifiedObject.name>
  <cim:Feeder.NormalEnergizingSubstation rdf:resource="#_B841CDD3-2DD1-4D66-97E8-A3B089621CDA"/>
  <cim:PowerSystemResource.Location rdf:resource="#_E3ACBDDD-86BE-4D08-AB82-9846AC68C58D"/>
</cim:Feeder>
<cim:OperationalLimitType rdf:ID="_1D1550BB-94C6-45B7-BFBE-3AA244C8252E">
  <cim:IdentifiedObject.mRID>_1D1550BB-94C6-45B7-BFBE-3AA244C8252E</cim:IdentifiedObject.mRID>
  <cim:IdentifiedObject.name>gydbal_NormAmpsType</cim:IdentifiedObject.name>
  <cim:OperationalLimitType.acceptableDuration>5E9</cim:OperationalLimitType.acceptableDuration>
  <cim:OperationalLimitType.direction rdf:resource="http://iec.ch/TC57/CIM100#OperationalLimitDirectionKind.absoluteValue"/>
</cim:OperationalLimitType>
<cim:OperationalLimitType rdf:ID="_9557110C-79C0-4296-88BC-BBF96CDED523">
  <cim:IdentifiedObject.mRID>_9557110C-79C0-4296-88BC-BBF96CDED523</cim:IdentifiedObject.mRID>
  <cim:IdentifiedObject.name>gydbal_EmergencyAmpsType</cim:IdentifiedObject.name>
  <cim:OperationalLimitType.acceptableDuration>7200</cim:OperationalLimitType.acceptableDuration>
  <cim:OperationalLimitType.direction rdf:resource="http://iec.ch/TC57/CIM100#OperationalLimitDirectionKind.absoluteValue"/>
</cim:OperationalLimitType>
<cim:OperationalLimitType rdf:ID="_3D0F1121-39EC-4FBA-8F9A-D10743D669C0">
  <cim:IdentifiedObject.mRID>_3D0F1121-39EC-4FBA-8F9A-D10743D669C0</cim:IdentifiedObject.mRID>
  <cim:IdentifiedObject.name>gydbal_RangeAHiType</cim:IdentifiedObject.name>
  <cim:OperationalLimitType.acceptableDuration>5E9</cim:OperationalLimitType.acceptableDuration>
  <cim:OperationalLimitType.direction rdf:resource="http://iec.ch/TC57/CIM100#OperationalLimitDirectionKind.high"/>
</cim:OperationalLimitType>
<cim:OperationalLimitType rdf:ID="_F593AE38-1859-457E-A284-DE50AEEE1332">
  <cim:IdentifiedObject.mRID>_F593AE38-1859-457E-A284-DE50AEEE1332</cim:IdentifiedObject.mRID>
  <cim:IdentifiedObject.name>gydbal_RangeALoType</cim:IdentifiedObject.name>
  <cim:OperationalLimitType.acceptableDuration>5E9</cim:OperationalLimitType.acceptableDuration>
  <cim:OperationalLimitType.direction rdf:resource="http://iec.ch/TC57/CIM100#OperationalLimitDirectionKind.low"/>
</cim:OperationalLimitType>
<cim:OperationalLimitType rdf:ID="_CFC645FD-0885-49F2-AA37-ECDD55DB6337">
  <cim:IdentifiedObject.mRID>_CFC645FD-0885-49F2-AA37-ECDD55DB6337</cim:IdentifiedObject.mRID>
  <cim:IdentifiedObject.name>gydbal_RangeBHiType</cim:IdentifiedObject.name>
  <cim:OperationalLimitType.acceptableDuration>86400</cim:OperationalLimitType.acceptableDuration>
  <cim:OperationalLimitType.direction rdf:resource="http://iec.ch/TC57/CIM100#OperationalLimitDirectionKind.high"/>
</cim:OperationalLimitType>
<cim:OperationalLimitType rdf:ID="_7609BC56-EAAA-4656-9CFD-F5798DF98167">
  <cim:IdentifiedObject.mRID>_7609BC56-EAAA-4656-9CFD-F5798DF98167</cim:IdentifiedObject.mRID>
  <cim:IdentifiedObject.name>gydbal_RangeBLoType</cim:IdentifiedObject.name>
  <cim:OperationalLimitType.acceptableDuration>86400</cim:OperationalLimitType.acceptableDuration>
  <cim:OperationalLimitType.direction rdf:resource="http://iec.ch/TC57/CIM100#OperationalLimitDirectionKind.low"/>
</cim:OperationalLimitType>
<cim:BaseVoltage rdf:ID="_C61590DD-EFF2-4850-95BB-D1967853EF95">
  <cim:IdentifiedObject.mRID>_C61590DD-EFF2-4850-95BB-D1967853EF95</cim:IdentifiedObject.mRID>
  <cim:IdentifiedObject.name>BaseV_12.4700</cim:IdentifiedObject.name>
  <cim:BaseVoltage.nominalVoltage>12470</cim:BaseVoltage.nominalVoltage>
</cim:BaseVoltage>
<cim:OperationalLimitSet rdf:ID="_0ADD3857-08ED-4609-A899-D3DC18602827">
  <cim:IdentifiedObject.mRID>_0ADD3857-08ED-4609-A899-D3DC18602827</cim:IdentifiedObject.mRID>
  <cim:IdentifiedObject.name>OpLimV_12.4700</cim:IdentifiedObject.name>
</cim:OperationalLimitSet>
<cim:VoltageLimit rdf:ID="_99124976-F1D7-46C9-A1AA-FAAEC2F97714">
  <cim:IdentifiedObject.mRID>_99124976-F1D7-46C9-A1AA-FAAEC2F97714</cim:IdentifiedObject.mRID>
  <cim:IdentifiedObject.name>OpLimV_12.4700_RangeAHi</cim:IdentifiedObject.name>
  <cim:OperationalLimit.OperationalLimitSet rdf:resource="#_0ADD3857-08ED-4609-A899-D3DC18602827"/>
  <cim:OperationalLimit.OperationalLimitType rdf:resource="#_3D0F1121-39EC-4FBA-8F9A-D10743D669C0"/>
  <cim:VoltageLimit.value>13093.5</cim:VoltageLimit.value>
</cim:VoltageLimit>
<cim:VoltageLimit rdf:ID="_DA794F67-DECB-47BB-90E5-0A0FBD24F0F8">
  <cim:IdentifiedObject.mRID>_DA794F67-DECB-47BB-90E5-0A0FBD24F0F8</cim:IdentifiedObject.mRID>
  <cim:IdentifiedObject.name>OpLimV_12.4700_RangeALo</cim:IdentifiedObject.name>
  <cim:OperationalLimit.OperationalLimitSet rdf:resource="#_0ADD3857-08ED-4609-A899-D3DC18602827"/>
  <cim:OperationalLimit.OperationalLimitType rdf:resource="#_F593AE38-1859-457E-A284-DE50AEEE1332"/>
  <cim:VoltageLimit.value>11846.5</cim:VoltageLimit.value>
</cim:VoltageLimit>
<cim:VoltageLimit rdf:ID="_707191EF-0DDE-4451-BDB0-EBF43757200A">
  <cim:IdentifiedObject.mRID>_707191EF-0DDE-4451-BDB0-EBF43757200A</cim:IdentifiedObject.mRID>
  <cim:IdentifiedObject.name>OpLimV_12.4700_RangeBHi</cim:IdentifiedObject.name>
  <cim:OperationalLimit.OperationalLimitSet rdf:resource="#_0ADD3857-08ED-4609-A899-D3DC18602827"/>
  <cim:OperationalLimit.OperationalLimitType rdf:resource="#_CFC645FD-0885-49F2-AA37-ECDD55DB6337"/>
  <cim:VoltageLimit.value>13197.416</cim:VoltageLimit.value>
</cim:VoltageLimit>
<cim:VoltageLimit rdf:ID="_6A420287-C140-46BB-9890-0A6881ECF6FD">
  <cim:IdentifiedObject.mRID>_6A420287-C140-46BB-9890-0A6881ECF6FD</cim:IdentifiedObject.mRID>
  <cim:IdentifiedObject.name>OpLimV_12.4700_RangeBLo</cim:IdentifiedObject.name>
  <cim:OperationalLimit.OperationalLimitSet rdf:resource="#_0ADD3857-08ED-4609-A899-D3DC18602827"/>
  <cim:OperationalLimit.OperationalLimitType rdf:resource="#_7609BC56-EAAA-4656-9CFD-F5798DF98167"/>
  <cim:VoltageLimit.value>11430.834</cim:VoltageLimit.value>
</cim:VoltageLimit>
<cim:BaseVoltage rdf:ID="_5145585B-C867-4561-9844-486DE6DB2F42">
  <cim:IdentifiedObject.mRID>_5145585B-C867-4561-9844-486DE6DB2F42</cim:IdentifiedObject.mRID>
  <cim:IdentifiedObject.name>BaseV_4.1600</cim:IdentifiedObject.name>
  <cim:BaseVoltage.nominalVoltage>4160</cim:BaseVoltage.nominalVoltage>
</cim:BaseVoltage>
<cim:OperationalLimitSet rdf:ID="_F46A0348-48A0-4555-AA49-16589EA66DA8">
  <cim:IdentifiedObject.mRID>_F46A0348-48A0-4555-AA49-16589EA66DA8</cim:IdentifiedObject.mRID>
  <cim:IdentifiedObject.name>OpLimV_4.1600</cim:IdentifiedObject.name>
</cim:OperationalLimitSet>
<cim:VoltageLimit rdf:ID="_23363AE6-E1BE-47D3-850D-D6EB0FA0C642">
  <cim:IdentifiedObject.mRID>_23363AE6-E1BE-47D3-850D-D6EB0FA0C642</cim:IdentifiedObject.mRID>
  <cim:IdentifiedObject.name>OpLimV_4.1600_RangeAHi</cim:IdentifiedObject.name>
  <cim:OperationalLimit.OperationalLimitSet rdf:resource="#_F46A0348-48A0-4555-AA49-16589EA66DA8"/>
  <cim:OperationalLimit.OperationalLimitType rdf:resource="#_3D0F1121-39EC-4FBA-8F9A-D10743D669C0"/>
  <cim:VoltageLimit.value>4368</cim:VoltageLimit.value>
</cim:VoltageLimit>
<cim:VoltageLimit rdf:ID="_D5EE5387-3512-4266-80EC-EA1B4E656D05">
  <cim:IdentifiedObject.mRID>_D5EE5387-3512-4266-80EC-EA1B4E656D05</cim:IdentifiedObject.mRID>
  <cim:IdentifiedObject.name>OpLimV_4.1600_RangeALo</cim:IdentifiedObject.name>
  <cim:OperationalLimit.OperationalLimitSet rdf:resource="#_F46A0348-48A0-4555-AA49-16589EA66DA8"/>
  <cim:OperationalLimit.OperationalLimitType rdf:resource="#_F593AE38-1859-457E-A284-DE50AEEE1332"/>
  <cim:VoltageLimit.value>3952</cim:VoltageLimit.value>
</cim:VoltageLimit>
<cim:VoltageLimit rdf:ID="_C687B552-4613-4E82-AF28-BB18089F6005">
  <cim:IdentifiedObject.mRID>_C687B552-4613-4E82-AF28-BB18089F6005</cim:IdentifiedObject.mRID>
  <cim:IdentifiedObject.name>OpLimV_4.1600_RangeBHi</cim:IdentifiedObject.name>
  <cim:OperationalLimit.OperationalLimitSet rdf:resource="#_F46A0348-48A0-4555-AA49-16589EA66DA8"/>
  <cim:OperationalLimit.OperationalLimitType rdf:resource="#_CFC645FD-0885-49F2-AA37-ECDD55DB6337"/>
  <cim:VoltageLimit.value>4402.6665</cim:VoltageLimit.value>
</cim:VoltageLimit>
<cim:VoltageLimit rdf:ID="_1E1EA058-92E2-4124-860E-711620CA6AE7">
  <cim:IdentifiedObject.mRID>_1E1EA058-92E2-4124-860E-711620CA6AE7</cim:IdentifiedObject.mRID>
  <cim:IdentifiedObject.name>OpLimV_4.1600_RangeBLo</cim:IdentifiedObject.name>
  <cim:OperationalLimit.OperationalLimitSet rdf:resource="#_F46A0348-48A0-4555-AA49-16589EA66DA8"/>
  <cim:OperationalLimit.OperationalLimitType rdf:resource="#_7609BC56-EAAA-4656-9CFD-F5798DF98167"/>
  <cim:VoltageLimit.value>3813.3335</cim:VoltageLimit.value>
</cim:VoltageLimit>
<cim:TopologicalNode rdf:ID="_F8681556-F34F-4DEF-99B2-3CF56A17BD25">
  <cim:IdentifiedObject.mRID>_F8681556-F34F-4DEF-99B2-3CF56A17BD25</cim:IdentifiedObject.mRID>
  <cim:IdentifiedObject.name>sourcebus</cim:IdentifiedObject.name>
  <cim:TopologicalNode.TopologicalIsland rdf:resource="#_D61F7620-3BC7-4583-A0C3-17F16C0EE5C2"/>
</cim:TopologicalNode>
<cim:ConnectivityNode rdf:ID="_28ABC133-2324-410F-9935-A04E981501F7">
  <cim:IdentifiedObject.mRID>_28ABC133-2324-410F-9935-A04E981501F7</cim:IdentifiedObject.mRID>
  <cim:IdentifiedObject.name>sourcebus</cim:IdentifiedObject.name>
  <cim:ConnectivityNode.TopologicalNode rdf:resource="#_F8681556-F34F-4DEF-99B2-3CF56A17BD25"/>
  <cim:ConnectivityNode.OperationalLimitSet rdf:resource="#_0ADD3857-08ED-4609-A899-D3DC18602827"/>
  <cim:ConnectivityNode.ConnectivityNodeContainer rdf:resource="#_275E77E2-F477-414B-969D-F596DADC1A7A"/>
</cim:ConnectivityNode>
<cim:TopologicalNode rdf:ID="_83584B9F-698F-42BF-9E51-9E0A67A1F0E5">
  <cim:IdentifiedObject.mRID>_83584B9F-698F-42BF-9E51-9E0A67A1F0E5</cim:IdentifiedObject.mRID>
  <cim:IdentifiedObject.name>n2</cim:IdentifiedObject.name>
  <cim:TopologicalNode.TopologicalIsland rdf:resource="#_D61F7620-3BC7-4583-A0C3-17F16C0EE5C2"/>
</cim:TopologicalNode>
<cim:ConnectivityNode rdf:ID="_D5A8E4A2-6844-467D-A42D-F30B3731B01A">
  <cim:IdentifiedObject.mRID>_D5A8E4A2-6844-467D-A42D-F30B3731B01A</cim:IdentifiedObject.mRID>
  <cim:IdentifiedObject.name>n2</cim:IdentifiedObject.name>
  <cim:ConnectivityNode.TopologicalNode rdf:resource="#_83584B9F-698F-42BF-9E51-9E0A67A1F0E5"/>
  <cim:ConnectivityNode.OperationalLimitSet rdf:resource="#_0ADD3857-08ED-4609-A899-D3DC18602827"/>
  <cim:ConnectivityNode.ConnectivityNodeContainer rdf:resource="#_275E77E2-F477-414B-969D-F596DADC1A7A"/>
</cim:ConnectivityNode>
<cim:TopologicalNode rdf:ID="_5A5EF2F1-6999-4766-8081-C0A9C0ED8045">
  <cim:IdentifiedObject.mRID>_5A5EF2F1-6999-4766-8081-C0A9C0ED8045</cim:IdentifiedObject.mRID>
  <cim:IdentifiedObject.name>n3</cim:IdentifiedObject.name>
  <cim:TopologicalNode.TopologicalIsland rdf:resource="#_D61F7620-3BC7-4583-A0C3-17F16C0EE5C2"/>
</cim:TopologicalNode>
<cim:ConnectivityNode rdf:ID="_80C9ECAC-AA3C-46AD-9E12-BC09C2D341FC">
  <cim:IdentifiedObject.mRID>_80C9ECAC-AA3C-46AD-9E12-BC09C2D341FC</cim:IdentifiedObject.mRID>
  <cim:IdentifiedObject.name>n3</cim:IdentifiedObject.name>
  <cim:ConnectivityNode.TopologicalNode rdf:resource="#_5A5EF2F1-6999-4766-8081-C0A9C0ED8045"/>
  <cim:ConnectivityNode.OperationalLimitSet rdf:resource="#_F46A0348-48A0-4555-AA49-16589EA66DA8"/>
  <cim:ConnectivityNode.ConnectivityNodeContainer rdf:resource="#_275E77E2-F477-414B-969D-F596DADC1A7A"/>
</cim:ConnectivityNode>
<cim:TopologicalNode rdf:ID="_5547131D-3C8A-4C4D-A3A6-AD69F5FE0401">
  <cim:IdentifiedObject.mRID>_5547131D-3C8A-4C4D-A3A6-AD69F5FE0401</cim:IdentifiedObject.mRID>
  <cim:IdentifiedObject.name>n4</cim:IdentifiedObject.name>
  <cim:TopologicalNode.TopologicalIsland rdf:resource="#_D61F7620-3BC7-4583-A0C3-17F16C0EE5C2"/>
</cim:TopologicalNode>
<cim:ConnectivityNode rdf:ID="_ADCF29D9-26BA-45CD-B0DA-BA52B1140529">
  <cim:IdentifiedObject.mRID>_ADCF29D9-26BA-45CD-B0DA-BA52B1140529</cim:IdentifiedObject.mRID>
  <cim:IdentifiedObject.name>n4</cim:IdentifiedObject.name>
  <cim:ConnectivityNode.TopologicalNode rdf:resource="#_5547131D-3C8A-4C4D-A3A6-AD69F5FE0401"/>
  <cim:ConnectivityNode.OperationalLimitSet rdf:resource="#_F46A0348-48A0-4555-AA49-16589EA66DA8"/>
  <cim:ConnectivityNode.ConnectivityNodeContainer rdf:resource="#_275E77E2-F477-414B-969D-F596DADC1A7A"/>
</cim:ConnectivityNode>
<cim:TopologicalIsland rdf:ID="_D61F7620-3BC7-4583-A0C3-17F16C0EE5C2">
  <cim:IdentifiedObject.mRID>_D61F7620-3BC7-4583-A0C3-17F16C0EE5C2</cim:IdentifiedObject.mRID>
  <cim:IdentifiedObject.name>gydbal_Island</cim:IdentifiedObject.name>
  <cim:TopologicalIsland.AngleRefTopologicalNode rdf:resource="#_F8681556-F34F-4DEF-99B2-3CF56A17BD25"/>
</cim:TopologicalIsland>
<cim:EnergySource rdf:ID="_3EEF5FE3-9CF6-4AE6-A8C3-9062FE539613">
  <cim:IdentifiedObject.mRID>_3EEF5FE3-9CF6-4AE6-A8C3-9062FE539613</cim:IdentifiedObject.mRID>
  <cim:IdentifiedObject.name>source</cim:IdentifiedObject.name>
  <cim:Equipment.EquipmentContainer rdf:resource="#_275E77E2-F477-414B-969D-F596DADC1A7A"/>
  <cim:ConductingEquipment.BaseVoltage rdf:resource="#_C61590DD-EFF2-4850-95BB-D1967853EF95"/>
  <cim:EnergySource.nominalVoltage>12470</cim:EnergySource.nominalVoltage>
  <cim:EnergySource.voltageMagnitude>12470</cim:EnergySource.voltageMagnitude>
  <cim:EnergySource.voltageAngle>0</cim:EnergySource.voltageAngle>
  <cim:EnergySource.r>0.00018857254</cim:EnergySource.r>
  <cim:EnergySource.x>0.00075429016</cim:EnergySource.x>
  <cim:EnergySource.r0>0.00024635211</cim:EnergySource.r0>
  <cim:EnergySource.x0>0.00073905633</cim:EnergySource.x0>
  <cim:PowerSystemResource.Location rdf:resource="#_39B3BE9F-768D-4852-806C-13D55F4BCCC7"/>
</cim:EnergySource>
<cim:Terminal rdf:ID="_9685B2CF-B4E0-4903-9BA0-0B42B6186354">
  <cim:IdentifiedObject.mRID>_9685B2CF-B4E0-4903-9BA0-0B42B6186354</cim:IdentifiedObject.mRID>
  <cim:IdentifiedObject.name>source_T1</cim:IdentifiedObject.name>
  <cim:Terminal.ConductingEquipment rdf:resource="#_3EEF5FE3-9CF6-4AE6-A8C3-9062FE539613"/>
  <cim:ACDCTerminal.sequenceNumber>1</cim:ACDCTerminal.sequenceNumber>
  <cim:Terminal.ConnectivityNode rdf:resource="#_28ABC133-2324-410F-9935-A04E981501F7"/>
</cim:Terminal>
<cim:Location rdf:ID="_39B3BE9F-768D-4852-806C-13D55F4BCCC7">
  <cim:IdentifiedObject.mRID>_39B3BE9F-768D-4852-806C-13D55F4BCCC7</cim:IdentifiedObject.mRID>
  <cim:IdentifiedObject.name>source_Loc</cim:IdentifiedObject.name>
  <cim:Location.CoordinateSystem rdf:resource="#_D1C06DF3-ECAD-426E-8CCE-BA093649C24E"/>
</cim:Location>
<cim:PositionPoint rdf:ID="_3F485BCC-8044-4CC0-8015-A900F08A2E3D">
  <cim:PositionPoint.Location rdf:resource="#_39B3BE9F-768D-4852-806C-13D55F4BCCC7"/>
  <cim:PositionPoint.sequenceNumber>1</cim:PositionPoint.sequenceNumber>
  <cim:PositionPoint.xPosition>0</cim:PositionPoint.xPosition>
  <cim:PositionPoint.yPosition>0</cim:PositionPoint.yPosition>
</cim:PositionPoint>
<cim:Location rdf:ID="_1169965E-0633-4120-974D-D9D17C27AE32">
  <cim:IdentifiedObject.mRID>_1169965E-0633-4120-974D-D9D17C27AE32</cim:IdentifiedObject.mRID>
  <cim:IdentifiedObject.name>t1_Loc</cim:IdentifiedObject.name>
  <cim:Location.CoordinateSystem rdf:resource="#_D1C06DF3-ECAD-426E-8CCE-BA093649C24E"/>
</cim:Location>
<cim:PositionPoint rdf:ID="_A0B633EC-EC92-4EE5-8DE6-D53DD99CFC5A">
  <cim:PositionPoint.Location rdf:resource="#_1169965E-0633-4120-974D-D9D17C27AE32"/>
  <cim:PositionPoint.sequenceNumber>1</cim:PositionPoint.sequenceNumber>
  <cim:PositionPoint.xPosition>0</cim:PositionPoint.xPosition>
  <cim:PositionPoint.yPosition>0</cim:PositionPoint.yPosition>
</cim:PositionPoint>
<cim:PositionPoint rdf:ID="_BA058C34-7C71-4540-B37C-3FBBF28E7A15">
  <cim:PositionPoint.Location rdf:resource="#_1169965E-0633-4120-974D-D9D17C27AE32"/>
  <cim:PositionPoint.sequenceNumber>2</cim:PositionPoint.sequenceNumber>
  <cim:PositionPoint.xPosition>0</cim:PositionPoint.xPosition>
  <cim:PositionPoint.yPosition>0</cim:PositionPoint.yPosition>
</cim:PositionPoint>
<cim:TransformerCoreAdmittance rdf:ID="_C1917322-7063-4FF7-AB9F-1EA917405B5B">
  <cim:IdentifiedObject.mRID>_C1917322-7063-4FF7-AB9F-1EA917405B5B</cim:IdentifiedObject.mRID>
  <cim:IdentifiedObject.name>t1_Yc</cim:IdentifiedObject.name>
  <cim:TransformerCoreAdmittance.g>0</cim:TransformerCoreAdmittance.g>
  <cim:TransformerCoreAdmittance.g0>0</cim:TransformerCoreAdmittance.g0>
  <cim:TransformerCoreAdmittance.b>0</cim:TransformerCoreAdmittance.b>
  <cim:TransformerCoreAdmittance.b0>0</cim:TransformerCoreAdmittance.b0>
  <cim:TransformerCoreAdmittance.TransformerEnd rdf:resource="#_8D3AFC43-8C0D-49A3-8F9A-CC5C88E96099"/>
</cim:TransformerCoreAdmittance>
<cim:TransformerMeshImpedance rdf:ID="_7C6CD962-3A1F-4A37-AAF8-530A4B113905">
  <cim:IdentifiedObject.mRID>_7C6CD962-3A1F-4A37-AAF8-530A4B113905</cim:IdentifiedObject.mRID>
  <cim:IdentifiedObject.name>t1_Zsc_1</cim:IdentifiedObject.name>
  <cim:TransformerMeshImpedance.r>0.25916817</cim:TransformerMeshImpedance.r>
  <cim:TransformerMeshImpedance.r0>0.25916817</cim:TransformerMeshImpedance.r0>
  <cim:TransformerMeshImpedance.x>1.555009</cim:TransformerMeshImpedance.x>
  <cim:TransformerMeshImpedance.x0>1.555009</cim:TransformerMeshImpedance.x0>
  <cim:TransformerMeshImpedance.FromTransformerEnd rdf:resource="#_8D3AFC43-8C0D-49A3-8F9A-CC5C88E96099"/>
  <cim:TransformerMeshImpedance.ToTransformerEnd rdf:resource="#_87537DD4-1771-4D0D-8BE2-2023361E4198"/>
</cim:TransformerMeshImpedance>
<cim:PowerTransformerEnd rdf:ID="_8D3AFC43-8C0D-49A3-8F9A-CC5C88E96099">
  <cim:IdentifiedObject.mRID>_8D3AFC43-8C0D-49A3-8F9A-CC5C88E96099</cim:IdentifiedObject.mRID>
  <cim:IdentifiedObject.name>t1_End_1</cim:IdentifiedObject.name>
  <cim:PowerTransformerEnd.PowerTransformer rdf:resource="#_2E0F5530-FF10-4C8E-BB16-7C68118450D1"/>
  <cim:PowerTransformerEnd.ratedS>6000000</cim:PowerTransformerEnd.ratedS>
  <cim:PowerTransformerEnd.ratedU>12470</cim:PowerTransformerEnd.ratedU>
  <cim:PowerTransformerEnd.r>0.12958408</cim:PowerTransformerEnd.r>
  <cim:PowerTransformerEnd.connectionKind rdf:resource="http://iec.ch/TC57/CIM100#WindingConnection.Y"/>
  <cim:PowerTransformerEnd.phaseAngleClock>0</cim:PowerTransformerEnd.phaseAngleClock>
  <cim:TransformerEnd.grounded>true</cim:TransformerEnd.grounded>
  <cim:TransformerEnd.rground>0</cim:TransformerEnd.rground>
  <cim:TransformerEnd.xground>0</cim:TransformerEnd.xground>
  <cim:TransformerEnd.endNumber>1</cim:TransformerEnd.endNumber>
  <cim:TransformerEnd.Terminal rdf:resource="#_83ADC71A-798F-4CE6-9C14-A95CE9D0388E"/>
  <cim:TransformerEnd.BaseVoltage rdf:resource="#_C61590DD-EFF2-4850-95BB-D1967853EF95"/>
</cim:PowerTransformerEnd>
<cim:Terminal rdf:ID="_83ADC71A-798F-4CE6-9C14-A95CE9D0388E">
  <cim:IdentifiedObject.mRID>_83ADC71A-798F-4CE6-9C14-A95CE9D0388E</cim:IdentifiedObject.mRID>
  <cim:IdentifiedObject.name>t1_T1</cim:IdentifiedObject.name>
  <cim:Terminal.ConductingEquipment rdf:resource="#_2E0F5530-FF10-4C8E-BB16-7C68118450D1"/>
  <cim:ACDCTerminal.sequenceNumber>1</cim:ACDCTerminal.sequenceNumber>
  <cim:Terminal.ConnectivityNode rdf:resource="#_D5A8E4A2-6844-467D-A42D-F30B3731B01A"/>
  <cim:ACDCTerminal.OperationalLimitSet rdf:resource="#_E4EC596C-7BC2-43B7-8689-D167DD57E605"/>
</cim:Terminal>
<cim:PowerTransformerEnd rdf:ID="_87537DD4-1771-4D0D-8BE2-2023361E4198">
  <cim:IdentifiedObject.mRID>_87537DD4-1771-4D0D-8BE2-2023361E4198</cim:IdentifiedObject.mRID>
  <cim:IdentifiedObject.name>t1_End_2</cim:IdentifiedObject.name>
  <cim:PowerTransformerEnd.PowerTransformer rdf:resource="#_2E0F5530-FF10-4C8E-BB16-7C68118450D1"/>
  <cim:PowerTransformerEnd.ratedS>6000000</cim:PowerTransformerEnd.ratedS>
  <cim:PowerTransformerEnd.ratedU>4160</cim:PowerTransformerEnd.ratedU>
  <cim:PowerTransformerEnd.r>0.014421333</cim:PowerTransformerEnd.r>
  <cim:PowerTransformerEnd.connectionKind rdf:resource="http://iec.ch/TC57/CIM100#WindingConnection.D"/>
  <cim:PowerTransformerEnd.phaseAngleClock>1</cim:PowerTransformerEnd.phaseAngleClock>
  <cim:TransformerEnd.grounded>false</cim:TransformerEnd.grounded>
  <cim:TransformerEnd.endNumber>2</cim:TransformerEnd.endNumber>
  <cim:TransformerEnd.Terminal rdf:resource="#_33BE6400-5ABA-4D44-BBF7-FF657E0D3B04"/>
  <cim:TransformerEnd.BaseVoltage rdf:resource="#_5145585B-C867-4561-9844-486DE6DB2F42"/>
</cim:PowerTransformerEnd>
<cim:Terminal rdf:ID="_33BE6400-5ABA-4D44-BBF7-FF657E0D3B04">
  <cim:IdentifiedObject.mRID>_33BE6400-5ABA-4D44-BBF7-FF657E0D3B04</cim:IdentifiedObject.mRID>
  <cim:IdentifiedObject.name>t1_T2</cim:IdentifiedObject.name>
  <cim:Terminal.ConductingEquipment rdf:resource="#_2E0F5530-FF10-4C8E-BB16-7C68118450D1"/>
  <cim:ACDCTerminal.sequenceNumber>2</cim:ACDCTerminal.sequenceNumber>
  <cim:Terminal.ConnectivityNode rdf:resource="#_80C9ECAC-AA3C-46AD-9E12-BC09C2D341FC"/>
</cim:Terminal>
<cim:PowerTransformer rdf:ID="_2E0F5530-FF10-4C8E-BB16-7C68118450D1">
  <cim:IdentifiedObject.mRID>_2E0F5530-FF10-4C8E-BB16-7C68118450D1</cim:IdentifiedObject.mRID>
  <cim:IdentifiedObject.name>t1</cim:IdentifiedObject.name>
  <cim:Equipment.EquipmentContainer rdf:resource="#_275E77E2-F477-414B-969D-F596DADC1A7A"/>
  <cim:PowerTransformer.vectorGroup>Yd1</cim:PowerTransformer.vectorGroup>
  <cim:PowerSystemResource.Location rdf:resource="#_1169965E-0633-4120-974D-D9D17C27AE32"/>
</cim:PowerTransformer>
<cim:ACLineSegment rdf:ID="_2588C3FA-8E48-4630-AC1F-39ACBC1F3B6C">
  <cim:IdentifiedObject.mRID>_2588C3FA-8E48-4630-AC1F-39ACBC1F3B6C</cim:IdentifiedObject.mRID>
  <cim:IdentifiedObject.name>line1</cim:IdentifiedObject.name>
  <cim:Equipment.EquipmentContainer rdf:resource="#_275E77E2-F477-414B-969D-F596DADC1A7A"/>
  <cim:ConductingEquipment.BaseVoltage rdf:resource="#_C61590DD-EFF2-4850-95BB-D1967853EF95"/>
  <cim:Conductor.length>609.6</cim:Conductor.length>
  <cim:ACLineSegment.WireSpacingInfo rdf:resource="#_654C4621-406D-453D-B37D-7A56B4BA550D"/>
  <cim:PowerSystemResource.Location rdf:resource="#_5E1F80A0-E532-47C7-B852-8C82D010A4E6"/>
</cim:ACLineSegment>
<cim:ACLineSegmentPhase rdf:ID="_37336C70-75D6-4041-907A-6E8D8344E119">
  <cim:IdentifiedObject.mRID>_37336C70-75D6-4041-907A-6E8D8344E119</cim:IdentifiedObject.mRID>
  <cim:IdentifiedObject.name>line1_A</cim:IdentifiedObject.name>
  <cim:ACLineSegmentPhase.phase rdf:resource="http://iec.ch/TC57/CIM100#SinglePhaseKind.A"/>
  <cim:ACLineSegmentPhase.sequenceNumber>1</cim:ACLineSegmentPhase.sequenceNumber>
  <cim:ACLineSegmentPhase.WireInfo rdf:resource="#_A06E9603-4A12-4FBA-A834-61991008CD0D"/>
  <cim:ACLineSegmentPhase.ACLineSegment rdf:resource="#_2588C3FA-8E48-4630-AC1F-39ACBC1F3B6C"/>
  <cim:PowerSystemResource.Location rdf:resource="#_5E1F80A0-E532-47C7-B852-8C82D010A4E6"/>
</cim:ACLineSegmentPhase>
<cim:ACLineSegmentPhase rdf:ID="_0307F8BE-9814-470A-A97F-F85181623069">
  <cim:IdentifiedObject.mRID>_0307F8BE-9814-470A-A97F-F85181623069</cim:IdentifiedObject.mRID>
  <cim:IdentifiedObject.name>line1_B</cim:IdentifiedObject.name>
  <cim:ACLineSegmentPhase.phase rdf:resource="http://iec.ch/TC57/CIM100#SinglePhaseKind.B"/>
  <cim:ACLineSegmentPhase.sequenceNumber>2</cim:ACLineSegmentPhase.sequenceNumber>
  <cim:ACLineSegmentPhase.WireInfo rdf:resource="#_A06E9603-4A12-4FBA-A834-61991008CD0D"/>
  <cim:ACLineSegmentPhase.ACLineSegment rdf:resource="#_2588C3FA-8E48-4630-AC1F-39ACBC1F3B6C"/>
  <cim:PowerSystemResource.Location rdf:resource="#_5E1F80A0-E532-47C7-B852-8C82D010A4E6"/>
</cim:ACLineSegmentPhase>
<cim:ACLineSegmentPhase rdf:ID="_8ADD8987-4F44-4B82-A38F-865C030CF72D">
  <cim:IdentifiedObject.mRID>_8ADD8987-4F44-4B82-A38F-865C030CF72D</cim:IdentifiedObject.mRID>
  <cim:IdentifiedObject.name>line1_C</cim:IdentifiedObject.name>
  <cim:ACLineSegmentPhase.phase rdf:resource="http://iec.ch/TC57/CIM100#SinglePhaseKind.C"/>
  <cim:ACLineSegmentPhase.sequenceNumber>3</cim:ACLineSegmentPhase.sequenceNumber>
  <cim:ACLineSegmentPhase.WireInfo rdf:resource="#_A06E9603-4A12-4FBA-A834-61991008CD0D"/>
  <cim:ACLineSegmentPhase.ACLineSegment rdf:resource="#_2588C3FA-8E48-4630-AC1F-39ACBC1F3B6C"/>
  <cim:PowerSystemResource.Location rdf:resource="#_5E1F80A0-E532-47C7-B852-8C82D010A4E6"/>
</cim:ACLineSegmentPhase>
<cim:ACLineSegmentPhase rdf:ID="_6DCE96A6-3D83-4EE4-9ECC-366C4052EEAB">
  <cim:IdentifiedObject.mRID>_6DCE96A6-3D83-4EE4-9ECC-366C4052EEAB</cim:IdentifiedObject.mRID>
  <cim:IdentifiedObject.name>line1_N</cim:IdentifiedObject.name>
  <cim:ACLineSegmentPhase.phase rdf:resource="http://iec.ch/TC57/CIM100#SinglePhaseKind.N"/>
  <cim:ACLineSegmentPhase.sequenceNumber>4</cim:ACLineSegmentPhase.sequenceNumber>
  <cim:ACLineSegmentPhase.WireInfo rdf:resource="#_9AF36F65-A2F5-4943-9892-B5305304D762"/>
  <cim:ACLineSegmentPhase.ACLineSegment rdf:resource="#_2588C3FA-8E48-4630-AC1F-39ACBC1F3B6C"/>
  <cim:PowerSystemResource.Location rdf:resource="#_5E1F80A0-E532-47C7-B852-8C82D010A4E6"/>
</cim:ACLineSegmentPhase>
<cim:Terminal rdf:ID="_A937C13D-0AC1-41A8-B192-51499E3F0FDF">
  <cim:IdentifiedObject.mRID>_A937C13D-0AC1-41A8-B192-51499E3F0FDF</cim:IdentifiedObject.mRID>
  <cim:IdentifiedObject.name>line1_T1</cim:IdentifiedObject.name>
  <cim:Terminal.ConductingEquipment rdf:resource="#_2588C3FA-8E48-4630-AC1F-39ACBC1F3B6C"/>
  <cim:ACDCTerminal.sequenceNumber>1</cim:ACDCTerminal.sequenceNumber>
  <cim:Terminal.ConnectivityNode rdf:resource="#_28ABC133-2324-410F-9935-A04E981501F7"/>
</cim:Terminal>
<cim:Terminal rdf:ID="_3136E0EC-C077-4C4F-BD10-83E6FC43D443">
  <cim:IdentifiedObject.mRID>_3136E0EC-C077-4C4F-BD10-83E6FC43D443</cim:IdentifiedObject.mRID>
  <cim:IdentifiedObject.name>line1_T2</cim:IdentifiedObject.name>
  <cim:Terminal.ConductingEquipment rdf:resource="#_2588C3FA-8E48-4630-AC1F-39ACBC1F3B6C"/>
  <cim:ACDCTerminal.sequenceNumber>2</cim:ACDCTerminal.sequenceNumber>
  <cim:Terminal.ConnectivityNode rdf:resource="#_D5A8E4A2-6844-467D-A42D-F30B3731B01A"/>
</cim:Terminal>
<cim:Location rdf:ID="_5E1F80A0-E532-47C7-B852-8C82D010A4E6">
  <cim:IdentifiedObject.mRID>_5E1F80A0-E532-47C7-B852-8C82D010A4E6</cim:IdentifiedObject.mRID>
  <cim:IdentifiedObject.name>line1_Loc</cim:IdentifiedObject.name>
  <cim:Location.CoordinateSystem rdf:resource="#_D1C06DF3-ECAD-426E-8CCE-BA093649C24E"/>
</cim:Location>
<cim:PositionPoint rdf:ID="_2CEF5322-E62D-47F2-997C-CE9940DD97CA">
  <cim:PositionPoint.Location rdf:resource="#_5E1F80A0-E532-47C7-B852-8C82D010A4E6"/>
  <cim:PositionPoint.sequenceNumber>1</cim:PositionPoint.sequenceNumber>
  <cim:PositionPoint.xPosition>0</cim:PositionPoint.xPosition>
  <cim:PositionPoint.yPosition>0</cim:PositionPoint.yPosition>
</cim:PositionPoint>
<cim:PositionPoint rdf:ID="_519EAD0B-FE7D-4CAF-96E9-2B6E167FCAA7">
  <cim:PositionPoint.Location rdf:resource="#_5E1F80A0-E532-47C7-B852-8C82D010A4E6"/>
  <cim:PositionPoint.sequenceNumber>2</cim:PositionPoint.sequenceNumber>
  <cim:PositionPoint.xPosition>0</cim:PositionPoint.xPosition>
  <cim:PositionPoint.yPosition>0</cim:PositionPoint.yPosition>
</cim:PositionPoint>
<cim:ACLineSegment rdf:ID="_DFD32C00-196E-4A17-85BE-25B4A4CE533F">
  <cim:IdentifiedObject.mRID>_DFD32C00-196E-4A17-85BE-25B4A4CE533F</cim:IdentifiedObject.mRID>
  <cim:IdentifiedObject.name>line2</cim:IdentifiedObject.name>
  <cim:Equipment.EquipmentContainer rdf:resource="#_275E77E2-F477-414B-969D-F596DADC1A7A"/>
  <cim:ConductingEquipment.BaseVoltage rdf:resource="#_5145585B-C867-4561-9844-486DE6DB2F42"/>
  <cim:Conductor.length>762</cim:Conductor.length>
  <cim:ACLineSegment.WireSpacingInfo rdf:resource="#_A90372AD-8DBE-4640-B129-9353AB4BDFCC"/>
  <cim:PowerSystemResource.Location rdf:resource="#_66CFCCB2-6DE4-40E0-96EF-09AB74C159EC"/>
</cim:ACLineSegment>
<cim:ACLineSegmentPhase rdf:ID="_89B3459E-52B0-47A1-8CD6-D72EB98E7199">
  <cim:IdentifiedObject.mRID>_89B3459E-52B0-47A1-8CD6-D72EB98E7199</cim:IdentifiedObject.mRID>
  <cim:IdentifiedObject.name>line2_A</cim:IdentifiedObject.name>
  <cim:ACLineSegmentPhase.phase rdf:resource="http://iec.ch/TC57/CIM100#SinglePhaseKind.A"/>
  <cim:ACLineSegmentPhase.sequenceNumber>1</cim:ACLineSegmentPhase.sequenceNumber>
  <cim:ACLineSegmentPhase.WireInfo rdf:resource="#_A06E9603-4A12-4FBA-A834-61991008CD0D"/>
  <cim:ACLineSegmentPhase.ACLineSegment rdf:resource="#_DFD32C00-196E-4A17-85BE-25B4A4CE533F"/>
  <cim:PowerSystemResource.Location rdf:resource="#_66CFCCB2-6DE4-40E0-96EF-09AB74C159EC"/>
</cim:ACLineSegmentPhase>
<cim:ACLineSegmentPhase rdf:ID="_EE442A7F-0350-46A8-9A40-134B5D5C6883">
  <cim:IdentifiedObject.mRID>_EE442A7F-0350-46A8-9A40-134B5D5C6883</cim:IdentifiedObject.mRID>
  <cim:IdentifiedObject.name>line2_B</cim:IdentifiedObject.name>
  <cim:ACLineSegmentPhase.phase rdf:resource="http://iec.ch/TC57/CIM100#SinglePhaseKind.B"/>
  <cim:ACLineSegmentPhase.sequenceNumber>2</cim:ACLineSegmentPhase.sequenceNumber>
  <cim:ACLineSegmentPhase.WireInfo rdf:resource="#_A06E9603-4A12-4FBA-A834-61991008CD0D"/>
  <cim:ACLineSegmentPhase.ACLineSegment rdf:resource="#_DFD32C00-196E-4A17-85BE-25B4A4CE533F"/>
  <cim:PowerSystemResource.Location rdf:resource="#_66CFCCB2-6DE4-40E0-96EF-09AB74C159EC"/>
</cim:ACLineSegmentPhase>
<cim:ACLineSegmentPhase rdf:ID="_B4A533F8-8634-4F99-A29A-930406EB95EB">
  <cim:IdentifiedObject.mRID>_B4A533F8-8634-4F99-A29A-930406EB95EB</cim:IdentifiedObject.mRID>
  <cim:IdentifiedObject.name>line2_C</cim:IdentifiedObject.name>
  <cim:ACLineSegmentPhase.phase rdf:resource="http://iec.ch/TC57/CIM100#SinglePhaseKind.C"/>
  <cim:ACLineSegmentPhase.sequenceNumber>3</cim:ACLineSegmentPhase.sequenceNumber>
  <cim:ACLineSegmentPhase.WireInfo rdf:resource="#_A06E9603-4A12-4FBA-A834-61991008CD0D"/>
  <cim:ACLineSegmentPhase.ACLineSegment rdf:resource="#_DFD32C00-196E-4A17-85BE-25B4A4CE533F"/>
  <cim:PowerSystemResource.Location rdf:resource="#_66CFCCB2-6DE4-40E0-96EF-09AB74C159EC"/>
</cim:ACLineSegmentPhase>
<cim:Terminal rdf:ID="_70FD331B-3970-44FE-8D60-8CC4686F996F">
  <cim:IdentifiedObject.mRID>_70FD331B-3970-44FE-8D60-8CC4686F996F</cim:IdentifiedObject.mRID>
  <cim:IdentifiedObject.name>line2_T1</cim:IdentifiedObject.name>
  <cim:Terminal.ConductingEquipment rdf:resource="#_DFD32C00-196E-4A17-85BE-25B4A4CE533F"/>
  <cim:ACDCTerminal.sequenceNumber>1</cim:ACDCTerminal.sequenceNumber>
  <cim:Terminal.ConnectivityNode rdf:resource="#_80C9ECAC-AA3C-46AD-9E12-BC09C2D341FC"/>
</cim:Terminal>
<cim:Terminal rdf:ID="_77642022-1043-46BE-BE20-D9964308C2DD">
  <cim:IdentifiedObject.mRID>_77642022-1043-46BE-BE20-D9964308C2DD</cim:IdentifiedObject.mRID>
  <cim:IdentifiedObject.name>line2_T2</cim:IdentifiedObject.name>
  <cim:Terminal.ConductingEquipment rdf:resource="#_DFD32C00-196E-4A17-85BE-25B4A4CE533F"/>
  <cim:ACDCTerminal.sequenceNumber>2</cim:ACDCTerminal.sequenceNumber>
  <cim:Terminal.ConnectivityNode rdf:resource="#_ADCF29D9-26BA-45CD-B0DA-BA52B1140529"/>
</cim:Terminal>
<cim:Location rdf:ID="_66CFCCB2-6DE4-40E0-96EF-09AB74C159EC">
  <cim:IdentifiedObject.mRID>_66CFCCB2-6DE4-40E0-96EF-09AB74C159EC</cim:IdentifiedObject.mRID>
  <cim:IdentifiedObject.name>line2_Loc</cim:IdentifiedObject.name>
  <cim:Location.CoordinateSystem rdf:resource="#_D1C06DF3-ECAD-426E-8CCE-BA093649C24E"/>
</cim:Location>
<cim:PositionPoint rdf:ID="_8633118B-87D9-4221-8C18-DAC4B5938FD6">
  <cim:PositionPoint.Location rdf:resource="#_66CFCCB2-6DE4-40E0-96EF-09AB74C159EC"/>
  <cim:PositionPoint.sequenceNumber>1</cim:PositionPoint.sequenceNumber>
  <cim:PositionPoint.xPosition>0</cim:PositionPoint.xPosition>
  <cim:PositionPoint.yPosition>0</cim:PositionPoint.yPosition>
</cim:PositionPoint>
<cim:PositionPoint rdf:ID="_59402B09-428E-49BD-8F09-E6B7FA000736">
  <cim:PositionPoint.Location rdf:resource="#_66CFCCB2-6DE4-40E0-96EF-09AB74C159EC"/>
  <cim:PositionPoint.sequenceNumber>2</cim:PositionPoint.sequenceNumber>
  <cim:PositionPoint.xPosition>0</cim:PositionPoint.xPosition>
  <cim:PositionPoint.yPosition>0</cim:PositionPoint.yPosition>
</cim:PositionPoint>
<cim:LoadResponseCharacteristic rdf:ID="_18CE2D59-8DE7-4C4B-A86F-22650770C74C">
  <cim:IdentifiedObject.mRID>_18CE2D59-8DE7-4C4B-A86F-22650770C74C</cim:IdentifiedObject.mRID>
  <cim:IdentifiedObject.name>Constant kVA</cim:IdentifiedObject.name>
  <cim:LoadResponseCharacteristic.exponentModel>false</cim:LoadResponseCharacteristic.exponentModel>
  <cim:LoadResponseCharacteristic.pConstantImpedance>0</cim:LoadResponseCharacteristic.pConstantImpedance>
  <cim:LoadResponseCharacteristic.pConstantCurrent>0</cim:LoadResponseCharacteristic.pConstantCurrent>
  <cim:LoadResponseCharacteristic.pConstantPower>100</cim:LoadResponseCharacteristic.pConstantPower>
  <cim:LoadResponseCharacteristic.qConstantImpedance>0</cim:LoadResponseCharacteristic.qConstantImpedance>
  <cim:LoadResponseCharacteristic.qConstantCurrent>0</cim:LoadResponseCharacteristic.qConstantCurrent>
  <cim:LoadResponseCharacteristic.qConstantPower>100</cim:LoadResponseCharacteristic.qConstantPower>
  <cim:LoadResponseCharacteristic.pVoltageExponent>0</cim:LoadResponseCharacteristic.pVoltageExponent>
  <cim:LoadResponseCharacteristic.qVoltageExponent>0</cim:LoadResponseCharacteristic.qVoltageExponent>
  <cim:LoadResponseCharacteristic.pFrequencyExponent>0</cim:LoadResponseCharacteristic.pFrequencyExponent>
  <cim:LoadResponseCharacteristic.qFrequencyExponent>0</cim:LoadResponseCharacteristic.qFrequencyExponent>
</cim:LoadResponseCharacteristic>
<cim:LoadResponseCharacteristic rdf:ID="_D4AEDB32-0B61-426B-8F2C-DB89F182D609">
  <cim:IdentifiedObject.mRID>_D4AEDB32-0B61-426B-8F2C-DB89F182D609</cim:IdentifiedObject.mRID>
  <cim:IdentifiedObject.name>Constant Z</cim:IdentifiedObject.name>
  <cim:LoadResponseCharacteristic.exponentModel>false</cim:LoadResponseCharacteristic.exponentModel>
  <cim:LoadResponseCharacteristic.pConstantImpedance>100</cim:LoadResponseCharacteristic.pConstantImpedance>
  <cim:LoadResponseCharacteristic.pConstantCurrent>0</cim:LoadResponseCharacteristic.pConstantCurrent>
  <cim:LoadResponseCharacteristic.pConstantPower>0</cim:LoadResponseCharacteristic.pConstantPower>
  <cim:LoadResponseCharacteristic.qConstantImpedance>100</cim:LoadResponseCharacteristic.qConstantImpedance>
  <cim:LoadResponseCharacteristic.qConstantCurrent>0</cim:LoadResponseCharacteristic.qConstantCurrent>
  <cim:LoadResponseCharacteristic.qConstantPower>0</cim:LoadResponseCharacteristic.qConstantPower>
  <cim:LoadResponseCharacteristic.pVoltageExponent>0</cim:LoadResponseCharacteristic.pVoltageExponent>
  <cim:LoadResponseCharacteristic.qVoltageExponent>0</cim:LoadResponseCharacteristic.qVoltageExponent>
  <cim:LoadResponseCharacteristic.pFrequencyExponent>0</cim:LoadResponseCharacteristic.pFrequencyExponent>
  <cim:LoadResponseCharacteristic.qFrequencyExponent>0</cim:LoadResponseCharacteristic.qFrequencyExponent>
</cim:LoadResponseCharacteristic>
<cim:LoadResponseCharacteristic rdf:ID="_B641D463-0345-4713-BC3C-C9DC8A940322">
  <cim:IdentifiedObject.mRID>_B641D463-0345-4713-BC3C-C9DC8A940322</cim:IdentifiedObject.mRID>
  <cim:IdentifiedObject.name>Motor</cim:IdentifiedObject.name>
  <cim:LoadResponseCharacteristic.exponentModel>false</cim:LoadResponseCharacteristic.exponentModel>
  <cim:LoadResponseCharacteristic.pConstantImpedance>0</cim:LoadResponseCharacteristic.pConstantImpedance>
  <cim:LoadResponseCharacteristic.pConstantCurrent>0</cim:LoadResponseCharacteristic.pConstantCurrent>
  <cim:LoadResponseCharacteristic.pConstantPower>100</cim:LoadResponseCharacteristic.pConstantPower>
  <cim:LoadResponseCharacteristic.qConstantImpedance>100</cim:LoadResponseCharacteristic.qConstantImpedance>
  <cim:LoadResponseCharacteristic.qConstantCurrent>0</cim:LoadResponseCharacteristic.qConstantCurrent>
  <cim:LoadResponseCharacteristic.qConstantPower>0</cim:LoadResponseCharacteristic.qConstantPower>
  <cim:LoadResponseCharacteristic.pVoltageExponent>0</cim:LoadResponseCharacteristic.pVoltageExponent>
  <cim:LoadResponseCharacteristic.qVoltageExponent>0</cim:LoadResponseCharacteristic.qVoltageExponent>
  <cim:LoadResponseCharacteristic.pFrequencyExponent>0</cim:LoadResponseCharacteristic.pFrequencyExponent>
  <cim:LoadResponseCharacteristic.qFrequencyExponent>0</cim:LoadResponseCharacteristic.qFrequencyExponent>
</cim:LoadResponseCharacteristic>
<cim:LoadResponseCharacteristic rdf:ID="_512FEE50-8D13-45CA-8440-93050DA8F435">
  <cim:IdentifiedObject.mRID>_512FEE50-8D13-45CA-8440-93050DA8F435</cim:IdentifiedObject.mRID>
  <cim:IdentifiedObject.name>Mix Motor/Res</cim:IdentifiedObject.name>
  <cim:LoadResponseCharacteristic.exponentModel>true</cim:LoadResponseCharacteristic.exponentModel>
  <cim:LoadResponseCharacteristic.pConstantImpedance>0</cim:LoadResponseCharacteristic.pConstantImpedance>
  <cim:LoadResponseCharacteristic.pConstantCurrent>0</cim:LoadResponseCharacteristic.pConstantCurrent>
  <cim:LoadResponseCharacteristic.pConstantPower>0</cim:LoadResponseCharacteristic.pConstantPower>
  <cim:LoadResponseCharacteristic.qConstantImpedance>0</cim:LoadResponseCharacteristic.qConstantImpedance>
  <cim:LoadResponseCharacteristic.qConstantCurrent>0</cim:LoadResponseCharacteristic.qConstantCurrent>
  <cim:LoadResponseCharacteristic.qConstantPower>0</cim:LoadResponseCharacteristic.qConstantPower>
  <cim:LoadResponseCharacteristic.pVoltageExponent>1</cim:LoadResponseCharacteristic.pVoltageExponent>
  <cim:LoadResponseCharacteristic.qVoltageExponent>2</cim:LoadResponseCharacteristic.qVoltageExponent>
  <cim:LoadResponseCharacteristic.pFrequencyExponent>0</cim:LoadResponseCharacteristic.pFrequencyExponent>
  <cim:LoadResponseCharacteristic.qFrequencyExponent>0</cim:LoadResponseCharacteristic.qFrequencyExponent>
</cim:LoadResponseCharacteristic>
<cim:LoadResponseCharacteristic rdf:ID="_E5532CE6-411F-4EF0-8F8E-2B4D68FDB33C">
  <cim:IdentifiedObject.mRID>_E5532CE6-411F-4EF0-8F8E-2B4D68FDB33C</cim:IdentifiedObject.mRID>
  <cim:IdentifiedObject.name>Constant I</cim:IdentifiedObject.name>
  <cim:LoadResponseCharacteristic.exponentModel>false</cim:LoadResponseCharacteristic.exponentModel>
  <cim:LoadResponseCharacteristic.pConstantImpedance>0</cim:LoadResponseCharacteristic.pConstantImpedance>
  <cim:LoadResponseCharacteristic.pConstantCurrent>100</cim:LoadResponseCharacteristic.pConstantCurrent>
  <cim:LoadResponseCharacteristic.pConstantPower>0</cim:LoadResponseCharacteristic.pConstantPower>
  <cim:LoadResponseCharacteristic.qConstantImpedance>0</cim:LoadResponseCharacteristic.qConstantImpedance>
  <cim:LoadResponseCharacteristic.qConstantCurrent>100</cim:LoadResponseCharacteristic.qConstantCurrent>
  <cim:LoadResponseCharacteristic.qConstantPower>0</cim:LoadResponseCharacteristic.qConstantPower>
  <cim:LoadResponseCharacteristic.pVoltageExponent>0</cim:LoadResponseCharacteristic.pVoltageExponent>
  <cim:LoadResponseCharacteristic.qVoltageExponent>0</cim:LoadResponseCharacteristic.qVoltageExponent>
  <cim:LoadResponseCharacteristic.pFrequencyExponent>0</cim:LoadResponseCharacteristic.pFrequencyExponent>
  <cim:LoadResponseCharacteristic.qFrequencyExponent>0</cim:LoadResponseCharacteristic.qFrequencyExponent>
</cim:LoadResponseCharacteristic>
<cim:LoadResponseCharacteristic rdf:ID="_57FE89B2-23C6-4E92-9A6F-0B34B07EA136">
  <cim:IdentifiedObject.mRID>_57FE89B2-23C6-4E92-9A6F-0B34B07EA136</cim:IdentifiedObject.mRID>
  <cim:IdentifiedObject.name>Variable P, Fixed Q</cim:IdentifiedObject.name>
  <cim:LoadResponseCharacteristic.exponentModel>false</cim:LoadResponseCharacteristic.exponentModel>
  <cim:LoadResponseCharacteristic.pConstantImpedance>0</cim:LoadResponseCharacteristic.pConstantImpedance>
  <cim:LoadResponseCharacteristic.pConstantCurrent>0</cim:LoadResponseCharacteristic.pConstantCurrent>
  <cim:LoadResponseCharacteristic.pConstantPower>100</cim:LoadResponseCharacteristic.pConstantPower>
  <cim:LoadResponseCharacteristic.qConstantImpedance>0</cim:LoadResponseCharacteristic.qConstantImpedance>
  <cim:LoadResponseCharacteristic.qConstantCurrent>0</cim:LoadResponseCharacteristic.qConstantCurrent>
  <cim:LoadResponseCharacteristic.qConstantPower>100</cim:LoadResponseCharacteristic.qConstantPower>
  <cim:LoadResponseCharacteristic.pVoltageExponent>0</cim:LoadResponseCharacteristic.pVoltageExponent>
  <cim:LoadResponseCharacteristic.qVoltageExponent>0</cim:LoadResponseCharacteristic.qVoltageExponent>
  <cim:LoadResponseCharacteristic.pFrequencyExponent>0</cim:LoadResponseCharacteristic.pFrequencyExponent>
  <cim:LoadResponseCharacteristic.qFrequencyExponent>0</cim:LoadResponseCharacteristic.qFrequencyExponent>
</cim:LoadResponseCharacteristic>
<cim:LoadResponseCharacteristic rdf:ID="_9FEA71D4-9004-4893-B873-8F7A034F9C7F">
  <cim:IdentifiedObject.mRID>_9FEA71D4-9004-4893-B873-8F7A034F9C7F</cim:IdentifiedObject.mRID>
  <cim:IdentifiedObject.name>Variable P, Fixed X</cim:IdentifiedObject.name>
  <cim:LoadResponseCharacteristic.exponentModel>false</cim:LoadResponseCharacteristic.exponentModel>
  <cim:LoadResponseCharacteristic.pConstantImpedance>0</cim:LoadResponseCharacteristic.pConstantImpedance>
  <cim:LoadResponseCharacteristic.pConstantCurrent>0</cim:LoadResponseCharacteristic.pConstantCurrent>
  <cim:LoadResponseCharacteristic.pConstantPower>100</cim:LoadResponseCharacteristic.pConstantPower>
  <cim:LoadResponseCharacteristic.qConstantImpedance>100</cim:LoadResponseCharacteristic.qConstantImpedance>
  <cim:LoadResponseCharacteristic.qConstantCurrent>0</cim:LoadResponseCharacteristic.qConstantCurrent>
  <cim:LoadResponseCharacteristic.qConstantPower>0</cim:LoadResponseCharacteristic.qConstantPower>
  <cim:LoadResponseCharacteristic.pVoltageExponent>0</cim:LoadResponseCharacteristic.pVoltageExponent>
  <cim:LoadResponseCharacteristic.qVoltageExponent>0</cim:LoadResponseCharacteristic.qVoltageExponent>
  <cim:LoadResponseCharacteristic.pFrequencyExponent>0</cim:LoadResponseCharacteristic.pFrequencyExponent>
  <cim:LoadResponseCharacteristic.qFrequencyExponent>0</cim:LoadResponseCharacteristic.qFrequencyExponent>
</cim:LoadResponseCharacteristic>
<cim:EnergyConsumer rdf:ID="_2A5A3F5B-6E47-4D21-AFC7-25B3A8338C30">
  <cim:IdentifiedObject.mRID>_2A5A3F5B-6E47-4D21-AFC7-25B3A8338C30</cim:IdentifiedObject.mRID>
  <cim:IdentifiedObject.name>load1a</cim:IdentifiedObject.name>
  <cim:Equipment.EquipmentContainer rdf:resource="#_275E77E2-F477-414B-969D-F596DADC1A7A"/>
  <cim:ConductingEquipment.BaseVoltage rdf:resource="#_5145585B-C867-4561-9844-486DE6DB2F42"/>
  <cim:EnergyConsumer.LoadResponse rdf:resource="#_D4AEDB32-0B61-426B-8F2C-DB89F182D609"/>
  <cim:EnergyConsumer.p>850000</cim:EnergyConsumer.p>
  <cim:EnergyConsumer.q>526782.69</cim:EnergyConsumer.q>
  <cim:EnergyConsumer.customerCount>1</cim:EnergyConsumer.customerCount>
  <cim:EnergyConsumer.phaseConnection rdf:resource="http://iec.ch/TC57/CIM100#PhaseShuntConnectionKind.D"/>
  <cim:EnergyConsumer.grounded>false</cim:EnergyConsumer.grounded>
  <cim:PowerSystemResource.Location rdf:resource="#_1154352F-9B0E-440B-891A-30ECB0A2273D"/>
</cim:EnergyConsumer>
<cim:EnergyConsumerPhase rdf:ID="_201E829A-1CE3-41E8-A6AA-63A4C1D31AF7">
  <cim:IdentifiedObject.mRID>_201E829A-1CE3-41E8-A6AA-63A4C1D31AF7</cim:IdentifiedObject.mRID>
  <cim:IdentifiedObject.name>load1a_A</cim:IdentifiedObject.name>
  <cim:EnergyConsumerPhase.phase rdf:resource="http://iec.ch/TC57/CIM100#SinglePhaseKind.A"/>
  <cim:EnergyConsumerPhase.p>850000</cim:EnergyConsumerPhase.p>
  <cim:EnergyConsumerPhase.q>526782.69</cim:EnergyConsumerPhase.q>
  <cim:EnergyConsumerPhase.EnergyConsumer rdf:resource="#_2A5A3F5B-6E47-4D21-AFC7-25B3A8338C30"/>
  <cim:PowerSystemResource.Location rdf:resource="#_1154352F-9B0E-440B-891A-30ECB0A2273D"/>
</cim:EnergyConsumerPhase>
<cim:Terminal rdf:ID="_E8D33E27-9146-480D-8C76-45D449A19604">
  <cim:IdentifiedObject.mRID>_E8D33E27-9146-480D-8C76-45D449A19604</cim:IdentifiedObject.mRID>
  <cim:IdentifiedObject.name>load1a_T1</cim:IdentifiedObject.name>
  <cim:Terminal.ConductingEquipment rdf:resource="#_2A5A3F5B-6E47-4D21-AFC7-25B3A8338C30"/>
  <cim:ACDCTerminal.sequenceNumber>1</cim:ACDCTerminal.sequenceNumber>
  <cim:Terminal.ConnectivityNode rdf:resource="#_ADCF29D9-26BA-45CD-B0DA-BA52B1140529"/>
</cim:Terminal>
<cim:Location rdf:ID="_1154352F-9B0E-440B-891A-30ECB0A2273D">
  <cim:IdentifiedObject.mRID>_1154352F-9B0E-440B-891A-30ECB0A2273D</cim:IdentifiedObject.mRID>
  <cim:IdentifiedObject.name>load1a_Loc</cim:IdentifiedObject.name>
  <cim:Location.CoordinateSystem rdf:resource="#_D1C06DF3-ECAD-426E-8CCE-BA093649C24E"/>
</cim:Location>
<cim:PositionPoint rdf:ID="_998A3188-82D9-4E43-A8D2-2E85D0040C45">
  <cim:PositionPoint.Location rdf:resource="#_1154352F-9B0E-440B-891A-30ECB0A2273D"/>
  <cim:PositionPoint.sequenceNumber>1</cim:PositionPoint.sequenceNumber>
  <cim:PositionPoint.xPosition>0</cim:PositionPoint.xPosition>
  <cim:PositionPoint.yPosition>0</cim:PositionPoint.yPosition>
</cim:PositionPoint>
<cim:EnergyConsumer rdf:ID="_0AD6FC70-2632-4501-9156-32B6CFC54A58">
  <cim:IdentifiedObject.mRID>_0AD6FC70-2632-4501-9156-32B6CFC54A58</cim:IdentifiedObject.mRID>
  <cim:IdentifiedObject.name>load1b</cim:IdentifiedObject.name>
  <cim:Equipment.EquipmentContainer rdf:resource="#_275E77E2-F477-414B-969D-F596DADC1A7A"/>
  <cim:ConductingEquipment.BaseVoltage rdf:resource="#_5145585B-C867-4561-9844-486DE6DB2F42"/>
  <cim:EnergyConsumer.LoadResponse rdf:resource="#_D4AEDB32-0B61-426B-8F2C-DB89F182D609"/>
  <cim:EnergyConsumer.p>1200000</cim:EnergyConsumer.p>
  <cim:EnergyConsumer.q>581186.53</cim:EnergyConsumer.q>
  <cim:EnergyConsumer.customerCount>1</cim:EnergyConsumer.customerCount>
  <cim:EnergyConsumer.phaseConnection rdf:resource="http://iec.ch/TC57/CIM100#PhaseShuntConnectionKind.D"/>
  <cim:EnergyConsumer.grounded>false</cim:EnergyConsumer.grounded>
  <cim:PowerSystemResource.Location rdf:resource="#_DA667C25-4CB5-4D33-865B-4958AE23F4F0"/>
</cim:EnergyConsumer>
<cim:EnergyConsumerPhase rdf:ID="_DA692A7E-8715-4213-B5F3-62E55634C558">
  <cim:IdentifiedObject.mRID>_DA692A7E-8715-4213-B5F3-62E55634C558</cim:IdentifiedObject.mRID>
  <cim:IdentifiedObject.name>load1b_B</cim:IdentifiedObject.name>
  <cim:EnergyConsumerPhase.phase rdf:resource="http://iec.ch/TC57/CIM100#SinglePhaseKind.B"/>
  <cim:EnergyConsumerPhase.p>1200000</cim:EnergyConsumerPhase.p>
  <cim:EnergyConsumerPhase.q>581186.53</cim:EnergyConsumerPhase.q>
  <cim:EnergyConsumerPhase.EnergyConsumer rdf:resource="#_0AD6FC70-2632-4501-9156-32B6CFC54A58"/>
  <cim:PowerSystemResource.Location rdf:resource="#_DA667C25-4CB5-4D33-865B-4958AE23F4F0"/>
</cim:EnergyConsumerPhase>
<cim:Terminal rdf:ID="_BA88AAF8-46FE-444E-B60F-E735A2739F6E">
  <cim:IdentifiedObject.mRID>_BA88AAF8-46FE-444E-B60F-E735A2739F6E</cim:IdentifiedObject.mRID>
  <cim:IdentifiedObject.name>load1b_T1</cim:IdentifiedObject.name>
  <cim:Terminal.ConductingEquipment rdf:resource="#_0AD6FC70-2632-4501-9156-32B6CFC54A58"/>
  <cim:ACDCTerminal.sequenceNumber>1</cim:ACDCTerminal.sequenceNumber>
  <cim:Terminal.ConnectivityNode rdf:resource="#_ADCF29D9-26BA-45CD-B0DA-BA52B1140529"/>
</cim:Terminal>
<cim:Location rdf:ID="_DA667C25-4CB5-4D33-865B-4958AE23F4F0">
  <cim:IdentifiedObject.mRID>_DA667C25-4CB5-4D33-865B-4958AE23F4F0</cim:IdentifiedObject.mRID>
  <cim:IdentifiedObject.name>load1b_Loc</cim:IdentifiedObject.name>
  <cim:Location.CoordinateSystem rdf:resource="#_D1C06DF3-ECAD-426E-8CCE-BA093649C24E"/>
</cim:Location>
<cim:PositionPoint rdf:ID="_84E737E7-5AFF-40E2-93C5-AAEEA647902C">
  <cim:PositionPoint.Location rdf:resource="#_DA667C25-4CB5-4D33-865B-4958AE23F4F0"/>
  <cim:PositionPoint.sequenceNumber>1</cim:PositionPoint.sequenceNumber>
  <cim:PositionPoint.xPosition>0</cim:PositionPoint.xPosition>
  <cim:PositionPoint.yPosition>0</cim:PositionPoint.yPosition>
</cim:PositionPoint>
<cim:EnergyConsumer rdf:ID="_D02C847A-6914-4E95-B622-8DD756ADB09C">
  <cim:IdentifiedObject.mRID>_D02C847A-6914-4E95-B622-8DD756ADB09C</cim:IdentifiedObject.mRID>
  <cim:IdentifiedObject.name>load1c</cim:IdentifiedObject.name>
  <cim:Equipment.EquipmentContainer rdf:resource="#_275E77E2-F477-414B-969D-F596DADC1A7A"/>
  <cim:ConductingEquipment.BaseVoltage rdf:resource="#_5145585B-C867-4561-9844-486DE6DB2F42"/>
  <cim:EnergyConsumer.LoadResponse rdf:resource="#_D4AEDB32-0B61-426B-8F2C-DB89F182D609"/>
  <cim:EnergyConsumer.p>1583330</cim:EnergyConsumer.p>
  <cim:EnergyConsumer.q>520415.4</cim:EnergyConsumer.q>
  <cim:EnergyConsumer.customerCount>1</cim:EnergyConsumer.customerCount>
  <cim:EnergyConsumer.phaseConnection rdf:resource="http://iec.ch/TC57/CIM100#PhaseShuntConnectionKind.D"/>
  <cim:EnergyConsumer.grounded>false</cim:EnergyConsumer.grounded>
  <cim:PowerSystemResource.Location rdf:resource="#_AC201AAE-4735-4729-9C34-41358ABCC0DB"/>
</cim:EnergyConsumer>
<cim:EnergyConsumerPhase rdf:ID="_3F39F43D-3904-46DC-A6BF-4D7311123593">
  <cim:IdentifiedObject.mRID>_3F39F43D-3904-46DC-A6BF-4D7311123593</cim:IdentifiedObject.mRID>
  <cim:IdentifiedObject.name>load1c_C</cim:IdentifiedObject.name>
  <cim:EnergyConsumerPhase.phase rdf:resource="http://iec.ch/TC57/CIM100#SinglePhaseKind.C"/>
  <cim:EnergyConsumerPhase.p>1583330</cim:EnergyConsumerPhase.p>
  <cim:EnergyConsumerPhase.q>520415.4</cim:EnergyConsumerPhase.q>
  <cim:EnergyConsumerPhase.EnergyConsumer rdf:resource="#_D02C847A-6914-4E95-B622-8DD756ADB09C"/>
  <cim:PowerSystemResource.Location rdf:resource="#_AC201AAE-4735-4729-9C34-41358ABCC0DB"/>
</cim:EnergyConsumerPhase>
<cim:Terminal rdf:ID="_F427CC2F-50A0-4ED0-A530-1D74E75D4634">
  <cim:IdentifiedObject.mRID>_F427CC2F-50A0-4ED0-A530-1D74E75D4634</cim:IdentifiedObject.mRID>
  <cim:IdentifiedObject.name>load1c_T1</cim:IdentifiedObject.name>
  <cim:Terminal.ConductingEquipment rdf:resource="#_D02C847A-6914-4E95-B622-8DD756ADB09C"/>
  <cim:ACDCTerminal.sequenceNumber>1</cim:ACDCTerminal.sequenceNumber>
  <cim:Terminal.ConnectivityNode rdf:resource="#_ADCF29D9-26BA-45CD-B0DA-BA52B1140529"/>
</cim:Terminal>
<cim:Location rdf:ID="_AC201AAE-4735-4729-9C34-41358ABCC0DB">
  <cim:IdentifiedObject.mRID>_AC201AAE-4735-4729-9C34-41358ABCC0DB</cim:IdentifiedObject.mRID>
  <cim:IdentifiedObject.name>load1c_Loc</cim:IdentifiedObject.name>
  <cim:Location.CoordinateSystem rdf:resource="#_D1C06DF3-ECAD-426E-8CCE-BA093649C24E"/>
</cim:Location>
<cim:PositionPoint rdf:ID="_B301F349-F6AD-4EC4-BFC2-981E3569342C">
  <cim:PositionPoint.Location rdf:resource="#_AC201AAE-4735-4729-9C34-41358ABCC0DB"/>
  <cim:PositionPoint.sequenceNumber>1</cim:PositionPoint.sequenceNumber>
  <cim:PositionPoint.xPosition>0</cim:PositionPoint.xPosition>
  <cim:PositionPoint.yPosition>0</cim:PositionPoint.yPosition>
</cim:PositionPoint>
<cim:OverheadWireInfo rdf:ID="_A06E9603-4A12-4FBA-A834-61991008CD0D">
  <cim:IdentifiedObject.mRID>_A06E9603-4A12-4FBA-A834-61991008CD0D</cim:IdentifiedObject.mRID>
  <cim:IdentifiedObject.name>conductor</cim:IdentifiedObject.name>
  <cim:WireInfo.sizeDescription>WireData_conductor</cim:WireInfo.sizeDescription>
  <cim:WireInfo.gmr>0.00743712</cim:WireInfo.gmr>
  <cim:WireInfo.radius>0.0091567</cim:WireInfo.radius>
  <cim:WireInfo.rDC20>0.00018641136</cim:WireInfo.rDC20>
  <cim:WireInfo.rAC25>0.00019013958</cim:WireInfo.rAC25>
  <cim:WireInfo.rAC50>0.00019013958</cim:WireInfo.rAC50>
  <cim:WireInfo.rAC75>0.00019013958</cim:WireInfo.rAC75>
  <cim:WireInfo.ratedCurrent>0</cim:WireInfo.ratedCurrent>
  <cim:WireInfo.strandCount>0</cim:WireInfo.strandCount>
  <cim:WireInfo.coreStrandCount>0</cim:WireInfo.coreStrandCount>
  <cim:WireInfo.coreRadius>0</cim:WireInfo.coreRadius>
  <cim:WireInfo.insulated>false</cim:WireInfo.insulated>
</cim:OverheadWireInfo>
<cim:OverheadWireInfo rdf:ID="_9AF36F65-A2F5-4943-9892-B5305304D762">
  <cim:IdentifiedObject.mRID>_9AF36F65-A2F5-4943-9892-B5305304D762</cim:IdentifiedObject.mRID>
  <cim:IdentifiedObject.name>neutral</cim:IdentifiedObject.name>
  <cim:WireInfo.sizeDescription>WireData_neutral</cim:WireInfo.sizeDescription>
  <cim:WireInfo.gmr>0.002481072</cim:WireInfo.gmr>
  <cim:WireInfo.radius>0.0071501</cim:WireInfo.radius>
  <cim:WireInfo.rDC20>0.00036063897</cim:WireInfo.rDC20>
  <cim:WireInfo.rAC25>0.00036785175</cim:WireInfo.rAC25>
  <cim:WireInfo.rAC50>0.00036785175</cim:WireInfo.rAC50>
  <cim:WireInfo.rAC75>0.00036785175</cim:WireInfo.rAC75>
  <cim:WireInfo.ratedCurrent>0</cim:WireInfo.ratedCurrent>
  <cim:WireInfo.strandCount>0</cim:WireInfo.strandCount>
  <cim:WireInfo.coreStrandCount>0</cim:WireInfo.coreStrandCount>
  <cim:WireInfo.coreRadius>0</cim:WireInfo.coreRadius>
  <cim:WireInfo.insulated>false</cim:WireInfo.insulated>
</cim:OverheadWireInfo>
<cim:WireSpacingInfo rdf:ID="_654C4621-406D-453D-B37D-7A56B4BA550D">
  <cim:IdentifiedObject.mRID>_654C4621-406D-453D-B37D-7A56B4BA550D</cim:IdentifiedObject.mRID>
  <cim:IdentifiedObject.name>4wire</cim:IdentifiedObject.name>
  <cim:WireSpacingInfo.usage rdf:resource="http://iec.ch/TC57/CIM100#WireUsageKind.distribution"/>
  <cim:WireSpacingInfo.phaseWireCount>1</cim:WireSpacingInfo.phaseWireCount>
  <cim:WireSpacingInfo.phaseWireSpacing>0</cim:WireSpacingInfo.phaseWireSpacing>
  <cim:WireSpacingInfo.isCable>false</cim:WireSpacingInfo.isCable>
</cim:WireSpacingInfo>
<cim:WirePosition rdf:ID="_459DCAB4-A299-4949-81B7-015EDF942CD6">
  <cim:IdentifiedObject.mRID>_459DCAB4-A299-4949-81B7-015EDF942CD6</cim:IdentifiedObject.mRID>
  <cim:IdentifiedObject.name>WP_4wire_1</cim:IdentifiedObject.name>
  <cim:WirePosition.WireSpacingInfo rdf:resource="#_654C4621-406D-453D-B37D-7A56B4BA550D"/>
  <cim:WirePosition.sequenceNumber>1</cim:WirePosition.sequenceNumber>
  <cim:WirePosition.xCoord>-1.2192</cim:WirePosition.xCoord>
  <cim:WirePosition.yCoord>8.5344</cim:WirePosition.yCoord>
</cim:WirePosition>
<cim:WirePosition rdf:ID="_81AAC7F2-ECE5-4406-A7FE-CF7CAA19E9DF">
  <cim:IdentifiedObject.mRID>_81AAC7F2-ECE5-4406-A7FE-CF7CAA19E9DF</cim:IdentifiedObject.mRID>
  <cim:IdentifiedObject.name>WP_4wire_2</cim:IdentifiedObject.name>
  <cim:WirePosition.WireSpacingInfo rdf:resource="#_654C4621-406D-453D-B37D-7A56B4BA550D"/>
  <cim:WirePosition.sequenceNumber>2</cim:WirePosition.sequenceNumber>
  <cim:WirePosition.xCoord>-0.4572</cim:WirePosition.xCoord>
  <cim:WirePosition.yCoord>8.5344</cim:WirePosition.yCoord>
</cim:WirePosition>
<cim:WirePosition rdf:ID="_EEDE46B7-C444-43A4-BAA8-07665C14197C">
  <cim:IdentifiedObject.mRID>_EEDE46B7-C444-43A4-BAA8-07665C14197C</cim:IdentifiedObject.mRID>
  <cim:IdentifiedObject.name>WP_4wire_3</cim:IdentifiedObject.name>
  <cim:WirePosition.WireSpacingInfo rdf:resource="#_654C4621-406D-453D-B37D-7A56B4BA550D"/>
  <cim:WirePosition.sequenceNumber>3</cim:WirePosition.sequenceNumber>
  <cim:WirePosition.xCoord>0.9144</cim:WirePosition.xCoord>
  <cim:WirePosition.yCoord>8.5344</cim:WirePosition.yCoord>
</cim:WirePosition>
<cim:WirePosition rdf:ID="_B15F76F2-C9D7-4CB1-82A4-7A5D5BECC33E">
  <cim:IdentifiedObject.mRID>_B15F76F2-C9D7-4CB1-82A4-7A5D5BECC33E</cim:IdentifiedObject.mRID>
  <cim:IdentifiedObject.name>WP_4wire_4</cim:IdentifiedObject.name>
  <cim:WirePosition.WireSpacingInfo rdf:resource="#_654C4621-406D-453D-B37D-7A56B4BA550D"/>
  <cim:WirePosition.sequenceNumber>4</cim:WirePosition.sequenceNumber>
  <cim:WirePosition.xCoord>0</cim:WirePosition.xCoord>
  <cim:WirePosition.yCoord>7.3152</cim:WirePosition.yCoord>
</cim:WirePosition>
<cim:WireSpacingInfo rdf:ID="_A90372AD-8DBE-4640-B129-9353AB4BDFCC">
  <cim:IdentifiedObject.mRID>_A90372AD-8DBE-4640-B129-9353AB4BDFCC</cim:IdentifiedObject.mRID>
  <cim:IdentifiedObject.name>3wire</cim:IdentifiedObject.name>
  <cim:WireSpacingInfo.usage rdf:resource="http://iec.ch/TC57/CIM100#WireUsageKind.distribution"/>
  <cim:WireSpacingInfo.phaseWireCount>1</cim:WireSpacingInfo.phaseWireCount>
  <cim:WireSpacingInfo.phaseWireSpacing>0</cim:WireSpacingInfo.phaseWireSpacing>
  <cim:WireSpacingInfo.isCable>false</cim:WireSpacingInfo.isCable>
</cim:WireSpacingInfo>
<cim:WirePosition rdf:ID="_60CD9799-9AE9-43E0-B6E0-C8027D5320CA">
  <cim:IdentifiedObject.mRID>_60CD9799-9AE9-43E0-B6E0-C8027D5320CA</cim:IdentifiedObject.mRID>
  <cim:IdentifiedObject.name>WP_3wire_1</cim:IdentifiedObject.name>
  <cim:WirePosition.WireSpacingInfo rdf:resource="#_A90372AD-8DBE-4640-B129-9353AB4BDFCC"/>
  <cim:WirePosition.sequenceNumber>1</cim:WirePosition.sequenceNumber>
  <cim:WirePosition.xCoord>-1.2192</cim:WirePosition.xCoord>
  <cim:WirePosition.yCoord>8.5344</cim:WirePosition.yCoord>
</cim:WirePosition>
<cim:WirePosition rdf:ID="_612C3B33-0747-4A2B-9723-7424288E03AA">
  <cim:IdentifiedObject.mRID>_612C3B33-0747-4A2B-9723-7424288E03AA</cim:IdentifiedObject.mRID>
  <cim:IdentifiedObject.name>WP_3wire_2</cim:IdentifiedObject.name>
  <cim:WirePosition.WireSpacingInfo rdf:resource="#_A90372AD-8DBE-4640-B129-9353AB4BDFCC"/>
  <cim:WirePosition.sequenceNumber>2</cim:WirePosition.sequenceNumber>
  <cim:WirePosition.xCoord>-0.4572</cim:WirePosition.xCoord>
  <cim:WirePosition.yCoord>8.5344</cim:WirePosition.yCoord>
</cim:WirePosition>
<cim:WirePosition rdf:ID="_AB2BC89D-1288-419A-94E8-235A297517A9">
  <cim:IdentifiedObject.mRID>_AB2BC89D-1288-419A-94E8-235A297517A9</cim:IdentifiedObject.mRID>
  <cim:IdentifiedObject.name>WP_3wire_3</cim:IdentifiedObject.name>
  <cim:WirePosition.WireSpacingInfo rdf:resource="#_A90372AD-8DBE-4640-B129-9353AB4BDFCC"/>
  <cim:WirePosition.sequenceNumber>3</cim:WirePosition.sequenceNumber>
  <cim:WirePosition.xCoord>0.9144</cim:WirePosition.xCoord>
  <cim:WirePosition.yCoord>8.5344</cim:WirePosition.yCoord>
</cim:WirePosition>
<cim:OperationalLimitSet rdf:ID="_E4EC596C-7BC2-43B7-8689-D167DD57E605">
  <cim:IdentifiedObject.mRID>_E4EC596C-7BC2-43B7-8689-D167DD57E605</cim:IdentifiedObject.mRID>
  <cim:IdentifiedObject.name>OpLimI_305.6_416.7</cim:IdentifiedObject.name>
</cim:OperationalLimitSet>
<cim:CurrentLimit rdf:ID="_D237C805-AD9D-4237-A37F-688CD15B1332">
  <cim:IdentifiedObject.mRID>_D237C805-AD9D-4237-A37F-688CD15B1332</cim:IdentifiedObject.mRID>
  <cim:IdentifiedObject.name>OpLimI_305.6_416.7_Norm</cim:IdentifiedObject.name>
  <cim:OperationalLimit.OperationalLimitSet rdf:resource="#_E4EC596C-7BC2-43B7-8689-D167DD57E605"/>
  <cim:OperationalLimit.OperationalLimitType rdf:resource="#_1D1550BB-94C6-45B7-BFBE-3AA244C8252E"/>
  <cim:CurrentLimit.value>305.57432</cim:CurrentLimit.value>
</cim:CurrentLimit>
<cim:CurrentLimit rdf:ID="_7173A296-2BF3-4F90-AEC2-BC58CAED378C">
  <cim:IdentifiedObject.mRID>_7173A296-2BF3-4F90-AEC2-BC58CAED378C</cim:IdentifiedObject.mRID>
  <cim:IdentifiedObject.name>OpLimI_305.6_416.7_Emerg</cim:IdentifiedObject.name>
  <cim:OperationalLimit.OperationalLimitSet rdf:resource="#_E4EC596C-7BC2-43B7-8689-D167DD57E605"/>
  <cim:OperationalLimit.OperationalLimitType rdf:resource="#_9557110C-79C0-4296-88BC-BBF96CDED523"/>
  <cim:CurrentLimit.value>416.69226</cim:CurrentLimit.value>
</cim:CurrentLimit>
</rdf:RDF>
