<?xml version="1.0" encoding="utf-8"?>
<!-- un-comment this line to enable validation
-->
<rdf:RDF xmlns:cim="http://iec.ch/TC57/CIM100#" xmlns:rdf="http://www.w3.org/1999/02/22-rdf-syntax-ns#">
<!--
-->
<cim:IEC61970CIMVersion rdf:ID="_487A64BE-4E89-4658-BA22-620B0DC0AE36">
  <cim:IEC61970CIMVersion.version>IEC61970CIM100</cim:IEC61970CIMVersion.version>
  <cim:IEC61970CIMVersion.date>2019-04-01</cim:IEC61970CIMVersion.date>
</cim:IEC61970CIMVersion>
<cim:CoordinateSystem rdf:ID="_84643E3A-B87E-47D4-821A-94AA965ABFE8">
  <cim:IdentifiedObject.mRID>_84643E3A-B87E-47D4-821A-94AA965ABFE8</cim:IdentifiedObject.mRID>
  <cim:IdentifiedObject.name>imoyodlag_CrsUrn</cim:IdentifiedObject.name>
  <cim:CoordinateSystem.crsUrn>OpenDSSLocalBusCoordinates</cim:CoordinateSystem.crsUrn>
</cim:CoordinateSystem>
<cim:GeographicalRegion rdf:ID="_4D74ED6C-ACD7-4D2E-B795-160417237118">
  <cim:IdentifiedObject.mRID>_4D74ED6C-ACD7-4D2E-B795-160417237118</cim:IdentifiedObject.mRID>
  <cim:IdentifiedObject.name>geo1</cim:IdentifiedObject.name>
</cim:GeographicalRegion>
<cim:SubGeographicalRegion rdf:ID="_20CC863F-E8C8-477C-9312-A76259AB92DE">
  <cim:IdentifiedObject.mRID>_20CC863F-E8C8-477C-9312-A76259AB92DE</cim:IdentifiedObject.mRID>
  <cim:IdentifiedObject.name>subgeo1</cim:IdentifiedObject.name>
  <cim:SubGeographicalRegion.Region rdf:resource="#_4D74ED6C-ACD7-4D2E-B795-160417237118"/>
</cim:SubGeographicalRegion>
<cim:Substation rdf:ID="_A2C3F0A5-FF54-49EE-963A-525E8FDEA8F6">
  <cim:IdentifiedObject.mRID>_A2C3F0A5-FF54-49EE-963A-525E8FDEA8F6</cim:IdentifiedObject.mRID>
  <cim:IdentifiedObject.name>sub1</cim:IdentifiedObject.name>
  <cim:Substation.Region rdf:resource="#_20CC863F-E8C8-477C-9312-A76259AB92DE"/>
</cim:Substation>
<cim:Location rdf:ID="_8EBBBE58-23B4-4361-9810-7558A673CDC8">
  <cim:IdentifiedObject.mRID>_8EBBBE58-23B4-4361-9810-7558A673CDC8</cim:IdentifiedObject.mRID>
  <cim:IdentifiedObject.name>imoyodlag_Location</cim:IdentifiedObject.name>
  <cim:Location.CoordinateSystem rdf:resource="#_84643E3A-B87E-47D4-821A-94AA965ABFE8"/>
</cim:Location>
<cim:Feeder rdf:ID="_EF222C39-6F6C-44BC-9A11-26EAE5AA4EF0">
  <cim:IdentifiedObject.mRID>_EF222C39-6F6C-44BC-9A11-26EAE5AA4EF0</cim:IdentifiedObject.mRID>
  <cim:IdentifiedObject.name>imoyodlag</cim:IdentifiedObject.name>
  <cim:Feeder.NormalEnergizingSubstation rdf:resource="#_A2C3F0A5-FF54-49EE-963A-525E8FDEA8F6"/>
  <cim:PowerSystemResource.Location rdf:resource="#_8EBBBE58-23B4-4361-9810-7558A673CDC8"/>
</cim:Feeder>
<cim:OperationalLimitType rdf:ID="_9BFFC18A-EC13-4A3E-B516-711D7CBC319A">
  <cim:IdentifiedObject.mRID>_9BFFC18A-EC13-4A3E-B516-711D7CBC319A</cim:IdentifiedObject.mRID>
  <cim:IdentifiedObject.name>imoyodlag_NormAmpsType</cim:IdentifiedObject.name>
  <cim:OperationalLimitType.acceptableDuration>5E9</cim:OperationalLimitType.acceptableDuration>
  <cim:OperationalLimitType.direction rdf:resource="http://iec.ch/TC57/CIM100#OperationalLimitDirectionKind.absoluteValue"/>
</cim:OperationalLimitType>
<cim:OperationalLimitType rdf:ID="_7D2E9AC2-83A6-4B57-A3B5-71B023F6E50A">
  <cim:IdentifiedObject.mRID>_7D2E9AC2-83A6-4B57-A3B5-71B023F6E50A</cim:IdentifiedObject.mRID>
  <cim:IdentifiedObject.name>imoyodlag_EmergencyAmpsType</cim:IdentifiedObject.name>
  <cim:OperationalLimitType.acceptableDuration>7200</cim:OperationalLimitType.acceptableDuration>
  <cim:OperationalLimitType.direction rdf:resource="http://iec.ch/TC57/CIM100#OperationalLimitDirectionKind.absoluteValue"/>
</cim:OperationalLimitType>
<cim:OperationalLimitType rdf:ID="_4F7DBAE5-7F0E-486C-8AC4-58BB730D9ED8">
  <cim:IdentifiedObject.mRID>_4F7DBAE5-7F0E-486C-8AC4-58BB730D9ED8</cim:IdentifiedObject.mRID>
  <cim:IdentifiedObject.name>imoyodlag_RangeAHiType</cim:IdentifiedObject.name>
  <cim:OperationalLimitType.acceptableDuration>5E9</cim:OperationalLimitType.acceptableDuration>
  <cim:OperationalLimitType.direction rdf:resource="http://iec.ch/TC57/CIM100#OperationalLimitDirectionKind.high"/>
</cim:OperationalLimitType>
<cim:OperationalLimitType rdf:ID="_CA9669AB-B03F-4A01-8B65-9FEC732BBAD5">
  <cim:IdentifiedObject.mRID>_CA9669AB-B03F-4A01-8B65-9FEC732BBAD5</cim:IdentifiedObject.mRID>
  <cim:IdentifiedObject.name>imoyodlag_RangeALoType</cim:IdentifiedObject.name>
  <cim:OperationalLimitType.acceptableDuration>5E9</cim:OperationalLimitType.acceptableDuration>
  <cim:OperationalLimitType.direction rdf:resource="http://iec.ch/TC57/CIM100#OperationalLimitDirectionKind.low"/>
</cim:OperationalLimitType>
<cim:OperationalLimitType rdf:ID="_2A4EB310-AA5D-4A3A-A54B-D4C36CD7A518">
  <cim:IdentifiedObject.mRID>_2A4EB310-AA5D-4A3A-A54B-D4C36CD7A518</cim:IdentifiedObject.mRID>
  <cim:IdentifiedObject.name>imoyodlag_RangeBHiType</cim:IdentifiedObject.name>
  <cim:OperationalLimitType.acceptableDuration>86400</cim:OperationalLimitType.acceptableDuration>
  <cim:OperationalLimitType.direction rdf:resource="http://iec.ch/TC57/CIM100#OperationalLimitDirectionKind.high"/>
</cim:OperationalLimitType>
<cim:OperationalLimitType rdf:ID="_6839977F-A7AA-4EB6-A97A-47E2BE92A837">
  <cim:IdentifiedObject.mRID>_6839977F-A7AA-4EB6-A97A-47E2BE92A837</cim:IdentifiedObject.mRID>
  <cim:IdentifiedObject.name>imoyodlag_RangeBLoType</cim:IdentifiedObject.name>
  <cim:OperationalLimitType.acceptableDuration>86400</cim:OperationalLimitType.acceptableDuration>
  <cim:OperationalLimitType.direction rdf:resource="http://iec.ch/TC57/CIM100#OperationalLimitDirectionKind.low"/>
</cim:OperationalLimitType>
<cim:BaseVoltage rdf:ID="_D6E20722-9A04-4980-982A-49A08B3CD67C">
  <cim:IdentifiedObject.mRID>_D6E20722-9A04-4980-982A-49A08B3CD67C</cim:IdentifiedObject.mRID>
  <cim:IdentifiedObject.name>BaseV_12.4700</cim:IdentifiedObject.name>
  <cim:BaseVoltage.nominalVoltage>12470</cim:BaseVoltage.nominalVoltage>
</cim:BaseVoltage>
<cim:OperationalLimitSet rdf:ID="_6860AE81-CFB4-419E-B767-6750B4DEEEE5">
  <cim:IdentifiedObject.mRID>_6860AE81-CFB4-419E-B767-6750B4DEEEE5</cim:IdentifiedObject.mRID>
  <cim:IdentifiedObject.name>OpLimV_12.4700</cim:IdentifiedObject.name>
</cim:OperationalLimitSet>
<cim:VoltageLimit rdf:ID="_BC6C9EF4-349E-48E8-8DCC-0E523B35785C">
  <cim:IdentifiedObject.mRID>_BC6C9EF4-349E-48E8-8DCC-0E523B35785C</cim:IdentifiedObject.mRID>
  <cim:IdentifiedObject.name>OpLimV_12.4700_RangeAHi</cim:IdentifiedObject.name>
  <cim:OperationalLimit.OperationalLimitSet rdf:resource="#_6860AE81-CFB4-419E-B767-6750B4DEEEE5"/>
  <cim:OperationalLimit.OperationalLimitType rdf:resource="#_4F7DBAE5-7F0E-486C-8AC4-58BB730D9ED8"/>
  <cim:VoltageLimit.value>13093.5</cim:VoltageLimit.value>
</cim:VoltageLimit>
<cim:VoltageLimit rdf:ID="_CA7F467F-EF88-4FBD-9C8A-F00B66E49F54">
  <cim:IdentifiedObject.mRID>_CA7F467F-EF88-4FBD-9C8A-F00B66E49F54</cim:IdentifiedObject.mRID>
  <cim:IdentifiedObject.name>OpLimV_12.4700_RangeALo</cim:IdentifiedObject.name>
  <cim:OperationalLimit.OperationalLimitSet rdf:resource="#_6860AE81-CFB4-419E-B767-6750B4DEEEE5"/>
  <cim:OperationalLimit.OperationalLimitType rdf:resource="#_CA9669AB-B03F-4A01-8B65-9FEC732BBAD5"/>
  <cim:VoltageLimit.value>11846.5</cim:VoltageLimit.value>
</cim:VoltageLimit>
<cim:VoltageLimit rdf:ID="_E66F1CE6-3B5D-475D-917B-87C05211F70C">
  <cim:IdentifiedObject.mRID>_E66F1CE6-3B5D-475D-917B-87C05211F70C</cim:IdentifiedObject.mRID>
  <cim:IdentifiedObject.name>OpLimV_12.4700_RangeBHi</cim:IdentifiedObject.name>
  <cim:OperationalLimit.OperationalLimitSet rdf:resource="#_6860AE81-CFB4-419E-B767-6750B4DEEEE5"/>
  <cim:OperationalLimit.OperationalLimitType rdf:resource="#_2A4EB310-AA5D-4A3A-A54B-D4C36CD7A518"/>
  <cim:VoltageLimit.value>13197.416</cim:VoltageLimit.value>
</cim:VoltageLimit>
<cim:VoltageLimit rdf:ID="_07E87312-F058-4F12-87C6-E559DD65AA24">
  <cim:IdentifiedObject.mRID>_07E87312-F058-4F12-87C6-E559DD65AA24</cim:IdentifiedObject.mRID>
  <cim:IdentifiedObject.name>OpLimV_12.4700_RangeBLo</cim:IdentifiedObject.name>
  <cim:OperationalLimit.OperationalLimitSet rdf:resource="#_6860AE81-CFB4-419E-B767-6750B4DEEEE5"/>
  <cim:OperationalLimit.OperationalLimitType rdf:resource="#_6839977F-A7AA-4EB6-A97A-47E2BE92A837"/>
  <cim:VoltageLimit.value>11430.834</cim:VoltageLimit.value>
</cim:VoltageLimit>
<cim:BaseVoltage rdf:ID="_C70C7691-7D59-482F-84CA-DF042550F978">
  <cim:IdentifiedObject.mRID>_C70C7691-7D59-482F-84CA-DF042550F978</cim:IdentifiedObject.mRID>
  <cim:IdentifiedObject.name>BaseV_0.2400</cim:IdentifiedObject.name>
  <cim:BaseVoltage.nominalVoltage>240</cim:BaseVoltage.nominalVoltage>
</cim:BaseVoltage>
<cim:OperationalLimitSet rdf:ID="_2B93C47D-A7EB-4B2B-8AF6-06588B89C138">
  <cim:IdentifiedObject.mRID>_2B93C47D-A7EB-4B2B-8AF6-06588B89C138</cim:IdentifiedObject.mRID>
  <cim:IdentifiedObject.name>OpLimV_0.2400</cim:IdentifiedObject.name>
</cim:OperationalLimitSet>
<cim:VoltageLimit rdf:ID="_F43304AE-5DBC-47A2-9092-97E843471357">
  <cim:IdentifiedObject.mRID>_F43304AE-5DBC-47A2-9092-97E843471357</cim:IdentifiedObject.mRID>
  <cim:IdentifiedObject.name>OpLimV_0.2400_RangeAHi</cim:IdentifiedObject.name>
  <cim:OperationalLimit.OperationalLimitSet rdf:resource="#_2B93C47D-A7EB-4B2B-8AF6-06588B89C138"/>
  <cim:OperationalLimit.OperationalLimitType rdf:resource="#_4F7DBAE5-7F0E-486C-8AC4-58BB730D9ED8"/>
  <cim:VoltageLimit.value>252</cim:VoltageLimit.value>
</cim:VoltageLimit>
<cim:VoltageLimit rdf:ID="_44FAE150-8B0A-4B93-AFF3-05E735281B62">
  <cim:IdentifiedObject.mRID>_44FAE150-8B0A-4B93-AFF3-05E735281B62</cim:IdentifiedObject.mRID>
  <cim:IdentifiedObject.name>OpLimV_0.2400_RangeALo</cim:IdentifiedObject.name>
  <cim:OperationalLimit.OperationalLimitSet rdf:resource="#_2B93C47D-A7EB-4B2B-8AF6-06588B89C138"/>
  <cim:OperationalLimit.OperationalLimitType rdf:resource="#_CA9669AB-B03F-4A01-8B65-9FEC732BBAD5"/>
  <cim:VoltageLimit.value>228</cim:VoltageLimit.value>
</cim:VoltageLimit>
<cim:VoltageLimit rdf:ID="_B55CE1D6-97B0-4FE9-9B4F-958A901A363D">
  <cim:IdentifiedObject.mRID>_B55CE1D6-97B0-4FE9-9B4F-958A901A363D</cim:IdentifiedObject.mRID>
  <cim:IdentifiedObject.name>OpLimV_0.2400_RangeBHi</cim:IdentifiedObject.name>
  <cim:OperationalLimit.OperationalLimitSet rdf:resource="#_2B93C47D-A7EB-4B2B-8AF6-06588B89C138"/>
  <cim:OperationalLimit.OperationalLimitType rdf:resource="#_2A4EB310-AA5D-4A3A-A54B-D4C36CD7A518"/>
  <cim:VoltageLimit.value>253.99999</cim:VoltageLimit.value>
</cim:VoltageLimit>
<cim:VoltageLimit rdf:ID="_F397B05A-589B-45C7-B967-BF5D52EF2C87">
  <cim:IdentifiedObject.mRID>_F397B05A-589B-45C7-B967-BF5D52EF2C87</cim:IdentifiedObject.mRID>
  <cim:IdentifiedObject.name>OpLimV_0.2400_RangeBLo</cim:IdentifiedObject.name>
  <cim:OperationalLimit.OperationalLimitSet rdf:resource="#_2B93C47D-A7EB-4B2B-8AF6-06588B89C138"/>
  <cim:OperationalLimit.OperationalLimitType rdf:resource="#_6839977F-A7AA-4EB6-A97A-47E2BE92A837"/>
  <cim:VoltageLimit.value>220.00001</cim:VoltageLimit.value>
</cim:VoltageLimit>
<cim:TopologicalNode rdf:ID="_B80CCF56-66E4-49B0-AB3D-CD4645733535">
  <cim:IdentifiedObject.mRID>_B80CCF56-66E4-49B0-AB3D-CD4645733535</cim:IdentifiedObject.mRID>
  <cim:IdentifiedObject.name>sourcebus</cim:IdentifiedObject.name>
  <cim:TopologicalNode.TopologicalIsland rdf:resource="#_F191337B-A83B-403F-A21D-499BFEB114F4"/>
</cim:TopologicalNode>
<cim:ConnectivityNode rdf:ID="_486AA9DA-BE38-47B6-92F2-04690854E19A">
  <cim:IdentifiedObject.mRID>_486AA9DA-BE38-47B6-92F2-04690854E19A</cim:IdentifiedObject.mRID>
  <cim:IdentifiedObject.name>sourcebus</cim:IdentifiedObject.name>
  <cim:ConnectivityNode.TopologicalNode rdf:resource="#_B80CCF56-66E4-49B0-AB3D-CD4645733535"/>
  <cim:ConnectivityNode.OperationalLimitSet rdf:resource="#_6860AE81-CFB4-419E-B767-6750B4DEEEE5"/>
  <cim:ConnectivityNode.ConnectivityNodeContainer rdf:resource="#_EF222C39-6F6C-44BC-9A11-26EAE5AA4EF0"/>
</cim:ConnectivityNode>
<cim:TopologicalNode rdf:ID="_4E19A35E-94FC-44CE-9C6E-937C7FCF0D2D">
  <cim:IdentifiedObject.mRID>_4E19A35E-94FC-44CE-9C6E-937C7FCF0D2D</cim:IdentifiedObject.mRID>
  <cim:IdentifiedObject.name>primary</cim:IdentifiedObject.name>
  <cim:TopologicalNode.TopologicalIsland rdf:resource="#_F191337B-A83B-403F-A21D-499BFEB114F4"/>
</cim:TopologicalNode>
<cim:ConnectivityNode rdf:ID="_D2B3BA4F-11A1-45F8-8AEC-D056157BB455">
  <cim:IdentifiedObject.mRID>_D2B3BA4F-11A1-45F8-8AEC-D056157BB455</cim:IdentifiedObject.mRID>
  <cim:IdentifiedObject.name>primary</cim:IdentifiedObject.name>
  <cim:ConnectivityNode.TopologicalNode rdf:resource="#_4E19A35E-94FC-44CE-9C6E-937C7FCF0D2D"/>
  <cim:ConnectivityNode.OperationalLimitSet rdf:resource="#_6860AE81-CFB4-419E-B767-6750B4DEEEE5"/>
  <cim:ConnectivityNode.ConnectivityNodeContainer rdf:resource="#_EF222C39-6F6C-44BC-9A11-26EAE5AA4EF0"/>
</cim:ConnectivityNode>
<cim:TopologicalNode rdf:ID="_532B9DBB-F613-4E46-8914-1FDDD0593CB9">
  <cim:IdentifiedObject.mRID>_532B9DBB-F613-4E46-8914-1FDDD0593CB9</cim:IdentifiedObject.mRID>
  <cim:IdentifiedObject.name>secondary</cim:IdentifiedObject.name>
  <cim:TopologicalNode.TopologicalIsland rdf:resource="#_F191337B-A83B-403F-A21D-499BFEB114F4"/>
</cim:TopologicalNode>
<cim:ConnectivityNode rdf:ID="_B8BC5F96-E017-4246-96F3-CC596580FD79">
  <cim:IdentifiedObject.mRID>_B8BC5F96-E017-4246-96F3-CC596580FD79</cim:IdentifiedObject.mRID>
  <cim:IdentifiedObject.name>secondary</cim:IdentifiedObject.name>
  <cim:ConnectivityNode.TopologicalNode rdf:resource="#_532B9DBB-F613-4E46-8914-1FDDD0593CB9"/>
  <cim:ConnectivityNode.OperationalLimitSet rdf:resource="#_2B93C47D-A7EB-4B2B-8AF6-06588B89C138"/>
  <cim:ConnectivityNode.ConnectivityNodeContainer rdf:resource="#_EF222C39-6F6C-44BC-9A11-26EAE5AA4EF0"/>
</cim:ConnectivityNode>
<cim:TopologicalNode rdf:ID="_FB6FB63E-BA57-4F49-808D-EF3022AD1570">
  <cim:IdentifiedObject.mRID>_FB6FB63E-BA57-4F49-808D-EF3022AD1570</cim:IdentifiedObject.mRID>
  <cim:IdentifiedObject.name>loadbus</cim:IdentifiedObject.name>
  <cim:TopologicalNode.TopologicalIsland rdf:resource="#_F191337B-A83B-403F-A21D-499BFEB114F4"/>
</cim:TopologicalNode>
<cim:ConnectivityNode rdf:ID="_B4AE97A9-D789-4A6A-A058-D1D8D876256C">
  <cim:IdentifiedObject.mRID>_B4AE97A9-D789-4A6A-A058-D1D8D876256C</cim:IdentifiedObject.mRID>
  <cim:IdentifiedObject.name>loadbus</cim:IdentifiedObject.name>
  <cim:ConnectivityNode.TopologicalNode rdf:resource="#_FB6FB63E-BA57-4F49-808D-EF3022AD1570"/>
  <cim:ConnectivityNode.OperationalLimitSet rdf:resource="#_2B93C47D-A7EB-4B2B-8AF6-06588B89C138"/>
  <cim:ConnectivityNode.ConnectivityNodeContainer rdf:resource="#_EF222C39-6F6C-44BC-9A11-26EAE5AA4EF0"/>
</cim:ConnectivityNode>
<cim:TopologicalIsland rdf:ID="_F191337B-A83B-403F-A21D-499BFEB114F4">
  <cim:IdentifiedObject.mRID>_F191337B-A83B-403F-A21D-499BFEB114F4</cim:IdentifiedObject.mRID>
  <cim:IdentifiedObject.name>imoyodlag_Island</cim:IdentifiedObject.name>
  <cim:TopologicalIsland.AngleRefTopologicalNode rdf:resource="#_B80CCF56-66E4-49B0-AB3D-CD4645733535"/>
</cim:TopologicalIsland>
<cim:EnergySource rdf:ID="_A7B5E3E5-88D0-419F-BDF2-3EAF10BD31D3">
  <cim:IdentifiedObject.mRID>_A7B5E3E5-88D0-419F-BDF2-3EAF10BD31D3</cim:IdentifiedObject.mRID>
  <cim:IdentifiedObject.name>source</cim:IdentifiedObject.name>
  <cim:Equipment.EquipmentContainer rdf:resource="#_EF222C39-6F6C-44BC-9A11-26EAE5AA4EF0"/>
  <cim:ConductingEquipment.BaseVoltage rdf:resource="#_D6E20722-9A04-4980-982A-49A08B3CD67C"/>
  <cim:EnergySource.nominalVoltage>12470</cim:EnergySource.nominalVoltage>
  <cim:EnergySource.voltageMagnitude>12470</cim:EnergySource.voltageMagnitude>
  <cim:EnergySource.voltageAngle>0</cim:EnergySource.voltageAngle>
  <cim:EnergySource.r>0.000037714508</cim:EnergySource.r>
  <cim:EnergySource.x>0.00015085803</cim:EnergySource.x>
  <cim:EnergySource.r0>0.000049270422</cim:EnergySource.r0>
  <cim:EnergySource.x0>0.00014781127</cim:EnergySource.x0>
  <cim:PowerSystemResource.Location rdf:resource="#_EE01E7F0-71A5-4F8B-9707-846E92018A49"/>
</cim:EnergySource>
<cim:Terminal rdf:ID="_6A22B736-91C4-471D-9751-A0EBE37AB9FF">
  <cim:IdentifiedObject.mRID>_6A22B736-91C4-471D-9751-A0EBE37AB9FF</cim:IdentifiedObject.mRID>
  <cim:IdentifiedObject.name>source_T1</cim:IdentifiedObject.name>
  <cim:Terminal.ConductingEquipment rdf:resource="#_A7B5E3E5-88D0-419F-BDF2-3EAF10BD31D3"/>
  <cim:ACDCTerminal.sequenceNumber>1</cim:ACDCTerminal.sequenceNumber>
  <cim:Terminal.ConnectivityNode rdf:resource="#_486AA9DA-BE38-47B6-92F2-04690854E19A"/>
</cim:Terminal>
<cim:Location rdf:ID="_EE01E7F0-71A5-4F8B-9707-846E92018A49">
  <cim:IdentifiedObject.mRID>_EE01E7F0-71A5-4F8B-9707-846E92018A49</cim:IdentifiedObject.mRID>
  <cim:IdentifiedObject.name>source_Loc</cim:IdentifiedObject.name>
  <cim:Location.CoordinateSystem rdf:resource="#_84643E3A-B87E-47D4-821A-94AA965ABFE8"/>
</cim:Location>
<cim:PositionPoint rdf:ID="_B32A3019-A594-4ED3-888D-67BDF99C825B">
  <cim:PositionPoint.Location rdf:resource="#_EE01E7F0-71A5-4F8B-9707-846E92018A49"/>
  <cim:PositionPoint.sequenceNumber>1</cim:PositionPoint.sequenceNumber>
  <cim:PositionPoint.xPosition>0</cim:PositionPoint.xPosition>
  <cim:PositionPoint.yPosition>0</cim:PositionPoint.yPosition>
</cim:PositionPoint>
<cim:PowerTransformerInfo rdf:ID="_298E80F3-BA28-436D-90C8-29B56FB4A2E4">
  <cim:IdentifiedObject.mRID>_298E80F3-BA28-436D-90C8-29B56FB4A2E4</cim:IdentifiedObject.mRID>
  <cim:IdentifiedObject.name>cimxfmrcode_xfmrab_PowerXfInfo</cim:IdentifiedObject.name>
</cim:PowerTransformerInfo>
<cim:TransformerTankInfo rdf:ID="_5F78B84F-D234-4A35-B5A2-7E2CA9553E9F">
  <cim:IdentifiedObject.mRID>_5F78B84F-D234-4A35-B5A2-7E2CA9553E9F</cim:IdentifiedObject.mRID>
  <cim:IdentifiedObject.name>cimxfmrcode_xfmrab</cim:IdentifiedObject.name>
  <cim:TransformerTankInfo.PowerTransformerInfo rdf:resource="#_298E80F3-BA28-436D-90C8-29B56FB4A2E4"/>
</cim:TransformerTankInfo>
<cim:TransformerEndInfo rdf:ID="_D3A51911-4B6B-40A3-9D60-9DF878F52647">
  <cim:IdentifiedObject.mRID>_D3A51911-4B6B-40A3-9D60-9DF878F52647</cim:IdentifiedObject.mRID>
  <cim:IdentifiedObject.name>cimxfmrcode_xfmrab_1</cim:IdentifiedObject.name>
  <cim:TransformerEndInfo.TransformerTankInfo rdf:resource="#_5F78B84F-D234-4A35-B5A2-7E2CA9553E9F"/>
  <cim:TransformerEndInfo.endNumber>1</cim:TransformerEndInfo.endNumber>
  <cim:TransformerEndInfo.connectionKind rdf:resource="http://iec.ch/TC57/CIM100#WindingConnection.I"/>
  <cim:TransformerEndInfo.phaseAngleClock>0</cim:TransformerEndInfo.phaseAngleClock>
  <cim:TransformerEndInfo.ratedU>7200</cim:TransformerEndInfo.ratedU>
  <cim:TransformerEndInfo.ratedS>15000</cim:TransformerEndInfo.ratedS>
  <cim:TransformerEndInfo.shortTermS>16500</cim:TransformerEndInfo.shortTermS>
  <cim:TransformerEndInfo.emergencyS>22500</cim:TransformerEndInfo.emergencyS>
  <cim:TransformerEndInfo.r>22.464</cim:TransformerEndInfo.r>
  <cim:TransformerEndInfo.insulationU>0</cim:TransformerEndInfo.insulationU>
</cim:TransformerEndInfo>
<cim:TransformerEndInfo rdf:ID="_F51E0EC1-514E-43A9-8158-0235E7452F00">
  <cim:IdentifiedObject.mRID>_F51E0EC1-514E-43A9-8158-0235E7452F00</cim:IdentifiedObject.mRID>
  <cim:IdentifiedObject.name>cimxfmrcode_xfmrab_2</cim:IdentifiedObject.name>
  <cim:TransformerEndInfo.TransformerTankInfo rdf:resource="#_5F78B84F-D234-4A35-B5A2-7E2CA9553E9F"/>
  <cim:TransformerEndInfo.endNumber>2</cim:TransformerEndInfo.endNumber>
  <cim:TransformerEndInfo.connectionKind rdf:resource="http://iec.ch/TC57/CIM100#WindingConnection.I"/>
  <cim:TransformerEndInfo.phaseAngleClock>0</cim:TransformerEndInfo.phaseAngleClock>
  <cim:TransformerEndInfo.ratedU>120</cim:TransformerEndInfo.ratedU>
  <cim:TransformerEndInfo.ratedS>15000</cim:TransformerEndInfo.ratedS>
  <cim:TransformerEndInfo.shortTermS>16500</cim:TransformerEndInfo.shortTermS>
  <cim:TransformerEndInfo.emergencyS>22500</cim:TransformerEndInfo.emergencyS>
  <cim:TransformerEndInfo.r>0.01248</cim:TransformerEndInfo.r>
  <cim:TransformerEndInfo.insulationU>0</cim:TransformerEndInfo.insulationU>
</cim:TransformerEndInfo>
<cim:TransformerEndInfo rdf:ID="_BEF2355C-4E41-4D6D-B87C-73976A8A2CD8">
  <cim:IdentifiedObject.mRID>_BEF2355C-4E41-4D6D-B87C-73976A8A2CD8</cim:IdentifiedObject.mRID>
  <cim:IdentifiedObject.name>cimxfmrcode_xfmrab_3</cim:IdentifiedObject.name>
  <cim:TransformerEndInfo.TransformerTankInfo rdf:resource="#_5F78B84F-D234-4A35-B5A2-7E2CA9553E9F"/>
  <cim:TransformerEndInfo.endNumber>3</cim:TransformerEndInfo.endNumber>
  <cim:TransformerEndInfo.connectionKind rdf:resource="http://iec.ch/TC57/CIM100#WindingConnection.I"/>
  <cim:TransformerEndInfo.phaseAngleClock>6</cim:TransformerEndInfo.phaseAngleClock>
  <cim:TransformerEndInfo.ratedU>120</cim:TransformerEndInfo.ratedU>
  <cim:TransformerEndInfo.ratedS>15000</cim:TransformerEndInfo.ratedS>
  <cim:TransformerEndInfo.shortTermS>16500</cim:TransformerEndInfo.shortTermS>
  <cim:TransformerEndInfo.emergencyS>22500</cim:TransformerEndInfo.emergencyS>
  <cim:TransformerEndInfo.r>0.01248</cim:TransformerEndInfo.r>
  <cim:TransformerEndInfo.insulationU>0</cim:TransformerEndInfo.insulationU>
</cim:TransformerEndInfo>
<cim:NoLoadTest rdf:ID="_12A7032E-88B2-4CE8-AFA2-1E8A4D775969">
  <cim:IdentifiedObject.mRID>_12A7032E-88B2-4CE8-AFA2-1E8A4D775969</cim:IdentifiedObject.mRID>
  <cim:IdentifiedObject.name>cimxfmrcode_xfmrab_1</cim:IdentifiedObject.name>
  <cim:NoLoadTest.EnergisedEnd rdf:resource="#_D3A51911-4B6B-40A3-9D60-9DF878F52647"/>
  <cim:NoLoadTest.energisedEndVoltage>7200</cim:NoLoadTest.energisedEndVoltage>
  <cim:NoLoadTest.excitingCurrent>0</cim:NoLoadTest.excitingCurrent>
  <cim:NoLoadTest.excitingCurrentZero>0</cim:NoLoadTest.excitingCurrentZero>
  <cim:NoLoadTest.loss>0</cim:NoLoadTest.loss>
  <cim:NoLoadTest.lossZero>0</cim:NoLoadTest.lossZero>
  <cim:TransformerTest.basePower>15000</cim:TransformerTest.basePower>
  <cim:TransformerTest.temperature>50</cim:TransformerTest.temperature>
</cim:NoLoadTest>
<cim:ShortCircuitTest rdf:ID="_F8EC8B1B-4330-441A-AD6E-D01BB01E2AEE">
  <cim:IdentifiedObject.mRID>_F8EC8B1B-4330-441A-AD6E-D01BB01E2AEE</cim:IdentifiedObject.mRID>
  <cim:IdentifiedObject.name>cimxfmrcode_xfmrab_1</cim:IdentifiedObject.name>
  <cim:ShortCircuitTest.EnergisedEnd rdf:resource="#_D3A51911-4B6B-40A3-9D60-9DF878F52647"/>
  <cim:ShortCircuitTest.GroundedEnds rdf:resource="#_F51E0EC1-514E-43A9-8158-0235E7452F00"/>
  <cim:ShortCircuitTest.energisedEndStep>16</cim:ShortCircuitTest.energisedEndStep>
  <cim:ShortCircuitTest.groundedEndStep>16</cim:ShortCircuitTest.groundedEndStep>
  <cim:ShortCircuitTest.leakageImpedance>49.7664</cim:ShortCircuitTest.leakageImpedance>
  <cim:ShortCircuitTest.leakageImpedanceZero>49.7664</cim:ShortCircuitTest.leakageImpedanceZero>
  <cim:ShortCircuitTest.loss>0.2925</cim:ShortCircuitTest.loss>
  <cim:ShortCircuitTest.lossZero>0.2925</cim:ShortCircuitTest.lossZero>
  <cim:TransformerTest.basePower>15000</cim:TransformerTest.basePower>
  <cim:TransformerTest.temperature>50</cim:TransformerTest.temperature>
</cim:ShortCircuitTest>
<cim:ShortCircuitTest rdf:ID="_7CA85792-4028-4BA2-BC14-2E9DE1474292">
  <cim:IdentifiedObject.mRID>_7CA85792-4028-4BA2-BC14-2E9DE1474292</cim:IdentifiedObject.mRID>
  <cim:IdentifiedObject.name>cimxfmrcode_xfmrab_2</cim:IdentifiedObject.name>
  <cim:ShortCircuitTest.EnergisedEnd rdf:resource="#_D3A51911-4B6B-40A3-9D60-9DF878F52647"/>
  <cim:ShortCircuitTest.GroundedEnds rdf:resource="#_BEF2355C-4E41-4D6D-B87C-73976A8A2CD8"/>
  <cim:ShortCircuitTest.energisedEndStep>16</cim:ShortCircuitTest.energisedEndStep>
  <cim:ShortCircuitTest.groundedEndStep>16</cim:ShortCircuitTest.groundedEndStep>
  <cim:ShortCircuitTest.leakageImpedance>49.7664</cim:ShortCircuitTest.leakageImpedance>
  <cim:ShortCircuitTest.leakageImpedanceZero>49.7664</cim:ShortCircuitTest.leakageImpedanceZero>
  <cim:ShortCircuitTest.loss>0</cim:ShortCircuitTest.loss>
  <cim:ShortCircuitTest.lossZero>0</cim:ShortCircuitTest.lossZero>
  <cim:TransformerTest.basePower>15000</cim:TransformerTest.basePower>
  <cim:TransformerTest.temperature>50</cim:TransformerTest.temperature>
</cim:ShortCircuitTest>
<cim:ShortCircuitTest rdf:ID="_E89B9A7D-E1E1-4A70-8253-5938617D76B5">
  <cim:IdentifiedObject.mRID>_E89B9A7D-E1E1-4A70-8253-5938617D76B5</cim:IdentifiedObject.mRID>
  <cim:IdentifiedObject.name>cimxfmrcode_xfmrab_3</cim:IdentifiedObject.name>
  <cim:ShortCircuitTest.EnergisedEnd rdf:resource="#_F51E0EC1-514E-43A9-8158-0235E7452F00"/>
  <cim:ShortCircuitTest.GroundedEnds rdf:resource="#_BEF2355C-4E41-4D6D-B87C-73976A8A2CD8"/>
  <cim:ShortCircuitTest.energisedEndStep>16</cim:ShortCircuitTest.energisedEndStep>
  <cim:ShortCircuitTest.groundedEndStep>16</cim:ShortCircuitTest.groundedEndStep>
  <cim:ShortCircuitTest.leakageImpedance>0.009216</cim:ShortCircuitTest.leakageImpedance>
  <cim:ShortCircuitTest.leakageImpedanceZero>0.009216</cim:ShortCircuitTest.leakageImpedanceZero>
  <cim:ShortCircuitTest.loss>0</cim:ShortCircuitTest.loss>
  <cim:ShortCircuitTest.lossZero>0</cim:ShortCircuitTest.lossZero>
  <cim:TransformerTest.basePower>15000</cim:TransformerTest.basePower>
  <cim:TransformerTest.temperature>50</cim:TransformerTest.temperature>
</cim:ShortCircuitTest>
<cim:Asset rdf:ID="_FB87A9F6-7413-46B0-81B9-27A024837BF6">
  <cim:IdentifiedObject.mRID>_FB87A9F6-7413-46B0-81B9-27A024837BF6</cim:IdentifiedObject.mRID>
  <cim:IdentifiedObject.name>TankAsset_cimxfmrcode_xfmrab</cim:IdentifiedObject.name>
  <cim:Asset.AssetInfo rdf:resource="#_5F78B84F-D234-4A35-B5A2-7E2CA9553E9F"/>
  <cim:Asset.PowerSystemResources rdf:resource="#_38BFEA10-ED3B-4ECC-AF3E-515F5051D167"/>
</cim:Asset>
<cim:PowerTransformerInfo rdf:ID="_DBCE9AB8-4757-421A-AE2F-02AFEC2BEA49">
  <cim:IdentifiedObject.mRID>_DBCE9AB8-4757-421A-AE2F-02AFEC2BEA49</cim:IdentifiedObject.mRID>
  <cim:IdentifiedObject.name>cimxfmrcode_xfmrca_PowerXfInfo</cim:IdentifiedObject.name>
</cim:PowerTransformerInfo>
<cim:TransformerTankInfo rdf:ID="_289092A2-11A2-4320-9A37-BF3EFEEF91E9">
  <cim:IdentifiedObject.mRID>_289092A2-11A2-4320-9A37-BF3EFEEF91E9</cim:IdentifiedObject.mRID>
  <cim:IdentifiedObject.name>cimxfmrcode_xfmrca</cim:IdentifiedObject.name>
  <cim:TransformerTankInfo.PowerTransformerInfo rdf:resource="#_DBCE9AB8-4757-421A-AE2F-02AFEC2BEA49"/>
</cim:TransformerTankInfo>
<cim:TransformerEndInfo rdf:ID="_E7D587CF-B4D9-4618-A434-BC184DC1590B">
  <cim:IdentifiedObject.mRID>_E7D587CF-B4D9-4618-A434-BC184DC1590B</cim:IdentifiedObject.mRID>
  <cim:IdentifiedObject.name>cimxfmrcode_xfmrca_1</cim:IdentifiedObject.name>
  <cim:TransformerEndInfo.TransformerTankInfo rdf:resource="#_289092A2-11A2-4320-9A37-BF3EFEEF91E9"/>
  <cim:TransformerEndInfo.endNumber>1</cim:TransformerEndInfo.endNumber>
  <cim:TransformerEndInfo.connectionKind rdf:resource="http://iec.ch/TC57/CIM100#WindingConnection.I"/>
  <cim:TransformerEndInfo.phaseAngleClock>0</cim:TransformerEndInfo.phaseAngleClock>
  <cim:TransformerEndInfo.ratedU>7200</cim:TransformerEndInfo.ratedU>
  <cim:TransformerEndInfo.ratedS>10000</cim:TransformerEndInfo.ratedS>
  <cim:TransformerEndInfo.shortTermS>11000</cim:TransformerEndInfo.shortTermS>
  <cim:TransformerEndInfo.emergencyS>15000</cim:TransformerEndInfo.emergencyS>
  <cim:TransformerEndInfo.r>36.288</cim:TransformerEndInfo.r>
  <cim:TransformerEndInfo.insulationU>0</cim:TransformerEndInfo.insulationU>
</cim:TransformerEndInfo>
<cim:TransformerEndInfo rdf:ID="_7F26D1DB-1A9D-4AE9-9AA2-0FDD2E1DBD54">
  <cim:IdentifiedObject.mRID>_7F26D1DB-1A9D-4AE9-9AA2-0FDD2E1DBD54</cim:IdentifiedObject.mRID>
  <cim:IdentifiedObject.name>cimxfmrcode_xfmrca_2</cim:IdentifiedObject.name>
  <cim:TransformerEndInfo.TransformerTankInfo rdf:resource="#_289092A2-11A2-4320-9A37-BF3EFEEF91E9"/>
  <cim:TransformerEndInfo.endNumber>2</cim:TransformerEndInfo.endNumber>
  <cim:TransformerEndInfo.connectionKind rdf:resource="http://iec.ch/TC57/CIM100#WindingConnection.I"/>
  <cim:TransformerEndInfo.phaseAngleClock>0</cim:TransformerEndInfo.phaseAngleClock>
  <cim:TransformerEndInfo.ratedU>240</cim:TransformerEndInfo.ratedU>
  <cim:TransformerEndInfo.ratedS>10000</cim:TransformerEndInfo.ratedS>
  <cim:TransformerEndInfo.shortTermS>11000</cim:TransformerEndInfo.shortTermS>
  <cim:TransformerEndInfo.emergencyS>15000</cim:TransformerEndInfo.emergencyS>
  <cim:TransformerEndInfo.r>0.04032</cim:TransformerEndInfo.r>
  <cim:TransformerEndInfo.insulationU>0</cim:TransformerEndInfo.insulationU>
</cim:TransformerEndInfo>
<cim:NoLoadTest rdf:ID="_D6627E3E-2E83-43FE-82B3-32226682FF4B">
  <cim:IdentifiedObject.mRID>_D6627E3E-2E83-43FE-82B3-32226682FF4B</cim:IdentifiedObject.mRID>
  <cim:IdentifiedObject.name>cimxfmrcode_xfmrca_1</cim:IdentifiedObject.name>
  <cim:NoLoadTest.EnergisedEnd rdf:resource="#_E7D587CF-B4D9-4618-A434-BC184DC1590B"/>
  <cim:NoLoadTest.energisedEndVoltage>7200</cim:NoLoadTest.energisedEndVoltage>
  <cim:NoLoadTest.excitingCurrent>0</cim:NoLoadTest.excitingCurrent>
  <cim:NoLoadTest.excitingCurrentZero>0</cim:NoLoadTest.excitingCurrentZero>
  <cim:NoLoadTest.loss>0</cim:NoLoadTest.loss>
  <cim:NoLoadTest.lossZero>0</cim:NoLoadTest.lossZero>
  <cim:TransformerTest.basePower>10000</cim:TransformerTest.basePower>
  <cim:TransformerTest.temperature>50</cim:TransformerTest.temperature>
</cim:NoLoadTest>
<cim:ShortCircuitTest rdf:ID="_9D58F6BB-039E-4857-845D-A53BD372799F">
  <cim:IdentifiedObject.mRID>_9D58F6BB-039E-4857-845D-A53BD372799F</cim:IdentifiedObject.mRID>
  <cim:IdentifiedObject.name>cimxfmrcode_xfmrca_1</cim:IdentifiedObject.name>
  <cim:ShortCircuitTest.EnergisedEnd rdf:resource="#_E7D587CF-B4D9-4618-A434-BC184DC1590B"/>
  <cim:ShortCircuitTest.GroundedEnds rdf:resource="#_7F26D1DB-1A9D-4AE9-9AA2-0FDD2E1DBD54"/>
  <cim:ShortCircuitTest.energisedEndStep>16</cim:ShortCircuitTest.energisedEndStep>
  <cim:ShortCircuitTest.groundedEndStep>16</cim:ShortCircuitTest.groundedEndStep>
  <cim:ShortCircuitTest.leakageImpedance>82.944</cim:ShortCircuitTest.leakageImpedance>
  <cim:ShortCircuitTest.leakageImpedanceZero>82.944</cim:ShortCircuitTest.leakageImpedanceZero>
  <cim:ShortCircuitTest.loss>0.14</cim:ShortCircuitTest.loss>
  <cim:ShortCircuitTest.lossZero>0.14</cim:ShortCircuitTest.lossZero>
  <cim:TransformerTest.basePower>10000</cim:TransformerTest.basePower>
  <cim:TransformerTest.temperature>50</cim:TransformerTest.temperature>
</cim:ShortCircuitTest>
<cim:Asset rdf:ID="_FAE383B2-08C2-4053-8356-E86FE11D698B">
  <cim:IdentifiedObject.mRID>_FAE383B2-08C2-4053-8356-E86FE11D698B</cim:IdentifiedObject.mRID>
  <cim:IdentifiedObject.name>TankAsset_cimxfmrcode_xfmrca</cim:IdentifiedObject.name>
  <cim:Asset.AssetInfo rdf:resource="#_289092A2-11A2-4320-9A37-BF3EFEEF91E9"/>
  <cim:Asset.PowerSystemResources rdf:resource="#_798EC051-035C-4357-9265-012F0D4FECE6"/>
</cim:Asset>
<cim:TransformerTank rdf:ID="_38BFEA10-ED3B-4ECC-AF3E-515F5051D167">
  <cim:IdentifiedObject.mRID>_38BFEA10-ED3B-4ECC-AF3E-515F5051D167</cim:IdentifiedObject.mRID>
  <cim:IdentifiedObject.name>xfmrab</cim:IdentifiedObject.name>
  <cim:Equipment.EquipmentContainer rdf:resource="#_EF222C39-6F6C-44BC-9A11-26EAE5AA4EF0"/>
  <cim:TransformerTank.PowerTransformer rdf:resource="#_40B55518-C495-4FE9-BF1A-DDDECE9BF4B2"/>
  <cim:PowerSystemResource.Location rdf:resource="#_448E4CA5-0C60-4098-9260-BF53666640A7"/>
</cim:TransformerTank>
<cim:Location rdf:ID="_448E4CA5-0C60-4098-9260-BF53666640A7">
  <cim:IdentifiedObject.mRID>_448E4CA5-0C60-4098-9260-BF53666640A7</cim:IdentifiedObject.mRID>
  <cim:IdentifiedObject.name>xfmrab_Loc</cim:IdentifiedObject.name>
  <cim:Location.CoordinateSystem rdf:resource="#_84643E3A-B87E-47D4-821A-94AA965ABFE8"/>
</cim:Location>
<cim:PositionPoint rdf:ID="_3AF40903-5149-462D-994A-67F884283E95">
  <cim:PositionPoint.Location rdf:resource="#_448E4CA5-0C60-4098-9260-BF53666640A7"/>
  <cim:PositionPoint.sequenceNumber>1</cim:PositionPoint.sequenceNumber>
  <cim:PositionPoint.xPosition>0</cim:PositionPoint.xPosition>
  <cim:PositionPoint.yPosition>0</cim:PositionPoint.yPosition>
</cim:PositionPoint>
<cim:PositionPoint rdf:ID="_9A5A76EF-F18F-4270-85C0-EEACB29622EA">
  <cim:PositionPoint.Location rdf:resource="#_448E4CA5-0C60-4098-9260-BF53666640A7"/>
  <cim:PositionPoint.sequenceNumber>2</cim:PositionPoint.sequenceNumber>
  <cim:PositionPoint.xPosition>0</cim:PositionPoint.xPosition>
  <cim:PositionPoint.yPosition>0</cim:PositionPoint.yPosition>
</cim:PositionPoint>
<cim:PositionPoint rdf:ID="_8F944222-18FC-4F8D-A060-C6AD2350EC51">
  <cim:PositionPoint.Location rdf:resource="#_448E4CA5-0C60-4098-9260-BF53666640A7"/>
  <cim:PositionPoint.sequenceNumber>3</cim:PositionPoint.sequenceNumber>
  <cim:PositionPoint.xPosition>0</cim:PositionPoint.xPosition>
  <cim:PositionPoint.yPosition>0</cim:PositionPoint.yPosition>
</cim:PositionPoint>
<cim:TransformerTankEnd rdf:ID="_0DBE7D73-0481-4859-A50B-9D0FFC9D9BD1">
  <cim:IdentifiedObject.mRID>_0DBE7D73-0481-4859-A50B-9D0FFC9D9BD1</cim:IdentifiedObject.mRID>
  <cim:IdentifiedObject.name>xfmrab_End_1</cim:IdentifiedObject.name>
  <cim:TransformerTankEnd.phases rdf:resource="http://iec.ch/TC57/CIM100#PhaseCode.A"/>
  <cim:TransformerEnd.grounded>true</cim:TransformerEnd.grounded>
  <cim:TransformerEnd.rground>0</cim:TransformerEnd.rground>
  <cim:TransformerEnd.xground>0</cim:TransformerEnd.xground>
  <cim:TransformerTankEnd.reversed>false</cim:TransformerTankEnd.reversed>
  <cim:TransformerTankEnd.TransformerTank rdf:resource="#_38BFEA10-ED3B-4ECC-AF3E-515F5051D167"/>
  <cim:TransformerEnd.endNumber>1</cim:TransformerEnd.endNumber>
  <cim:TransformerEnd.Terminal rdf:resource="#_167E78E9-7080-4298-B46E-2B6A86FA8E5A"/>
  <cim:TransformerEnd.BaseVoltage rdf:resource="#_D6E20722-9A04-4980-982A-49A08B3CD67C"/>
</cim:TransformerTankEnd>
<cim:Terminal rdf:ID="_167E78E9-7080-4298-B46E-2B6A86FA8E5A">
  <cim:IdentifiedObject.mRID>_167E78E9-7080-4298-B46E-2B6A86FA8E5A</cim:IdentifiedObject.mRID>
  <cim:IdentifiedObject.name>xfmrab_T1</cim:IdentifiedObject.name>
  <cim:Terminal.ConductingEquipment rdf:resource="#_40B55518-C495-4FE9-BF1A-DDDECE9BF4B2"/>
  <cim:ACDCTerminal.sequenceNumber>1</cim:ACDCTerminal.sequenceNumber>
  <cim:Terminal.ConnectivityNode rdf:resource="#_D2B3BA4F-11A1-45F8-8AEC-D056157BB455"/>
  <cim:ACDCTerminal.OperationalLimitSet rdf:resource="#_0CBAF760-47EB-4247-B539-B910CCE8CA83"/>
</cim:Terminal>
<cim:TransformerTankEnd rdf:ID="_3E3DB0FF-7719-4C7C-B900-2A93A31BCA3B">
  <cim:IdentifiedObject.mRID>_3E3DB0FF-7719-4C7C-B900-2A93A31BCA3B</cim:IdentifiedObject.mRID>
  <cim:IdentifiedObject.name>xfmrab_End_2</cim:IdentifiedObject.name>
  <cim:TransformerTankEnd.phases rdf:resource="http://iec.ch/TC57/CIM100#PhaseCode.A"/>
  <cim:TransformerEnd.grounded>true</cim:TransformerEnd.grounded>
  <cim:TransformerEnd.rground>0</cim:TransformerEnd.rground>
  <cim:TransformerEnd.xground>0</cim:TransformerEnd.xground>
  <cim:TransformerTankEnd.reversed>false</cim:TransformerTankEnd.reversed>
  <cim:TransformerTankEnd.TransformerTank rdf:resource="#_38BFEA10-ED3B-4ECC-AF3E-515F5051D167"/>
  <cim:TransformerEnd.endNumber>2</cim:TransformerEnd.endNumber>
  <cim:TransformerEnd.Terminal rdf:resource="#_0828D4C9-3BDD-4197-8DA5-B270DE11CDBE"/>
  <cim:TransformerEnd.BaseVoltage rdf:resource="#_C70C7691-7D59-482F-84CA-DF042550F978"/>
</cim:TransformerTankEnd>
<cim:Terminal rdf:ID="_0828D4C9-3BDD-4197-8DA5-B270DE11CDBE">
  <cim:IdentifiedObject.mRID>_0828D4C9-3BDD-4197-8DA5-B270DE11CDBE</cim:IdentifiedObject.mRID>
  <cim:IdentifiedObject.name>xfmrab_T2</cim:IdentifiedObject.name>
  <cim:Terminal.ConductingEquipment rdf:resource="#_40B55518-C495-4FE9-BF1A-DDDECE9BF4B2"/>
  <cim:ACDCTerminal.sequenceNumber>2</cim:ACDCTerminal.sequenceNumber>
  <cim:Terminal.ConnectivityNode rdf:resource="#_B8BC5F96-E017-4246-96F3-CC596580FD79"/>
</cim:Terminal>
<cim:TransformerTankEnd rdf:ID="_990F3CCE-5ACB-4BD2-A7D9-CCF5F61C0E5D">
  <cim:IdentifiedObject.mRID>_990F3CCE-5ACB-4BD2-A7D9-CCF5F61C0E5D</cim:IdentifiedObject.mRID>
  <cim:IdentifiedObject.name>xfmrab_End_3</cim:IdentifiedObject.name>
  <cim:TransformerTankEnd.phases rdf:resource="http://iec.ch/TC57/CIM100#PhaseCode.B"/>
  <cim:TransformerEnd.grounded>true</cim:TransformerEnd.grounded>
  <cim:TransformerEnd.rground>0</cim:TransformerEnd.rground>
  <cim:TransformerEnd.xground>0</cim:TransformerEnd.xground>
  <cim:TransformerTankEnd.reversed>true</cim:TransformerTankEnd.reversed>
  <cim:TransformerTankEnd.TransformerTank rdf:resource="#_38BFEA10-ED3B-4ECC-AF3E-515F5051D167"/>
  <cim:TransformerEnd.endNumber>3</cim:TransformerEnd.endNumber>
  <cim:TransformerEnd.Terminal rdf:resource="#_3B2B9A78-49F7-466E-B881-9C6EC18178B6"/>
  <cim:TransformerEnd.BaseVoltage rdf:resource="#_C70C7691-7D59-482F-84CA-DF042550F978"/>
</cim:TransformerTankEnd>
<cim:Terminal rdf:ID="_3B2B9A78-49F7-466E-B881-9C6EC18178B6">
  <cim:IdentifiedObject.mRID>_3B2B9A78-49F7-466E-B881-9C6EC18178B6</cim:IdentifiedObject.mRID>
  <cim:IdentifiedObject.name>xfmrab_T3</cim:IdentifiedObject.name>
  <cim:Terminal.ConductingEquipment rdf:resource="#_40B55518-C495-4FE9-BF1A-DDDECE9BF4B2"/>
  <cim:ACDCTerminal.sequenceNumber>3</cim:ACDCTerminal.sequenceNumber>
  <cim:Terminal.ConnectivityNode rdf:resource="#_B8BC5F96-E017-4246-96F3-CC596580FD79"/>
</cim:Terminal>
<cim:TransformerTank rdf:ID="_798EC051-035C-4357-9265-012F0D4FECE6">
  <cim:IdentifiedObject.mRID>_798EC051-035C-4357-9265-012F0D4FECE6</cim:IdentifiedObject.mRID>
  <cim:IdentifiedObject.name>xfmrca</cim:IdentifiedObject.name>
  <cim:Equipment.EquipmentContainer rdf:resource="#_EF222C39-6F6C-44BC-9A11-26EAE5AA4EF0"/>
  <cim:TransformerTank.PowerTransformer rdf:resource="#_40B55518-C495-4FE9-BF1A-DDDECE9BF4B2"/>
  <cim:PowerSystemResource.Location rdf:resource="#_18CFD78C-909A-4D42-8ACA-BAC2C8DB08FC"/>
</cim:TransformerTank>
<cim:Location rdf:ID="_18CFD78C-909A-4D42-8ACA-BAC2C8DB08FC">
  <cim:IdentifiedObject.mRID>_18CFD78C-909A-4D42-8ACA-BAC2C8DB08FC</cim:IdentifiedObject.mRID>
  <cim:IdentifiedObject.name>xfmrca_Loc</cim:IdentifiedObject.name>
  <cim:Location.CoordinateSystem rdf:resource="#_84643E3A-B87E-47D4-821A-94AA965ABFE8"/>
</cim:Location>
<cim:PositionPoint rdf:ID="_94D5A648-E324-41A5-85E6-AFD5BB70753F">
  <cim:PositionPoint.Location rdf:resource="#_18CFD78C-909A-4D42-8ACA-BAC2C8DB08FC"/>
  <cim:PositionPoint.sequenceNumber>1</cim:PositionPoint.sequenceNumber>
  <cim:PositionPoint.xPosition>0</cim:PositionPoint.xPosition>
  <cim:PositionPoint.yPosition>0</cim:PositionPoint.yPosition>
</cim:PositionPoint>
<cim:PositionPoint rdf:ID="_61D1DE97-BC16-4BB6-A7FC-D17D9DA30CAD">
  <cim:PositionPoint.Location rdf:resource="#_18CFD78C-909A-4D42-8ACA-BAC2C8DB08FC"/>
  <cim:PositionPoint.sequenceNumber>2</cim:PositionPoint.sequenceNumber>
  <cim:PositionPoint.xPosition>0</cim:PositionPoint.xPosition>
  <cim:PositionPoint.yPosition>0</cim:PositionPoint.yPosition>
</cim:PositionPoint>
<cim:TransformerTankEnd rdf:ID="_2EA4A4B5-683E-490D-A642-AB7BB6D1B841">
  <cim:IdentifiedObject.mRID>_2EA4A4B5-683E-490D-A642-AB7BB6D1B841</cim:IdentifiedObject.mRID>
  <cim:IdentifiedObject.name>xfmrca_End_1</cim:IdentifiedObject.name>
  <cim:TransformerTankEnd.phases rdf:resource="http://iec.ch/TC57/CIM100#PhaseCode.C"/>
  <cim:TransformerEnd.grounded>true</cim:TransformerEnd.grounded>
  <cim:TransformerEnd.rground>0</cim:TransformerEnd.rground>
  <cim:TransformerEnd.xground>0</cim:TransformerEnd.xground>
  <cim:TransformerTankEnd.reversed>false</cim:TransformerTankEnd.reversed>
  <cim:TransformerTankEnd.TransformerTank rdf:resource="#_798EC051-035C-4357-9265-012F0D4FECE6"/>
  <cim:TransformerEnd.endNumber>1</cim:TransformerEnd.endNumber>
  <cim:TransformerEnd.Terminal rdf:resource="#_3DEE1380-FC67-4FF2-B367-19F620D2C615"/>
  <cim:TransformerEnd.BaseVoltage rdf:resource="#_D6E20722-9A04-4980-982A-49A08B3CD67C"/>
</cim:TransformerTankEnd>
<cim:Terminal rdf:ID="_3DEE1380-FC67-4FF2-B367-19F620D2C615">
  <cim:IdentifiedObject.mRID>_3DEE1380-FC67-4FF2-B367-19F620D2C615</cim:IdentifiedObject.mRID>
  <cim:IdentifiedObject.name>xfmrca_T1</cim:IdentifiedObject.name>
  <cim:Terminal.ConductingEquipment rdf:resource="#_40B55518-C495-4FE9-BF1A-DDDECE9BF4B2"/>
  <cim:ACDCTerminal.sequenceNumber>1</cim:ACDCTerminal.sequenceNumber>
  <cim:Terminal.ConnectivityNode rdf:resource="#_D2B3BA4F-11A1-45F8-8AEC-D056157BB455"/>
  <cim:ACDCTerminal.OperationalLimitSet rdf:resource="#_FFEFB321-27E5-4BDF-AC55-999E47BEC74E"/>
</cim:Terminal>
<cim:TransformerTankEnd rdf:ID="_AC8649A9-0921-422A-BF3E-C536EE99C6F0">
  <cim:IdentifiedObject.mRID>_AC8649A9-0921-422A-BF3E-C536EE99C6F0</cim:IdentifiedObject.mRID>
  <cim:IdentifiedObject.name>xfmrca_End_2</cim:IdentifiedObject.name>
  <cim:TransformerTankEnd.phases rdf:resource="http://iec.ch/TC57/CIM100#PhaseCode.AC"/>
  <cim:TransformerEnd.grounded>false</cim:TransformerEnd.grounded>
  <cim:TransformerTankEnd.reversed>true</cim:TransformerTankEnd.reversed>
  <cim:TransformerTankEnd.TransformerTank rdf:resource="#_798EC051-035C-4357-9265-012F0D4FECE6"/>
  <cim:TransformerEnd.endNumber>2</cim:TransformerEnd.endNumber>
  <cim:TransformerEnd.Terminal rdf:resource="#_024C5102-92E8-4994-8484-7BDA0B2C9B00"/>
  <cim:TransformerEnd.BaseVoltage rdf:resource="#_C70C7691-7D59-482F-84CA-DF042550F978"/>
</cim:TransformerTankEnd>
<cim:Terminal rdf:ID="_024C5102-92E8-4994-8484-7BDA0B2C9B00">
  <cim:IdentifiedObject.mRID>_024C5102-92E8-4994-8484-7BDA0B2C9B00</cim:IdentifiedObject.mRID>
  <cim:IdentifiedObject.name>xfmrca_T2</cim:IdentifiedObject.name>
  <cim:Terminal.ConductingEquipment rdf:resource="#_40B55518-C495-4FE9-BF1A-DDDECE9BF4B2"/>
  <cim:ACDCTerminal.sequenceNumber>2</cim:ACDCTerminal.sequenceNumber>
  <cim:Terminal.ConnectivityNode rdf:resource="#_B8BC5F96-E017-4246-96F3-CC596580FD79"/>
</cim:Terminal>
<cim:PowerTransformer rdf:ID="_40B55518-C495-4FE9-BF1A-DDDECE9BF4B2">
  <cim:IdentifiedObject.mRID>_40B55518-C495-4FE9-BF1A-DDDECE9BF4B2</cim:IdentifiedObject.mRID>
  <cim:IdentifiedObject.name>Xfmr</cim:IdentifiedObject.name>
  <cim:Equipment.EquipmentContainer rdf:resource="#_EF222C39-6F6C-44BC-9A11-26EAE5AA4EF0"/>
  <cim:PowerTransformer.vectorGroup>Iii</cim:PowerTransformer.vectorGroup>
  <cim:PowerSystemResource.Location rdf:resource="#_18CFD78C-909A-4D42-8ACA-BAC2C8DB08FC"/>
</cim:PowerTransformer>
<cim:ACLineSegment rdf:ID="_3067B138-BB5F-4730-850C-F6A146F59646">
  <cim:IdentifiedObject.mRID>_3067B138-BB5F-4730-850C-F6A146F59646</cim:IdentifiedObject.mRID>
  <cim:IdentifiedObject.name>ohline</cim:IdentifiedObject.name>
  <cim:Equipment.EquipmentContainer rdf:resource="#_EF222C39-6F6C-44BC-9A11-26EAE5AA4EF0"/>
  <cim:ConductingEquipment.BaseVoltage rdf:resource="#_D6E20722-9A04-4980-982A-49A08B3CD67C"/>
  <cim:Conductor.length>8046.72</cim:Conductor.length>
  <cim:ACLineSegment.PerLengthImpedance rdf:resource="#_DFFB87C2-A932-4E4B-8DD5-B82405079842"/>
  <cim:PowerSystemResource.Location rdf:resource="#_CDB91A7F-DC45-457D-8E46-B1EC6FC4B3CD"/>
</cim:ACLineSegment>
<cim:ACLineSegmentPhase rdf:ID="_84465C96-E79F-4EA1-913C-C1FA99554650">
  <cim:IdentifiedObject.mRID>_84465C96-E79F-4EA1-913C-C1FA99554650</cim:IdentifiedObject.mRID>
  <cim:IdentifiedObject.name>ohline_A</cim:IdentifiedObject.name>
  <cim:ACLineSegmentPhase.phase rdf:resource="http://iec.ch/TC57/CIM100#SinglePhaseKind.A"/>
  <cim:ACLineSegmentPhase.sequenceNumber>1</cim:ACLineSegmentPhase.sequenceNumber>
  <cim:ACLineSegmentPhase.ACLineSegment rdf:resource="#_3067B138-BB5F-4730-850C-F6A146F59646"/>
  <cim:PowerSystemResource.Location rdf:resource="#_CDB91A7F-DC45-457D-8E46-B1EC6FC4B3CD"/>
</cim:ACLineSegmentPhase>
<cim:ACLineSegmentPhase rdf:ID="_6998EDD8-99F3-417B-B255-2FBDE3143D68">
  <cim:IdentifiedObject.mRID>_6998EDD8-99F3-417B-B255-2FBDE3143D68</cim:IdentifiedObject.mRID>
  <cim:IdentifiedObject.name>ohline_B</cim:IdentifiedObject.name>
  <cim:ACLineSegmentPhase.phase rdf:resource="http://iec.ch/TC57/CIM100#SinglePhaseKind.B"/>
  <cim:ACLineSegmentPhase.sequenceNumber>2</cim:ACLineSegmentPhase.sequenceNumber>
  <cim:ACLineSegmentPhase.ACLineSegment rdf:resource="#_3067B138-BB5F-4730-850C-F6A146F59646"/>
  <cim:PowerSystemResource.Location rdf:resource="#_CDB91A7F-DC45-457D-8E46-B1EC6FC4B3CD"/>
</cim:ACLineSegmentPhase>
<cim:ACLineSegmentPhase rdf:ID="_C431D6F3-6C2C-4FBE-88BD-55E0DBF3F32D">
  <cim:IdentifiedObject.mRID>_C431D6F3-6C2C-4FBE-88BD-55E0DBF3F32D</cim:IdentifiedObject.mRID>
  <cim:IdentifiedObject.name>ohline_C</cim:IdentifiedObject.name>
  <cim:ACLineSegmentPhase.phase rdf:resource="http://iec.ch/TC57/CIM100#SinglePhaseKind.C"/>
  <cim:ACLineSegmentPhase.sequenceNumber>3</cim:ACLineSegmentPhase.sequenceNumber>
  <cim:ACLineSegmentPhase.ACLineSegment rdf:resource="#_3067B138-BB5F-4730-850C-F6A146F59646"/>
  <cim:PowerSystemResource.Location rdf:resource="#_CDB91A7F-DC45-457D-8E46-B1EC6FC4B3CD"/>
</cim:ACLineSegmentPhase>
<cim:Terminal rdf:ID="_DBDC5A9F-A6D1-4D41-8BE0-CC4DC8221441">
  <cim:IdentifiedObject.mRID>_DBDC5A9F-A6D1-4D41-8BE0-CC4DC8221441</cim:IdentifiedObject.mRID>
  <cim:IdentifiedObject.name>ohline_T1</cim:IdentifiedObject.name>
  <cim:Terminal.ConductingEquipment rdf:resource="#_3067B138-BB5F-4730-850C-F6A146F59646"/>
  <cim:ACDCTerminal.sequenceNumber>1</cim:ACDCTerminal.sequenceNumber>
  <cim:Terminal.ConnectivityNode rdf:resource="#_486AA9DA-BE38-47B6-92F2-04690854E19A"/>
  <cim:ACDCTerminal.OperationalLimitSet rdf:resource="#_FB1D7FD9-0B09-4EE8-A029-00FA3B0A01B5"/>
</cim:Terminal>
<cim:Terminal rdf:ID="_B98D9571-37C0-4B80-98C2-A4ABE84462D7">
  <cim:IdentifiedObject.mRID>_B98D9571-37C0-4B80-98C2-A4ABE84462D7</cim:IdentifiedObject.mRID>
  <cim:IdentifiedObject.name>ohline_T2</cim:IdentifiedObject.name>
  <cim:Terminal.ConductingEquipment rdf:resource="#_3067B138-BB5F-4730-850C-F6A146F59646"/>
  <cim:ACDCTerminal.sequenceNumber>2</cim:ACDCTerminal.sequenceNumber>
  <cim:Terminal.ConnectivityNode rdf:resource="#_D2B3BA4F-11A1-45F8-8AEC-D056157BB455"/>
</cim:Terminal>
<cim:Location rdf:ID="_CDB91A7F-DC45-457D-8E46-B1EC6FC4B3CD">
  <cim:IdentifiedObject.mRID>_CDB91A7F-DC45-457D-8E46-B1EC6FC4B3CD</cim:IdentifiedObject.mRID>
  <cim:IdentifiedObject.name>ohline_Loc</cim:IdentifiedObject.name>
  <cim:Location.CoordinateSystem rdf:resource="#_84643E3A-B87E-47D4-821A-94AA965ABFE8"/>
</cim:Location>
<cim:PositionPoint rdf:ID="_229949EE-A6D9-4070-8C3B-6CC52E5F6A50">
  <cim:PositionPoint.Location rdf:resource="#_CDB91A7F-DC45-457D-8E46-B1EC6FC4B3CD"/>
  <cim:PositionPoint.sequenceNumber>1</cim:PositionPoint.sequenceNumber>
  <cim:PositionPoint.xPosition>0</cim:PositionPoint.xPosition>
  <cim:PositionPoint.yPosition>0</cim:PositionPoint.yPosition>
</cim:PositionPoint>
<cim:PositionPoint rdf:ID="_11D839B2-EEE9-45F0-8F21-A2E08037F0DE">
  <cim:PositionPoint.Location rdf:resource="#_CDB91A7F-DC45-457D-8E46-B1EC6FC4B3CD"/>
  <cim:PositionPoint.sequenceNumber>2</cim:PositionPoint.sequenceNumber>
  <cim:PositionPoint.xPosition>0</cim:PositionPoint.xPosition>
  <cim:PositionPoint.yPosition>0</cim:PositionPoint.yPosition>
</cim:PositionPoint>
<cim:ACLineSegment rdf:ID="_1BAD7CFB-B868-4F5D-A2A7-63C72F34D1E5">
  <cim:IdentifiedObject.mRID>_1BAD7CFB-B868-4F5D-A2A7-63C72F34D1E5</cim:IdentifiedObject.mRID>
  <cim:IdentifiedObject.name>quad</cim:IdentifiedObject.name>
  <cim:Equipment.EquipmentContainer rdf:resource="#_EF222C39-6F6C-44BC-9A11-26EAE5AA4EF0"/>
  <cim:ConductingEquipment.BaseVoltage rdf:resource="#_C70C7691-7D59-482F-84CA-DF042550F978"/>
  <cim:Conductor.length>30.48</cim:Conductor.length>
  <cim:ACLineSegment.PerLengthImpedance rdf:resource="#_7F23245A-6B9E-418C-8FCE-84E2BC8D90A5"/>
  <cim:PowerSystemResource.Location rdf:resource="#_FA16E9F1-5095-4EC8-A691-34A3A072B144"/>
</cim:ACLineSegment>
<cim:ACLineSegmentPhase rdf:ID="_37ECA1CD-BFF6-405D-9B9A-EB834FA1D1E2">
  <cim:IdentifiedObject.mRID>_37ECA1CD-BFF6-405D-9B9A-EB834FA1D1E2</cim:IdentifiedObject.mRID>
  <cim:IdentifiedObject.name>quad_A</cim:IdentifiedObject.name>
  <cim:ACLineSegmentPhase.phase rdf:resource="http://iec.ch/TC57/CIM100#SinglePhaseKind.A"/>
  <cim:ACLineSegmentPhase.sequenceNumber>1</cim:ACLineSegmentPhase.sequenceNumber>
  <cim:ACLineSegmentPhase.ACLineSegment rdf:resource="#_1BAD7CFB-B868-4F5D-A2A7-63C72F34D1E5"/>
  <cim:PowerSystemResource.Location rdf:resource="#_FA16E9F1-5095-4EC8-A691-34A3A072B144"/>
</cim:ACLineSegmentPhase>
<cim:ACLineSegmentPhase rdf:ID="_D5574EB3-3E8E-4740-A8AA-BB67713D9A7D">
  <cim:IdentifiedObject.mRID>_D5574EB3-3E8E-4740-A8AA-BB67713D9A7D</cim:IdentifiedObject.mRID>
  <cim:IdentifiedObject.name>quad_B</cim:IdentifiedObject.name>
  <cim:ACLineSegmentPhase.phase rdf:resource="http://iec.ch/TC57/CIM100#SinglePhaseKind.B"/>
  <cim:ACLineSegmentPhase.sequenceNumber>2</cim:ACLineSegmentPhase.sequenceNumber>
  <cim:ACLineSegmentPhase.ACLineSegment rdf:resource="#_1BAD7CFB-B868-4F5D-A2A7-63C72F34D1E5"/>
  <cim:PowerSystemResource.Location rdf:resource="#_FA16E9F1-5095-4EC8-A691-34A3A072B144"/>
</cim:ACLineSegmentPhase>
<cim:ACLineSegmentPhase rdf:ID="_215DBDE6-7144-4CD0-B315-CB7289878206">
  <cim:IdentifiedObject.mRID>_215DBDE6-7144-4CD0-B315-CB7289878206</cim:IdentifiedObject.mRID>
  <cim:IdentifiedObject.name>quad_C</cim:IdentifiedObject.name>
  <cim:ACLineSegmentPhase.phase rdf:resource="http://iec.ch/TC57/CIM100#SinglePhaseKind.C"/>
  <cim:ACLineSegmentPhase.sequenceNumber>3</cim:ACLineSegmentPhase.sequenceNumber>
  <cim:ACLineSegmentPhase.ACLineSegment rdf:resource="#_1BAD7CFB-B868-4F5D-A2A7-63C72F34D1E5"/>
  <cim:PowerSystemResource.Location rdf:resource="#_FA16E9F1-5095-4EC8-A691-34A3A072B144"/>
</cim:ACLineSegmentPhase>
<cim:Terminal rdf:ID="_0E1E55EB-EF99-4D42-829A-C6C700010D42">
  <cim:IdentifiedObject.mRID>_0E1E55EB-EF99-4D42-829A-C6C700010D42</cim:IdentifiedObject.mRID>
  <cim:IdentifiedObject.name>quad_T1</cim:IdentifiedObject.name>
  <cim:Terminal.ConductingEquipment rdf:resource="#_1BAD7CFB-B868-4F5D-A2A7-63C72F34D1E5"/>
  <cim:ACDCTerminal.sequenceNumber>1</cim:ACDCTerminal.sequenceNumber>
  <cim:Terminal.ConnectivityNode rdf:resource="#_B8BC5F96-E017-4246-96F3-CC596580FD79"/>
  <cim:ACDCTerminal.OperationalLimitSet rdf:resource="#_FB1D7FD9-0B09-4EE8-A029-00FA3B0A01B5"/>
</cim:Terminal>
<cim:Terminal rdf:ID="_05A22212-1B9D-4D0D-8241-9B1F08217D0A">
  <cim:IdentifiedObject.mRID>_05A22212-1B9D-4D0D-8241-9B1F08217D0A</cim:IdentifiedObject.mRID>
  <cim:IdentifiedObject.name>quad_T2</cim:IdentifiedObject.name>
  <cim:Terminal.ConductingEquipment rdf:resource="#_1BAD7CFB-B868-4F5D-A2A7-63C72F34D1E5"/>
  <cim:ACDCTerminal.sequenceNumber>2</cim:ACDCTerminal.sequenceNumber>
  <cim:Terminal.ConnectivityNode rdf:resource="#_B4AE97A9-D789-4A6A-A058-D1D8D876256C"/>
</cim:Terminal>
<cim:Location rdf:ID="_FA16E9F1-5095-4EC8-A691-34A3A072B144">
  <cim:IdentifiedObject.mRID>_FA16E9F1-5095-4EC8-A691-34A3A072B144</cim:IdentifiedObject.mRID>
  <cim:IdentifiedObject.name>quad_Loc</cim:IdentifiedObject.name>
  <cim:Location.CoordinateSystem rdf:resource="#_84643E3A-B87E-47D4-821A-94AA965ABFE8"/>
</cim:Location>
<cim:PositionPoint rdf:ID="_D13EE2FE-B4F9-4773-BC9C-06F1755B52D5">
  <cim:PositionPoint.Location rdf:resource="#_FA16E9F1-5095-4EC8-A691-34A3A072B144"/>
  <cim:PositionPoint.sequenceNumber>1</cim:PositionPoint.sequenceNumber>
  <cim:PositionPoint.xPosition>0</cim:PositionPoint.xPosition>
  <cim:PositionPoint.yPosition>0</cim:PositionPoint.yPosition>
</cim:PositionPoint>
<cim:PositionPoint rdf:ID="_C3612E65-C0B6-4451-9EAC-00CABCB0F53C">
  <cim:PositionPoint.Location rdf:resource="#_FA16E9F1-5095-4EC8-A691-34A3A072B144"/>
  <cim:PositionPoint.sequenceNumber>2</cim:PositionPoint.sequenceNumber>
  <cim:PositionPoint.xPosition>0</cim:PositionPoint.xPosition>
  <cim:PositionPoint.yPosition>0</cim:PositionPoint.yPosition>
</cim:PositionPoint>
<cim:LoadResponseCharacteristic rdf:ID="_FD3D1E08-132D-4129-B0C8-01445A9E4FC3">
  <cim:IdentifiedObject.mRID>_FD3D1E08-132D-4129-B0C8-01445A9E4FC3</cim:IdentifiedObject.mRID>
  <cim:IdentifiedObject.name>Constant kVA</cim:IdentifiedObject.name>
  <cim:LoadResponseCharacteristic.exponentModel>false</cim:LoadResponseCharacteristic.exponentModel>
  <cim:LoadResponseCharacteristic.pConstantImpedance>0</cim:LoadResponseCharacteristic.pConstantImpedance>
  <cim:LoadResponseCharacteristic.pConstantCurrent>0</cim:LoadResponseCharacteristic.pConstantCurrent>
  <cim:LoadResponseCharacteristic.pConstantPower>100</cim:LoadResponseCharacteristic.pConstantPower>
  <cim:LoadResponseCharacteristic.qConstantImpedance>0</cim:LoadResponseCharacteristic.qConstantImpedance>
  <cim:LoadResponseCharacteristic.qConstantCurrent>0</cim:LoadResponseCharacteristic.qConstantCurrent>
  <cim:LoadResponseCharacteristic.qConstantPower>100</cim:LoadResponseCharacteristic.qConstantPower>
  <cim:LoadResponseCharacteristic.pVoltageExponent>0</cim:LoadResponseCharacteristic.pVoltageExponent>
  <cim:LoadResponseCharacteristic.qVoltageExponent>0</cim:LoadResponseCharacteristic.qVoltageExponent>
  <cim:LoadResponseCharacteristic.pFrequencyExponent>0</cim:LoadResponseCharacteristic.pFrequencyExponent>
  <cim:LoadResponseCharacteristic.qFrequencyExponent>0</cim:LoadResponseCharacteristic.qFrequencyExponent>
</cim:LoadResponseCharacteristic>
<cim:LoadResponseCharacteristic rdf:ID="_4A5E5ACE-9079-42F2-8271-9CD22BF59864">
  <cim:IdentifiedObject.mRID>_4A5E5ACE-9079-42F2-8271-9CD22BF59864</cim:IdentifiedObject.mRID>
  <cim:IdentifiedObject.name>Constant Z</cim:IdentifiedObject.name>
  <cim:LoadResponseCharacteristic.exponentModel>false</cim:LoadResponseCharacteristic.exponentModel>
  <cim:LoadResponseCharacteristic.pConstantImpedance>100</cim:LoadResponseCharacteristic.pConstantImpedance>
  <cim:LoadResponseCharacteristic.pConstantCurrent>0</cim:LoadResponseCharacteristic.pConstantCurrent>
  <cim:LoadResponseCharacteristic.pConstantPower>0</cim:LoadResponseCharacteristic.pConstantPower>
  <cim:LoadResponseCharacteristic.qConstantImpedance>100</cim:LoadResponseCharacteristic.qConstantImpedance>
  <cim:LoadResponseCharacteristic.qConstantCurrent>0</cim:LoadResponseCharacteristic.qConstantCurrent>
  <cim:LoadResponseCharacteristic.qConstantPower>0</cim:LoadResponseCharacteristic.qConstantPower>
  <cim:LoadResponseCharacteristic.pVoltageExponent>0</cim:LoadResponseCharacteristic.pVoltageExponent>
  <cim:LoadResponseCharacteristic.qVoltageExponent>0</cim:LoadResponseCharacteristic.qVoltageExponent>
  <cim:LoadResponseCharacteristic.pFrequencyExponent>0</cim:LoadResponseCharacteristic.pFrequencyExponent>
  <cim:LoadResponseCharacteristic.qFrequencyExponent>0</cim:LoadResponseCharacteristic.qFrequencyExponent>
</cim:LoadResponseCharacteristic>
<cim:LoadResponseCharacteristic rdf:ID="_C7354827-926E-4595-BC69-1EDF0065F77E">
  <cim:IdentifiedObject.mRID>_C7354827-926E-4595-BC69-1EDF0065F77E</cim:IdentifiedObject.mRID>
  <cim:IdentifiedObject.name>Motor</cim:IdentifiedObject.name>
  <cim:LoadResponseCharacteristic.exponentModel>false</cim:LoadResponseCharacteristic.exponentModel>
  <cim:LoadResponseCharacteristic.pConstantImpedance>0</cim:LoadResponseCharacteristic.pConstantImpedance>
  <cim:LoadResponseCharacteristic.pConstantCurrent>0</cim:LoadResponseCharacteristic.pConstantCurrent>
  <cim:LoadResponseCharacteristic.pConstantPower>100</cim:LoadResponseCharacteristic.pConstantPower>
  <cim:LoadResponseCharacteristic.qConstantImpedance>100</cim:LoadResponseCharacteristic.qConstantImpedance>
  <cim:LoadResponseCharacteristic.qConstantCurrent>0</cim:LoadResponseCharacteristic.qConstantCurrent>
  <cim:LoadResponseCharacteristic.qConstantPower>0</cim:LoadResponseCharacteristic.qConstantPower>
  <cim:LoadResponseCharacteristic.pVoltageExponent>0</cim:LoadResponseCharacteristic.pVoltageExponent>
  <cim:LoadResponseCharacteristic.qVoltageExponent>0</cim:LoadResponseCharacteristic.qVoltageExponent>
  <cim:LoadResponseCharacteristic.pFrequencyExponent>0</cim:LoadResponseCharacteristic.pFrequencyExponent>
  <cim:LoadResponseCharacteristic.qFrequencyExponent>0</cim:LoadResponseCharacteristic.qFrequencyExponent>
</cim:LoadResponseCharacteristic>
<cim:LoadResponseCharacteristic rdf:ID="_5F921A8B-B819-4677-B697-A4927F701DA1">
  <cim:IdentifiedObject.mRID>_5F921A8B-B819-4677-B697-A4927F701DA1</cim:IdentifiedObject.mRID>
  <cim:IdentifiedObject.name>Mix Motor/Res</cim:IdentifiedObject.name>
  <cim:LoadResponseCharacteristic.exponentModel>true</cim:LoadResponseCharacteristic.exponentModel>
  <cim:LoadResponseCharacteristic.pConstantImpedance>0</cim:LoadResponseCharacteristic.pConstantImpedance>
  <cim:LoadResponseCharacteristic.pConstantCurrent>0</cim:LoadResponseCharacteristic.pConstantCurrent>
  <cim:LoadResponseCharacteristic.pConstantPower>0</cim:LoadResponseCharacteristic.pConstantPower>
  <cim:LoadResponseCharacteristic.qConstantImpedance>0</cim:LoadResponseCharacteristic.qConstantImpedance>
  <cim:LoadResponseCharacteristic.qConstantCurrent>0</cim:LoadResponseCharacteristic.qConstantCurrent>
  <cim:LoadResponseCharacteristic.qConstantPower>0</cim:LoadResponseCharacteristic.qConstantPower>
  <cim:LoadResponseCharacteristic.pVoltageExponent>1</cim:LoadResponseCharacteristic.pVoltageExponent>
  <cim:LoadResponseCharacteristic.qVoltageExponent>2</cim:LoadResponseCharacteristic.qVoltageExponent>
  <cim:LoadResponseCharacteristic.pFrequencyExponent>0</cim:LoadResponseCharacteristic.pFrequencyExponent>
  <cim:LoadResponseCharacteristic.qFrequencyExponent>0</cim:LoadResponseCharacteristic.qFrequencyExponent>
</cim:LoadResponseCharacteristic>
<cim:LoadResponseCharacteristic rdf:ID="_11CAAE5F-7602-4FA5-BB73-ED70C064F4CB">
  <cim:IdentifiedObject.mRID>_11CAAE5F-7602-4FA5-BB73-ED70C064F4CB</cim:IdentifiedObject.mRID>
  <cim:IdentifiedObject.name>Constant I</cim:IdentifiedObject.name>
  <cim:LoadResponseCharacteristic.exponentModel>false</cim:LoadResponseCharacteristic.exponentModel>
  <cim:LoadResponseCharacteristic.pConstantImpedance>0</cim:LoadResponseCharacteristic.pConstantImpedance>
  <cim:LoadResponseCharacteristic.pConstantCurrent>100</cim:LoadResponseCharacteristic.pConstantCurrent>
  <cim:LoadResponseCharacteristic.pConstantPower>0</cim:LoadResponseCharacteristic.pConstantPower>
  <cim:LoadResponseCharacteristic.qConstantImpedance>0</cim:LoadResponseCharacteristic.qConstantImpedance>
  <cim:LoadResponseCharacteristic.qConstantCurrent>100</cim:LoadResponseCharacteristic.qConstantCurrent>
  <cim:LoadResponseCharacteristic.qConstantPower>0</cim:LoadResponseCharacteristic.qConstantPower>
  <cim:LoadResponseCharacteristic.pVoltageExponent>0</cim:LoadResponseCharacteristic.pVoltageExponent>
  <cim:LoadResponseCharacteristic.qVoltageExponent>0</cim:LoadResponseCharacteristic.qVoltageExponent>
  <cim:LoadResponseCharacteristic.pFrequencyExponent>0</cim:LoadResponseCharacteristic.pFrequencyExponent>
  <cim:LoadResponseCharacteristic.qFrequencyExponent>0</cim:LoadResponseCharacteristic.qFrequencyExponent>
</cim:LoadResponseCharacteristic>
<cim:LoadResponseCharacteristic rdf:ID="_5A78EFFD-457D-4D0F-9073-FB991B1506F5">
  <cim:IdentifiedObject.mRID>_5A78EFFD-457D-4D0F-9073-FB991B1506F5</cim:IdentifiedObject.mRID>
  <cim:IdentifiedObject.name>Variable P, Fixed Q</cim:IdentifiedObject.name>
  <cim:LoadResponseCharacteristic.exponentModel>false</cim:LoadResponseCharacteristic.exponentModel>
  <cim:LoadResponseCharacteristic.pConstantImpedance>0</cim:LoadResponseCharacteristic.pConstantImpedance>
  <cim:LoadResponseCharacteristic.pConstantCurrent>0</cim:LoadResponseCharacteristic.pConstantCurrent>
  <cim:LoadResponseCharacteristic.pConstantPower>100</cim:LoadResponseCharacteristic.pConstantPower>
  <cim:LoadResponseCharacteristic.qConstantImpedance>0</cim:LoadResponseCharacteristic.qConstantImpedance>
  <cim:LoadResponseCharacteristic.qConstantCurrent>0</cim:LoadResponseCharacteristic.qConstantCurrent>
  <cim:LoadResponseCharacteristic.qConstantPower>100</cim:LoadResponseCharacteristic.qConstantPower>
  <cim:LoadResponseCharacteristic.pVoltageExponent>0</cim:LoadResponseCharacteristic.pVoltageExponent>
  <cim:LoadResponseCharacteristic.qVoltageExponent>0</cim:LoadResponseCharacteristic.qVoltageExponent>
  <cim:LoadResponseCharacteristic.pFrequencyExponent>0</cim:LoadResponseCharacteristic.pFrequencyExponent>
  <cim:LoadResponseCharacteristic.qFrequencyExponent>0</cim:LoadResponseCharacteristic.qFrequencyExponent>
</cim:LoadResponseCharacteristic>
<cim:LoadResponseCharacteristic rdf:ID="_C82ECD99-CE4E-4530-8CD6-5AA82F24811F">
  <cim:IdentifiedObject.mRID>_C82ECD99-CE4E-4530-8CD6-5AA82F24811F</cim:IdentifiedObject.mRID>
  <cim:IdentifiedObject.name>Variable P, Fixed X</cim:IdentifiedObject.name>
  <cim:LoadResponseCharacteristic.exponentModel>false</cim:LoadResponseCharacteristic.exponentModel>
  <cim:LoadResponseCharacteristic.pConstantImpedance>0</cim:LoadResponseCharacteristic.pConstantImpedance>
  <cim:LoadResponseCharacteristic.pConstantCurrent>0</cim:LoadResponseCharacteristic.pConstantCurrent>
  <cim:LoadResponseCharacteristic.pConstantPower>100</cim:LoadResponseCharacteristic.pConstantPower>
  <cim:LoadResponseCharacteristic.qConstantImpedance>100</cim:LoadResponseCharacteristic.qConstantImpedance>
  <cim:LoadResponseCharacteristic.qConstantCurrent>0</cim:LoadResponseCharacteristic.qConstantCurrent>
  <cim:LoadResponseCharacteristic.qConstantPower>0</cim:LoadResponseCharacteristic.qConstantPower>
  <cim:LoadResponseCharacteristic.pVoltageExponent>0</cim:LoadResponseCharacteristic.pVoltageExponent>
  <cim:LoadResponseCharacteristic.qVoltageExponent>0</cim:LoadResponseCharacteristic.qVoltageExponent>
  <cim:LoadResponseCharacteristic.pFrequencyExponent>0</cim:LoadResponseCharacteristic.pFrequencyExponent>
  <cim:LoadResponseCharacteristic.qFrequencyExponent>0</cim:LoadResponseCharacteristic.qFrequencyExponent>
</cim:LoadResponseCharacteristic>
<cim:EnergyConsumer rdf:ID="_C04DAF7B-4981-41F4-8461-07D981768DD9">
  <cim:IdentifiedObject.mRID>_C04DAF7B-4981-41F4-8461-07D981768DD9</cim:IdentifiedObject.mRID>
  <cim:IdentifiedObject.name>l1</cim:IdentifiedObject.name>
  <cim:Equipment.EquipmentContainer rdf:resource="#_EF222C39-6F6C-44BC-9A11-26EAE5AA4EF0"/>
  <cim:ConductingEquipment.BaseVoltage rdf:resource="#_C70C7691-7D59-482F-84CA-DF042550F978"/>
  <cim:EnergyConsumer.LoadResponse rdf:resource="#_4A5E5ACE-9079-42F2-8271-9CD22BF59864"/>
  <cim:EnergyConsumer.p>1800</cim:EnergyConsumer.p>
  <cim:EnergyConsumer.q>871.77979</cim:EnergyConsumer.q>
  <cim:EnergyConsumer.customerCount>1</cim:EnergyConsumer.customerCount>
  <cim:EnergyConsumer.phaseConnection rdf:resource="http://iec.ch/TC57/CIM100#PhaseShuntConnectionKind.Y"/>
  <cim:EnergyConsumer.grounded>true</cim:EnergyConsumer.grounded>
  <cim:PowerSystemResource.Location rdf:resource="#_7272DF6C-9373-42DD-9024-6C4625EE097C"/>
</cim:EnergyConsumer>
<cim:EnergyConsumerPhase rdf:ID="_160A3834-A1E4-47AB-A042-52F7347CBE42">
  <cim:IdentifiedObject.mRID>_160A3834-A1E4-47AB-A042-52F7347CBE42</cim:IdentifiedObject.mRID>
  <cim:IdentifiedObject.name>l1_A</cim:IdentifiedObject.name>
  <cim:EnergyConsumerPhase.phase rdf:resource="http://iec.ch/TC57/CIM100#SinglePhaseKind.A"/>
  <cim:EnergyConsumerPhase.p>1800</cim:EnergyConsumerPhase.p>
  <cim:EnergyConsumerPhase.q>871.77979</cim:EnergyConsumerPhase.q>
  <cim:EnergyConsumerPhase.EnergyConsumer rdf:resource="#_C04DAF7B-4981-41F4-8461-07D981768DD9"/>
  <cim:PowerSystemResource.Location rdf:resource="#_7272DF6C-9373-42DD-9024-6C4625EE097C"/>
</cim:EnergyConsumerPhase>
<cim:Terminal rdf:ID="_5DF3F1AC-9F3A-4909-BC2C-4BD85BB971D3">
  <cim:IdentifiedObject.mRID>_5DF3F1AC-9F3A-4909-BC2C-4BD85BB971D3</cim:IdentifiedObject.mRID>
  <cim:IdentifiedObject.name>l1_T1</cim:IdentifiedObject.name>
  <cim:Terminal.ConductingEquipment rdf:resource="#_C04DAF7B-4981-41F4-8461-07D981768DD9"/>
  <cim:ACDCTerminal.sequenceNumber>1</cim:ACDCTerminal.sequenceNumber>
  <cim:Terminal.ConnectivityNode rdf:resource="#_B4AE97A9-D789-4A6A-A058-D1D8D876256C"/>
</cim:Terminal>
<cim:Location rdf:ID="_7272DF6C-9373-42DD-9024-6C4625EE097C">
  <cim:IdentifiedObject.mRID>_7272DF6C-9373-42DD-9024-6C4625EE097C</cim:IdentifiedObject.mRID>
  <cim:IdentifiedObject.name>l1_Loc</cim:IdentifiedObject.name>
  <cim:Location.CoordinateSystem rdf:resource="#_84643E3A-B87E-47D4-821A-94AA965ABFE8"/>
</cim:Location>
<cim:PositionPoint rdf:ID="_30E1479A-CBE0-467F-89DF-40A5C4B2B63C">
  <cim:PositionPoint.Location rdf:resource="#_7272DF6C-9373-42DD-9024-6C4625EE097C"/>
  <cim:PositionPoint.sequenceNumber>1</cim:PositionPoint.sequenceNumber>
  <cim:PositionPoint.xPosition>0</cim:PositionPoint.xPosition>
  <cim:PositionPoint.yPosition>0</cim:PositionPoint.yPosition>
</cim:PositionPoint>
<cim:EnergyConsumer rdf:ID="_0C802491-40B6-4954-8781-E477D96F9B67">
  <cim:IdentifiedObject.mRID>_0C802491-40B6-4954-8781-E477D96F9B67</cim:IdentifiedObject.mRID>
  <cim:IdentifiedObject.name>l2</cim:IdentifiedObject.name>
  <cim:Equipment.EquipmentContainer rdf:resource="#_EF222C39-6F6C-44BC-9A11-26EAE5AA4EF0"/>
  <cim:ConductingEquipment.BaseVoltage rdf:resource="#_C70C7691-7D59-482F-84CA-DF042550F978"/>
  <cim:EnergyConsumer.LoadResponse rdf:resource="#_4A5E5ACE-9079-42F2-8271-9CD22BF59864"/>
  <cim:EnergyConsumer.p>2850</cim:EnergyConsumer.p>
  <cim:EnergyConsumer.q>936.7497</cim:EnergyConsumer.q>
  <cim:EnergyConsumer.customerCount>1</cim:EnergyConsumer.customerCount>
  <cim:EnergyConsumer.phaseConnection rdf:resource="http://iec.ch/TC57/CIM100#PhaseShuntConnectionKind.Y"/>
  <cim:EnergyConsumer.grounded>true</cim:EnergyConsumer.grounded>
  <cim:PowerSystemResource.Location rdf:resource="#_C2FE564D-425D-4D87-82C7-22AB9EB49022"/>
</cim:EnergyConsumer>
<cim:EnergyConsumerPhase rdf:ID="_55BF67FC-4184-4C7A-8BE9-14D3783574C0">
  <cim:IdentifiedObject.mRID>_55BF67FC-4184-4C7A-8BE9-14D3783574C0</cim:IdentifiedObject.mRID>
  <cim:IdentifiedObject.name>l2_B</cim:IdentifiedObject.name>
  <cim:EnergyConsumerPhase.phase rdf:resource="http://iec.ch/TC57/CIM100#SinglePhaseKind.B"/>
  <cim:EnergyConsumerPhase.p>2850</cim:EnergyConsumerPhase.p>
  <cim:EnergyConsumerPhase.q>936.7497</cim:EnergyConsumerPhase.q>
  <cim:EnergyConsumerPhase.EnergyConsumer rdf:resource="#_0C802491-40B6-4954-8781-E477D96F9B67"/>
  <cim:PowerSystemResource.Location rdf:resource="#_C2FE564D-425D-4D87-82C7-22AB9EB49022"/>
</cim:EnergyConsumerPhase>
<cim:Terminal rdf:ID="_7546F1EE-D9E3-49BF-B40A-0CDB2721BBE6">
  <cim:IdentifiedObject.mRID>_7546F1EE-D9E3-49BF-B40A-0CDB2721BBE6</cim:IdentifiedObject.mRID>
  <cim:IdentifiedObject.name>l2_T1</cim:IdentifiedObject.name>
  <cim:Terminal.ConductingEquipment rdf:resource="#_0C802491-40B6-4954-8781-E477D96F9B67"/>
  <cim:ACDCTerminal.sequenceNumber>1</cim:ACDCTerminal.sequenceNumber>
  <cim:Terminal.ConnectivityNode rdf:resource="#_B4AE97A9-D789-4A6A-A058-D1D8D876256C"/>
</cim:Terminal>
<cim:Location rdf:ID="_C2FE564D-425D-4D87-82C7-22AB9EB49022">
  <cim:IdentifiedObject.mRID>_C2FE564D-425D-4D87-82C7-22AB9EB49022</cim:IdentifiedObject.mRID>
  <cim:IdentifiedObject.name>l2_Loc</cim:IdentifiedObject.name>
  <cim:Location.CoordinateSystem rdf:resource="#_84643E3A-B87E-47D4-821A-94AA965ABFE8"/>
</cim:Location>
<cim:PositionPoint rdf:ID="_386A1F2B-6F4F-447C-BED1-A5F96A62754A">
  <cim:PositionPoint.Location rdf:resource="#_C2FE564D-425D-4D87-82C7-22AB9EB49022"/>
  <cim:PositionPoint.sequenceNumber>1</cim:PositionPoint.sequenceNumber>
  <cim:PositionPoint.xPosition>0</cim:PositionPoint.xPosition>
  <cim:PositionPoint.yPosition>0</cim:PositionPoint.yPosition>
</cim:PositionPoint>
<cim:EnergyConsumer rdf:ID="_4038A7D2-F11D-4437-8984-11FBBDCB2973">
  <cim:IdentifiedObject.mRID>_4038A7D2-F11D-4437-8984-11FBBDCB2973</cim:IdentifiedObject.mRID>
  <cim:IdentifiedObject.name>l12</cim:IdentifiedObject.name>
  <cim:Equipment.EquipmentContainer rdf:resource="#_EF222C39-6F6C-44BC-9A11-26EAE5AA4EF0"/>
  <cim:ConductingEquipment.BaseVoltage rdf:resource="#_C70C7691-7D59-482F-84CA-DF042550F978"/>
  <cim:EnergyConsumer.LoadResponse rdf:resource="#_4A5E5ACE-9079-42F2-8271-9CD22BF59864"/>
  <cim:EnergyConsumer.p>8500</cim:EnergyConsumer.p>
  <cim:EnergyConsumer.q>5267.8269</cim:EnergyConsumer.q>
  <cim:EnergyConsumer.customerCount>1</cim:EnergyConsumer.customerCount>
  <cim:EnergyConsumer.phaseConnection rdf:resource="http://iec.ch/TC57/CIM100#PhaseShuntConnectionKind.D"/>
  <cim:EnergyConsumer.grounded>false</cim:EnergyConsumer.grounded>
  <cim:PowerSystemResource.Location rdf:resource="#_E52A5268-0329-4461-9A26-541DF070796A"/>
</cim:EnergyConsumer>
<cim:EnergyConsumerPhase rdf:ID="_67CF555D-FCF0-43E0-8C5C-21A292E9873D">
  <cim:IdentifiedObject.mRID>_67CF555D-FCF0-43E0-8C5C-21A292E9873D</cim:IdentifiedObject.mRID>
  <cim:IdentifiedObject.name>l12_A</cim:IdentifiedObject.name>
  <cim:EnergyConsumerPhase.phase rdf:resource="http://iec.ch/TC57/CIM100#SinglePhaseKind.A"/>
  <cim:EnergyConsumerPhase.p>8500</cim:EnergyConsumerPhase.p>
  <cim:EnergyConsumerPhase.q>5267.8269</cim:EnergyConsumerPhase.q>
  <cim:EnergyConsumerPhase.EnergyConsumer rdf:resource="#_4038A7D2-F11D-4437-8984-11FBBDCB2973"/>
  <cim:PowerSystemResource.Location rdf:resource="#_E52A5268-0329-4461-9A26-541DF070796A"/>
</cim:EnergyConsumerPhase>
<cim:Terminal rdf:ID="_04C7A70C-55F5-4573-978A-263A09B23495">
  <cim:IdentifiedObject.mRID>_04C7A70C-55F5-4573-978A-263A09B23495</cim:IdentifiedObject.mRID>
  <cim:IdentifiedObject.name>l12_T1</cim:IdentifiedObject.name>
  <cim:Terminal.ConductingEquipment rdf:resource="#_4038A7D2-F11D-4437-8984-11FBBDCB2973"/>
  <cim:ACDCTerminal.sequenceNumber>1</cim:ACDCTerminal.sequenceNumber>
  <cim:Terminal.ConnectivityNode rdf:resource="#_B4AE97A9-D789-4A6A-A058-D1D8D876256C"/>
</cim:Terminal>
<cim:Location rdf:ID="_E52A5268-0329-4461-9A26-541DF070796A">
  <cim:IdentifiedObject.mRID>_E52A5268-0329-4461-9A26-541DF070796A</cim:IdentifiedObject.mRID>
  <cim:IdentifiedObject.name>l12_Loc</cim:IdentifiedObject.name>
  <cim:Location.CoordinateSystem rdf:resource="#_84643E3A-B87E-47D4-821A-94AA965ABFE8"/>
</cim:Location>
<cim:PositionPoint rdf:ID="_5A3DDCA4-A70B-4336-B689-D33BAB907000">
  <cim:PositionPoint.Location rdf:resource="#_E52A5268-0329-4461-9A26-541DF070796A"/>
  <cim:PositionPoint.sequenceNumber>1</cim:PositionPoint.sequenceNumber>
  <cim:PositionPoint.xPosition>0</cim:PositionPoint.xPosition>
  <cim:PositionPoint.yPosition>0</cim:PositionPoint.yPosition>
</cim:PositionPoint>
<cim:EnergyConsumer rdf:ID="_80C809EE-591F-4205-A9D8-DD44B428459B">
  <cim:IdentifiedObject.mRID>_80C809EE-591F-4205-A9D8-DD44B428459B</cim:IdentifiedObject.mRID>
  <cim:IdentifiedObject.name>motor</cim:IdentifiedObject.name>
  <cim:Equipment.EquipmentContainer rdf:resource="#_EF222C39-6F6C-44BC-9A11-26EAE5AA4EF0"/>
  <cim:ConductingEquipment.BaseVoltage rdf:resource="#_C70C7691-7D59-482F-84CA-DF042550F978"/>
  <cim:EnergyConsumer.LoadResponse rdf:resource="#_C7354827-926E-4595-BC69-1EDF0065F77E"/>
  <cim:EnergyConsumer.p>18650</cim:EnergyConsumer.p>
  <cim:EnergyConsumer.q>12532.876</cim:EnergyConsumer.q>
  <cim:EnergyConsumer.customerCount>1</cim:EnergyConsumer.customerCount>
  <cim:EnergyConsumer.phaseConnection rdf:resource="http://iec.ch/TC57/CIM100#PhaseShuntConnectionKind.D"/>
  <cim:EnergyConsumer.grounded>false</cim:EnergyConsumer.grounded>
  <cim:PowerSystemResource.Location rdf:resource="#_FEE2F04C-2C87-4A9F-8023-D75D9F771E8B"/>
</cim:EnergyConsumer>
<cim:Terminal rdf:ID="_80F53B68-E752-4780-9DA5-9E320487BACA">
  <cim:IdentifiedObject.mRID>_80F53B68-E752-4780-9DA5-9E320487BACA</cim:IdentifiedObject.mRID>
  <cim:IdentifiedObject.name>motor_T1</cim:IdentifiedObject.name>
  <cim:Terminal.ConductingEquipment rdf:resource="#_80C809EE-591F-4205-A9D8-DD44B428459B"/>
  <cim:ACDCTerminal.sequenceNumber>1</cim:ACDCTerminal.sequenceNumber>
  <cim:Terminal.ConnectivityNode rdf:resource="#_B4AE97A9-D789-4A6A-A058-D1D8D876256C"/>
</cim:Terminal>
<cim:Location rdf:ID="_FEE2F04C-2C87-4A9F-8023-D75D9F771E8B">
  <cim:IdentifiedObject.mRID>_FEE2F04C-2C87-4A9F-8023-D75D9F771E8B</cim:IdentifiedObject.mRID>
  <cim:IdentifiedObject.name>motor_Loc</cim:IdentifiedObject.name>
  <cim:Location.CoordinateSystem rdf:resource="#_84643E3A-B87E-47D4-821A-94AA965ABFE8"/>
</cim:Location>
<cim:PositionPoint rdf:ID="_B33D189B-7381-4E8D-8A59-E654C8B4EF17">
  <cim:PositionPoint.Location rdf:resource="#_FEE2F04C-2C87-4A9F-8023-D75D9F771E8B"/>
  <cim:PositionPoint.sequenceNumber>1</cim:PositionPoint.sequenceNumber>
  <cim:PositionPoint.xPosition>0</cim:PositionPoint.xPosition>
  <cim:PositionPoint.yPosition>0</cim:PositionPoint.yPosition>
</cim:PositionPoint>
<cim:PerLengthPhaseImpedance rdf:ID="_DFFB87C2-A932-4E4B-8DD5-B82405079842">
  <cim:IdentifiedObject.mRID>_DFFB87C2-A932-4E4B-8DD5-B82405079842</cim:IdentifiedObject.mRID>
  <cim:IdentifiedObject.name>556mcmred</cim:IdentifiedObject.name>
  <cim:PerLengthPhaseImpedance.conductorCount>3</cim:PerLengthPhaseImpedance.conductorCount>
</cim:PerLengthPhaseImpedance>
<cim:PhaseImpedanceData rdf:ID="_D01DF39D-A2CE-422A-9F16-10D30907D6E9">
  <cim:PhaseImpedanceData.PhaseImpedance rdf:resource="#_DFFB87C2-A932-4E4B-8DD5-B82405079842"/>
  <cim:PhaseImpedanceData.row>1</cim:PhaseImpedanceData.row>
  <cim:PhaseImpedanceData.column>1</cim:PhaseImpedanceData.column>
  <cim:PhaseImpedanceData.r>0.00020971278</cim:PhaseImpedanceData.r>
  <cim:PhaseImpedanceData.x>0.00065107274</cim:PhaseImpedanceData.x>
  <cim:PhaseImpedanceData.b>6.673823E-10</cim:PhaseImpedanceData.b>
</cim:PhaseImpedanceData>
<cim:PhaseImpedanceData rdf:ID="_BDB00584-0BC7-4905-843A-F6B2FE6FE4BB">
  <cim:PhaseImpedanceData.PhaseImpedance rdf:resource="#_DFFB87C2-A932-4E4B-8DD5-B82405079842"/>
  <cim:PhaseImpedanceData.row>2</cim:PhaseImpedanceData.row>
  <cim:PhaseImpedanceData.column>1</cim:PhaseImpedanceData.column>
  <cim:PhaseImpedanceData.r>0.000095380478</cim:PhaseImpedanceData.r>
  <cim:PhaseImpedanceData.x>0.00023916577</cim:PhaseImpedanceData.x>
  <cim:PhaseImpedanceData.b>-2.1608616E-10</cim:PhaseImpedanceData.b>
</cim:PhaseImpedanceData>
<cim:PhaseImpedanceData rdf:ID="_0491ECF9-FE95-470A-ADEC-DC48A54E2A19">
  <cim:PhaseImpedanceData.PhaseImpedance rdf:resource="#_DFFB87C2-A932-4E4B-8DD5-B82405079842"/>
  <cim:PhaseImpedanceData.row>2</cim:PhaseImpedanceData.row>
  <cim:PhaseImpedanceData.column>2</cim:PhaseImpedanceData.column>
  <cim:PhaseImpedanceData.r>0.00021213613</cim:PhaseImpedanceData.r>
  <cim:PhaseImpedanceData.x>0.00064299491</cim:PhaseImpedanceData.x>
  <cim:PhaseImpedanceData.b>7.0342656E-10</cim:PhaseImpedanceData.b>
</cim:PhaseImpedanceData>
<cim:PhaseImpedanceData rdf:ID="_B93E4AAF-B215-4055-9AC9-35CB48C3F389">
  <cim:PhaseImpedanceData.PhaseImpedance rdf:resource="#_DFFB87C2-A932-4E4B-8DD5-B82405079842"/>
  <cim:PhaseImpedanceData.row>3</cim:PhaseImpedanceData.row>
  <cim:PhaseImpedanceData.column>1</cim:PhaseImpedanceData.column>
  <cim:PhaseImpedanceData.r>0.000096871769</cim:PhaseImpedanceData.r>
  <cim:PhaseImpedanceData.x>0.00031174193</cim:PhaseImpedanceData.x>
  <cim:PhaseImpedanceData.b>-8.2765243E-11</cim:PhaseImpedanceData.b>
</cim:PhaseImpedanceData>
<cim:PhaseImpedanceData rdf:ID="_DB4A1A02-BACC-4E8B-B477-88A9A89B28B8">
  <cim:PhaseImpedanceData.PhaseImpedance rdf:resource="#_DFFB87C2-A932-4E4B-8DD5-B82405079842"/>
  <cim:PhaseImpedanceData.row>3</cim:PhaseImpedanceData.row>
  <cim:PhaseImpedanceData.column>2</cim:PhaseImpedanceData.column>
  <cim:PhaseImpedanceData.r>0.000098176648</cim:PhaseImpedanceData.r>
  <cim:PhaseImpedanceData.x>0.00026321284</cim:PhaseImpedanceData.x>
  <cim:PhaseImpedanceData.b>-1.375693E-10</cim:PhaseImpedanceData.b>
</cim:PhaseImpedanceData>
<cim:PhaseImpedanceData rdf:ID="_820DEBA3-CE67-4E52-94D7-A0297118E7C3">
  <cim:PhaseImpedanceData.PhaseImpedance rdf:resource="#_DFFB87C2-A932-4E4B-8DD5-B82405079842"/>
  <cim:PhaseImpedanceData.row>3</cim:PhaseImpedanceData.row>
  <cim:PhaseImpedanceData.column>3</cim:PhaseImpedanceData.column>
  <cim:PhaseImpedanceData.r>0.00021530512</cim:PhaseImpedanceData.r>
  <cim:PhaseImpedanceData.x>0.00063249374</cim:PhaseImpedanceData.x>
  <cim:PhaseImpedanceData.b>6.3441844E-10</cim:PhaseImpedanceData.b>
</cim:PhaseImpedanceData>
<cim:PerLengthPhaseImpedance rdf:ID="_7F23245A-6B9E-418C-8FCE-84E2BC8D90A5">
  <cim:IdentifiedObject.mRID>_7F23245A-6B9E-418C-8FCE-84E2BC8D90A5</cim:IdentifiedObject.mRID>
  <cim:IdentifiedObject.name>4/0quad</cim:IdentifiedObject.name>
  <cim:PerLengthPhaseImpedance.conductorCount>4</cim:PerLengthPhaseImpedance.conductorCount>
</cim:PerLengthPhaseImpedance>
<cim:PhaseImpedanceData rdf:ID="_E2FC1F79-4839-41A7-911E-65D5FCC8BAC7">
  <cim:PhaseImpedanceData.PhaseImpedance rdf:resource="#_7F23245A-6B9E-418C-8FCE-84E2BC8D90A5"/>
  <cim:PhaseImpedanceData.row>1</cim:PhaseImpedanceData.row>
  <cim:PhaseImpedanceData.column>1</cim:PhaseImpedanceData.column>
  <cim:PhaseImpedanceData.r>0.00035977392</cim:PhaseImpedanceData.r>
  <cim:PhaseImpedanceData.x>0.00091093017</cim:PhaseImpedanceData.x>
  <cim:PhaseImpedanceData.b>2.3425142E-10</cim:PhaseImpedanceData.b>
</cim:PhaseImpedanceData>
<cim:PhaseImpedanceData rdf:ID="_75F57D91-67D7-4E3B-995E-E4E81C29FB05">
  <cim:PhaseImpedanceData.PhaseImpedance rdf:resource="#_7F23245A-6B9E-418C-8FCE-84E2BC8D90A5"/>
  <cim:PhaseImpedanceData.row>2</cim:PhaseImpedanceData.row>
  <cim:PhaseImpedanceData.column>1</cim:PhaseImpedanceData.column>
  <cim:PhaseImpedanceData.r>0.000059030263</cim:PhaseImpedanceData.r>
  <cim:PhaseImpedanceData.x>0.00081461763</cim:PhaseImpedanceData.x>
  <cim:PhaseImpedanceData.b>0</cim:PhaseImpedanceData.b>
</cim:PhaseImpedanceData>
<cim:PhaseImpedanceData rdf:ID="_56782E59-E8E4-4DE4-9768-5AEEE68A62C9">
  <cim:PhaseImpedanceData.PhaseImpedance rdf:resource="#_7F23245A-6B9E-418C-8FCE-84E2BC8D90A5"/>
  <cim:PhaseImpedanceData.row>2</cim:PhaseImpedanceData.row>
  <cim:PhaseImpedanceData.column>2</cim:PhaseImpedanceData.column>
  <cim:PhaseImpedanceData.r>0.00035977392</cim:PhaseImpedanceData.r>
  <cim:PhaseImpedanceData.x>0.00091093017</cim:PhaseImpedanceData.x>
  <cim:PhaseImpedanceData.b>2.3425142E-10</cim:PhaseImpedanceData.b>
</cim:PhaseImpedanceData>
<cim:PhaseImpedanceData rdf:ID="_AA0E1206-E0C7-469C-8F80-6BF469F948F3">
  <cim:PhaseImpedanceData.PhaseImpedance rdf:resource="#_7F23245A-6B9E-418C-8FCE-84E2BC8D90A5"/>
  <cim:PhaseImpedanceData.row>3</cim:PhaseImpedanceData.row>
  <cim:PhaseImpedanceData.column>1</cim:PhaseImpedanceData.column>
  <cim:PhaseImpedanceData.r>0.000059030263</cim:PhaseImpedanceData.r>
  <cim:PhaseImpedanceData.x>0.00081461763</cim:PhaseImpedanceData.x>
  <cim:PhaseImpedanceData.b>0</cim:PhaseImpedanceData.b>
</cim:PhaseImpedanceData>
<cim:PhaseImpedanceData rdf:ID="_1FFED2DF-A56A-44DB-965D-67E242588307">
  <cim:PhaseImpedanceData.PhaseImpedance rdf:resource="#_7F23245A-6B9E-418C-8FCE-84E2BC8D90A5"/>
  <cim:PhaseImpedanceData.row>3</cim:PhaseImpedanceData.row>
  <cim:PhaseImpedanceData.column>2</cim:PhaseImpedanceData.column>
  <cim:PhaseImpedanceData.r>0.000059030263</cim:PhaseImpedanceData.r>
  <cim:PhaseImpedanceData.x>0.00081461763</cim:PhaseImpedanceData.x>
  <cim:PhaseImpedanceData.b>0</cim:PhaseImpedanceData.b>
</cim:PhaseImpedanceData>
<cim:PhaseImpedanceData rdf:ID="_33F4D8DC-4B3A-4383-996C-79CD21BBBD9B">
  <cim:PhaseImpedanceData.PhaseImpedance rdf:resource="#_7F23245A-6B9E-418C-8FCE-84E2BC8D90A5"/>
  <cim:PhaseImpedanceData.row>3</cim:PhaseImpedanceData.row>
  <cim:PhaseImpedanceData.column>3</cim:PhaseImpedanceData.column>
  <cim:PhaseImpedanceData.r>0.00035977392</cim:PhaseImpedanceData.r>
  <cim:PhaseImpedanceData.x>0.00091093017</cim:PhaseImpedanceData.x>
  <cim:PhaseImpedanceData.b>2.3425142E-10</cim:PhaseImpedanceData.b>
</cim:PhaseImpedanceData>
<cim:PhaseImpedanceData rdf:ID="_0EEE02DF-5D8E-4ECC-9E12-B38CE734ECF7">
  <cim:PhaseImpedanceData.PhaseImpedance rdf:resource="#_7F23245A-6B9E-418C-8FCE-84E2BC8D90A5"/>
  <cim:PhaseImpedanceData.row>4</cim:PhaseImpedanceData.row>
  <cim:PhaseImpedanceData.column>1</cim:PhaseImpedanceData.column>
  <cim:PhaseImpedanceData.r>0.000059030263</cim:PhaseImpedanceData.r>
  <cim:PhaseImpedanceData.x>0.00077733536</cim:PhaseImpedanceData.x>
  <cim:PhaseImpedanceData.b>0</cim:PhaseImpedanceData.b>
</cim:PhaseImpedanceData>
<cim:PhaseImpedanceData rdf:ID="_687D2C53-7DD2-4172-9994-1E5187046D60">
  <cim:PhaseImpedanceData.PhaseImpedance rdf:resource="#_7F23245A-6B9E-418C-8FCE-84E2BC8D90A5"/>
  <cim:PhaseImpedanceData.row>4</cim:PhaseImpedanceData.row>
  <cim:PhaseImpedanceData.column>2</cim:PhaseImpedanceData.column>
  <cim:PhaseImpedanceData.r>0.000059030263</cim:PhaseImpedanceData.r>
  <cim:PhaseImpedanceData.x>0.00077733536</cim:PhaseImpedanceData.x>
  <cim:PhaseImpedanceData.b>0</cim:PhaseImpedanceData.b>
</cim:PhaseImpedanceData>
<cim:PhaseImpedanceData rdf:ID="_BC4D29D4-8702-42F6-9A49-387C26835D43">
  <cim:PhaseImpedanceData.PhaseImpedance rdf:resource="#_7F23245A-6B9E-418C-8FCE-84E2BC8D90A5"/>
  <cim:PhaseImpedanceData.row>4</cim:PhaseImpedanceData.row>
  <cim:PhaseImpedanceData.column>3</cim:PhaseImpedanceData.column>
  <cim:PhaseImpedanceData.r>0.000059030263</cim:PhaseImpedanceData.r>
  <cim:PhaseImpedanceData.x>0.00077733536</cim:PhaseImpedanceData.x>
  <cim:PhaseImpedanceData.b>0</cim:PhaseImpedanceData.b>
</cim:PhaseImpedanceData>
<cim:PhaseImpedanceData rdf:ID="_95C6357A-AFA7-45B3-BDD7-4B5B8D9E1C9D">
  <cim:PhaseImpedanceData.PhaseImpedance rdf:resource="#_7F23245A-6B9E-418C-8FCE-84E2BC8D90A5"/>
  <cim:PhaseImpedanceData.row>4</cim:PhaseImpedanceData.row>
  <cim:PhaseImpedanceData.column>4</cim:PhaseImpedanceData.column>
  <cim:PhaseImpedanceData.r>0.00042688201</cim:PhaseImpedanceData.r>
  <cim:PhaseImpedanceData.x>0.00096063986</cim:PhaseImpedanceData.x>
  <cim:PhaseImpedanceData.b>2.3425142E-10</cim:PhaseImpedanceData.b>
</cim:PhaseImpedanceData>
<cim:OperationalLimitSet rdf:ID="_0CBAF760-47EB-4247-B539-B910CCE8CA83">
  <cim:IdentifiedObject.mRID>_0CBAF760-47EB-4247-B539-B910CCE8CA83</cim:IdentifiedObject.mRID>
  <cim:IdentifiedObject.name>OpLimI_2.3_3.1</cim:IdentifiedObject.name>
</cim:OperationalLimitSet>
<cim:CurrentLimit rdf:ID="_44F4610D-39DE-4D16-86F3-5143C471AE21">
  <cim:IdentifiedObject.mRID>_44F4610D-39DE-4D16-86F3-5143C471AE21</cim:IdentifiedObject.mRID>
  <cim:IdentifiedObject.name>OpLimI_2.3_3.1_Norm</cim:IdentifiedObject.name>
  <cim:OperationalLimit.OperationalLimitSet rdf:resource="#_0CBAF760-47EB-4247-B539-B910CCE8CA83"/>
  <cim:OperationalLimit.OperationalLimitType rdf:resource="#_9BFFC18A-EC13-4A3E-B516-711D7CBC319A"/>
  <cim:CurrentLimit.value>2.2916667</cim:CurrentLimit.value>
</cim:CurrentLimit>
<cim:CurrentLimit rdf:ID="_65C2CBAB-A790-4C3A-9540-957C72466B18">
  <cim:IdentifiedObject.mRID>_65C2CBAB-A790-4C3A-9540-957C72466B18</cim:IdentifiedObject.mRID>
  <cim:IdentifiedObject.name>OpLimI_2.3_3.1_Emerg</cim:IdentifiedObject.name>
  <cim:OperationalLimit.OperationalLimitSet rdf:resource="#_0CBAF760-47EB-4247-B539-B910CCE8CA83"/>
  <cim:OperationalLimit.OperationalLimitType rdf:resource="#_7D2E9AC2-83A6-4B57-A3B5-71B023F6E50A"/>
  <cim:CurrentLimit.value>3.125</cim:CurrentLimit.value>
</cim:CurrentLimit>
<cim:OperationalLimitSet rdf:ID="_FFEFB321-27E5-4BDF-AC55-999E47BEC74E">
  <cim:IdentifiedObject.mRID>_FFEFB321-27E5-4BDF-AC55-999E47BEC74E</cim:IdentifiedObject.mRID>
  <cim:IdentifiedObject.name>OpLimI_1.5_2.1</cim:IdentifiedObject.name>
</cim:OperationalLimitSet>
<cim:CurrentLimit rdf:ID="_B3AB7988-FE21-4CD7-A260-AA9F7C2C710A">
  <cim:IdentifiedObject.mRID>_B3AB7988-FE21-4CD7-A260-AA9F7C2C710A</cim:IdentifiedObject.mRID>
  <cim:IdentifiedObject.name>OpLimI_1.5_2.1_Norm</cim:IdentifiedObject.name>
  <cim:OperationalLimit.OperationalLimitSet rdf:resource="#_FFEFB321-27E5-4BDF-AC55-999E47BEC74E"/>
  <cim:OperationalLimit.OperationalLimitType rdf:resource="#_9BFFC18A-EC13-4A3E-B516-711D7CBC319A"/>
  <cim:CurrentLimit.value>1.5277778</cim:CurrentLimit.value>
</cim:CurrentLimit>
<cim:CurrentLimit rdf:ID="_70F7B6E4-1475-4A29-B0C7-8434E01A7E5B">
  <cim:IdentifiedObject.mRID>_70F7B6E4-1475-4A29-B0C7-8434E01A7E5B</cim:IdentifiedObject.mRID>
  <cim:IdentifiedObject.name>OpLimI_1.5_2.1_Emerg</cim:IdentifiedObject.name>
  <cim:OperationalLimit.OperationalLimitSet rdf:resource="#_FFEFB321-27E5-4BDF-AC55-999E47BEC74E"/>
  <cim:OperationalLimit.OperationalLimitType rdf:resource="#_7D2E9AC2-83A6-4B57-A3B5-71B023F6E50A"/>
  <cim:CurrentLimit.value>2.0833333</cim:CurrentLimit.value>
</cim:CurrentLimit>
<cim:OperationalLimitSet rdf:ID="_FB1D7FD9-0B09-4EE8-A029-00FA3B0A01B5">
  <cim:IdentifiedObject.mRID>_FB1D7FD9-0B09-4EE8-A029-00FA3B0A01B5</cim:IdentifiedObject.mRID>
  <cim:IdentifiedObject.name>OpLimI_400.0_600.0</cim:IdentifiedObject.name>
</cim:OperationalLimitSet>
<cim:CurrentLimit rdf:ID="_56DB71C9-9823-4B4C-A41D-14107EA7DD6A">
  <cim:IdentifiedObject.mRID>_56DB71C9-9823-4B4C-A41D-14107EA7DD6A</cim:IdentifiedObject.mRID>
  <cim:IdentifiedObject.name>OpLimI_400.0_600.0_Norm</cim:IdentifiedObject.name>
  <cim:OperationalLimit.OperationalLimitSet rdf:resource="#_FB1D7FD9-0B09-4EE8-A029-00FA3B0A01B5"/>
  <cim:OperationalLimit.OperationalLimitType rdf:resource="#_9BFFC18A-EC13-4A3E-B516-711D7CBC319A"/>
  <cim:CurrentLimit.value>400</cim:CurrentLimit.value>
</cim:CurrentLimit>
<cim:CurrentLimit rdf:ID="_67E11BC2-F367-4876-9591-DE1AEBFF0F2A">
  <cim:IdentifiedObject.mRID>_67E11BC2-F367-4876-9591-DE1AEBFF0F2A</cim:IdentifiedObject.mRID>
  <cim:IdentifiedObject.name>OpLimI_400.0_600.0_Emerg</cim:IdentifiedObject.name>
  <cim:OperationalLimit.OperationalLimitSet rdf:resource="#_FB1D7FD9-0B09-4EE8-A029-00FA3B0A01B5"/>
  <cim:OperationalLimit.OperationalLimitType rdf:resource="#_7D2E9AC2-83A6-4B57-A3B5-71B023F6E50A"/>
  <cim:CurrentLimit.value>600</cim:CurrentLimit.value>
</cim:CurrentLimit>
</rdf:RDF>
