<?xml version="1.0" encoding="utf-8"?>
<!-- un-comment this line to enable validation
-->
<rdf:RDF xmlns:cim="http://iec.ch/TC57/CIM100#" xmlns:rdf="http://www.w3.org/1999/02/22-rdf-syntax-ns#">
<!--
-->
<cim:IEC61970CIMVersion rdf:ID="_578D2EAE-8804-4763-9E7A-A5E098314933">
  <cim:IEC61970CIMVersion.version>IEC61970CIM100</cim:IEC61970CIMVersion.version>
  <cim:IEC61970CIMVersion.date>2019-04-01</cim:IEC61970CIMVersion.date>
</cim:IEC61970CIMVersion>
<cim:CoordinateSystem rdf:ID="_EEF110B9-CE18-4536-AEA0-F9F04D51DFED">
  <cim:IdentifiedObject.mRID>_EEF110B9-CE18-4536-AEA0-F9F04D51DFED</cim:IdentifiedObject.mRID>
  <cim:IdentifiedObject.name>imyd_CrsUrn</cim:IdentifiedObject.name>
  <cim:CoordinateSystem.crsUrn>OpenDSSLocalBusCoordinates</cim:CoordinateSystem.crsUrn>
</cim:CoordinateSystem>
<cim:GeographicalRegion rdf:ID="_14945D56-993B-402A-9711-64D23B810D92">
  <cim:IdentifiedObject.mRID>_14945D56-993B-402A-9711-64D23B810D92</cim:IdentifiedObject.mRID>
  <cim:IdentifiedObject.name>geo1</cim:IdentifiedObject.name>
</cim:GeographicalRegion>
<cim:SubGeographicalRegion rdf:ID="_7D93C821-9C4D-44E2-A5A2-2A1D05B2730E">
  <cim:IdentifiedObject.mRID>_7D93C821-9C4D-44E2-A5A2-2A1D05B2730E</cim:IdentifiedObject.mRID>
  <cim:IdentifiedObject.name>subgeo1</cim:IdentifiedObject.name>
  <cim:SubGeographicalRegion.Region rdf:resource="#_14945D56-993B-402A-9711-64D23B810D92"/>
</cim:SubGeographicalRegion>
<cim:Substation rdf:ID="_3C0137BB-8F83-468D-9253-FF6E5615C0A7">
  <cim:IdentifiedObject.mRID>_3C0137BB-8F83-468D-9253-FF6E5615C0A7</cim:IdentifiedObject.mRID>
  <cim:IdentifiedObject.name>sub1</cim:IdentifiedObject.name>
  <cim:Substation.Region rdf:resource="#_7D93C821-9C4D-44E2-A5A2-2A1D05B2730E"/>
</cim:Substation>
<cim:Location rdf:ID="_CCDA5D00-3FF2-4FFD-A25A-7C674BDFA77B">
  <cim:IdentifiedObject.mRID>_CCDA5D00-3FF2-4FFD-A25A-7C674BDFA77B</cim:IdentifiedObject.mRID>
  <cim:IdentifiedObject.name>imyd_Location</cim:IdentifiedObject.name>
  <cim:Location.CoordinateSystem rdf:resource="#_EEF110B9-CE18-4536-AEA0-F9F04D51DFED"/>
</cim:Location>
<cim:Feeder rdf:ID="_73BB36C0-6DB3-4480-A8B2-822B4AADD390">
  <cim:IdentifiedObject.mRID>_73BB36C0-6DB3-4480-A8B2-822B4AADD390</cim:IdentifiedObject.mRID>
  <cim:IdentifiedObject.name>imyd</cim:IdentifiedObject.name>
  <cim:Feeder.NormalEnergizingSubstation rdf:resource="#_3C0137BB-8F83-468D-9253-FF6E5615C0A7"/>
  <cim:PowerSystemResource.Location rdf:resource="#_CCDA5D00-3FF2-4FFD-A25A-7C674BDFA77B"/>
</cim:Feeder>
<cim:OperationalLimitType rdf:ID="_AD24762E-5A4F-4BD9-BF5B-B48CE94A5533">
  <cim:IdentifiedObject.mRID>_AD24762E-5A4F-4BD9-BF5B-B48CE94A5533</cim:IdentifiedObject.mRID>
  <cim:IdentifiedObject.name>imyd_NormAmpsType</cim:IdentifiedObject.name>
  <cim:OperationalLimitType.acceptableDuration>5E9</cim:OperationalLimitType.acceptableDuration>
  <cim:OperationalLimitType.direction rdf:resource="http://iec.ch/TC57/CIM100#OperationalLimitDirectionKind.absoluteValue"/>
</cim:OperationalLimitType>
<cim:OperationalLimitType rdf:ID="_FD86CD89-C9A9-42C7-8E9B-43A7A42912FD">
  <cim:IdentifiedObject.mRID>_FD86CD89-C9A9-42C7-8E9B-43A7A42912FD</cim:IdentifiedObject.mRID>
  <cim:IdentifiedObject.name>imyd_EmergencyAmpsType</cim:IdentifiedObject.name>
  <cim:OperationalLimitType.acceptableDuration>7200</cim:OperationalLimitType.acceptableDuration>
  <cim:OperationalLimitType.direction rdf:resource="http://iec.ch/TC57/CIM100#OperationalLimitDirectionKind.absoluteValue"/>
</cim:OperationalLimitType>
<cim:OperationalLimitType rdf:ID="_41159346-74B9-428C-BCDE-22226D3E0643">
  <cim:IdentifiedObject.mRID>_41159346-74B9-428C-BCDE-22226D3E0643</cim:IdentifiedObject.mRID>
  <cim:IdentifiedObject.name>imyd_RangeAHiType</cim:IdentifiedObject.name>
  <cim:OperationalLimitType.acceptableDuration>5E9</cim:OperationalLimitType.acceptableDuration>
  <cim:OperationalLimitType.direction rdf:resource="http://iec.ch/TC57/CIM100#OperationalLimitDirectionKind.high"/>
</cim:OperationalLimitType>
<cim:OperationalLimitType rdf:ID="_09A94C7E-72DE-4EC3-B805-2456E48DAA3D">
  <cim:IdentifiedObject.mRID>_09A94C7E-72DE-4EC3-B805-2456E48DAA3D</cim:IdentifiedObject.mRID>
  <cim:IdentifiedObject.name>imyd_RangeALoType</cim:IdentifiedObject.name>
  <cim:OperationalLimitType.acceptableDuration>5E9</cim:OperationalLimitType.acceptableDuration>
  <cim:OperationalLimitType.direction rdf:resource="http://iec.ch/TC57/CIM100#OperationalLimitDirectionKind.low"/>
</cim:OperationalLimitType>
<cim:OperationalLimitType rdf:ID="_00BB4241-B241-4B83-9A0C-ECAC84C4C276">
  <cim:IdentifiedObject.mRID>_00BB4241-B241-4B83-9A0C-ECAC84C4C276</cim:IdentifiedObject.mRID>
  <cim:IdentifiedObject.name>imyd_RangeBHiType</cim:IdentifiedObject.name>
  <cim:OperationalLimitType.acceptableDuration>86400</cim:OperationalLimitType.acceptableDuration>
  <cim:OperationalLimitType.direction rdf:resource="http://iec.ch/TC57/CIM100#OperationalLimitDirectionKind.high"/>
</cim:OperationalLimitType>
<cim:OperationalLimitType rdf:ID="_8540C4FA-9634-4DDF-B73B-367E949C849E">
  <cim:IdentifiedObject.mRID>_8540C4FA-9634-4DDF-B73B-367E949C849E</cim:IdentifiedObject.mRID>
  <cim:IdentifiedObject.name>imyd_RangeBLoType</cim:IdentifiedObject.name>
  <cim:OperationalLimitType.acceptableDuration>86400</cim:OperationalLimitType.acceptableDuration>
  <cim:OperationalLimitType.direction rdf:resource="http://iec.ch/TC57/CIM100#OperationalLimitDirectionKind.low"/>
</cim:OperationalLimitType>
<cim:BaseVoltage rdf:ID="_427491A0-14AC-4218-A7EB-21ADCF1C1A61">
  <cim:IdentifiedObject.mRID>_427491A0-14AC-4218-A7EB-21ADCF1C1A61</cim:IdentifiedObject.mRID>
  <cim:IdentifiedObject.name>BaseV_12.4700</cim:IdentifiedObject.name>
  <cim:BaseVoltage.nominalVoltage>12470</cim:BaseVoltage.nominalVoltage>
</cim:BaseVoltage>
<cim:OperationalLimitSet rdf:ID="_C9AEAAE2-2226-4B7C-9BD8-9C3CEDD6A028">
  <cim:IdentifiedObject.mRID>_C9AEAAE2-2226-4B7C-9BD8-9C3CEDD6A028</cim:IdentifiedObject.mRID>
  <cim:IdentifiedObject.name>OpLimV_12.4700</cim:IdentifiedObject.name>
</cim:OperationalLimitSet>
<cim:VoltageLimit rdf:ID="_742B53BB-AE02-4D35-AA53-9EA363CBFAF9">
  <cim:IdentifiedObject.mRID>_742B53BB-AE02-4D35-AA53-9EA363CBFAF9</cim:IdentifiedObject.mRID>
  <cim:IdentifiedObject.name>OpLimV_12.4700_RangeAHi</cim:IdentifiedObject.name>
  <cim:OperationalLimit.OperationalLimitSet rdf:resource="#_C9AEAAE2-2226-4B7C-9BD8-9C3CEDD6A028"/>
  <cim:OperationalLimit.OperationalLimitType rdf:resource="#_41159346-74B9-428C-BCDE-22226D3E0643"/>
  <cim:VoltageLimit.value>13093.5</cim:VoltageLimit.value>
</cim:VoltageLimit>
<cim:VoltageLimit rdf:ID="_14DF491C-4568-4F6D-8A3D-49A09D514C13">
  <cim:IdentifiedObject.mRID>_14DF491C-4568-4F6D-8A3D-49A09D514C13</cim:IdentifiedObject.mRID>
  <cim:IdentifiedObject.name>OpLimV_12.4700_RangeALo</cim:IdentifiedObject.name>
  <cim:OperationalLimit.OperationalLimitSet rdf:resource="#_C9AEAAE2-2226-4B7C-9BD8-9C3CEDD6A028"/>
  <cim:OperationalLimit.OperationalLimitType rdf:resource="#_09A94C7E-72DE-4EC3-B805-2456E48DAA3D"/>
  <cim:VoltageLimit.value>11846.5</cim:VoltageLimit.value>
</cim:VoltageLimit>
<cim:VoltageLimit rdf:ID="_3B39BB1F-AB6D-46E5-9A05-DA9009056512">
  <cim:IdentifiedObject.mRID>_3B39BB1F-AB6D-46E5-9A05-DA9009056512</cim:IdentifiedObject.mRID>
  <cim:IdentifiedObject.name>OpLimV_12.4700_RangeBHi</cim:IdentifiedObject.name>
  <cim:OperationalLimit.OperationalLimitSet rdf:resource="#_C9AEAAE2-2226-4B7C-9BD8-9C3CEDD6A028"/>
  <cim:OperationalLimit.OperationalLimitType rdf:resource="#_00BB4241-B241-4B83-9A0C-ECAC84C4C276"/>
  <cim:VoltageLimit.value>13197.416</cim:VoltageLimit.value>
</cim:VoltageLimit>
<cim:VoltageLimit rdf:ID="_A8EA5146-93AE-4EFC-9378-7C52EA82464B">
  <cim:IdentifiedObject.mRID>_A8EA5146-93AE-4EFC-9378-7C52EA82464B</cim:IdentifiedObject.mRID>
  <cim:IdentifiedObject.name>OpLimV_12.4700_RangeBLo</cim:IdentifiedObject.name>
  <cim:OperationalLimit.OperationalLimitSet rdf:resource="#_C9AEAAE2-2226-4B7C-9BD8-9C3CEDD6A028"/>
  <cim:OperationalLimit.OperationalLimitType rdf:resource="#_8540C4FA-9634-4DDF-B73B-367E949C849E"/>
  <cim:VoltageLimit.value>11430.834</cim:VoltageLimit.value>
</cim:VoltageLimit>
<cim:BaseVoltage rdf:ID="_E1AF1772-6B24-41EA-8508-2E44317ECAB4">
  <cim:IdentifiedObject.mRID>_E1AF1772-6B24-41EA-8508-2E44317ECAB4</cim:IdentifiedObject.mRID>
  <cim:IdentifiedObject.name>BaseV_0.2400</cim:IdentifiedObject.name>
  <cim:BaseVoltage.nominalVoltage>240</cim:BaseVoltage.nominalVoltage>
</cim:BaseVoltage>
<cim:OperationalLimitSet rdf:ID="_FCE900E5-159E-4C31-BEB0-67DDD18F8242">
  <cim:IdentifiedObject.mRID>_FCE900E5-159E-4C31-BEB0-67DDD18F8242</cim:IdentifiedObject.mRID>
  <cim:IdentifiedObject.name>OpLimV_0.2400</cim:IdentifiedObject.name>
</cim:OperationalLimitSet>
<cim:VoltageLimit rdf:ID="_44776636-A074-41DF-8A42-66F896AADB11">
  <cim:IdentifiedObject.mRID>_44776636-A074-41DF-8A42-66F896AADB11</cim:IdentifiedObject.mRID>
  <cim:IdentifiedObject.name>OpLimV_0.2400_RangeAHi</cim:IdentifiedObject.name>
  <cim:OperationalLimit.OperationalLimitSet rdf:resource="#_FCE900E5-159E-4C31-BEB0-67DDD18F8242"/>
  <cim:OperationalLimit.OperationalLimitType rdf:resource="#_41159346-74B9-428C-BCDE-22226D3E0643"/>
  <cim:VoltageLimit.value>252</cim:VoltageLimit.value>
</cim:VoltageLimit>
<cim:VoltageLimit rdf:ID="_952299C8-7C25-4BCC-B1FD-02876043F68F">
  <cim:IdentifiedObject.mRID>_952299C8-7C25-4BCC-B1FD-02876043F68F</cim:IdentifiedObject.mRID>
  <cim:IdentifiedObject.name>OpLimV_0.2400_RangeALo</cim:IdentifiedObject.name>
  <cim:OperationalLimit.OperationalLimitSet rdf:resource="#_FCE900E5-159E-4C31-BEB0-67DDD18F8242"/>
  <cim:OperationalLimit.OperationalLimitType rdf:resource="#_09A94C7E-72DE-4EC3-B805-2456E48DAA3D"/>
  <cim:VoltageLimit.value>228</cim:VoltageLimit.value>
</cim:VoltageLimit>
<cim:VoltageLimit rdf:ID="_1EE70F35-C76F-458D-8264-E645453004EA">
  <cim:IdentifiedObject.mRID>_1EE70F35-C76F-458D-8264-E645453004EA</cim:IdentifiedObject.mRID>
  <cim:IdentifiedObject.name>OpLimV_0.2400_RangeBHi</cim:IdentifiedObject.name>
  <cim:OperationalLimit.OperationalLimitSet rdf:resource="#_FCE900E5-159E-4C31-BEB0-67DDD18F8242"/>
  <cim:OperationalLimit.OperationalLimitType rdf:resource="#_00BB4241-B241-4B83-9A0C-ECAC84C4C276"/>
  <cim:VoltageLimit.value>253.99999</cim:VoltageLimit.value>
</cim:VoltageLimit>
<cim:VoltageLimit rdf:ID="_0B7E4378-0CE0-4887-B724-71E46CB34642">
  <cim:IdentifiedObject.mRID>_0B7E4378-0CE0-4887-B724-71E46CB34642</cim:IdentifiedObject.mRID>
  <cim:IdentifiedObject.name>OpLimV_0.2400_RangeBLo</cim:IdentifiedObject.name>
  <cim:OperationalLimit.OperationalLimitSet rdf:resource="#_FCE900E5-159E-4C31-BEB0-67DDD18F8242"/>
  <cim:OperationalLimit.OperationalLimitType rdf:resource="#_8540C4FA-9634-4DDF-B73B-367E949C849E"/>
  <cim:VoltageLimit.value>220.00001</cim:VoltageLimit.value>
</cim:VoltageLimit>
<cim:TopologicalNode rdf:ID="_45FCDD01-668F-492A-9A7F-3BABCB53A4CC">
  <cim:IdentifiedObject.mRID>_45FCDD01-668F-492A-9A7F-3BABCB53A4CC</cim:IdentifiedObject.mRID>
  <cim:IdentifiedObject.name>sourcebus</cim:IdentifiedObject.name>
  <cim:TopologicalNode.TopologicalIsland rdf:resource="#_1F41511B-E7E2-4498-9C5A-3E659DEB07FF"/>
</cim:TopologicalNode>
<cim:ConnectivityNode rdf:ID="_394EDB7E-6D37-469C-BEE9-882A1A9DDD35">
  <cim:IdentifiedObject.mRID>_394EDB7E-6D37-469C-BEE9-882A1A9DDD35</cim:IdentifiedObject.mRID>
  <cim:IdentifiedObject.name>sourcebus</cim:IdentifiedObject.name>
  <cim:ConnectivityNode.TopologicalNode rdf:resource="#_45FCDD01-668F-492A-9A7F-3BABCB53A4CC"/>
  <cim:ConnectivityNode.OperationalLimitSet rdf:resource="#_C9AEAAE2-2226-4B7C-9BD8-9C3CEDD6A028"/>
  <cim:ConnectivityNode.ConnectivityNodeContainer rdf:resource="#_73BB36C0-6DB3-4480-A8B2-822B4AADD390"/>
</cim:ConnectivityNode>
<cim:TopologicalNode rdf:ID="_0A56D01B-90A1-4178-8C8E-62781E83B0E2">
  <cim:IdentifiedObject.mRID>_0A56D01B-90A1-4178-8C8E-62781E83B0E2</cim:IdentifiedObject.mRID>
  <cim:IdentifiedObject.name>primary</cim:IdentifiedObject.name>
  <cim:TopologicalNode.TopologicalIsland rdf:resource="#_1F41511B-E7E2-4498-9C5A-3E659DEB07FF"/>
</cim:TopologicalNode>
<cim:ConnectivityNode rdf:ID="_063A420E-ED6C-45D2-A160-332A5660CDDB">
  <cim:IdentifiedObject.mRID>_063A420E-ED6C-45D2-A160-332A5660CDDB</cim:IdentifiedObject.mRID>
  <cim:IdentifiedObject.name>primary</cim:IdentifiedObject.name>
  <cim:ConnectivityNode.TopologicalNode rdf:resource="#_0A56D01B-90A1-4178-8C8E-62781E83B0E2"/>
  <cim:ConnectivityNode.OperationalLimitSet rdf:resource="#_C9AEAAE2-2226-4B7C-9BD8-9C3CEDD6A028"/>
  <cim:ConnectivityNode.ConnectivityNodeContainer rdf:resource="#_73BB36C0-6DB3-4480-A8B2-822B4AADD390"/>
</cim:ConnectivityNode>
<cim:TopologicalNode rdf:ID="_EA90CF9B-2F65-4060-9683-DDECF4302140">
  <cim:IdentifiedObject.mRID>_EA90CF9B-2F65-4060-9683-DDECF4302140</cim:IdentifiedObject.mRID>
  <cim:IdentifiedObject.name>secondary</cim:IdentifiedObject.name>
  <cim:TopologicalNode.TopologicalIsland rdf:resource="#_1F41511B-E7E2-4498-9C5A-3E659DEB07FF"/>
</cim:TopologicalNode>
<cim:ConnectivityNode rdf:ID="_C88D2E7D-2433-4A63-B241-ADF76DC9FEE1">
  <cim:IdentifiedObject.mRID>_C88D2E7D-2433-4A63-B241-ADF76DC9FEE1</cim:IdentifiedObject.mRID>
  <cim:IdentifiedObject.name>secondary</cim:IdentifiedObject.name>
  <cim:ConnectivityNode.TopologicalNode rdf:resource="#_EA90CF9B-2F65-4060-9683-DDECF4302140"/>
  <cim:ConnectivityNode.OperationalLimitSet rdf:resource="#_FCE900E5-159E-4C31-BEB0-67DDD18F8242"/>
  <cim:ConnectivityNode.ConnectivityNodeContainer rdf:resource="#_73BB36C0-6DB3-4480-A8B2-822B4AADD390"/>
</cim:ConnectivityNode>
<cim:TopologicalNode rdf:ID="_B0802407-9E30-4B9B-B339-6E3132CAADFE">
  <cim:IdentifiedObject.mRID>_B0802407-9E30-4B9B-B339-6E3132CAADFE</cim:IdentifiedObject.mRID>
  <cim:IdentifiedObject.name>loadbus</cim:IdentifiedObject.name>
  <cim:TopologicalNode.TopologicalIsland rdf:resource="#_1F41511B-E7E2-4498-9C5A-3E659DEB07FF"/>
</cim:TopologicalNode>
<cim:ConnectivityNode rdf:ID="_78EBFEEC-4CA9-42F9-9F16-749B5B391F8A">
  <cim:IdentifiedObject.mRID>_78EBFEEC-4CA9-42F9-9F16-749B5B391F8A</cim:IdentifiedObject.mRID>
  <cim:IdentifiedObject.name>loadbus</cim:IdentifiedObject.name>
  <cim:ConnectivityNode.TopologicalNode rdf:resource="#_B0802407-9E30-4B9B-B339-6E3132CAADFE"/>
  <cim:ConnectivityNode.OperationalLimitSet rdf:resource="#_FCE900E5-159E-4C31-BEB0-67DDD18F8242"/>
  <cim:ConnectivityNode.ConnectivityNodeContainer rdf:resource="#_73BB36C0-6DB3-4480-A8B2-822B4AADD390"/>
</cim:ConnectivityNode>
<cim:TopologicalIsland rdf:ID="_1F41511B-E7E2-4498-9C5A-3E659DEB07FF">
  <cim:IdentifiedObject.mRID>_1F41511B-E7E2-4498-9C5A-3E659DEB07FF</cim:IdentifiedObject.mRID>
  <cim:IdentifiedObject.name>imyd_Island</cim:IdentifiedObject.name>
  <cim:TopologicalIsland.AngleRefTopologicalNode rdf:resource="#_45FCDD01-668F-492A-9A7F-3BABCB53A4CC"/>
</cim:TopologicalIsland>
<cim:EnergySource rdf:ID="_E528A086-83A7-4C37-A00B-2AFCDFF26B31">
  <cim:IdentifiedObject.mRID>_E528A086-83A7-4C37-A00B-2AFCDFF26B31</cim:IdentifiedObject.mRID>
  <cim:IdentifiedObject.name>source</cim:IdentifiedObject.name>
  <cim:Equipment.EquipmentContainer rdf:resource="#_73BB36C0-6DB3-4480-A8B2-822B4AADD390"/>
  <cim:ConductingEquipment.BaseVoltage rdf:resource="#_427491A0-14AC-4218-A7EB-21ADCF1C1A61"/>
  <cim:EnergySource.nominalVoltage>12470</cim:EnergySource.nominalVoltage>
  <cim:EnergySource.voltageMagnitude>12470</cim:EnergySource.voltageMagnitude>
  <cim:EnergySource.voltageAngle>0</cim:EnergySource.voltageAngle>
  <cim:EnergySource.r>0.000037714508</cim:EnergySource.r>
  <cim:EnergySource.x>0.00015085803</cim:EnergySource.x>
  <cim:EnergySource.r0>0.000049270422</cim:EnergySource.r0>
  <cim:EnergySource.x0>0.00014781127</cim:EnergySource.x0>
  <cim:PowerSystemResource.Location rdf:resource="#_B8499C73-FCDC-4EE1-93BD-7363E3EAF6B5"/>
</cim:EnergySource>
<cim:Terminal rdf:ID="_C4B454FA-32DB-4F6F-B884-D6C1A3D85D58">
  <cim:IdentifiedObject.mRID>_C4B454FA-32DB-4F6F-B884-D6C1A3D85D58</cim:IdentifiedObject.mRID>
  <cim:IdentifiedObject.name>source_T1</cim:IdentifiedObject.name>
  <cim:Terminal.ConductingEquipment rdf:resource="#_E528A086-83A7-4C37-A00B-2AFCDFF26B31"/>
  <cim:ACDCTerminal.sequenceNumber>1</cim:ACDCTerminal.sequenceNumber>
  <cim:Terminal.ConnectivityNode rdf:resource="#_394EDB7E-6D37-469C-BEE9-882A1A9DDD35"/>
</cim:Terminal>
<cim:Location rdf:ID="_B8499C73-FCDC-4EE1-93BD-7363E3EAF6B5">
  <cim:IdentifiedObject.mRID>_B8499C73-FCDC-4EE1-93BD-7363E3EAF6B5</cim:IdentifiedObject.mRID>
  <cim:IdentifiedObject.name>source_Loc</cim:IdentifiedObject.name>
  <cim:Location.CoordinateSystem rdf:resource="#_EEF110B9-CE18-4536-AEA0-F9F04D51DFED"/>
</cim:Location>
<cim:PositionPoint rdf:ID="_77D2EA58-B494-43AE-97AC-1D05C1938BC0">
  <cim:PositionPoint.Location rdf:resource="#_B8499C73-FCDC-4EE1-93BD-7363E3EAF6B5"/>
  <cim:PositionPoint.sequenceNumber>1</cim:PositionPoint.sequenceNumber>
  <cim:PositionPoint.xPosition>0</cim:PositionPoint.xPosition>
  <cim:PositionPoint.yPosition>0</cim:PositionPoint.yPosition>
</cim:PositionPoint>
<cim:PowerTransformerInfo rdf:ID="_E5F234A0-A45A-4A8A-82D1-F15B743D1D74">
  <cim:IdentifiedObject.mRID>_E5F234A0-A45A-4A8A-82D1-F15B743D1D74</cim:IdentifiedObject.mRID>
  <cim:IdentifiedObject.name>cimxfmrcode_xfmrab_PowerXfInfo</cim:IdentifiedObject.name>
</cim:PowerTransformerInfo>
<cim:TransformerTankInfo rdf:ID="_B8A76776-D764-4D72-9A80-472EBB0788F5">
  <cim:IdentifiedObject.mRID>_B8A76776-D764-4D72-9A80-472EBB0788F5</cim:IdentifiedObject.mRID>
  <cim:IdentifiedObject.name>cimxfmrcode_xfmrab</cim:IdentifiedObject.name>
  <cim:TransformerTankInfo.PowerTransformerInfo rdf:resource="#_E5F234A0-A45A-4A8A-82D1-F15B743D1D74"/>
</cim:TransformerTankInfo>
<cim:TransformerEndInfo rdf:ID="_6E406CCE-3535-48B4-B7C3-929F153468CF">
  <cim:IdentifiedObject.mRID>_6E406CCE-3535-48B4-B7C3-929F153468CF</cim:IdentifiedObject.mRID>
  <cim:IdentifiedObject.name>cimxfmrcode_xfmrab_1</cim:IdentifiedObject.name>
  <cim:TransformerEndInfo.TransformerTankInfo rdf:resource="#_B8A76776-D764-4D72-9A80-472EBB0788F5"/>
  <cim:TransformerEndInfo.endNumber>1</cim:TransformerEndInfo.endNumber>
  <cim:TransformerEndInfo.connectionKind rdf:resource="http://iec.ch/TC57/CIM100#WindingConnection.I"/>
  <cim:TransformerEndInfo.phaseAngleClock>0</cim:TransformerEndInfo.phaseAngleClock>
  <cim:TransformerEndInfo.ratedU>7200</cim:TransformerEndInfo.ratedU>
  <cim:TransformerEndInfo.ratedS>15000</cim:TransformerEndInfo.ratedS>
  <cim:TransformerEndInfo.shortTermS>16500</cim:TransformerEndInfo.shortTermS>
  <cim:TransformerEndInfo.emergencyS>22500</cim:TransformerEndInfo.emergencyS>
  <cim:TransformerEndInfo.r>22.464</cim:TransformerEndInfo.r>
  <cim:TransformerEndInfo.insulationU>0</cim:TransformerEndInfo.insulationU>
</cim:TransformerEndInfo>
<cim:TransformerEndInfo rdf:ID="_68AA6758-F3E3-49DD-B9FF-A8E3DBC43822">
  <cim:IdentifiedObject.mRID>_68AA6758-F3E3-49DD-B9FF-A8E3DBC43822</cim:IdentifiedObject.mRID>
  <cim:IdentifiedObject.name>cimxfmrcode_xfmrab_2</cim:IdentifiedObject.name>
  <cim:TransformerEndInfo.TransformerTankInfo rdf:resource="#_B8A76776-D764-4D72-9A80-472EBB0788F5"/>
  <cim:TransformerEndInfo.endNumber>2</cim:TransformerEndInfo.endNumber>
  <cim:TransformerEndInfo.connectionKind rdf:resource="http://iec.ch/TC57/CIM100#WindingConnection.I"/>
  <cim:TransformerEndInfo.phaseAngleClock>0</cim:TransformerEndInfo.phaseAngleClock>
  <cim:TransformerEndInfo.ratedU>120</cim:TransformerEndInfo.ratedU>
  <cim:TransformerEndInfo.ratedS>15000</cim:TransformerEndInfo.ratedS>
  <cim:TransformerEndInfo.shortTermS>16500</cim:TransformerEndInfo.shortTermS>
  <cim:TransformerEndInfo.emergencyS>22500</cim:TransformerEndInfo.emergencyS>
  <cim:TransformerEndInfo.r>0.01248</cim:TransformerEndInfo.r>
  <cim:TransformerEndInfo.insulationU>0</cim:TransformerEndInfo.insulationU>
</cim:TransformerEndInfo>
<cim:TransformerEndInfo rdf:ID="_9CA33BEC-82CF-4413-8359-9521E6EDC4B5">
  <cim:IdentifiedObject.mRID>_9CA33BEC-82CF-4413-8359-9521E6EDC4B5</cim:IdentifiedObject.mRID>
  <cim:IdentifiedObject.name>cimxfmrcode_xfmrab_3</cim:IdentifiedObject.name>
  <cim:TransformerEndInfo.TransformerTankInfo rdf:resource="#_B8A76776-D764-4D72-9A80-472EBB0788F5"/>
  <cim:TransformerEndInfo.endNumber>3</cim:TransformerEndInfo.endNumber>
  <cim:TransformerEndInfo.connectionKind rdf:resource="http://iec.ch/TC57/CIM100#WindingConnection.I"/>
  <cim:TransformerEndInfo.phaseAngleClock>6</cim:TransformerEndInfo.phaseAngleClock>
  <cim:TransformerEndInfo.ratedU>120</cim:TransformerEndInfo.ratedU>
  <cim:TransformerEndInfo.ratedS>15000</cim:TransformerEndInfo.ratedS>
  <cim:TransformerEndInfo.shortTermS>16500</cim:TransformerEndInfo.shortTermS>
  <cim:TransformerEndInfo.emergencyS>22500</cim:TransformerEndInfo.emergencyS>
  <cim:TransformerEndInfo.r>0.01248</cim:TransformerEndInfo.r>
  <cim:TransformerEndInfo.insulationU>0</cim:TransformerEndInfo.insulationU>
</cim:TransformerEndInfo>
<cim:NoLoadTest rdf:ID="_2BF74C6A-95DD-4050-8DB5-1F50503AEF30">
  <cim:IdentifiedObject.mRID>_2BF74C6A-95DD-4050-8DB5-1F50503AEF30</cim:IdentifiedObject.mRID>
  <cim:IdentifiedObject.name>cimxfmrcode_xfmrab_1</cim:IdentifiedObject.name>
  <cim:NoLoadTest.EnergisedEnd rdf:resource="#_6E406CCE-3535-48B4-B7C3-929F153468CF"/>
  <cim:NoLoadTest.energisedEndVoltage>7200</cim:NoLoadTest.energisedEndVoltage>
  <cim:NoLoadTest.excitingCurrent>0</cim:NoLoadTest.excitingCurrent>
  <cim:NoLoadTest.excitingCurrentZero>0</cim:NoLoadTest.excitingCurrentZero>
  <cim:NoLoadTest.loss>0</cim:NoLoadTest.loss>
  <cim:NoLoadTest.lossZero>0</cim:NoLoadTest.lossZero>
  <cim:TransformerTest.basePower>15000</cim:TransformerTest.basePower>
  <cim:TransformerTest.temperature>50</cim:TransformerTest.temperature>
</cim:NoLoadTest>
<cim:ShortCircuitTest rdf:ID="_79DEE485-171C-4D9A-88B2-242A1FE4B8D7">
  <cim:IdentifiedObject.mRID>_79DEE485-171C-4D9A-88B2-242A1FE4B8D7</cim:IdentifiedObject.mRID>
  <cim:IdentifiedObject.name>cimxfmrcode_xfmrab_1</cim:IdentifiedObject.name>
  <cim:ShortCircuitTest.EnergisedEnd rdf:resource="#_6E406CCE-3535-48B4-B7C3-929F153468CF"/>
  <cim:ShortCircuitTest.GroundedEnds rdf:resource="#_68AA6758-F3E3-49DD-B9FF-A8E3DBC43822"/>
  <cim:ShortCircuitTest.energisedEndStep>16</cim:ShortCircuitTest.energisedEndStep>
  <cim:ShortCircuitTest.groundedEndStep>16</cim:ShortCircuitTest.groundedEndStep>
  <cim:ShortCircuitTest.leakageImpedance>49.7664</cim:ShortCircuitTest.leakageImpedance>
  <cim:ShortCircuitTest.leakageImpedanceZero>49.7664</cim:ShortCircuitTest.leakageImpedanceZero>
  <cim:ShortCircuitTest.loss>0.2925</cim:ShortCircuitTest.loss>
  <cim:ShortCircuitTest.lossZero>0.2925</cim:ShortCircuitTest.lossZero>
  <cim:TransformerTest.basePower>15000</cim:TransformerTest.basePower>
  <cim:TransformerTest.temperature>50</cim:TransformerTest.temperature>
</cim:ShortCircuitTest>
<cim:ShortCircuitTest rdf:ID="_F1560F01-7BA5-4D7B-AC87-10D1C028D4B8">
  <cim:IdentifiedObject.mRID>_F1560F01-7BA5-4D7B-AC87-10D1C028D4B8</cim:IdentifiedObject.mRID>
  <cim:IdentifiedObject.name>cimxfmrcode_xfmrab_2</cim:IdentifiedObject.name>
  <cim:ShortCircuitTest.EnergisedEnd rdf:resource="#_6E406CCE-3535-48B4-B7C3-929F153468CF"/>
  <cim:ShortCircuitTest.GroundedEnds rdf:resource="#_9CA33BEC-82CF-4413-8359-9521E6EDC4B5"/>
  <cim:ShortCircuitTest.energisedEndStep>16</cim:ShortCircuitTest.energisedEndStep>
  <cim:ShortCircuitTest.groundedEndStep>16</cim:ShortCircuitTest.groundedEndStep>
  <cim:ShortCircuitTest.leakageImpedance>49.7664</cim:ShortCircuitTest.leakageImpedance>
  <cim:ShortCircuitTest.leakageImpedanceZero>49.7664</cim:ShortCircuitTest.leakageImpedanceZero>
  <cim:ShortCircuitTest.loss>0</cim:ShortCircuitTest.loss>
  <cim:ShortCircuitTest.lossZero>0</cim:ShortCircuitTest.lossZero>
  <cim:TransformerTest.basePower>15000</cim:TransformerTest.basePower>
  <cim:TransformerTest.temperature>50</cim:TransformerTest.temperature>
</cim:ShortCircuitTest>
<cim:ShortCircuitTest rdf:ID="_D9DB7E9F-54F3-4558-B3EF-420F3F766BED">
  <cim:IdentifiedObject.mRID>_D9DB7E9F-54F3-4558-B3EF-420F3F766BED</cim:IdentifiedObject.mRID>
  <cim:IdentifiedObject.name>cimxfmrcode_xfmrab_3</cim:IdentifiedObject.name>
  <cim:ShortCircuitTest.EnergisedEnd rdf:resource="#_68AA6758-F3E3-49DD-B9FF-A8E3DBC43822"/>
  <cim:ShortCircuitTest.GroundedEnds rdf:resource="#_9CA33BEC-82CF-4413-8359-9521E6EDC4B5"/>
  <cim:ShortCircuitTest.energisedEndStep>16</cim:ShortCircuitTest.energisedEndStep>
  <cim:ShortCircuitTest.groundedEndStep>16</cim:ShortCircuitTest.groundedEndStep>
  <cim:ShortCircuitTest.leakageImpedance>0.009216</cim:ShortCircuitTest.leakageImpedance>
  <cim:ShortCircuitTest.leakageImpedanceZero>0.009216</cim:ShortCircuitTest.leakageImpedanceZero>
  <cim:ShortCircuitTest.loss>0</cim:ShortCircuitTest.loss>
  <cim:ShortCircuitTest.lossZero>0</cim:ShortCircuitTest.lossZero>
  <cim:TransformerTest.basePower>15000</cim:TransformerTest.basePower>
  <cim:TransformerTest.temperature>50</cim:TransformerTest.temperature>
</cim:ShortCircuitTest>
<cim:Asset rdf:ID="_B836BE9E-2DBB-4E0E-BE03-87C72D6431E8">
  <cim:IdentifiedObject.mRID>_B836BE9E-2DBB-4E0E-BE03-87C72D6431E8</cim:IdentifiedObject.mRID>
  <cim:IdentifiedObject.name>TankAsset_cimxfmrcode_xfmrab</cim:IdentifiedObject.name>
  <cim:Asset.AssetInfo rdf:resource="#_B8A76776-D764-4D72-9A80-472EBB0788F5"/>
  <cim:Asset.PowerSystemResources rdf:resource="#_F685A6DF-F34D-4F30-8C33-43D6F388EE0C"/>
</cim:Asset>
<cim:PowerTransformerInfo rdf:ID="_E277FEC6-EE55-480A-BFB3-DB42B99E3D2B">
  <cim:IdentifiedObject.mRID>_E277FEC6-EE55-480A-BFB3-DB42B99E3D2B</cim:IdentifiedObject.mRID>
  <cim:IdentifiedObject.name>cimxfmrcode_xfmrbc_PowerXfInfo</cim:IdentifiedObject.name>
</cim:PowerTransformerInfo>
<cim:TransformerTankInfo rdf:ID="_089D5BEE-FE2F-4F99-8773-AC7C64AC67CC">
  <cim:IdentifiedObject.mRID>_089D5BEE-FE2F-4F99-8773-AC7C64AC67CC</cim:IdentifiedObject.mRID>
  <cim:IdentifiedObject.name>cimxfmrcode_xfmrbc</cim:IdentifiedObject.name>
  <cim:TransformerTankInfo.PowerTransformerInfo rdf:resource="#_E277FEC6-EE55-480A-BFB3-DB42B99E3D2B"/>
</cim:TransformerTankInfo>
<cim:TransformerEndInfo rdf:ID="_B241090E-1FB8-4226-8833-E9C91653EC7A">
  <cim:IdentifiedObject.mRID>_B241090E-1FB8-4226-8833-E9C91653EC7A</cim:IdentifiedObject.mRID>
  <cim:IdentifiedObject.name>cimxfmrcode_xfmrbc_1</cim:IdentifiedObject.name>
  <cim:TransformerEndInfo.TransformerTankInfo rdf:resource="#_089D5BEE-FE2F-4F99-8773-AC7C64AC67CC"/>
  <cim:TransformerEndInfo.endNumber>1</cim:TransformerEndInfo.endNumber>
  <cim:TransformerEndInfo.connectionKind rdf:resource="http://iec.ch/TC57/CIM100#WindingConnection.I"/>
  <cim:TransformerEndInfo.phaseAngleClock>0</cim:TransformerEndInfo.phaseAngleClock>
  <cim:TransformerEndInfo.ratedU>7200</cim:TransformerEndInfo.ratedU>
  <cim:TransformerEndInfo.ratedS>10000</cim:TransformerEndInfo.ratedS>
  <cim:TransformerEndInfo.shortTermS>11000</cim:TransformerEndInfo.shortTermS>
  <cim:TransformerEndInfo.emergencyS>15000</cim:TransformerEndInfo.emergencyS>
  <cim:TransformerEndInfo.r>36.288</cim:TransformerEndInfo.r>
  <cim:TransformerEndInfo.insulationU>0</cim:TransformerEndInfo.insulationU>
</cim:TransformerEndInfo>
<cim:TransformerEndInfo rdf:ID="_35043289-0EC0-41B0-B757-3C6E8C30C81B">
  <cim:IdentifiedObject.mRID>_35043289-0EC0-41B0-B757-3C6E8C30C81B</cim:IdentifiedObject.mRID>
  <cim:IdentifiedObject.name>cimxfmrcode_xfmrbc_2</cim:IdentifiedObject.name>
  <cim:TransformerEndInfo.TransformerTankInfo rdf:resource="#_089D5BEE-FE2F-4F99-8773-AC7C64AC67CC"/>
  <cim:TransformerEndInfo.endNumber>2</cim:TransformerEndInfo.endNumber>
  <cim:TransformerEndInfo.connectionKind rdf:resource="http://iec.ch/TC57/CIM100#WindingConnection.I"/>
  <cim:TransformerEndInfo.phaseAngleClock>0</cim:TransformerEndInfo.phaseAngleClock>
  <cim:TransformerEndInfo.ratedU>240</cim:TransformerEndInfo.ratedU>
  <cim:TransformerEndInfo.ratedS>10000</cim:TransformerEndInfo.ratedS>
  <cim:TransformerEndInfo.shortTermS>11000</cim:TransformerEndInfo.shortTermS>
  <cim:TransformerEndInfo.emergencyS>15000</cim:TransformerEndInfo.emergencyS>
  <cim:TransformerEndInfo.r>0.04032</cim:TransformerEndInfo.r>
  <cim:TransformerEndInfo.insulationU>0</cim:TransformerEndInfo.insulationU>
</cim:TransformerEndInfo>
<cim:NoLoadTest rdf:ID="_D463D71F-744F-4F2F-BBCE-7FE6EB8C266B">
  <cim:IdentifiedObject.mRID>_D463D71F-744F-4F2F-BBCE-7FE6EB8C266B</cim:IdentifiedObject.mRID>
  <cim:IdentifiedObject.name>cimxfmrcode_xfmrbc_1</cim:IdentifiedObject.name>
  <cim:NoLoadTest.EnergisedEnd rdf:resource="#_B241090E-1FB8-4226-8833-E9C91653EC7A"/>
  <cim:NoLoadTest.energisedEndVoltage>7200</cim:NoLoadTest.energisedEndVoltage>
  <cim:NoLoadTest.excitingCurrent>0</cim:NoLoadTest.excitingCurrent>
  <cim:NoLoadTest.excitingCurrentZero>0</cim:NoLoadTest.excitingCurrentZero>
  <cim:NoLoadTest.loss>0</cim:NoLoadTest.loss>
  <cim:NoLoadTest.lossZero>0</cim:NoLoadTest.lossZero>
  <cim:TransformerTest.basePower>10000</cim:TransformerTest.basePower>
  <cim:TransformerTest.temperature>50</cim:TransformerTest.temperature>
</cim:NoLoadTest>
<cim:ShortCircuitTest rdf:ID="_5AF545EB-498B-48F2-BDC2-63B885E92D93">
  <cim:IdentifiedObject.mRID>_5AF545EB-498B-48F2-BDC2-63B885E92D93</cim:IdentifiedObject.mRID>
  <cim:IdentifiedObject.name>cimxfmrcode_xfmrbc_1</cim:IdentifiedObject.name>
  <cim:ShortCircuitTest.EnergisedEnd rdf:resource="#_B241090E-1FB8-4226-8833-E9C91653EC7A"/>
  <cim:ShortCircuitTest.GroundedEnds rdf:resource="#_35043289-0EC0-41B0-B757-3C6E8C30C81B"/>
  <cim:ShortCircuitTest.energisedEndStep>16</cim:ShortCircuitTest.energisedEndStep>
  <cim:ShortCircuitTest.groundedEndStep>16</cim:ShortCircuitTest.groundedEndStep>
  <cim:ShortCircuitTest.leakageImpedance>82.944</cim:ShortCircuitTest.leakageImpedance>
  <cim:ShortCircuitTest.leakageImpedanceZero>82.944</cim:ShortCircuitTest.leakageImpedanceZero>
  <cim:ShortCircuitTest.loss>0.14</cim:ShortCircuitTest.loss>
  <cim:ShortCircuitTest.lossZero>0.14</cim:ShortCircuitTest.lossZero>
  <cim:TransformerTest.basePower>10000</cim:TransformerTest.basePower>
  <cim:TransformerTest.temperature>50</cim:TransformerTest.temperature>
</cim:ShortCircuitTest>
<cim:Asset rdf:ID="_EE6A5AE5-00C0-4875-9CF1-308843809838">
  <cim:IdentifiedObject.mRID>_EE6A5AE5-00C0-4875-9CF1-308843809838</cim:IdentifiedObject.mRID>
  <cim:IdentifiedObject.name>TankAsset_cimxfmrcode_xfmrbc</cim:IdentifiedObject.name>
  <cim:Asset.AssetInfo rdf:resource="#_089D5BEE-FE2F-4F99-8773-AC7C64AC67CC"/>
  <cim:Asset.PowerSystemResources rdf:resource="#_E18AC24A-38D0-4A47-8C67-6DF380EA07C2"/>
</cim:Asset>
<cim:PowerTransformerInfo rdf:ID="_038BCBA9-751B-4E69-B25D-EC4B6702B309">
  <cim:IdentifiedObject.mRID>_038BCBA9-751B-4E69-B25D-EC4B6702B309</cim:IdentifiedObject.mRID>
  <cim:IdentifiedObject.name>cimxfmrcode_xfmrca_PowerXfInfo</cim:IdentifiedObject.name>
</cim:PowerTransformerInfo>
<cim:TransformerTankInfo rdf:ID="_72871037-65C9-422A-85AB-7FEAD2C23266">
  <cim:IdentifiedObject.mRID>_72871037-65C9-422A-85AB-7FEAD2C23266</cim:IdentifiedObject.mRID>
  <cim:IdentifiedObject.name>cimxfmrcode_xfmrca</cim:IdentifiedObject.name>
  <cim:TransformerTankInfo.PowerTransformerInfo rdf:resource="#_038BCBA9-751B-4E69-B25D-EC4B6702B309"/>
</cim:TransformerTankInfo>
<cim:TransformerEndInfo rdf:ID="_6F699C32-AB65-4269-B343-6584E6015E3C">
  <cim:IdentifiedObject.mRID>_6F699C32-AB65-4269-B343-6584E6015E3C</cim:IdentifiedObject.mRID>
  <cim:IdentifiedObject.name>cimxfmrcode_xfmrca_1</cim:IdentifiedObject.name>
  <cim:TransformerEndInfo.TransformerTankInfo rdf:resource="#_72871037-65C9-422A-85AB-7FEAD2C23266"/>
  <cim:TransformerEndInfo.endNumber>1</cim:TransformerEndInfo.endNumber>
  <cim:TransformerEndInfo.connectionKind rdf:resource="http://iec.ch/TC57/CIM100#WindingConnection.I"/>
  <cim:TransformerEndInfo.phaseAngleClock>0</cim:TransformerEndInfo.phaseAngleClock>
  <cim:TransformerEndInfo.ratedU>7200</cim:TransformerEndInfo.ratedU>
  <cim:TransformerEndInfo.ratedS>10000</cim:TransformerEndInfo.ratedS>
  <cim:TransformerEndInfo.shortTermS>11000</cim:TransformerEndInfo.shortTermS>
  <cim:TransformerEndInfo.emergencyS>15000</cim:TransformerEndInfo.emergencyS>
  <cim:TransformerEndInfo.r>36.288</cim:TransformerEndInfo.r>
  <cim:TransformerEndInfo.insulationU>0</cim:TransformerEndInfo.insulationU>
</cim:TransformerEndInfo>
<cim:TransformerEndInfo rdf:ID="_5D69CEF7-A649-40E7-9317-80617BA7A91A">
  <cim:IdentifiedObject.mRID>_5D69CEF7-A649-40E7-9317-80617BA7A91A</cim:IdentifiedObject.mRID>
  <cim:IdentifiedObject.name>cimxfmrcode_xfmrca_2</cim:IdentifiedObject.name>
  <cim:TransformerEndInfo.TransformerTankInfo rdf:resource="#_72871037-65C9-422A-85AB-7FEAD2C23266"/>
  <cim:TransformerEndInfo.endNumber>2</cim:TransformerEndInfo.endNumber>
  <cim:TransformerEndInfo.connectionKind rdf:resource="http://iec.ch/TC57/CIM100#WindingConnection.I"/>
  <cim:TransformerEndInfo.phaseAngleClock>0</cim:TransformerEndInfo.phaseAngleClock>
  <cim:TransformerEndInfo.ratedU>240</cim:TransformerEndInfo.ratedU>
  <cim:TransformerEndInfo.ratedS>10000</cim:TransformerEndInfo.ratedS>
  <cim:TransformerEndInfo.shortTermS>11000</cim:TransformerEndInfo.shortTermS>
  <cim:TransformerEndInfo.emergencyS>15000</cim:TransformerEndInfo.emergencyS>
  <cim:TransformerEndInfo.r>0.04032</cim:TransformerEndInfo.r>
  <cim:TransformerEndInfo.insulationU>0</cim:TransformerEndInfo.insulationU>
</cim:TransformerEndInfo>
<cim:NoLoadTest rdf:ID="_5DE34D76-7BE1-4915-B3D7-4B840DDC37F8">
  <cim:IdentifiedObject.mRID>_5DE34D76-7BE1-4915-B3D7-4B840DDC37F8</cim:IdentifiedObject.mRID>
  <cim:IdentifiedObject.name>cimxfmrcode_xfmrca_1</cim:IdentifiedObject.name>
  <cim:NoLoadTest.EnergisedEnd rdf:resource="#_6F699C32-AB65-4269-B343-6584E6015E3C"/>
  <cim:NoLoadTest.energisedEndVoltage>7200</cim:NoLoadTest.energisedEndVoltage>
  <cim:NoLoadTest.excitingCurrent>0</cim:NoLoadTest.excitingCurrent>
  <cim:NoLoadTest.excitingCurrentZero>0</cim:NoLoadTest.excitingCurrentZero>
  <cim:NoLoadTest.loss>0</cim:NoLoadTest.loss>
  <cim:NoLoadTest.lossZero>0</cim:NoLoadTest.lossZero>
  <cim:TransformerTest.basePower>10000</cim:TransformerTest.basePower>
  <cim:TransformerTest.temperature>50</cim:TransformerTest.temperature>
</cim:NoLoadTest>
<cim:ShortCircuitTest rdf:ID="_66E4BD87-4998-4B84-8181-B338EFBC0703">
  <cim:IdentifiedObject.mRID>_66E4BD87-4998-4B84-8181-B338EFBC0703</cim:IdentifiedObject.mRID>
  <cim:IdentifiedObject.name>cimxfmrcode_xfmrca_1</cim:IdentifiedObject.name>
  <cim:ShortCircuitTest.EnergisedEnd rdf:resource="#_6F699C32-AB65-4269-B343-6584E6015E3C"/>
  <cim:ShortCircuitTest.GroundedEnds rdf:resource="#_5D69CEF7-A649-40E7-9317-80617BA7A91A"/>
  <cim:ShortCircuitTest.energisedEndStep>16</cim:ShortCircuitTest.energisedEndStep>
  <cim:ShortCircuitTest.groundedEndStep>16</cim:ShortCircuitTest.groundedEndStep>
  <cim:ShortCircuitTest.leakageImpedance>82.944</cim:ShortCircuitTest.leakageImpedance>
  <cim:ShortCircuitTest.leakageImpedanceZero>82.944</cim:ShortCircuitTest.leakageImpedanceZero>
  <cim:ShortCircuitTest.loss>0.14</cim:ShortCircuitTest.loss>
  <cim:ShortCircuitTest.lossZero>0.14</cim:ShortCircuitTest.lossZero>
  <cim:TransformerTest.basePower>10000</cim:TransformerTest.basePower>
  <cim:TransformerTest.temperature>50</cim:TransformerTest.temperature>
</cim:ShortCircuitTest>
<cim:Asset rdf:ID="_ED5BB101-5E09-42C2-BD54-7476B06F499B">
  <cim:IdentifiedObject.mRID>_ED5BB101-5E09-42C2-BD54-7476B06F499B</cim:IdentifiedObject.mRID>
  <cim:IdentifiedObject.name>TankAsset_cimxfmrcode_xfmrca</cim:IdentifiedObject.name>
  <cim:Asset.AssetInfo rdf:resource="#_72871037-65C9-422A-85AB-7FEAD2C23266"/>
  <cim:Asset.PowerSystemResources rdf:resource="#_B3470AA1-C0FF-4E32-8BE6-6DD0D23DE433"/>
</cim:Asset>
<cim:TransformerTank rdf:ID="_F685A6DF-F34D-4F30-8C33-43D6F388EE0C">
  <cim:IdentifiedObject.mRID>_F685A6DF-F34D-4F30-8C33-43D6F388EE0C</cim:IdentifiedObject.mRID>
  <cim:IdentifiedObject.name>xfmrab</cim:IdentifiedObject.name>
  <cim:Equipment.EquipmentContainer rdf:resource="#_73BB36C0-6DB3-4480-A8B2-822B4AADD390"/>
  <cim:TransformerTank.PowerTransformer rdf:resource="#_E34F3251-0920-4F2D-96D4-0E40CD67CB64"/>
  <cim:PowerSystemResource.Location rdf:resource="#_1D4F2A9B-45A2-432A-890D-2193E96374BA"/>
</cim:TransformerTank>
<cim:Location rdf:ID="_1D4F2A9B-45A2-432A-890D-2193E96374BA">
  <cim:IdentifiedObject.mRID>_1D4F2A9B-45A2-432A-890D-2193E96374BA</cim:IdentifiedObject.mRID>
  <cim:IdentifiedObject.name>xfmrab_Loc</cim:IdentifiedObject.name>
  <cim:Location.CoordinateSystem rdf:resource="#_EEF110B9-CE18-4536-AEA0-F9F04D51DFED"/>
</cim:Location>
<cim:PositionPoint rdf:ID="_48446F32-B1B0-4C73-83AD-1E3C63D5E1A3">
  <cim:PositionPoint.Location rdf:resource="#_1D4F2A9B-45A2-432A-890D-2193E96374BA"/>
  <cim:PositionPoint.sequenceNumber>1</cim:PositionPoint.sequenceNumber>
  <cim:PositionPoint.xPosition>0</cim:PositionPoint.xPosition>
  <cim:PositionPoint.yPosition>0</cim:PositionPoint.yPosition>
</cim:PositionPoint>
<cim:PositionPoint rdf:ID="_AF9C407E-324D-4A91-A8E1-D426FDC790A0">
  <cim:PositionPoint.Location rdf:resource="#_1D4F2A9B-45A2-432A-890D-2193E96374BA"/>
  <cim:PositionPoint.sequenceNumber>2</cim:PositionPoint.sequenceNumber>
  <cim:PositionPoint.xPosition>0</cim:PositionPoint.xPosition>
  <cim:PositionPoint.yPosition>0</cim:PositionPoint.yPosition>
</cim:PositionPoint>
<cim:PositionPoint rdf:ID="_0C81C190-CB2C-4B89-819A-DFC2E1B9E44C">
  <cim:PositionPoint.Location rdf:resource="#_1D4F2A9B-45A2-432A-890D-2193E96374BA"/>
  <cim:PositionPoint.sequenceNumber>3</cim:PositionPoint.sequenceNumber>
  <cim:PositionPoint.xPosition>0</cim:PositionPoint.xPosition>
  <cim:PositionPoint.yPosition>0</cim:PositionPoint.yPosition>
</cim:PositionPoint>
<cim:TransformerTankEnd rdf:ID="_D7CE6F2D-9557-4EB5-BB73-DFBACC63EF6F">
  <cim:IdentifiedObject.mRID>_D7CE6F2D-9557-4EB5-BB73-DFBACC63EF6F</cim:IdentifiedObject.mRID>
  <cim:IdentifiedObject.name>xfmrab_End_1</cim:IdentifiedObject.name>
  <cim:TransformerTankEnd.phases rdf:resource="http://iec.ch/TC57/CIM100#PhaseCode.A"/>
  <cim:TransformerEnd.grounded>false</cim:TransformerEnd.grounded>
  <cim:TransformerTankEnd.reversed>false</cim:TransformerTankEnd.reversed>
  <cim:TransformerTankEnd.TransformerTank rdf:resource="#_F685A6DF-F34D-4F30-8C33-43D6F388EE0C"/>
  <cim:TransformerEnd.endNumber>1</cim:TransformerEnd.endNumber>
  <cim:TransformerEnd.Terminal rdf:resource="#_CFAFF0E9-4D7D-478C-8C19-A0FE3CE27963"/>
  <cim:TransformerEnd.BaseVoltage rdf:resource="#_427491A0-14AC-4218-A7EB-21ADCF1C1A61"/>
</cim:TransformerTankEnd>
<cim:Terminal rdf:ID="_CFAFF0E9-4D7D-478C-8C19-A0FE3CE27963">
  <cim:IdentifiedObject.mRID>_CFAFF0E9-4D7D-478C-8C19-A0FE3CE27963</cim:IdentifiedObject.mRID>
  <cim:IdentifiedObject.name>xfmrab_T1</cim:IdentifiedObject.name>
  <cim:Terminal.ConductingEquipment rdf:resource="#_E34F3251-0920-4F2D-96D4-0E40CD67CB64"/>
  <cim:ACDCTerminal.sequenceNumber>1</cim:ACDCTerminal.sequenceNumber>
  <cim:Terminal.ConnectivityNode rdf:resource="#_063A420E-ED6C-45D2-A160-332A5660CDDB"/>
  <cim:ACDCTerminal.OperationalLimitSet rdf:resource="#_A56108FE-6364-4566-9D56-0492E33A290C"/>
</cim:Terminal>
<cim:TransformerTankEnd rdf:ID="_271C78D2-EA0B-442C-B100-7F94334A71C8">
  <cim:IdentifiedObject.mRID>_271C78D2-EA0B-442C-B100-7F94334A71C8</cim:IdentifiedObject.mRID>
  <cim:IdentifiedObject.name>xfmrab_End_2</cim:IdentifiedObject.name>
  <cim:TransformerTankEnd.phases rdf:resource="http://iec.ch/TC57/CIM100#PhaseCode.A"/>
  <cim:TransformerEnd.grounded>true</cim:TransformerEnd.grounded>
  <cim:TransformerEnd.rground>0</cim:TransformerEnd.rground>
  <cim:TransformerEnd.xground>0</cim:TransformerEnd.xground>
  <cim:TransformerTankEnd.reversed>false</cim:TransformerTankEnd.reversed>
  <cim:TransformerTankEnd.TransformerTank rdf:resource="#_F685A6DF-F34D-4F30-8C33-43D6F388EE0C"/>
  <cim:TransformerEnd.endNumber>2</cim:TransformerEnd.endNumber>
  <cim:TransformerEnd.Terminal rdf:resource="#_A996ADAB-466A-4B14-8257-092BACAD4A8B"/>
  <cim:TransformerEnd.BaseVoltage rdf:resource="#_E1AF1772-6B24-41EA-8508-2E44317ECAB4"/>
</cim:TransformerTankEnd>
<cim:Terminal rdf:ID="_A996ADAB-466A-4B14-8257-092BACAD4A8B">
  <cim:IdentifiedObject.mRID>_A996ADAB-466A-4B14-8257-092BACAD4A8B</cim:IdentifiedObject.mRID>
  <cim:IdentifiedObject.name>xfmrab_T2</cim:IdentifiedObject.name>
  <cim:Terminal.ConductingEquipment rdf:resource="#_E34F3251-0920-4F2D-96D4-0E40CD67CB64"/>
  <cim:ACDCTerminal.sequenceNumber>2</cim:ACDCTerminal.sequenceNumber>
  <cim:Terminal.ConnectivityNode rdf:resource="#_C88D2E7D-2433-4A63-B241-ADF76DC9FEE1"/>
</cim:Terminal>
<cim:TransformerTankEnd rdf:ID="_9EF30910-45B4-4673-9754-F604FAD759AB">
  <cim:IdentifiedObject.mRID>_9EF30910-45B4-4673-9754-F604FAD759AB</cim:IdentifiedObject.mRID>
  <cim:IdentifiedObject.name>xfmrab_End_3</cim:IdentifiedObject.name>
  <cim:TransformerTankEnd.phases rdf:resource="http://iec.ch/TC57/CIM100#PhaseCode.B"/>
  <cim:TransformerEnd.grounded>true</cim:TransformerEnd.grounded>
  <cim:TransformerEnd.rground>0</cim:TransformerEnd.rground>
  <cim:TransformerEnd.xground>0</cim:TransformerEnd.xground>
  <cim:TransformerTankEnd.reversed>true</cim:TransformerTankEnd.reversed>
  <cim:TransformerTankEnd.TransformerTank rdf:resource="#_F685A6DF-F34D-4F30-8C33-43D6F388EE0C"/>
  <cim:TransformerEnd.endNumber>3</cim:TransformerEnd.endNumber>
  <cim:TransformerEnd.Terminal rdf:resource="#_A7479C70-1F62-4B15-BF47-22AFE39BA074"/>
  <cim:TransformerEnd.BaseVoltage rdf:resource="#_E1AF1772-6B24-41EA-8508-2E44317ECAB4"/>
</cim:TransformerTankEnd>
<cim:Terminal rdf:ID="_A7479C70-1F62-4B15-BF47-22AFE39BA074">
  <cim:IdentifiedObject.mRID>_A7479C70-1F62-4B15-BF47-22AFE39BA074</cim:IdentifiedObject.mRID>
  <cim:IdentifiedObject.name>xfmrab_T3</cim:IdentifiedObject.name>
  <cim:Terminal.ConductingEquipment rdf:resource="#_E34F3251-0920-4F2D-96D4-0E40CD67CB64"/>
  <cim:ACDCTerminal.sequenceNumber>3</cim:ACDCTerminal.sequenceNumber>
  <cim:Terminal.ConnectivityNode rdf:resource="#_C88D2E7D-2433-4A63-B241-ADF76DC9FEE1"/>
</cim:Terminal>
<cim:TransformerTank rdf:ID="_E18AC24A-38D0-4A47-8C67-6DF380EA07C2">
  <cim:IdentifiedObject.mRID>_E18AC24A-38D0-4A47-8C67-6DF380EA07C2</cim:IdentifiedObject.mRID>
  <cim:IdentifiedObject.name>xfmrbc</cim:IdentifiedObject.name>
  <cim:Equipment.EquipmentContainer rdf:resource="#_73BB36C0-6DB3-4480-A8B2-822B4AADD390"/>
  <cim:TransformerTank.PowerTransformer rdf:resource="#_F6472FFA-7D4C-4F9C-84C3-44558970E985"/>
  <cim:PowerSystemResource.Location rdf:resource="#_C716CC8C-EE29-4904-8CF9-BDE29032EC39"/>
</cim:TransformerTank>
<cim:Location rdf:ID="_C716CC8C-EE29-4904-8CF9-BDE29032EC39">
  <cim:IdentifiedObject.mRID>_C716CC8C-EE29-4904-8CF9-BDE29032EC39</cim:IdentifiedObject.mRID>
  <cim:IdentifiedObject.name>xfmrbc_Loc</cim:IdentifiedObject.name>
  <cim:Location.CoordinateSystem rdf:resource="#_EEF110B9-CE18-4536-AEA0-F9F04D51DFED"/>
</cim:Location>
<cim:PositionPoint rdf:ID="_D6EEAD0A-2F0B-40DA-B13F-5F5793F49F74">
  <cim:PositionPoint.Location rdf:resource="#_C716CC8C-EE29-4904-8CF9-BDE29032EC39"/>
  <cim:PositionPoint.sequenceNumber>1</cim:PositionPoint.sequenceNumber>
  <cim:PositionPoint.xPosition>0</cim:PositionPoint.xPosition>
  <cim:PositionPoint.yPosition>0</cim:PositionPoint.yPosition>
</cim:PositionPoint>
<cim:PositionPoint rdf:ID="_AEBD85B6-26D2-4AFF-A0E2-0720EAF36BD7">
  <cim:PositionPoint.Location rdf:resource="#_C716CC8C-EE29-4904-8CF9-BDE29032EC39"/>
  <cim:PositionPoint.sequenceNumber>2</cim:PositionPoint.sequenceNumber>
  <cim:PositionPoint.xPosition>0</cim:PositionPoint.xPosition>
  <cim:PositionPoint.yPosition>0</cim:PositionPoint.yPosition>
</cim:PositionPoint>
<cim:TransformerTankEnd rdf:ID="_D2B4D4F6-8DE1-4474-8D22-4386B735304A">
  <cim:IdentifiedObject.mRID>_D2B4D4F6-8DE1-4474-8D22-4386B735304A</cim:IdentifiedObject.mRID>
  <cim:IdentifiedObject.name>xfmrbc_End_1</cim:IdentifiedObject.name>
  <cim:TransformerTankEnd.phases rdf:resource="http://iec.ch/TC57/CIM100#PhaseCode.B"/>
  <cim:TransformerEnd.grounded>false</cim:TransformerEnd.grounded>
  <cim:TransformerTankEnd.reversed>false</cim:TransformerTankEnd.reversed>
  <cim:TransformerTankEnd.TransformerTank rdf:resource="#_E18AC24A-38D0-4A47-8C67-6DF380EA07C2"/>
  <cim:TransformerEnd.endNumber>1</cim:TransformerEnd.endNumber>
  <cim:TransformerEnd.Terminal rdf:resource="#_D91A85DF-08D7-471B-BDF1-2A5F3102B73B"/>
  <cim:TransformerEnd.BaseVoltage rdf:resource="#_427491A0-14AC-4218-A7EB-21ADCF1C1A61"/>
</cim:TransformerTankEnd>
<cim:Terminal rdf:ID="_D91A85DF-08D7-471B-BDF1-2A5F3102B73B">
  <cim:IdentifiedObject.mRID>_D91A85DF-08D7-471B-BDF1-2A5F3102B73B</cim:IdentifiedObject.mRID>
  <cim:IdentifiedObject.name>xfmrbc_T1</cim:IdentifiedObject.name>
  <cim:Terminal.ConductingEquipment rdf:resource="#_F6472FFA-7D4C-4F9C-84C3-44558970E985"/>
  <cim:ACDCTerminal.sequenceNumber>1</cim:ACDCTerminal.sequenceNumber>
  <cim:Terminal.ConnectivityNode rdf:resource="#_063A420E-ED6C-45D2-A160-332A5660CDDB"/>
  <cim:ACDCTerminal.OperationalLimitSet rdf:resource="#_40F2E25B-5169-415B-9FCA-4504F3FEE391"/>
</cim:Terminal>
<cim:TransformerTankEnd rdf:ID="_8ADABEFD-3587-4EAA-88EC-89EB6876340F">
  <cim:IdentifiedObject.mRID>_8ADABEFD-3587-4EAA-88EC-89EB6876340F</cim:IdentifiedObject.mRID>
  <cim:IdentifiedObject.name>xfmrbc_End_2</cim:IdentifiedObject.name>
  <cim:TransformerTankEnd.phases rdf:resource="http://iec.ch/TC57/CIM100#PhaseCode.BC"/>
  <cim:TransformerEnd.grounded>false</cim:TransformerEnd.grounded>
  <cim:TransformerTankEnd.reversed>false</cim:TransformerTankEnd.reversed>
  <cim:TransformerTankEnd.TransformerTank rdf:resource="#_E18AC24A-38D0-4A47-8C67-6DF380EA07C2"/>
  <cim:TransformerEnd.endNumber>2</cim:TransformerEnd.endNumber>
  <cim:TransformerEnd.Terminal rdf:resource="#_ED37B4D4-3179-4DE4-93CD-633134A508A2"/>
  <cim:TransformerEnd.BaseVoltage rdf:resource="#_E1AF1772-6B24-41EA-8508-2E44317ECAB4"/>
</cim:TransformerTankEnd>
<cim:Terminal rdf:ID="_ED37B4D4-3179-4DE4-93CD-633134A508A2">
  <cim:IdentifiedObject.mRID>_ED37B4D4-3179-4DE4-93CD-633134A508A2</cim:IdentifiedObject.mRID>
  <cim:IdentifiedObject.name>xfmrbc_T2</cim:IdentifiedObject.name>
  <cim:Terminal.ConductingEquipment rdf:resource="#_F6472FFA-7D4C-4F9C-84C3-44558970E985"/>
  <cim:ACDCTerminal.sequenceNumber>2</cim:ACDCTerminal.sequenceNumber>
  <cim:Terminal.ConnectivityNode rdf:resource="#_C88D2E7D-2433-4A63-B241-ADF76DC9FEE1"/>
</cim:Terminal>
<cim:TransformerTank rdf:ID="_B3470AA1-C0FF-4E32-8BE6-6DD0D23DE433">
  <cim:IdentifiedObject.mRID>_B3470AA1-C0FF-4E32-8BE6-6DD0D23DE433</cim:IdentifiedObject.mRID>
  <cim:IdentifiedObject.name>xfmrca</cim:IdentifiedObject.name>
  <cim:Equipment.EquipmentContainer rdf:resource="#_73BB36C0-6DB3-4480-A8B2-822B4AADD390"/>
  <cim:TransformerTank.PowerTransformer rdf:resource="#_0993BB5B-E1B0-4D08-831D-3E5288B8F204"/>
  <cim:PowerSystemResource.Location rdf:resource="#_BC06A557-64C2-4468-8A03-C77F52E9A409"/>
</cim:TransformerTank>
<cim:Location rdf:ID="_BC06A557-64C2-4468-8A03-C77F52E9A409">
  <cim:IdentifiedObject.mRID>_BC06A557-64C2-4468-8A03-C77F52E9A409</cim:IdentifiedObject.mRID>
  <cim:IdentifiedObject.name>xfmrca_Loc</cim:IdentifiedObject.name>
  <cim:Location.CoordinateSystem rdf:resource="#_EEF110B9-CE18-4536-AEA0-F9F04D51DFED"/>
</cim:Location>
<cim:PositionPoint rdf:ID="_37587441-EF64-495C-AC86-D2A08CA42465">
  <cim:PositionPoint.Location rdf:resource="#_BC06A557-64C2-4468-8A03-C77F52E9A409"/>
  <cim:PositionPoint.sequenceNumber>1</cim:PositionPoint.sequenceNumber>
  <cim:PositionPoint.xPosition>0</cim:PositionPoint.xPosition>
  <cim:PositionPoint.yPosition>0</cim:PositionPoint.yPosition>
</cim:PositionPoint>
<cim:PositionPoint rdf:ID="_F9A24A32-CE8D-4498-A4CE-135894555F03">
  <cim:PositionPoint.Location rdf:resource="#_BC06A557-64C2-4468-8A03-C77F52E9A409"/>
  <cim:PositionPoint.sequenceNumber>2</cim:PositionPoint.sequenceNumber>
  <cim:PositionPoint.xPosition>0</cim:PositionPoint.xPosition>
  <cim:PositionPoint.yPosition>0</cim:PositionPoint.yPosition>
</cim:PositionPoint>
<cim:TransformerTankEnd rdf:ID="_D64F2262-18C2-4E1F-80A8-800EBD8A0350">
  <cim:IdentifiedObject.mRID>_D64F2262-18C2-4E1F-80A8-800EBD8A0350</cim:IdentifiedObject.mRID>
  <cim:IdentifiedObject.name>xfmrca_End_1</cim:IdentifiedObject.name>
  <cim:TransformerTankEnd.phases rdf:resource="http://iec.ch/TC57/CIM100#PhaseCode.C"/>
  <cim:TransformerEnd.grounded>false</cim:TransformerEnd.grounded>
  <cim:TransformerTankEnd.reversed>false</cim:TransformerTankEnd.reversed>
  <cim:TransformerTankEnd.TransformerTank rdf:resource="#_B3470AA1-C0FF-4E32-8BE6-6DD0D23DE433"/>
  <cim:TransformerEnd.endNumber>1</cim:TransformerEnd.endNumber>
  <cim:TransformerEnd.Terminal rdf:resource="#_1D157768-CFC8-40A9-B5D8-80B18062E323"/>
  <cim:TransformerEnd.BaseVoltage rdf:resource="#_427491A0-14AC-4218-A7EB-21ADCF1C1A61"/>
</cim:TransformerTankEnd>
<cim:Terminal rdf:ID="_1D157768-CFC8-40A9-B5D8-80B18062E323">
  <cim:IdentifiedObject.mRID>_1D157768-CFC8-40A9-B5D8-80B18062E323</cim:IdentifiedObject.mRID>
  <cim:IdentifiedObject.name>xfmrca_T1</cim:IdentifiedObject.name>
  <cim:Terminal.ConductingEquipment rdf:resource="#_0993BB5B-E1B0-4D08-831D-3E5288B8F204"/>
  <cim:ACDCTerminal.sequenceNumber>1</cim:ACDCTerminal.sequenceNumber>
  <cim:Terminal.ConnectivityNode rdf:resource="#_063A420E-ED6C-45D2-A160-332A5660CDDB"/>
  <cim:ACDCTerminal.OperationalLimitSet rdf:resource="#_40F2E25B-5169-415B-9FCA-4504F3FEE391"/>
</cim:Terminal>
<cim:TransformerTankEnd rdf:ID="_87655454-D423-47B7-8433-39119AFBDA3B">
  <cim:IdentifiedObject.mRID>_87655454-D423-47B7-8433-39119AFBDA3B</cim:IdentifiedObject.mRID>
  <cim:IdentifiedObject.name>xfmrca_End_2</cim:IdentifiedObject.name>
  <cim:TransformerTankEnd.phases rdf:resource="http://iec.ch/TC57/CIM100#PhaseCode.AC"/>
  <cim:TransformerEnd.grounded>false</cim:TransformerEnd.grounded>
  <cim:TransformerTankEnd.reversed>true</cim:TransformerTankEnd.reversed>
  <cim:TransformerTankEnd.TransformerTank rdf:resource="#_B3470AA1-C0FF-4E32-8BE6-6DD0D23DE433"/>
  <cim:TransformerEnd.endNumber>2</cim:TransformerEnd.endNumber>
  <cim:TransformerEnd.Terminal rdf:resource="#_EBF7634D-34C9-4A9E-8E40-EDB0D631BD27"/>
  <cim:TransformerEnd.BaseVoltage rdf:resource="#_E1AF1772-6B24-41EA-8508-2E44317ECAB4"/>
</cim:TransformerTankEnd>
<cim:Terminal rdf:ID="_EBF7634D-34C9-4A9E-8E40-EDB0D631BD27">
  <cim:IdentifiedObject.mRID>_EBF7634D-34C9-4A9E-8E40-EDB0D631BD27</cim:IdentifiedObject.mRID>
  <cim:IdentifiedObject.name>xfmrca_T2</cim:IdentifiedObject.name>
  <cim:Terminal.ConductingEquipment rdf:resource="#_0993BB5B-E1B0-4D08-831D-3E5288B8F204"/>
  <cim:ACDCTerminal.sequenceNumber>2</cim:ACDCTerminal.sequenceNumber>
  <cim:Terminal.ConnectivityNode rdf:resource="#_C88D2E7D-2433-4A63-B241-ADF76DC9FEE1"/>
</cim:Terminal>
<cim:PowerTransformer rdf:ID="_E34F3251-0920-4F2D-96D4-0E40CD67CB64">
  <cim:IdentifiedObject.mRID>_E34F3251-0920-4F2D-96D4-0E40CD67CB64</cim:IdentifiedObject.mRID>
  <cim:IdentifiedObject.name>xfmrab</cim:IdentifiedObject.name>
  <cim:Equipment.EquipmentContainer rdf:resource="#_73BB36C0-6DB3-4480-A8B2-822B4AADD390"/>
  <cim:PowerTransformer.vectorGroup>Iii</cim:PowerTransformer.vectorGroup>
  <cim:PowerSystemResource.Location rdf:resource="#_1D4F2A9B-45A2-432A-890D-2193E96374BA"/>
</cim:PowerTransformer>
<cim:PowerTransformer rdf:ID="_F6472FFA-7D4C-4F9C-84C3-44558970E985">
  <cim:IdentifiedObject.mRID>_F6472FFA-7D4C-4F9C-84C3-44558970E985</cim:IdentifiedObject.mRID>
  <cim:IdentifiedObject.name>xfmrbc</cim:IdentifiedObject.name>
  <cim:Equipment.EquipmentContainer rdf:resource="#_73BB36C0-6DB3-4480-A8B2-822B4AADD390"/>
  <cim:PowerTransformer.vectorGroup>Ii</cim:PowerTransformer.vectorGroup>
  <cim:PowerSystemResource.Location rdf:resource="#_C716CC8C-EE29-4904-8CF9-BDE29032EC39"/>
</cim:PowerTransformer>
<cim:PowerTransformer rdf:ID="_0993BB5B-E1B0-4D08-831D-3E5288B8F204">
  <cim:IdentifiedObject.mRID>_0993BB5B-E1B0-4D08-831D-3E5288B8F204</cim:IdentifiedObject.mRID>
  <cim:IdentifiedObject.name>xfmrca</cim:IdentifiedObject.name>
  <cim:Equipment.EquipmentContainer rdf:resource="#_73BB36C0-6DB3-4480-A8B2-822B4AADD390"/>
  <cim:PowerTransformer.vectorGroup>Ii</cim:PowerTransformer.vectorGroup>
  <cim:PowerSystemResource.Location rdf:resource="#_BC06A557-64C2-4468-8A03-C77F52E9A409"/>
</cim:PowerTransformer>
<cim:ACLineSegment rdf:ID="_4B72BC6C-B2F1-4873-A072-69114106F534">
  <cim:IdentifiedObject.mRID>_4B72BC6C-B2F1-4873-A072-69114106F534</cim:IdentifiedObject.mRID>
  <cim:IdentifiedObject.name>ohline</cim:IdentifiedObject.name>
  <cim:Equipment.EquipmentContainer rdf:resource="#_73BB36C0-6DB3-4480-A8B2-822B4AADD390"/>
  <cim:ConductingEquipment.BaseVoltage rdf:resource="#_427491A0-14AC-4218-A7EB-21ADCF1C1A61"/>
  <cim:Conductor.length>1609.344</cim:Conductor.length>
  <cim:ACLineSegment.PerLengthImpedance rdf:resource="#_4C0D909A-FD00-4D5C-925B-4AEDFFB5731E"/>
  <cim:PowerSystemResource.Location rdf:resource="#_E142026C-2DF4-471E-B649-759F972A423F"/>
</cim:ACLineSegment>
<cim:ACLineSegmentPhase rdf:ID="_073F176E-F7DE-4882-ADE1-DCB40CE68C66">
  <cim:IdentifiedObject.mRID>_073F176E-F7DE-4882-ADE1-DCB40CE68C66</cim:IdentifiedObject.mRID>
  <cim:IdentifiedObject.name>ohline_A</cim:IdentifiedObject.name>
  <cim:ACLineSegmentPhase.phase rdf:resource="http://iec.ch/TC57/CIM100#SinglePhaseKind.A"/>
  <cim:ACLineSegmentPhase.sequenceNumber>1</cim:ACLineSegmentPhase.sequenceNumber>
  <cim:ACLineSegmentPhase.ACLineSegment rdf:resource="#_4B72BC6C-B2F1-4873-A072-69114106F534"/>
  <cim:PowerSystemResource.Location rdf:resource="#_E142026C-2DF4-471E-B649-759F972A423F"/>
</cim:ACLineSegmentPhase>
<cim:ACLineSegmentPhase rdf:ID="_97BBAAAB-3D6D-4BAE-801C-87CED69AE6EB">
  <cim:IdentifiedObject.mRID>_97BBAAAB-3D6D-4BAE-801C-87CED69AE6EB</cim:IdentifiedObject.mRID>
  <cim:IdentifiedObject.name>ohline_B</cim:IdentifiedObject.name>
  <cim:ACLineSegmentPhase.phase rdf:resource="http://iec.ch/TC57/CIM100#SinglePhaseKind.B"/>
  <cim:ACLineSegmentPhase.sequenceNumber>2</cim:ACLineSegmentPhase.sequenceNumber>
  <cim:ACLineSegmentPhase.ACLineSegment rdf:resource="#_4B72BC6C-B2F1-4873-A072-69114106F534"/>
  <cim:PowerSystemResource.Location rdf:resource="#_E142026C-2DF4-471E-B649-759F972A423F"/>
</cim:ACLineSegmentPhase>
<cim:ACLineSegmentPhase rdf:ID="_15CEF408-FCD4-43F0-95E2-9E76EDBCF928">
  <cim:IdentifiedObject.mRID>_15CEF408-FCD4-43F0-95E2-9E76EDBCF928</cim:IdentifiedObject.mRID>
  <cim:IdentifiedObject.name>ohline_C</cim:IdentifiedObject.name>
  <cim:ACLineSegmentPhase.phase rdf:resource="http://iec.ch/TC57/CIM100#SinglePhaseKind.C"/>
  <cim:ACLineSegmentPhase.sequenceNumber>3</cim:ACLineSegmentPhase.sequenceNumber>
  <cim:ACLineSegmentPhase.ACLineSegment rdf:resource="#_4B72BC6C-B2F1-4873-A072-69114106F534"/>
  <cim:PowerSystemResource.Location rdf:resource="#_E142026C-2DF4-471E-B649-759F972A423F"/>
</cim:ACLineSegmentPhase>
<cim:Terminal rdf:ID="_B8474937-89A9-4F49-8A5A-876AB5E62080">
  <cim:IdentifiedObject.mRID>_B8474937-89A9-4F49-8A5A-876AB5E62080</cim:IdentifiedObject.mRID>
  <cim:IdentifiedObject.name>ohline_T1</cim:IdentifiedObject.name>
  <cim:Terminal.ConductingEquipment rdf:resource="#_4B72BC6C-B2F1-4873-A072-69114106F534"/>
  <cim:ACDCTerminal.sequenceNumber>1</cim:ACDCTerminal.sequenceNumber>
  <cim:Terminal.ConnectivityNode rdf:resource="#_394EDB7E-6D37-469C-BEE9-882A1A9DDD35"/>
  <cim:ACDCTerminal.OperationalLimitSet rdf:resource="#_BEB34306-FF28-44FF-B92F-3A96FB202637"/>
</cim:Terminal>
<cim:Terminal rdf:ID="_56311816-9618-4EF4-8DF6-59E70683C586">
  <cim:IdentifiedObject.mRID>_56311816-9618-4EF4-8DF6-59E70683C586</cim:IdentifiedObject.mRID>
  <cim:IdentifiedObject.name>ohline_T2</cim:IdentifiedObject.name>
  <cim:Terminal.ConductingEquipment rdf:resource="#_4B72BC6C-B2F1-4873-A072-69114106F534"/>
  <cim:ACDCTerminal.sequenceNumber>2</cim:ACDCTerminal.sequenceNumber>
  <cim:Terminal.ConnectivityNode rdf:resource="#_063A420E-ED6C-45D2-A160-332A5660CDDB"/>
</cim:Terminal>
<cim:Location rdf:ID="_E142026C-2DF4-471E-B649-759F972A423F">
  <cim:IdentifiedObject.mRID>_E142026C-2DF4-471E-B649-759F972A423F</cim:IdentifiedObject.mRID>
  <cim:IdentifiedObject.name>ohline_Loc</cim:IdentifiedObject.name>
  <cim:Location.CoordinateSystem rdf:resource="#_EEF110B9-CE18-4536-AEA0-F9F04D51DFED"/>
</cim:Location>
<cim:PositionPoint rdf:ID="_946F9083-20CE-4E1F-97E3-E3FCB3BEDA5F">
  <cim:PositionPoint.Location rdf:resource="#_E142026C-2DF4-471E-B649-759F972A423F"/>
  <cim:PositionPoint.sequenceNumber>1</cim:PositionPoint.sequenceNumber>
  <cim:PositionPoint.xPosition>0</cim:PositionPoint.xPosition>
  <cim:PositionPoint.yPosition>0</cim:PositionPoint.yPosition>
</cim:PositionPoint>
<cim:PositionPoint rdf:ID="_5CF4F0F0-60E8-4801-807B-49934B85CE76">
  <cim:PositionPoint.Location rdf:resource="#_E142026C-2DF4-471E-B649-759F972A423F"/>
  <cim:PositionPoint.sequenceNumber>2</cim:PositionPoint.sequenceNumber>
  <cim:PositionPoint.xPosition>0</cim:PositionPoint.xPosition>
  <cim:PositionPoint.yPosition>0</cim:PositionPoint.yPosition>
</cim:PositionPoint>
<cim:ACLineSegment rdf:ID="_3A92BA0C-F3DE-4E42-84CB-1AC2FF46F48E">
  <cim:IdentifiedObject.mRID>_3A92BA0C-F3DE-4E42-84CB-1AC2FF46F48E</cim:IdentifiedObject.mRID>
  <cim:IdentifiedObject.name>quad</cim:IdentifiedObject.name>
  <cim:Equipment.EquipmentContainer rdf:resource="#_73BB36C0-6DB3-4480-A8B2-822B4AADD390"/>
  <cim:ConductingEquipment.BaseVoltage rdf:resource="#_E1AF1772-6B24-41EA-8508-2E44317ECAB4"/>
  <cim:Conductor.length>30.48</cim:Conductor.length>
  <cim:ACLineSegment.PerLengthImpedance rdf:resource="#_208E19A8-E470-44C5-AEC2-10CB5ED4EBA9"/>
  <cim:PowerSystemResource.Location rdf:resource="#_8DA312E5-B2BC-4BED-9EBD-1E8B613EE91D"/>
</cim:ACLineSegment>
<cim:ACLineSegmentPhase rdf:ID="_C24C9567-3C06-474E-99BE-33C17B60A812">
  <cim:IdentifiedObject.mRID>_C24C9567-3C06-474E-99BE-33C17B60A812</cim:IdentifiedObject.mRID>
  <cim:IdentifiedObject.name>quad_A</cim:IdentifiedObject.name>
  <cim:ACLineSegmentPhase.phase rdf:resource="http://iec.ch/TC57/CIM100#SinglePhaseKind.A"/>
  <cim:ACLineSegmentPhase.sequenceNumber>1</cim:ACLineSegmentPhase.sequenceNumber>
  <cim:ACLineSegmentPhase.ACLineSegment rdf:resource="#_3A92BA0C-F3DE-4E42-84CB-1AC2FF46F48E"/>
  <cim:PowerSystemResource.Location rdf:resource="#_8DA312E5-B2BC-4BED-9EBD-1E8B613EE91D"/>
</cim:ACLineSegmentPhase>
<cim:ACLineSegmentPhase rdf:ID="_218815B4-0306-4FD3-B30D-60D92098202E">
  <cim:IdentifiedObject.mRID>_218815B4-0306-4FD3-B30D-60D92098202E</cim:IdentifiedObject.mRID>
  <cim:IdentifiedObject.name>quad_B</cim:IdentifiedObject.name>
  <cim:ACLineSegmentPhase.phase rdf:resource="http://iec.ch/TC57/CIM100#SinglePhaseKind.B"/>
  <cim:ACLineSegmentPhase.sequenceNumber>2</cim:ACLineSegmentPhase.sequenceNumber>
  <cim:ACLineSegmentPhase.ACLineSegment rdf:resource="#_3A92BA0C-F3DE-4E42-84CB-1AC2FF46F48E"/>
  <cim:PowerSystemResource.Location rdf:resource="#_8DA312E5-B2BC-4BED-9EBD-1E8B613EE91D"/>
</cim:ACLineSegmentPhase>
<cim:ACLineSegmentPhase rdf:ID="_AA8F53E7-C754-4D0E-A5C5-67D3FE3EFB0B">
  <cim:IdentifiedObject.mRID>_AA8F53E7-C754-4D0E-A5C5-67D3FE3EFB0B</cim:IdentifiedObject.mRID>
  <cim:IdentifiedObject.name>quad_C</cim:IdentifiedObject.name>
  <cim:ACLineSegmentPhase.phase rdf:resource="http://iec.ch/TC57/CIM100#SinglePhaseKind.C"/>
  <cim:ACLineSegmentPhase.sequenceNumber>3</cim:ACLineSegmentPhase.sequenceNumber>
  <cim:ACLineSegmentPhase.ACLineSegment rdf:resource="#_3A92BA0C-F3DE-4E42-84CB-1AC2FF46F48E"/>
  <cim:PowerSystemResource.Location rdf:resource="#_8DA312E5-B2BC-4BED-9EBD-1E8B613EE91D"/>
</cim:ACLineSegmentPhase>
<cim:Terminal rdf:ID="_1C35A5BB-C226-47D9-A24E-A30824EE208E">
  <cim:IdentifiedObject.mRID>_1C35A5BB-C226-47D9-A24E-A30824EE208E</cim:IdentifiedObject.mRID>
  <cim:IdentifiedObject.name>quad_T1</cim:IdentifiedObject.name>
  <cim:Terminal.ConductingEquipment rdf:resource="#_3A92BA0C-F3DE-4E42-84CB-1AC2FF46F48E"/>
  <cim:ACDCTerminal.sequenceNumber>1</cim:ACDCTerminal.sequenceNumber>
  <cim:Terminal.ConnectivityNode rdf:resource="#_C88D2E7D-2433-4A63-B241-ADF76DC9FEE1"/>
  <cim:ACDCTerminal.OperationalLimitSet rdf:resource="#_BEB34306-FF28-44FF-B92F-3A96FB202637"/>
</cim:Terminal>
<cim:Terminal rdf:ID="_C061CC9F-3AA6-41A9-A73A-E63A0D38C601">
  <cim:IdentifiedObject.mRID>_C061CC9F-3AA6-41A9-A73A-E63A0D38C601</cim:IdentifiedObject.mRID>
  <cim:IdentifiedObject.name>quad_T2</cim:IdentifiedObject.name>
  <cim:Terminal.ConductingEquipment rdf:resource="#_3A92BA0C-F3DE-4E42-84CB-1AC2FF46F48E"/>
  <cim:ACDCTerminal.sequenceNumber>2</cim:ACDCTerminal.sequenceNumber>
  <cim:Terminal.ConnectivityNode rdf:resource="#_78EBFEEC-4CA9-42F9-9F16-749B5B391F8A"/>
</cim:Terminal>
<cim:Location rdf:ID="_8DA312E5-B2BC-4BED-9EBD-1E8B613EE91D">
  <cim:IdentifiedObject.mRID>_8DA312E5-B2BC-4BED-9EBD-1E8B613EE91D</cim:IdentifiedObject.mRID>
  <cim:IdentifiedObject.name>quad_Loc</cim:IdentifiedObject.name>
  <cim:Location.CoordinateSystem rdf:resource="#_EEF110B9-CE18-4536-AEA0-F9F04D51DFED"/>
</cim:Location>
<cim:PositionPoint rdf:ID="_50FD1C95-DDD0-4198-984A-9BC4AF018A29">
  <cim:PositionPoint.Location rdf:resource="#_8DA312E5-B2BC-4BED-9EBD-1E8B613EE91D"/>
  <cim:PositionPoint.sequenceNumber>1</cim:PositionPoint.sequenceNumber>
  <cim:PositionPoint.xPosition>0</cim:PositionPoint.xPosition>
  <cim:PositionPoint.yPosition>0</cim:PositionPoint.yPosition>
</cim:PositionPoint>
<cim:PositionPoint rdf:ID="_B3F04624-483C-4C39-8F25-30503A88A278">
  <cim:PositionPoint.Location rdf:resource="#_8DA312E5-B2BC-4BED-9EBD-1E8B613EE91D"/>
  <cim:PositionPoint.sequenceNumber>2</cim:PositionPoint.sequenceNumber>
  <cim:PositionPoint.xPosition>0</cim:PositionPoint.xPosition>
  <cim:PositionPoint.yPosition>0</cim:PositionPoint.yPosition>
</cim:PositionPoint>
<cim:LoadResponseCharacteristic rdf:ID="_A371B3C2-1140-4CD7-9A50-865A048D0AC6">
  <cim:IdentifiedObject.mRID>_A371B3C2-1140-4CD7-9A50-865A048D0AC6</cim:IdentifiedObject.mRID>
  <cim:IdentifiedObject.name>Constant kVA</cim:IdentifiedObject.name>
  <cim:LoadResponseCharacteristic.exponentModel>false</cim:LoadResponseCharacteristic.exponentModel>
  <cim:LoadResponseCharacteristic.pConstantImpedance>0</cim:LoadResponseCharacteristic.pConstantImpedance>
  <cim:LoadResponseCharacteristic.pConstantCurrent>0</cim:LoadResponseCharacteristic.pConstantCurrent>
  <cim:LoadResponseCharacteristic.pConstantPower>100</cim:LoadResponseCharacteristic.pConstantPower>
  <cim:LoadResponseCharacteristic.qConstantImpedance>0</cim:LoadResponseCharacteristic.qConstantImpedance>
  <cim:LoadResponseCharacteristic.qConstantCurrent>0</cim:LoadResponseCharacteristic.qConstantCurrent>
  <cim:LoadResponseCharacteristic.qConstantPower>100</cim:LoadResponseCharacteristic.qConstantPower>
  <cim:LoadResponseCharacteristic.pVoltageExponent>0</cim:LoadResponseCharacteristic.pVoltageExponent>
  <cim:LoadResponseCharacteristic.qVoltageExponent>0</cim:LoadResponseCharacteristic.qVoltageExponent>
  <cim:LoadResponseCharacteristic.pFrequencyExponent>0</cim:LoadResponseCharacteristic.pFrequencyExponent>
  <cim:LoadResponseCharacteristic.qFrequencyExponent>0</cim:LoadResponseCharacteristic.qFrequencyExponent>
</cim:LoadResponseCharacteristic>
<cim:LoadResponseCharacteristic rdf:ID="_2EEE6A06-9353-4EA3-B5FF-AD9C3A51E467">
  <cim:IdentifiedObject.mRID>_2EEE6A06-9353-4EA3-B5FF-AD9C3A51E467</cim:IdentifiedObject.mRID>
  <cim:IdentifiedObject.name>Constant Z</cim:IdentifiedObject.name>
  <cim:LoadResponseCharacteristic.exponentModel>false</cim:LoadResponseCharacteristic.exponentModel>
  <cim:LoadResponseCharacteristic.pConstantImpedance>100</cim:LoadResponseCharacteristic.pConstantImpedance>
  <cim:LoadResponseCharacteristic.pConstantCurrent>0</cim:LoadResponseCharacteristic.pConstantCurrent>
  <cim:LoadResponseCharacteristic.pConstantPower>0</cim:LoadResponseCharacteristic.pConstantPower>
  <cim:LoadResponseCharacteristic.qConstantImpedance>100</cim:LoadResponseCharacteristic.qConstantImpedance>
  <cim:LoadResponseCharacteristic.qConstantCurrent>0</cim:LoadResponseCharacteristic.qConstantCurrent>
  <cim:LoadResponseCharacteristic.qConstantPower>0</cim:LoadResponseCharacteristic.qConstantPower>
  <cim:LoadResponseCharacteristic.pVoltageExponent>0</cim:LoadResponseCharacteristic.pVoltageExponent>
  <cim:LoadResponseCharacteristic.qVoltageExponent>0</cim:LoadResponseCharacteristic.qVoltageExponent>
  <cim:LoadResponseCharacteristic.pFrequencyExponent>0</cim:LoadResponseCharacteristic.pFrequencyExponent>
  <cim:LoadResponseCharacteristic.qFrequencyExponent>0</cim:LoadResponseCharacteristic.qFrequencyExponent>
</cim:LoadResponseCharacteristic>
<cim:LoadResponseCharacteristic rdf:ID="_1318E85F-570A-47B9-A897-0FB88D02B7EB">
  <cim:IdentifiedObject.mRID>_1318E85F-570A-47B9-A897-0FB88D02B7EB</cim:IdentifiedObject.mRID>
  <cim:IdentifiedObject.name>Motor</cim:IdentifiedObject.name>
  <cim:LoadResponseCharacteristic.exponentModel>false</cim:LoadResponseCharacteristic.exponentModel>
  <cim:LoadResponseCharacteristic.pConstantImpedance>0</cim:LoadResponseCharacteristic.pConstantImpedance>
  <cim:LoadResponseCharacteristic.pConstantCurrent>0</cim:LoadResponseCharacteristic.pConstantCurrent>
  <cim:LoadResponseCharacteristic.pConstantPower>100</cim:LoadResponseCharacteristic.pConstantPower>
  <cim:LoadResponseCharacteristic.qConstantImpedance>100</cim:LoadResponseCharacteristic.qConstantImpedance>
  <cim:LoadResponseCharacteristic.qConstantCurrent>0</cim:LoadResponseCharacteristic.qConstantCurrent>
  <cim:LoadResponseCharacteristic.qConstantPower>0</cim:LoadResponseCharacteristic.qConstantPower>
  <cim:LoadResponseCharacteristic.pVoltageExponent>0</cim:LoadResponseCharacteristic.pVoltageExponent>
  <cim:LoadResponseCharacteristic.qVoltageExponent>0</cim:LoadResponseCharacteristic.qVoltageExponent>
  <cim:LoadResponseCharacteristic.pFrequencyExponent>0</cim:LoadResponseCharacteristic.pFrequencyExponent>
  <cim:LoadResponseCharacteristic.qFrequencyExponent>0</cim:LoadResponseCharacteristic.qFrequencyExponent>
</cim:LoadResponseCharacteristic>
<cim:LoadResponseCharacteristic rdf:ID="_BDA751FF-CA57-41D8-A6C6-06F1C7FB12A5">
  <cim:IdentifiedObject.mRID>_BDA751FF-CA57-41D8-A6C6-06F1C7FB12A5</cim:IdentifiedObject.mRID>
  <cim:IdentifiedObject.name>Mix Motor/Res</cim:IdentifiedObject.name>
  <cim:LoadResponseCharacteristic.exponentModel>true</cim:LoadResponseCharacteristic.exponentModel>
  <cim:LoadResponseCharacteristic.pConstantImpedance>0</cim:LoadResponseCharacteristic.pConstantImpedance>
  <cim:LoadResponseCharacteristic.pConstantCurrent>0</cim:LoadResponseCharacteristic.pConstantCurrent>
  <cim:LoadResponseCharacteristic.pConstantPower>0</cim:LoadResponseCharacteristic.pConstantPower>
  <cim:LoadResponseCharacteristic.qConstantImpedance>0</cim:LoadResponseCharacteristic.qConstantImpedance>
  <cim:LoadResponseCharacteristic.qConstantCurrent>0</cim:LoadResponseCharacteristic.qConstantCurrent>
  <cim:LoadResponseCharacteristic.qConstantPower>0</cim:LoadResponseCharacteristic.qConstantPower>
  <cim:LoadResponseCharacteristic.pVoltageExponent>1</cim:LoadResponseCharacteristic.pVoltageExponent>
  <cim:LoadResponseCharacteristic.qVoltageExponent>2</cim:LoadResponseCharacteristic.qVoltageExponent>
  <cim:LoadResponseCharacteristic.pFrequencyExponent>0</cim:LoadResponseCharacteristic.pFrequencyExponent>
  <cim:LoadResponseCharacteristic.qFrequencyExponent>0</cim:LoadResponseCharacteristic.qFrequencyExponent>
</cim:LoadResponseCharacteristic>
<cim:LoadResponseCharacteristic rdf:ID="_E3177D27-F0FC-45EE-AC41-EABB6BC17203">
  <cim:IdentifiedObject.mRID>_E3177D27-F0FC-45EE-AC41-EABB6BC17203</cim:IdentifiedObject.mRID>
  <cim:IdentifiedObject.name>Constant I</cim:IdentifiedObject.name>
  <cim:LoadResponseCharacteristic.exponentModel>false</cim:LoadResponseCharacteristic.exponentModel>
  <cim:LoadResponseCharacteristic.pConstantImpedance>0</cim:LoadResponseCharacteristic.pConstantImpedance>
  <cim:LoadResponseCharacteristic.pConstantCurrent>100</cim:LoadResponseCharacteristic.pConstantCurrent>
  <cim:LoadResponseCharacteristic.pConstantPower>0</cim:LoadResponseCharacteristic.pConstantPower>
  <cim:LoadResponseCharacteristic.qConstantImpedance>0</cim:LoadResponseCharacteristic.qConstantImpedance>
  <cim:LoadResponseCharacteristic.qConstantCurrent>100</cim:LoadResponseCharacteristic.qConstantCurrent>
  <cim:LoadResponseCharacteristic.qConstantPower>0</cim:LoadResponseCharacteristic.qConstantPower>
  <cim:LoadResponseCharacteristic.pVoltageExponent>0</cim:LoadResponseCharacteristic.pVoltageExponent>
  <cim:LoadResponseCharacteristic.qVoltageExponent>0</cim:LoadResponseCharacteristic.qVoltageExponent>
  <cim:LoadResponseCharacteristic.pFrequencyExponent>0</cim:LoadResponseCharacteristic.pFrequencyExponent>
  <cim:LoadResponseCharacteristic.qFrequencyExponent>0</cim:LoadResponseCharacteristic.qFrequencyExponent>
</cim:LoadResponseCharacteristic>
<cim:LoadResponseCharacteristic rdf:ID="_661A06F7-B088-4D9B-B0BC-1D3EDE82E526">
  <cim:IdentifiedObject.mRID>_661A06F7-B088-4D9B-B0BC-1D3EDE82E526</cim:IdentifiedObject.mRID>
  <cim:IdentifiedObject.name>Variable P, Fixed Q</cim:IdentifiedObject.name>
  <cim:LoadResponseCharacteristic.exponentModel>false</cim:LoadResponseCharacteristic.exponentModel>
  <cim:LoadResponseCharacteristic.pConstantImpedance>0</cim:LoadResponseCharacteristic.pConstantImpedance>
  <cim:LoadResponseCharacteristic.pConstantCurrent>0</cim:LoadResponseCharacteristic.pConstantCurrent>
  <cim:LoadResponseCharacteristic.pConstantPower>100</cim:LoadResponseCharacteristic.pConstantPower>
  <cim:LoadResponseCharacteristic.qConstantImpedance>0</cim:LoadResponseCharacteristic.qConstantImpedance>
  <cim:LoadResponseCharacteristic.qConstantCurrent>0</cim:LoadResponseCharacteristic.qConstantCurrent>
  <cim:LoadResponseCharacteristic.qConstantPower>100</cim:LoadResponseCharacteristic.qConstantPower>
  <cim:LoadResponseCharacteristic.pVoltageExponent>0</cim:LoadResponseCharacteristic.pVoltageExponent>
  <cim:LoadResponseCharacteristic.qVoltageExponent>0</cim:LoadResponseCharacteristic.qVoltageExponent>
  <cim:LoadResponseCharacteristic.pFrequencyExponent>0</cim:LoadResponseCharacteristic.pFrequencyExponent>
  <cim:LoadResponseCharacteristic.qFrequencyExponent>0</cim:LoadResponseCharacteristic.qFrequencyExponent>
</cim:LoadResponseCharacteristic>
<cim:LoadResponseCharacteristic rdf:ID="_73C5FC0D-A131-4A1D-BDA6-03E57B17B9F4">
  <cim:IdentifiedObject.mRID>_73C5FC0D-A131-4A1D-BDA6-03E57B17B9F4</cim:IdentifiedObject.mRID>
  <cim:IdentifiedObject.name>Variable P, Fixed X</cim:IdentifiedObject.name>
  <cim:LoadResponseCharacteristic.exponentModel>false</cim:LoadResponseCharacteristic.exponentModel>
  <cim:LoadResponseCharacteristic.pConstantImpedance>0</cim:LoadResponseCharacteristic.pConstantImpedance>
  <cim:LoadResponseCharacteristic.pConstantCurrent>0</cim:LoadResponseCharacteristic.pConstantCurrent>
  <cim:LoadResponseCharacteristic.pConstantPower>100</cim:LoadResponseCharacteristic.pConstantPower>
  <cim:LoadResponseCharacteristic.qConstantImpedance>100</cim:LoadResponseCharacteristic.qConstantImpedance>
  <cim:LoadResponseCharacteristic.qConstantCurrent>0</cim:LoadResponseCharacteristic.qConstantCurrent>
  <cim:LoadResponseCharacteristic.qConstantPower>0</cim:LoadResponseCharacteristic.qConstantPower>
  <cim:LoadResponseCharacteristic.pVoltageExponent>0</cim:LoadResponseCharacteristic.pVoltageExponent>
  <cim:LoadResponseCharacteristic.qVoltageExponent>0</cim:LoadResponseCharacteristic.qVoltageExponent>
  <cim:LoadResponseCharacteristic.pFrequencyExponent>0</cim:LoadResponseCharacteristic.pFrequencyExponent>
  <cim:LoadResponseCharacteristic.qFrequencyExponent>0</cim:LoadResponseCharacteristic.qFrequencyExponent>
</cim:LoadResponseCharacteristic>
<cim:EnergyConsumer rdf:ID="_9407F3A3-160F-454D-A3CE-45527D871A56">
  <cim:IdentifiedObject.mRID>_9407F3A3-160F-454D-A3CE-45527D871A56</cim:IdentifiedObject.mRID>
  <cim:IdentifiedObject.name>l1</cim:IdentifiedObject.name>
  <cim:Equipment.EquipmentContainer rdf:resource="#_73BB36C0-6DB3-4480-A8B2-822B4AADD390"/>
  <cim:ConductingEquipment.BaseVoltage rdf:resource="#_E1AF1772-6B24-41EA-8508-2E44317ECAB4"/>
  <cim:EnergyConsumer.LoadResponse rdf:resource="#_2EEE6A06-9353-4EA3-B5FF-AD9C3A51E467"/>
  <cim:EnergyConsumer.p>1800</cim:EnergyConsumer.p>
  <cim:EnergyConsumer.q>871.77979</cim:EnergyConsumer.q>
  <cim:EnergyConsumer.customerCount>1</cim:EnergyConsumer.customerCount>
  <cim:EnergyConsumer.phaseConnection rdf:resource="http://iec.ch/TC57/CIM100#PhaseShuntConnectionKind.Y"/>
  <cim:EnergyConsumer.grounded>true</cim:EnergyConsumer.grounded>
  <cim:PowerSystemResource.Location rdf:resource="#_75F49974-F093-4340-8E2C-8AE889E65D63"/>
</cim:EnergyConsumer>
<cim:EnergyConsumerPhase rdf:ID="_83D28977-5874-46BD-9114-DD686485DEBE">
  <cim:IdentifiedObject.mRID>_83D28977-5874-46BD-9114-DD686485DEBE</cim:IdentifiedObject.mRID>
  <cim:IdentifiedObject.name>l1_A</cim:IdentifiedObject.name>
  <cim:EnergyConsumerPhase.phase rdf:resource="http://iec.ch/TC57/CIM100#SinglePhaseKind.A"/>
  <cim:EnergyConsumerPhase.p>1800</cim:EnergyConsumerPhase.p>
  <cim:EnergyConsumerPhase.q>871.77979</cim:EnergyConsumerPhase.q>
  <cim:EnergyConsumerPhase.EnergyConsumer rdf:resource="#_9407F3A3-160F-454D-A3CE-45527D871A56"/>
  <cim:PowerSystemResource.Location rdf:resource="#_75F49974-F093-4340-8E2C-8AE889E65D63"/>
</cim:EnergyConsumerPhase>
<cim:Terminal rdf:ID="_BE0CB312-979C-4B6B-B03D-BD1FCB9723A1">
  <cim:IdentifiedObject.mRID>_BE0CB312-979C-4B6B-B03D-BD1FCB9723A1</cim:IdentifiedObject.mRID>
  <cim:IdentifiedObject.name>l1_T1</cim:IdentifiedObject.name>
  <cim:Terminal.ConductingEquipment rdf:resource="#_9407F3A3-160F-454D-A3CE-45527D871A56"/>
  <cim:ACDCTerminal.sequenceNumber>1</cim:ACDCTerminal.sequenceNumber>
  <cim:Terminal.ConnectivityNode rdf:resource="#_78EBFEEC-4CA9-42F9-9F16-749B5B391F8A"/>
</cim:Terminal>
<cim:Location rdf:ID="_75F49974-F093-4340-8E2C-8AE889E65D63">
  <cim:IdentifiedObject.mRID>_75F49974-F093-4340-8E2C-8AE889E65D63</cim:IdentifiedObject.mRID>
  <cim:IdentifiedObject.name>l1_Loc</cim:IdentifiedObject.name>
  <cim:Location.CoordinateSystem rdf:resource="#_EEF110B9-CE18-4536-AEA0-F9F04D51DFED"/>
</cim:Location>
<cim:PositionPoint rdf:ID="_DADCBDDC-689A-4B6D-BCF4-3A2660187D9A">
  <cim:PositionPoint.Location rdf:resource="#_75F49974-F093-4340-8E2C-8AE889E65D63"/>
  <cim:PositionPoint.sequenceNumber>1</cim:PositionPoint.sequenceNumber>
  <cim:PositionPoint.xPosition>0</cim:PositionPoint.xPosition>
  <cim:PositionPoint.yPosition>0</cim:PositionPoint.yPosition>
</cim:PositionPoint>
<cim:EnergyConsumer rdf:ID="_924EA85D-644A-402A-8D61-9B92CB326237">
  <cim:IdentifiedObject.mRID>_924EA85D-644A-402A-8D61-9B92CB326237</cim:IdentifiedObject.mRID>
  <cim:IdentifiedObject.name>l2</cim:IdentifiedObject.name>
  <cim:Equipment.EquipmentContainer rdf:resource="#_73BB36C0-6DB3-4480-A8B2-822B4AADD390"/>
  <cim:ConductingEquipment.BaseVoltage rdf:resource="#_E1AF1772-6B24-41EA-8508-2E44317ECAB4"/>
  <cim:EnergyConsumer.LoadResponse rdf:resource="#_2EEE6A06-9353-4EA3-B5FF-AD9C3A51E467"/>
  <cim:EnergyConsumer.p>2850</cim:EnergyConsumer.p>
  <cim:EnergyConsumer.q>936.7497</cim:EnergyConsumer.q>
  <cim:EnergyConsumer.customerCount>1</cim:EnergyConsumer.customerCount>
  <cim:EnergyConsumer.phaseConnection rdf:resource="http://iec.ch/TC57/CIM100#PhaseShuntConnectionKind.Y"/>
  <cim:EnergyConsumer.grounded>true</cim:EnergyConsumer.grounded>
  <cim:PowerSystemResource.Location rdf:resource="#_B4D786E3-CCB3-4474-AA24-AAD82D6A3EEA"/>
</cim:EnergyConsumer>
<cim:EnergyConsumerPhase rdf:ID="_F59ACB35-6DEB-4B33-AACC-4B2382B57B68">
  <cim:IdentifiedObject.mRID>_F59ACB35-6DEB-4B33-AACC-4B2382B57B68</cim:IdentifiedObject.mRID>
  <cim:IdentifiedObject.name>l2_B</cim:IdentifiedObject.name>
  <cim:EnergyConsumerPhase.phase rdf:resource="http://iec.ch/TC57/CIM100#SinglePhaseKind.B"/>
  <cim:EnergyConsumerPhase.p>2850</cim:EnergyConsumerPhase.p>
  <cim:EnergyConsumerPhase.q>936.7497</cim:EnergyConsumerPhase.q>
  <cim:EnergyConsumerPhase.EnergyConsumer rdf:resource="#_924EA85D-644A-402A-8D61-9B92CB326237"/>
  <cim:PowerSystemResource.Location rdf:resource="#_B4D786E3-CCB3-4474-AA24-AAD82D6A3EEA"/>
</cim:EnergyConsumerPhase>
<cim:Terminal rdf:ID="_663CD839-A415-4217-A734-DEC13B605F91">
  <cim:IdentifiedObject.mRID>_663CD839-A415-4217-A734-DEC13B605F91</cim:IdentifiedObject.mRID>
  <cim:IdentifiedObject.name>l2_T1</cim:IdentifiedObject.name>
  <cim:Terminal.ConductingEquipment rdf:resource="#_924EA85D-644A-402A-8D61-9B92CB326237"/>
  <cim:ACDCTerminal.sequenceNumber>1</cim:ACDCTerminal.sequenceNumber>
  <cim:Terminal.ConnectivityNode rdf:resource="#_78EBFEEC-4CA9-42F9-9F16-749B5B391F8A"/>
</cim:Terminal>
<cim:Location rdf:ID="_B4D786E3-CCB3-4474-AA24-AAD82D6A3EEA">
  <cim:IdentifiedObject.mRID>_B4D786E3-CCB3-4474-AA24-AAD82D6A3EEA</cim:IdentifiedObject.mRID>
  <cim:IdentifiedObject.name>l2_Loc</cim:IdentifiedObject.name>
  <cim:Location.CoordinateSystem rdf:resource="#_EEF110B9-CE18-4536-AEA0-F9F04D51DFED"/>
</cim:Location>
<cim:PositionPoint rdf:ID="_860512D1-DA0E-423F-B8FB-196B1D7E2D5B">
  <cim:PositionPoint.Location rdf:resource="#_B4D786E3-CCB3-4474-AA24-AAD82D6A3EEA"/>
  <cim:PositionPoint.sequenceNumber>1</cim:PositionPoint.sequenceNumber>
  <cim:PositionPoint.xPosition>0</cim:PositionPoint.xPosition>
  <cim:PositionPoint.yPosition>0</cim:PositionPoint.yPosition>
</cim:PositionPoint>
<cim:EnergyConsumer rdf:ID="_3054D96D-CE0B-4C40-B005-719F4DD74E00">
  <cim:IdentifiedObject.mRID>_3054D96D-CE0B-4C40-B005-719F4DD74E00</cim:IdentifiedObject.mRID>
  <cim:IdentifiedObject.name>l12</cim:IdentifiedObject.name>
  <cim:Equipment.EquipmentContainer rdf:resource="#_73BB36C0-6DB3-4480-A8B2-822B4AADD390"/>
  <cim:ConductingEquipment.BaseVoltage rdf:resource="#_E1AF1772-6B24-41EA-8508-2E44317ECAB4"/>
  <cim:EnergyConsumer.LoadResponse rdf:resource="#_2EEE6A06-9353-4EA3-B5FF-AD9C3A51E467"/>
  <cim:EnergyConsumer.p>8500</cim:EnergyConsumer.p>
  <cim:EnergyConsumer.q>5267.8269</cim:EnergyConsumer.q>
  <cim:EnergyConsumer.customerCount>1</cim:EnergyConsumer.customerCount>
  <cim:EnergyConsumer.phaseConnection rdf:resource="http://iec.ch/TC57/CIM100#PhaseShuntConnectionKind.D"/>
  <cim:EnergyConsumer.grounded>false</cim:EnergyConsumer.grounded>
  <cim:PowerSystemResource.Location rdf:resource="#_3C330065-3CCD-47A1-88A5-C5995EA155A8"/>
</cim:EnergyConsumer>
<cim:EnergyConsumerPhase rdf:ID="_C21E6507-7119-45CA-8D1B-EE160129BA60">
  <cim:IdentifiedObject.mRID>_C21E6507-7119-45CA-8D1B-EE160129BA60</cim:IdentifiedObject.mRID>
  <cim:IdentifiedObject.name>l12_A</cim:IdentifiedObject.name>
  <cim:EnergyConsumerPhase.phase rdf:resource="http://iec.ch/TC57/CIM100#SinglePhaseKind.A"/>
  <cim:EnergyConsumerPhase.p>8500</cim:EnergyConsumerPhase.p>
  <cim:EnergyConsumerPhase.q>5267.8269</cim:EnergyConsumerPhase.q>
  <cim:EnergyConsumerPhase.EnergyConsumer rdf:resource="#_3054D96D-CE0B-4C40-B005-719F4DD74E00"/>
  <cim:PowerSystemResource.Location rdf:resource="#_3C330065-3CCD-47A1-88A5-C5995EA155A8"/>
</cim:EnergyConsumerPhase>
<cim:Terminal rdf:ID="_1B059240-7A07-4920-B51D-8341F44CF006">
  <cim:IdentifiedObject.mRID>_1B059240-7A07-4920-B51D-8341F44CF006</cim:IdentifiedObject.mRID>
  <cim:IdentifiedObject.name>l12_T1</cim:IdentifiedObject.name>
  <cim:Terminal.ConductingEquipment rdf:resource="#_3054D96D-CE0B-4C40-B005-719F4DD74E00"/>
  <cim:ACDCTerminal.sequenceNumber>1</cim:ACDCTerminal.sequenceNumber>
  <cim:Terminal.ConnectivityNode rdf:resource="#_78EBFEEC-4CA9-42F9-9F16-749B5B391F8A"/>
</cim:Terminal>
<cim:Location rdf:ID="_3C330065-3CCD-47A1-88A5-C5995EA155A8">
  <cim:IdentifiedObject.mRID>_3C330065-3CCD-47A1-88A5-C5995EA155A8</cim:IdentifiedObject.mRID>
  <cim:IdentifiedObject.name>l12_Loc</cim:IdentifiedObject.name>
  <cim:Location.CoordinateSystem rdf:resource="#_EEF110B9-CE18-4536-AEA0-F9F04D51DFED"/>
</cim:Location>
<cim:PositionPoint rdf:ID="_17836336-E85D-48EA-94CE-FD115A53EAA8">
  <cim:PositionPoint.Location rdf:resource="#_3C330065-3CCD-47A1-88A5-C5995EA155A8"/>
  <cim:PositionPoint.sequenceNumber>1</cim:PositionPoint.sequenceNumber>
  <cim:PositionPoint.xPosition>0</cim:PositionPoint.xPosition>
  <cim:PositionPoint.yPosition>0</cim:PositionPoint.yPosition>
</cim:PositionPoint>
<cim:EnergyConsumer rdf:ID="_1572FA56-7169-415E-A22E-7EA89EC83C6F">
  <cim:IdentifiedObject.mRID>_1572FA56-7169-415E-A22E-7EA89EC83C6F</cim:IdentifiedObject.mRID>
  <cim:IdentifiedObject.name>motor</cim:IdentifiedObject.name>
  <cim:Equipment.EquipmentContainer rdf:resource="#_73BB36C0-6DB3-4480-A8B2-822B4AADD390"/>
  <cim:ConductingEquipment.BaseVoltage rdf:resource="#_E1AF1772-6B24-41EA-8508-2E44317ECAB4"/>
  <cim:EnergyConsumer.LoadResponse rdf:resource="#_1318E85F-570A-47B9-A897-0FB88D02B7EB"/>
  <cim:EnergyConsumer.p>18650</cim:EnergyConsumer.p>
  <cim:EnergyConsumer.q>12532.876</cim:EnergyConsumer.q>
  <cim:EnergyConsumer.customerCount>1</cim:EnergyConsumer.customerCount>
  <cim:EnergyConsumer.phaseConnection rdf:resource="http://iec.ch/TC57/CIM100#PhaseShuntConnectionKind.D"/>
  <cim:EnergyConsumer.grounded>false</cim:EnergyConsumer.grounded>
  <cim:PowerSystemResource.Location rdf:resource="#_2120BF09-01B2-4EC9-AE2D-823EAB59A16E"/>
</cim:EnergyConsumer>
<cim:Terminal rdf:ID="_F24F560E-B138-4B24-BCA0-5414C514C10A">
  <cim:IdentifiedObject.mRID>_F24F560E-B138-4B24-BCA0-5414C514C10A</cim:IdentifiedObject.mRID>
  <cim:IdentifiedObject.name>motor_T1</cim:IdentifiedObject.name>
  <cim:Terminal.ConductingEquipment rdf:resource="#_1572FA56-7169-415E-A22E-7EA89EC83C6F"/>
  <cim:ACDCTerminal.sequenceNumber>1</cim:ACDCTerminal.sequenceNumber>
  <cim:Terminal.ConnectivityNode rdf:resource="#_78EBFEEC-4CA9-42F9-9F16-749B5B391F8A"/>
</cim:Terminal>
<cim:Location rdf:ID="_2120BF09-01B2-4EC9-AE2D-823EAB59A16E">
  <cim:IdentifiedObject.mRID>_2120BF09-01B2-4EC9-AE2D-823EAB59A16E</cim:IdentifiedObject.mRID>
  <cim:IdentifiedObject.name>motor_Loc</cim:IdentifiedObject.name>
  <cim:Location.CoordinateSystem rdf:resource="#_EEF110B9-CE18-4536-AEA0-F9F04D51DFED"/>
</cim:Location>
<cim:PositionPoint rdf:ID="_F260FCAB-B4F7-4112-B2E4-7E1E955F00FF">
  <cim:PositionPoint.Location rdf:resource="#_2120BF09-01B2-4EC9-AE2D-823EAB59A16E"/>
  <cim:PositionPoint.sequenceNumber>1</cim:PositionPoint.sequenceNumber>
  <cim:PositionPoint.xPosition>0</cim:PositionPoint.xPosition>
  <cim:PositionPoint.yPosition>0</cim:PositionPoint.yPosition>
</cim:PositionPoint>
<cim:PerLengthPhaseImpedance rdf:ID="_4C0D909A-FD00-4D5C-925B-4AEDFFB5731E">
  <cim:IdentifiedObject.mRID>_4C0D909A-FD00-4D5C-925B-4AEDFFB5731E</cim:IdentifiedObject.mRID>
  <cim:IdentifiedObject.name>556mcm</cim:IdentifiedObject.name>
  <cim:PerLengthPhaseImpedance.conductorCount>4</cim:PerLengthPhaseImpedance.conductorCount>
</cim:PerLengthPhaseImpedance>
<cim:PhaseImpedanceData rdf:ID="_606985BC-3500-431E-ACCE-DE6716229EE8">
  <cim:PhaseImpedanceData.PhaseImpedance rdf:resource="#_4C0D909A-FD00-4D5C-925B-4AEDFFB5731E"/>
  <cim:PhaseImpedanceData.row>1</cim:PhaseImpedanceData.row>
  <cim:PhaseImpedanceData.column>1</cim:PhaseImpedanceData.column>
  <cim:PhaseImpedanceData.r>0.00017460531</cim:PhaseImpedanceData.r>
  <cim:PhaseImpedanceData.x>0.00085935636</cim:PhaseImpedanceData.x>
  <cim:PhaseImpedanceData.b>6.673823E-10</cim:PhaseImpedanceData.b>
</cim:PhaseImpedanceData>
<cim:PhaseImpedanceData rdf:ID="_866B498A-B9EA-455D-A7CC-C9C864F1D51F">
  <cim:PhaseImpedanceData.PhaseImpedance rdf:resource="#_4C0D909A-FD00-4D5C-925B-4AEDFFB5731E"/>
  <cim:PhaseImpedanceData.row>2</cim:PhaseImpedanceData.row>
  <cim:PhaseImpedanceData.column>1</cim:PhaseImpedanceData.column>
  <cim:PhaseImpedanceData.r>0.000059030263</cim:PhaseImpedanceData.r>
  <cim:PhaseImpedanceData.x>0.00045173686</cim:PhaseImpedanceData.x>
  <cim:PhaseImpedanceData.b>-2.1608616E-10</cim:PhaseImpedanceData.b>
</cim:PhaseImpedanceData>
<cim:PhaseImpedanceData rdf:ID="_22A8891A-BA3E-4C6B-88D9-F5D372EF905C">
  <cim:PhaseImpedanceData.PhaseImpedance rdf:resource="#_4C0D909A-FD00-4D5C-925B-4AEDFFB5731E"/>
  <cim:PhaseImpedanceData.row>2</cim:PhaseImpedanceData.row>
  <cim:PhaseImpedanceData.column>2</cim:PhaseImpedanceData.column>
  <cim:PhaseImpedanceData.r>0.00017460531</cim:PhaseImpedanceData.r>
  <cim:PhaseImpedanceData.x>0.00085935636</cim:PhaseImpedanceData.x>
  <cim:PhaseImpedanceData.b>7.0342656E-10</cim:PhaseImpedanceData.b>
</cim:PhaseImpedanceData>
<cim:PhaseImpedanceData rdf:ID="_A89A8834-4055-4B91-8DA9-FA50C35B7B62">
  <cim:PhaseImpedanceData.PhaseImpedance rdf:resource="#_4C0D909A-FD00-4D5C-925B-4AEDFFB5731E"/>
  <cim:PhaseImpedanceData.row>3</cim:PhaseImpedanceData.row>
  <cim:PhaseImpedanceData.column>1</cim:PhaseImpedanceData.column>
  <cim:PhaseImpedanceData.r>0.000059030263</cim:PhaseImpedanceData.r>
  <cim:PhaseImpedanceData.x>0.00052940826</cim:PhaseImpedanceData.x>
  <cim:PhaseImpedanceData.b>-8.2765243E-11</cim:PhaseImpedanceData.b>
</cim:PhaseImpedanceData>
<cim:PhaseImpedanceData rdf:ID="_6E459B2D-411F-4128-B08B-BB920294365E">
  <cim:PhaseImpedanceData.PhaseImpedance rdf:resource="#_4C0D909A-FD00-4D5C-925B-4AEDFFB5731E"/>
  <cim:PhaseImpedanceData.row>3</cim:PhaseImpedanceData.row>
  <cim:PhaseImpedanceData.column>2</cim:PhaseImpedanceData.column>
  <cim:PhaseImpedanceData.r>0.000059030263</cim:PhaseImpedanceData.r>
  <cim:PhaseImpedanceData.x>0.00048466953</cim:PhaseImpedanceData.x>
  <cim:PhaseImpedanceData.b>-1.375693E-10</cim:PhaseImpedanceData.b>
</cim:PhaseImpedanceData>
<cim:PhaseImpedanceData rdf:ID="_0D9C6CEF-BEDA-43F6-9EFD-1BE68D84566F">
  <cim:PhaseImpedanceData.PhaseImpedance rdf:resource="#_4C0D909A-FD00-4D5C-925B-4AEDFFB5731E"/>
  <cim:PhaseImpedanceData.row>3</cim:PhaseImpedanceData.row>
  <cim:PhaseImpedanceData.column>3</cim:PhaseImpedanceData.column>
  <cim:PhaseImpedanceData.r>0.00017460531</cim:PhaseImpedanceData.r>
  <cim:PhaseImpedanceData.x>0.00085935636</cim:PhaseImpedanceData.x>
  <cim:PhaseImpedanceData.b>6.3441844E-10</cim:PhaseImpedanceData.b>
</cim:PhaseImpedanceData>
<cim:PhaseImpedanceData rdf:ID="_9018A3EC-DE51-4BFF-886A-27C7B892FF8F">
  <cim:PhaseImpedanceData.PhaseImpedance rdf:resource="#_4C0D909A-FD00-4D5C-925B-4AEDFFB5731E"/>
  <cim:PhaseImpedanceData.row>4</cim:PhaseImpedanceData.row>
  <cim:PhaseImpedanceData.column>1</cim:PhaseImpedanceData.column>
  <cim:PhaseImpedanceData.r>0.000059030263</cim:PhaseImpedanceData.r>
  <cim:PhaseImpedanceData.x>0.00045795057</cim:PhaseImpedanceData.x>
  <cim:PhaseImpedanceData.b>0</cim:PhaseImpedanceData.b>
</cim:PhaseImpedanceData>
<cim:PhaseImpedanceData rdf:ID="_1DE7C690-4719-43B0-8FE3-4723A2B8A520">
  <cim:PhaseImpedanceData.PhaseImpedance rdf:resource="#_4C0D909A-FD00-4D5C-925B-4AEDFFB5731E"/>
  <cim:PhaseImpedanceData.row>4</cim:PhaseImpedanceData.row>
  <cim:PhaseImpedanceData.column>2</cim:PhaseImpedanceData.column>
  <cim:PhaseImpedanceData.r>0.000059030263</cim:PhaseImpedanceData.r>
  <cim:PhaseImpedanceData.x>0.00046540702</cim:PhaseImpedanceData.x>
  <cim:PhaseImpedanceData.b>0</cim:PhaseImpedanceData.b>
</cim:PhaseImpedanceData>
<cim:PhaseImpedanceData rdf:ID="_B4F7A9C8-655C-4E07-B62B-10A97C4B6C17">
  <cim:PhaseImpedanceData.PhaseImpedance rdf:resource="#_4C0D909A-FD00-4D5C-925B-4AEDFFB5731E"/>
  <cim:PhaseImpedanceData.row>4</cim:PhaseImpedanceData.row>
  <cim:PhaseImpedanceData.column>3</cim:PhaseImpedanceData.column>
  <cim:PhaseImpedanceData.r>0.000059030263</cim:PhaseImpedanceData.r>
  <cim:PhaseImpedanceData.x>0.00047348485</cim:PhaseImpedanceData.x>
  <cim:PhaseImpedanceData.b>0</cim:PhaseImpedanceData.b>
</cim:PhaseImpedanceData>
<cim:PhaseImpedanceData rdf:ID="_22D0824D-291B-40D7-9820-596A042A62C6">
  <cim:PhaseImpedanceData.PhaseImpedance rdf:resource="#_4C0D909A-FD00-4D5C-925B-4AEDFFB5731E"/>
  <cim:PhaseImpedanceData.row>4</cim:PhaseImpedanceData.row>
  <cim:PhaseImpedanceData.column>4</cim:PhaseImpedanceData.column>
  <cim:PhaseImpedanceData.r>0.00042688201</cim:PhaseImpedanceData.r>
  <cim:PhaseImpedanceData.x>0.00096063986</cim:PhaseImpedanceData.x>
  <cim:PhaseImpedanceData.b>0</cim:PhaseImpedanceData.b>
</cim:PhaseImpedanceData>
<cim:PerLengthPhaseImpedance rdf:ID="_208E19A8-E470-44C5-AEC2-10CB5ED4EBA9">
  <cim:IdentifiedObject.mRID>_208E19A8-E470-44C5-AEC2-10CB5ED4EBA9</cim:IdentifiedObject.mRID>
  <cim:IdentifiedObject.name>4/0quad</cim:IdentifiedObject.name>
  <cim:PerLengthPhaseImpedance.conductorCount>4</cim:PerLengthPhaseImpedance.conductorCount>
</cim:PerLengthPhaseImpedance>
<cim:PhaseImpedanceData rdf:ID="_76DF5B49-687A-4784-B552-E961FC89B90F">
  <cim:PhaseImpedanceData.PhaseImpedance rdf:resource="#_208E19A8-E470-44C5-AEC2-10CB5ED4EBA9"/>
  <cim:PhaseImpedanceData.row>1</cim:PhaseImpedanceData.row>
  <cim:PhaseImpedanceData.column>1</cim:PhaseImpedanceData.column>
  <cim:PhaseImpedanceData.r>0.00035977392</cim:PhaseImpedanceData.r>
  <cim:PhaseImpedanceData.x>0.00091093017</cim:PhaseImpedanceData.x>
  <cim:PhaseImpedanceData.b>2.3425142E-10</cim:PhaseImpedanceData.b>
</cim:PhaseImpedanceData>
<cim:PhaseImpedanceData rdf:ID="_B7DC3DC2-3277-4F96-83EC-B8DC6D6D4E0E">
  <cim:PhaseImpedanceData.PhaseImpedance rdf:resource="#_208E19A8-E470-44C5-AEC2-10CB5ED4EBA9"/>
  <cim:PhaseImpedanceData.row>2</cim:PhaseImpedanceData.row>
  <cim:PhaseImpedanceData.column>1</cim:PhaseImpedanceData.column>
  <cim:PhaseImpedanceData.r>0.000059030263</cim:PhaseImpedanceData.r>
  <cim:PhaseImpedanceData.x>0.00081461763</cim:PhaseImpedanceData.x>
  <cim:PhaseImpedanceData.b>0</cim:PhaseImpedanceData.b>
</cim:PhaseImpedanceData>
<cim:PhaseImpedanceData rdf:ID="_ABD820C9-04E5-4197-898F-F1CB43BD1598">
  <cim:PhaseImpedanceData.PhaseImpedance rdf:resource="#_208E19A8-E470-44C5-AEC2-10CB5ED4EBA9"/>
  <cim:PhaseImpedanceData.row>2</cim:PhaseImpedanceData.row>
  <cim:PhaseImpedanceData.column>2</cim:PhaseImpedanceData.column>
  <cim:PhaseImpedanceData.r>0.00035977392</cim:PhaseImpedanceData.r>
  <cim:PhaseImpedanceData.x>0.00091093017</cim:PhaseImpedanceData.x>
  <cim:PhaseImpedanceData.b>2.3425142E-10</cim:PhaseImpedanceData.b>
</cim:PhaseImpedanceData>
<cim:PhaseImpedanceData rdf:ID="_149920C6-6175-432A-877E-83E94E7BCDCB">
  <cim:PhaseImpedanceData.PhaseImpedance rdf:resource="#_208E19A8-E470-44C5-AEC2-10CB5ED4EBA9"/>
  <cim:PhaseImpedanceData.row>3</cim:PhaseImpedanceData.row>
  <cim:PhaseImpedanceData.column>1</cim:PhaseImpedanceData.column>
  <cim:PhaseImpedanceData.r>0.000059030263</cim:PhaseImpedanceData.r>
  <cim:PhaseImpedanceData.x>0.00081461763</cim:PhaseImpedanceData.x>
  <cim:PhaseImpedanceData.b>0</cim:PhaseImpedanceData.b>
</cim:PhaseImpedanceData>
<cim:PhaseImpedanceData rdf:ID="_E4E94DF6-FC31-4B50-B30E-C2851953ADD7">
  <cim:PhaseImpedanceData.PhaseImpedance rdf:resource="#_208E19A8-E470-44C5-AEC2-10CB5ED4EBA9"/>
  <cim:PhaseImpedanceData.row>3</cim:PhaseImpedanceData.row>
  <cim:PhaseImpedanceData.column>2</cim:PhaseImpedanceData.column>
  <cim:PhaseImpedanceData.r>0.000059030263</cim:PhaseImpedanceData.r>
  <cim:PhaseImpedanceData.x>0.00081461763</cim:PhaseImpedanceData.x>
  <cim:PhaseImpedanceData.b>0</cim:PhaseImpedanceData.b>
</cim:PhaseImpedanceData>
<cim:PhaseImpedanceData rdf:ID="_AB5122BC-BB0B-4230-8BCA-6C075E3D7DD5">
  <cim:PhaseImpedanceData.PhaseImpedance rdf:resource="#_208E19A8-E470-44C5-AEC2-10CB5ED4EBA9"/>
  <cim:PhaseImpedanceData.row>3</cim:PhaseImpedanceData.row>
  <cim:PhaseImpedanceData.column>3</cim:PhaseImpedanceData.column>
  <cim:PhaseImpedanceData.r>0.00035977392</cim:PhaseImpedanceData.r>
  <cim:PhaseImpedanceData.x>0.00091093017</cim:PhaseImpedanceData.x>
  <cim:PhaseImpedanceData.b>2.3425142E-10</cim:PhaseImpedanceData.b>
</cim:PhaseImpedanceData>
<cim:PhaseImpedanceData rdf:ID="_B1B0A8A1-AD3D-4674-87D2-787519A82D18">
  <cim:PhaseImpedanceData.PhaseImpedance rdf:resource="#_208E19A8-E470-44C5-AEC2-10CB5ED4EBA9"/>
  <cim:PhaseImpedanceData.row>4</cim:PhaseImpedanceData.row>
  <cim:PhaseImpedanceData.column>1</cim:PhaseImpedanceData.column>
  <cim:PhaseImpedanceData.r>0.000059030263</cim:PhaseImpedanceData.r>
  <cim:PhaseImpedanceData.x>0.00077733536</cim:PhaseImpedanceData.x>
  <cim:PhaseImpedanceData.b>0</cim:PhaseImpedanceData.b>
</cim:PhaseImpedanceData>
<cim:PhaseImpedanceData rdf:ID="_C3749973-1FD8-41FE-AF9D-45EB4B24AC7A">
  <cim:PhaseImpedanceData.PhaseImpedance rdf:resource="#_208E19A8-E470-44C5-AEC2-10CB5ED4EBA9"/>
  <cim:PhaseImpedanceData.row>4</cim:PhaseImpedanceData.row>
  <cim:PhaseImpedanceData.column>2</cim:PhaseImpedanceData.column>
  <cim:PhaseImpedanceData.r>0.000059030263</cim:PhaseImpedanceData.r>
  <cim:PhaseImpedanceData.x>0.00077733536</cim:PhaseImpedanceData.x>
  <cim:PhaseImpedanceData.b>0</cim:PhaseImpedanceData.b>
</cim:PhaseImpedanceData>
<cim:PhaseImpedanceData rdf:ID="_97A1242D-87ED-48C1-81A7-A58B8E5E0099">
  <cim:PhaseImpedanceData.PhaseImpedance rdf:resource="#_208E19A8-E470-44C5-AEC2-10CB5ED4EBA9"/>
  <cim:PhaseImpedanceData.row>4</cim:PhaseImpedanceData.row>
  <cim:PhaseImpedanceData.column>3</cim:PhaseImpedanceData.column>
  <cim:PhaseImpedanceData.r>0.000059030263</cim:PhaseImpedanceData.r>
  <cim:PhaseImpedanceData.x>0.00077733536</cim:PhaseImpedanceData.x>
  <cim:PhaseImpedanceData.b>0</cim:PhaseImpedanceData.b>
</cim:PhaseImpedanceData>
<cim:PhaseImpedanceData rdf:ID="_A426E37F-9351-427A-A2F9-CED252C85E1A">
  <cim:PhaseImpedanceData.PhaseImpedance rdf:resource="#_208E19A8-E470-44C5-AEC2-10CB5ED4EBA9"/>
  <cim:PhaseImpedanceData.row>4</cim:PhaseImpedanceData.row>
  <cim:PhaseImpedanceData.column>4</cim:PhaseImpedanceData.column>
  <cim:PhaseImpedanceData.r>0.00042688201</cim:PhaseImpedanceData.r>
  <cim:PhaseImpedanceData.x>0.00096063986</cim:PhaseImpedanceData.x>
  <cim:PhaseImpedanceData.b>2.3425142E-10</cim:PhaseImpedanceData.b>
</cim:PhaseImpedanceData>
<cim:OperationalLimitSet rdf:ID="_A56108FE-6364-4566-9D56-0492E33A290C">
  <cim:IdentifiedObject.mRID>_A56108FE-6364-4566-9D56-0492E33A290C</cim:IdentifiedObject.mRID>
  <cim:IdentifiedObject.name>OpLimI_2.3_3.1</cim:IdentifiedObject.name>
</cim:OperationalLimitSet>
<cim:CurrentLimit rdf:ID="_CBB825E9-53C8-4DD3-A2A2-FB1929AD9916">
  <cim:IdentifiedObject.mRID>_CBB825E9-53C8-4DD3-A2A2-FB1929AD9916</cim:IdentifiedObject.mRID>
  <cim:IdentifiedObject.name>OpLimI_2.3_3.1_Norm</cim:IdentifiedObject.name>
  <cim:OperationalLimit.OperationalLimitSet rdf:resource="#_A56108FE-6364-4566-9D56-0492E33A290C"/>
  <cim:OperationalLimit.OperationalLimitType rdf:resource="#_AD24762E-5A4F-4BD9-BF5B-B48CE94A5533"/>
  <cim:CurrentLimit.value>2.2916667</cim:CurrentLimit.value>
</cim:CurrentLimit>
<cim:CurrentLimit rdf:ID="_45B41C0C-D18C-418E-A027-7A6C21CB680E">
  <cim:IdentifiedObject.mRID>_45B41C0C-D18C-418E-A027-7A6C21CB680E</cim:IdentifiedObject.mRID>
  <cim:IdentifiedObject.name>OpLimI_2.3_3.1_Emerg</cim:IdentifiedObject.name>
  <cim:OperationalLimit.OperationalLimitSet rdf:resource="#_A56108FE-6364-4566-9D56-0492E33A290C"/>
  <cim:OperationalLimit.OperationalLimitType rdf:resource="#_FD86CD89-C9A9-42C7-8E9B-43A7A42912FD"/>
  <cim:CurrentLimit.value>3.125</cim:CurrentLimit.value>
</cim:CurrentLimit>
<cim:OperationalLimitSet rdf:ID="_40F2E25B-5169-415B-9FCA-4504F3FEE391">
  <cim:IdentifiedObject.mRID>_40F2E25B-5169-415B-9FCA-4504F3FEE391</cim:IdentifiedObject.mRID>
  <cim:IdentifiedObject.name>OpLimI_1.5_2.1</cim:IdentifiedObject.name>
</cim:OperationalLimitSet>
<cim:CurrentLimit rdf:ID="_27544628-9346-41F8-BF98-D93F5B4D1B9D">
  <cim:IdentifiedObject.mRID>_27544628-9346-41F8-BF98-D93F5B4D1B9D</cim:IdentifiedObject.mRID>
  <cim:IdentifiedObject.name>OpLimI_1.5_2.1_Norm</cim:IdentifiedObject.name>
  <cim:OperationalLimit.OperationalLimitSet rdf:resource="#_40F2E25B-5169-415B-9FCA-4504F3FEE391"/>
  <cim:OperationalLimit.OperationalLimitType rdf:resource="#_AD24762E-5A4F-4BD9-BF5B-B48CE94A5533"/>
  <cim:CurrentLimit.value>1.5277778</cim:CurrentLimit.value>
</cim:CurrentLimit>
<cim:CurrentLimit rdf:ID="_DC4A7F3B-4003-4AB6-8275-7FE17513F3D0">
  <cim:IdentifiedObject.mRID>_DC4A7F3B-4003-4AB6-8275-7FE17513F3D0</cim:IdentifiedObject.mRID>
  <cim:IdentifiedObject.name>OpLimI_1.5_2.1_Emerg</cim:IdentifiedObject.name>
  <cim:OperationalLimit.OperationalLimitSet rdf:resource="#_40F2E25B-5169-415B-9FCA-4504F3FEE391"/>
  <cim:OperationalLimit.OperationalLimitType rdf:resource="#_FD86CD89-C9A9-42C7-8E9B-43A7A42912FD"/>
  <cim:CurrentLimit.value>2.0833333</cim:CurrentLimit.value>
</cim:CurrentLimit>
<cim:OperationalLimitSet rdf:ID="_BEB34306-FF28-44FF-B92F-3A96FB202637">
  <cim:IdentifiedObject.mRID>_BEB34306-FF28-44FF-B92F-3A96FB202637</cim:IdentifiedObject.mRID>
  <cim:IdentifiedObject.name>OpLimI_400.0_600.0</cim:IdentifiedObject.name>
</cim:OperationalLimitSet>
<cim:CurrentLimit rdf:ID="_82099ED4-075B-4C57-A3A4-B939C71B3741">
  <cim:IdentifiedObject.mRID>_82099ED4-075B-4C57-A3A4-B939C71B3741</cim:IdentifiedObject.mRID>
  <cim:IdentifiedObject.name>OpLimI_400.0_600.0_Norm</cim:IdentifiedObject.name>
  <cim:OperationalLimit.OperationalLimitSet rdf:resource="#_BEB34306-FF28-44FF-B92F-3A96FB202637"/>
  <cim:OperationalLimit.OperationalLimitType rdf:resource="#_AD24762E-5A4F-4BD9-BF5B-B48CE94A5533"/>
  <cim:CurrentLimit.value>400</cim:CurrentLimit.value>
</cim:CurrentLimit>
<cim:CurrentLimit rdf:ID="_6CCD4C77-7CC0-4BFF-A915-BE349D2AF8C9">
  <cim:IdentifiedObject.mRID>_6CCD4C77-7CC0-4BFF-A915-BE349D2AF8C9</cim:IdentifiedObject.mRID>
  <cim:IdentifiedObject.name>OpLimI_400.0_600.0_Emerg</cim:IdentifiedObject.name>
  <cim:OperationalLimit.OperationalLimitSet rdf:resource="#_BEB34306-FF28-44FF-B92F-3A96FB202637"/>
  <cim:OperationalLimit.OperationalLimitType rdf:resource="#_FD86CD89-C9A9-42C7-8E9B-43A7A42912FD"/>
  <cim:CurrentLimit.value>600</cim:CurrentLimit.value>
</cim:CurrentLimit>
</rdf:RDF>
