<?xml version="1.0" encoding="utf-8"?>
<!-- un-comment this line to enable validation
-->
<rdf:RDF xmlns:cim="http://iec.ch/TC57/CIM100#" xmlns:rdf="http://www.w3.org/1999/02/22-rdf-syntax-ns#">
<!--
-->
<cim:IEC61970CIMVersion rdf:ID="_B789C000-7085-454A-A99F-7169BE1DC2CE">
  <cim:IEC61970CIMVersion.version>IEC61970CIM100</cim:IEC61970CIMVersion.version>
  <cim:IEC61970CIMVersion.date>2019-04-01</cim:IEC61970CIMVersion.date>
</cim:IEC61970CIMVersion>
<cim:CoordinateSystem rdf:ID="_D1C06DF3-ECAD-426E-8CCE-BA093649C24E">
  <cim:IdentifiedObject.mRID>_D1C06DF3-ECAD-426E-8CCE-BA093649C24E</cim:IdentifiedObject.mRID>
  <cim:IdentifiedObject.name>yybal_CrsUrn</cim:IdentifiedObject.name>
  <cim:CoordinateSystem.crsUrn>OpenDSSLocalBusCoordinates</cim:CoordinateSystem.crsUrn>
</cim:CoordinateSystem>
<cim:GeographicalRegion rdf:ID="_6E7ABB5B-622A-4C9E-BF23-ED26D5FBB9FF">
  <cim:IdentifiedObject.mRID>_6E7ABB5B-622A-4C9E-BF23-ED26D5FBB9FF</cim:IdentifiedObject.mRID>
  <cim:IdentifiedObject.name>geo1</cim:IdentifiedObject.name>
</cim:GeographicalRegion>
<cim:SubGeographicalRegion rdf:ID="_4C1C7E05-6988-4AD0-877F-177E28303F99">
  <cim:IdentifiedObject.mRID>_4C1C7E05-6988-4AD0-877F-177E28303F99</cim:IdentifiedObject.mRID>
  <cim:IdentifiedObject.name>subgeo1</cim:IdentifiedObject.name>
  <cim:SubGeographicalRegion.Region rdf:resource="#_6E7ABB5B-622A-4C9E-BF23-ED26D5FBB9FF"/>
</cim:SubGeographicalRegion>
<cim:Substation rdf:ID="_B841CDD3-2DD1-4D66-97E8-A3B089621CDA">
  <cim:IdentifiedObject.mRID>_B841CDD3-2DD1-4D66-97E8-A3B089621CDA</cim:IdentifiedObject.mRID>
  <cim:IdentifiedObject.name>sub1</cim:IdentifiedObject.name>
  <cim:Substation.Region rdf:resource="#_4C1C7E05-6988-4AD0-877F-177E28303F99"/>
</cim:Substation>
<cim:Location rdf:ID="_9450DE2E-A136-4DDE-B1F3-5AC4BC209217">
  <cim:IdentifiedObject.mRID>_9450DE2E-A136-4DDE-B1F3-5AC4BC209217</cim:IdentifiedObject.mRID>
  <cim:IdentifiedObject.name>yybal_Location</cim:IdentifiedObject.name>
  <cim:Location.CoordinateSystem rdf:resource="#_D1C06DF3-ECAD-426E-8CCE-BA093649C24E"/>
</cim:Location>
<cim:Feeder rdf:ID="_088F22EA-893E-4ED5-BB7B-E74585EB3DA1">
  <cim:IdentifiedObject.mRID>_088F22EA-893E-4ED5-BB7B-E74585EB3DA1</cim:IdentifiedObject.mRID>
  <cim:IdentifiedObject.name>yybal</cim:IdentifiedObject.name>
  <cim:Feeder.NormalEnergizingSubstation rdf:resource="#_B841CDD3-2DD1-4D66-97E8-A3B089621CDA"/>
  <cim:PowerSystemResource.Location rdf:resource="#_9450DE2E-A136-4DDE-B1F3-5AC4BC209217"/>
</cim:Feeder>
<cim:OperationalLimitType rdf:ID="_1D1550BB-94C6-45B7-BFBE-3AA244C8252E">
  <cim:IdentifiedObject.mRID>_1D1550BB-94C6-45B7-BFBE-3AA244C8252E</cim:IdentifiedObject.mRID>
  <cim:IdentifiedObject.name>yybal_NormAmpsType</cim:IdentifiedObject.name>
  <cim:OperationalLimitType.acceptableDuration>5E9</cim:OperationalLimitType.acceptableDuration>
  <cim:OperationalLimitType.direction rdf:resource="http://iec.ch/TC57/CIM100#OperationalLimitDirectionKind.absoluteValue"/>
</cim:OperationalLimitType>
<cim:OperationalLimitType rdf:ID="_9557110C-79C0-4296-88BC-BBF96CDED523">
  <cim:IdentifiedObject.mRID>_9557110C-79C0-4296-88BC-BBF96CDED523</cim:IdentifiedObject.mRID>
  <cim:IdentifiedObject.name>yybal_EmergencyAmpsType</cim:IdentifiedObject.name>
  <cim:OperationalLimitType.acceptableDuration>7200</cim:OperationalLimitType.acceptableDuration>
  <cim:OperationalLimitType.direction rdf:resource="http://iec.ch/TC57/CIM100#OperationalLimitDirectionKind.absoluteValue"/>
</cim:OperationalLimitType>
<cim:OperationalLimitType rdf:ID="_3D0F1121-39EC-4FBA-8F9A-D10743D669C0">
  <cim:IdentifiedObject.mRID>_3D0F1121-39EC-4FBA-8F9A-D10743D669C0</cim:IdentifiedObject.mRID>
  <cim:IdentifiedObject.name>yybal_RangeAHiType</cim:IdentifiedObject.name>
  <cim:OperationalLimitType.acceptableDuration>5E9</cim:OperationalLimitType.acceptableDuration>
  <cim:OperationalLimitType.direction rdf:resource="http://iec.ch/TC57/CIM100#OperationalLimitDirectionKind.high"/>
</cim:OperationalLimitType>
<cim:OperationalLimitType rdf:ID="_F593AE38-1859-457E-A284-DE50AEEE1332">
  <cim:IdentifiedObject.mRID>_F593AE38-1859-457E-A284-DE50AEEE1332</cim:IdentifiedObject.mRID>
  <cim:IdentifiedObject.name>yybal_RangeALoType</cim:IdentifiedObject.name>
  <cim:OperationalLimitType.acceptableDuration>5E9</cim:OperationalLimitType.acceptableDuration>
  <cim:OperationalLimitType.direction rdf:resource="http://iec.ch/TC57/CIM100#OperationalLimitDirectionKind.low"/>
</cim:OperationalLimitType>
<cim:OperationalLimitType rdf:ID="_CFC645FD-0885-49F2-AA37-ECDD55DB6337">
  <cim:IdentifiedObject.mRID>_CFC645FD-0885-49F2-AA37-ECDD55DB6337</cim:IdentifiedObject.mRID>
  <cim:IdentifiedObject.name>yybal_RangeBHiType</cim:IdentifiedObject.name>
  <cim:OperationalLimitType.acceptableDuration>86400</cim:OperationalLimitType.acceptableDuration>
  <cim:OperationalLimitType.direction rdf:resource="http://iec.ch/TC57/CIM100#OperationalLimitDirectionKind.high"/>
</cim:OperationalLimitType>
<cim:OperationalLimitType rdf:ID="_7609BC56-EAAA-4656-9CFD-F5798DF98167">
  <cim:IdentifiedObject.mRID>_7609BC56-EAAA-4656-9CFD-F5798DF98167</cim:IdentifiedObject.mRID>
  <cim:IdentifiedObject.name>yybal_RangeBLoType</cim:IdentifiedObject.name>
  <cim:OperationalLimitType.acceptableDuration>86400</cim:OperationalLimitType.acceptableDuration>
  <cim:OperationalLimitType.direction rdf:resource="http://iec.ch/TC57/CIM100#OperationalLimitDirectionKind.low"/>
</cim:OperationalLimitType>
<cim:BaseVoltage rdf:ID="_C61590DD-EFF2-4850-95BB-D1967853EF95">
  <cim:IdentifiedObject.mRID>_C61590DD-EFF2-4850-95BB-D1967853EF95</cim:IdentifiedObject.mRID>
  <cim:IdentifiedObject.name>BaseV_12.4700</cim:IdentifiedObject.name>
  <cim:BaseVoltage.nominalVoltage>12470</cim:BaseVoltage.nominalVoltage>
</cim:BaseVoltage>
<cim:OperationalLimitSet rdf:ID="_0ADD3857-08ED-4609-A899-D3DC18602827">
  <cim:IdentifiedObject.mRID>_0ADD3857-08ED-4609-A899-D3DC18602827</cim:IdentifiedObject.mRID>
  <cim:IdentifiedObject.name>OpLimV_12.4700</cim:IdentifiedObject.name>
</cim:OperationalLimitSet>
<cim:VoltageLimit rdf:ID="_99124976-F1D7-46C9-A1AA-FAAEC2F97714">
  <cim:IdentifiedObject.mRID>_99124976-F1D7-46C9-A1AA-FAAEC2F97714</cim:IdentifiedObject.mRID>
  <cim:IdentifiedObject.name>OpLimV_12.4700_RangeAHi</cim:IdentifiedObject.name>
  <cim:OperationalLimit.OperationalLimitSet rdf:resource="#_0ADD3857-08ED-4609-A899-D3DC18602827"/>
  <cim:OperationalLimit.OperationalLimitType rdf:resource="#_3D0F1121-39EC-4FBA-8F9A-D10743D669C0"/>
  <cim:VoltageLimit.value>13093.5</cim:VoltageLimit.value>
</cim:VoltageLimit>
<cim:VoltageLimit rdf:ID="_DA794F67-DECB-47BB-90E5-0A0FBD24F0F8">
  <cim:IdentifiedObject.mRID>_DA794F67-DECB-47BB-90E5-0A0FBD24F0F8</cim:IdentifiedObject.mRID>
  <cim:IdentifiedObject.name>OpLimV_12.4700_RangeALo</cim:IdentifiedObject.name>
  <cim:OperationalLimit.OperationalLimitSet rdf:resource="#_0ADD3857-08ED-4609-A899-D3DC18602827"/>
  <cim:OperationalLimit.OperationalLimitType rdf:resource="#_F593AE38-1859-457E-A284-DE50AEEE1332"/>
  <cim:VoltageLimit.value>11846.5</cim:VoltageLimit.value>
</cim:VoltageLimit>
<cim:VoltageLimit rdf:ID="_707191EF-0DDE-4451-BDB0-EBF43757200A">
  <cim:IdentifiedObject.mRID>_707191EF-0DDE-4451-BDB0-EBF43757200A</cim:IdentifiedObject.mRID>
  <cim:IdentifiedObject.name>OpLimV_12.4700_RangeBHi</cim:IdentifiedObject.name>
  <cim:OperationalLimit.OperationalLimitSet rdf:resource="#_0ADD3857-08ED-4609-A899-D3DC18602827"/>
  <cim:OperationalLimit.OperationalLimitType rdf:resource="#_CFC645FD-0885-49F2-AA37-ECDD55DB6337"/>
  <cim:VoltageLimit.value>13197.416</cim:VoltageLimit.value>
</cim:VoltageLimit>
<cim:VoltageLimit rdf:ID="_6A420287-C140-46BB-9890-0A6881ECF6FD">
  <cim:IdentifiedObject.mRID>_6A420287-C140-46BB-9890-0A6881ECF6FD</cim:IdentifiedObject.mRID>
  <cim:IdentifiedObject.name>OpLimV_12.4700_RangeBLo</cim:IdentifiedObject.name>
  <cim:OperationalLimit.OperationalLimitSet rdf:resource="#_0ADD3857-08ED-4609-A899-D3DC18602827"/>
  <cim:OperationalLimit.OperationalLimitType rdf:resource="#_7609BC56-EAAA-4656-9CFD-F5798DF98167"/>
  <cim:VoltageLimit.value>11430.834</cim:VoltageLimit.value>
</cim:VoltageLimit>
<cim:BaseVoltage rdf:ID="_5145585B-C867-4561-9844-486DE6DB2F42">
  <cim:IdentifiedObject.mRID>_5145585B-C867-4561-9844-486DE6DB2F42</cim:IdentifiedObject.mRID>
  <cim:IdentifiedObject.name>BaseV_4.1600</cim:IdentifiedObject.name>
  <cim:BaseVoltage.nominalVoltage>4160</cim:BaseVoltage.nominalVoltage>
</cim:BaseVoltage>
<cim:OperationalLimitSet rdf:ID="_F46A0348-48A0-4555-AA49-16589EA66DA8">
  <cim:IdentifiedObject.mRID>_F46A0348-48A0-4555-AA49-16589EA66DA8</cim:IdentifiedObject.mRID>
  <cim:IdentifiedObject.name>OpLimV_4.1600</cim:IdentifiedObject.name>
</cim:OperationalLimitSet>
<cim:VoltageLimit rdf:ID="_23363AE6-E1BE-47D3-850D-D6EB0FA0C642">
  <cim:IdentifiedObject.mRID>_23363AE6-E1BE-47D3-850D-D6EB0FA0C642</cim:IdentifiedObject.mRID>
  <cim:IdentifiedObject.name>OpLimV_4.1600_RangeAHi</cim:IdentifiedObject.name>
  <cim:OperationalLimit.OperationalLimitSet rdf:resource="#_F46A0348-48A0-4555-AA49-16589EA66DA8"/>
  <cim:OperationalLimit.OperationalLimitType rdf:resource="#_3D0F1121-39EC-4FBA-8F9A-D10743D669C0"/>
  <cim:VoltageLimit.value>4368</cim:VoltageLimit.value>
</cim:VoltageLimit>
<cim:VoltageLimit rdf:ID="_D5EE5387-3512-4266-80EC-EA1B4E656D05">
  <cim:IdentifiedObject.mRID>_D5EE5387-3512-4266-80EC-EA1B4E656D05</cim:IdentifiedObject.mRID>
  <cim:IdentifiedObject.name>OpLimV_4.1600_RangeALo</cim:IdentifiedObject.name>
  <cim:OperationalLimit.OperationalLimitSet rdf:resource="#_F46A0348-48A0-4555-AA49-16589EA66DA8"/>
  <cim:OperationalLimit.OperationalLimitType rdf:resource="#_F593AE38-1859-457E-A284-DE50AEEE1332"/>
  <cim:VoltageLimit.value>3952</cim:VoltageLimit.value>
</cim:VoltageLimit>
<cim:VoltageLimit rdf:ID="_C687B552-4613-4E82-AF28-BB18089F6005">
  <cim:IdentifiedObject.mRID>_C687B552-4613-4E82-AF28-BB18089F6005</cim:IdentifiedObject.mRID>
  <cim:IdentifiedObject.name>OpLimV_4.1600_RangeBHi</cim:IdentifiedObject.name>
  <cim:OperationalLimit.OperationalLimitSet rdf:resource="#_F46A0348-48A0-4555-AA49-16589EA66DA8"/>
  <cim:OperationalLimit.OperationalLimitType rdf:resource="#_CFC645FD-0885-49F2-AA37-ECDD55DB6337"/>
  <cim:VoltageLimit.value>4402.6665</cim:VoltageLimit.value>
</cim:VoltageLimit>
<cim:VoltageLimit rdf:ID="_1E1EA058-92E2-4124-860E-711620CA6AE7">
  <cim:IdentifiedObject.mRID>_1E1EA058-92E2-4124-860E-711620CA6AE7</cim:IdentifiedObject.mRID>
  <cim:IdentifiedObject.name>OpLimV_4.1600_RangeBLo</cim:IdentifiedObject.name>
  <cim:OperationalLimit.OperationalLimitSet rdf:resource="#_F46A0348-48A0-4555-AA49-16589EA66DA8"/>
  <cim:OperationalLimit.OperationalLimitType rdf:resource="#_7609BC56-EAAA-4656-9CFD-F5798DF98167"/>
  <cim:VoltageLimit.value>3813.3335</cim:VoltageLimit.value>
</cim:VoltageLimit>
<cim:TopologicalNode rdf:ID="_F8681556-F34F-4DEF-99B2-3CF56A17BD25">
  <cim:IdentifiedObject.mRID>_F8681556-F34F-4DEF-99B2-3CF56A17BD25</cim:IdentifiedObject.mRID>
  <cim:IdentifiedObject.name>sourcebus</cim:IdentifiedObject.name>
  <cim:TopologicalNode.TopologicalIsland rdf:resource="#_D61F7620-3BC7-4583-A0C3-17F16C0EE5C2"/>
</cim:TopologicalNode>
<cim:ConnectivityNode rdf:ID="_EC109FC1-856F-4A92-ADBF-B5867F8F2BEB">
  <cim:IdentifiedObject.mRID>_EC109FC1-856F-4A92-ADBF-B5867F8F2BEB</cim:IdentifiedObject.mRID>
  <cim:IdentifiedObject.name>sourcebus</cim:IdentifiedObject.name>
  <cim:ConnectivityNode.TopologicalNode rdf:resource="#_F8681556-F34F-4DEF-99B2-3CF56A17BD25"/>
  <cim:ConnectivityNode.OperationalLimitSet rdf:resource="#_0ADD3857-08ED-4609-A899-D3DC18602827"/>
  <cim:ConnectivityNode.ConnectivityNodeContainer rdf:resource="#_088F22EA-893E-4ED5-BB7B-E74585EB3DA1"/>
</cim:ConnectivityNode>
<cim:TopologicalNode rdf:ID="_83584B9F-698F-42BF-9E51-9E0A67A1F0E5">
  <cim:IdentifiedObject.mRID>_83584B9F-698F-42BF-9E51-9E0A67A1F0E5</cim:IdentifiedObject.mRID>
  <cim:IdentifiedObject.name>n2</cim:IdentifiedObject.name>
  <cim:TopologicalNode.TopologicalIsland rdf:resource="#_D61F7620-3BC7-4583-A0C3-17F16C0EE5C2"/>
</cim:TopologicalNode>
<cim:ConnectivityNode rdf:ID="_F6AF4FD5-6A62-4431-A758-77A93034047F">
  <cim:IdentifiedObject.mRID>_F6AF4FD5-6A62-4431-A758-77A93034047F</cim:IdentifiedObject.mRID>
  <cim:IdentifiedObject.name>n2</cim:IdentifiedObject.name>
  <cim:ConnectivityNode.TopologicalNode rdf:resource="#_83584B9F-698F-42BF-9E51-9E0A67A1F0E5"/>
  <cim:ConnectivityNode.OperationalLimitSet rdf:resource="#_0ADD3857-08ED-4609-A899-D3DC18602827"/>
  <cim:ConnectivityNode.ConnectivityNodeContainer rdf:resource="#_088F22EA-893E-4ED5-BB7B-E74585EB3DA1"/>
</cim:ConnectivityNode>
<cim:TopologicalNode rdf:ID="_5A5EF2F1-6999-4766-8081-C0A9C0ED8045">
  <cim:IdentifiedObject.mRID>_5A5EF2F1-6999-4766-8081-C0A9C0ED8045</cim:IdentifiedObject.mRID>
  <cim:IdentifiedObject.name>n3</cim:IdentifiedObject.name>
  <cim:TopologicalNode.TopologicalIsland rdf:resource="#_D61F7620-3BC7-4583-A0C3-17F16C0EE5C2"/>
</cim:TopologicalNode>
<cim:ConnectivityNode rdf:ID="_14D8583D-10BF-41AF-8FE6-53E8F8D00669">
  <cim:IdentifiedObject.mRID>_14D8583D-10BF-41AF-8FE6-53E8F8D00669</cim:IdentifiedObject.mRID>
  <cim:IdentifiedObject.name>n3</cim:IdentifiedObject.name>
  <cim:ConnectivityNode.TopologicalNode rdf:resource="#_5A5EF2F1-6999-4766-8081-C0A9C0ED8045"/>
  <cim:ConnectivityNode.OperationalLimitSet rdf:resource="#_F46A0348-48A0-4555-AA49-16589EA66DA8"/>
  <cim:ConnectivityNode.ConnectivityNodeContainer rdf:resource="#_088F22EA-893E-4ED5-BB7B-E74585EB3DA1"/>
</cim:ConnectivityNode>
<cim:TopologicalNode rdf:ID="_5547131D-3C8A-4C4D-A3A6-AD69F5FE0401">
  <cim:IdentifiedObject.mRID>_5547131D-3C8A-4C4D-A3A6-AD69F5FE0401</cim:IdentifiedObject.mRID>
  <cim:IdentifiedObject.name>n4</cim:IdentifiedObject.name>
  <cim:TopologicalNode.TopologicalIsland rdf:resource="#_D61F7620-3BC7-4583-A0C3-17F16C0EE5C2"/>
</cim:TopologicalNode>
<cim:ConnectivityNode rdf:ID="_CF6C0A87-2462-48A4-B95D-5BEE262D5E59">
  <cim:IdentifiedObject.mRID>_CF6C0A87-2462-48A4-B95D-5BEE262D5E59</cim:IdentifiedObject.mRID>
  <cim:IdentifiedObject.name>n4</cim:IdentifiedObject.name>
  <cim:ConnectivityNode.TopologicalNode rdf:resource="#_5547131D-3C8A-4C4D-A3A6-AD69F5FE0401"/>
  <cim:ConnectivityNode.OperationalLimitSet rdf:resource="#_F46A0348-48A0-4555-AA49-16589EA66DA8"/>
  <cim:ConnectivityNode.ConnectivityNodeContainer rdf:resource="#_088F22EA-893E-4ED5-BB7B-E74585EB3DA1"/>
</cim:ConnectivityNode>
<cim:TopologicalIsland rdf:ID="_D61F7620-3BC7-4583-A0C3-17F16C0EE5C2">
  <cim:IdentifiedObject.mRID>_D61F7620-3BC7-4583-A0C3-17F16C0EE5C2</cim:IdentifiedObject.mRID>
  <cim:IdentifiedObject.name>yybal_Island</cim:IdentifiedObject.name>
  <cim:TopologicalIsland.AngleRefTopologicalNode rdf:resource="#_F8681556-F34F-4DEF-99B2-3CF56A17BD25"/>
</cim:TopologicalIsland>
<cim:EnergySource rdf:ID="_A3BCC812-011E-4794-958D-13AC21D883E6">
  <cim:IdentifiedObject.mRID>_A3BCC812-011E-4794-958D-13AC21D883E6</cim:IdentifiedObject.mRID>
  <cim:IdentifiedObject.name>source</cim:IdentifiedObject.name>
  <cim:Equipment.EquipmentContainer rdf:resource="#_088F22EA-893E-4ED5-BB7B-E74585EB3DA1"/>
  <cim:ConductingEquipment.BaseVoltage rdf:resource="#_C61590DD-EFF2-4850-95BB-D1967853EF95"/>
  <cim:EnergySource.nominalVoltage>12470</cim:EnergySource.nominalVoltage>
  <cim:EnergySource.voltageMagnitude>12470</cim:EnergySource.voltageMagnitude>
  <cim:EnergySource.voltageAngle>0</cim:EnergySource.voltageAngle>
  <cim:EnergySource.r>0.00018857254</cim:EnergySource.r>
  <cim:EnergySource.x>0.00075429016</cim:EnergySource.x>
  <cim:EnergySource.r0>0.00024635211</cim:EnergySource.r0>
  <cim:EnergySource.x0>0.00073905633</cim:EnergySource.x0>
  <cim:PowerSystemResource.Location rdf:resource="#_39B3BE9F-768D-4852-806C-13D55F4BCCC7"/>
</cim:EnergySource>
<cim:Terminal rdf:ID="_9685B2CF-B4E0-4903-9BA0-0B42B6186354">
  <cim:IdentifiedObject.mRID>_9685B2CF-B4E0-4903-9BA0-0B42B6186354</cim:IdentifiedObject.mRID>
  <cim:IdentifiedObject.name>source_T1</cim:IdentifiedObject.name>
  <cim:Terminal.ConductingEquipment rdf:resource="#_A3BCC812-011E-4794-958D-13AC21D883E6"/>
  <cim:ACDCTerminal.sequenceNumber>1</cim:ACDCTerminal.sequenceNumber>
  <cim:Terminal.ConnectivityNode rdf:resource="#_EC109FC1-856F-4A92-ADBF-B5867F8F2BEB"/>
</cim:Terminal>
<cim:Location rdf:ID="_39B3BE9F-768D-4852-806C-13D55F4BCCC7">
  <cim:IdentifiedObject.mRID>_39B3BE9F-768D-4852-806C-13D55F4BCCC7</cim:IdentifiedObject.mRID>
  <cim:IdentifiedObject.name>source_Loc</cim:IdentifiedObject.name>
  <cim:Location.CoordinateSystem rdf:resource="#_D1C06DF3-ECAD-426E-8CCE-BA093649C24E"/>
</cim:Location>
<cim:PositionPoint rdf:ID="_3F485BCC-8044-4CC0-8015-A900F08A2E3D">
  <cim:PositionPoint.Location rdf:resource="#_39B3BE9F-768D-4852-806C-13D55F4BCCC7"/>
  <cim:PositionPoint.sequenceNumber>1</cim:PositionPoint.sequenceNumber>
  <cim:PositionPoint.xPosition>0</cim:PositionPoint.xPosition>
  <cim:PositionPoint.yPosition>0</cim:PositionPoint.yPosition>
</cim:PositionPoint>
<cim:PowerTransformerInfo rdf:ID="_92C87177-8712-43B2-9E6B-4B8E86DFD062">
  <cim:IdentifiedObject.mRID>_92C87177-8712-43B2-9E6B-4B8E86DFD062</cim:IdentifiedObject.mRID>
  <cim:IdentifiedObject.name>cimxfmrcode_t1_PowerXfInfo</cim:IdentifiedObject.name>
</cim:PowerTransformerInfo>
<cim:TransformerTankInfo rdf:ID="_82F72B85-C0A9-46DF-884C-14F8938A816B">
  <cim:IdentifiedObject.mRID>_82F72B85-C0A9-46DF-884C-14F8938A816B</cim:IdentifiedObject.mRID>
  <cim:IdentifiedObject.name>cimxfmrcode_t1</cim:IdentifiedObject.name>
  <cim:TransformerTankInfo.PowerTransformerInfo rdf:resource="#_92C87177-8712-43B2-9E6B-4B8E86DFD062"/>
</cim:TransformerTankInfo>
<cim:TransformerEndInfo rdf:ID="_41429AF8-ECD2-4392-B84E-731AB2CF8852">
  <cim:IdentifiedObject.mRID>_41429AF8-ECD2-4392-B84E-731AB2CF8852</cim:IdentifiedObject.mRID>
  <cim:IdentifiedObject.name>cimxfmrcode_t1_1</cim:IdentifiedObject.name>
  <cim:TransformerEndInfo.TransformerTankInfo rdf:resource="#_82F72B85-C0A9-46DF-884C-14F8938A816B"/>
  <cim:TransformerEndInfo.endNumber>1</cim:TransformerEndInfo.endNumber>
  <cim:TransformerEndInfo.connectionKind rdf:resource="http://iec.ch/TC57/CIM100#WindingConnection.I"/>
  <cim:TransformerEndInfo.phaseAngleClock>0</cim:TransformerEndInfo.phaseAngleClock>
  <cim:TransformerEndInfo.ratedU>7200</cim:TransformerEndInfo.ratedU>
  <cim:TransformerEndInfo.ratedS>2000000</cim:TransformerEndInfo.ratedS>
  <cim:TransformerEndInfo.shortTermS>2200000</cim:TransformerEndInfo.shortTermS>
  <cim:TransformerEndInfo.emergencyS>3000000</cim:TransformerEndInfo.emergencyS>
  <cim:TransformerEndInfo.r>0.1296</cim:TransformerEndInfo.r>
  <cim:TransformerEndInfo.insulationU>0</cim:TransformerEndInfo.insulationU>
</cim:TransformerEndInfo>
<cim:TransformerEndInfo rdf:ID="_5A2C6695-F20C-491A-8DB2-AAF543A9E118">
  <cim:IdentifiedObject.mRID>_5A2C6695-F20C-491A-8DB2-AAF543A9E118</cim:IdentifiedObject.mRID>
  <cim:IdentifiedObject.name>cimxfmrcode_t1_2</cim:IdentifiedObject.name>
  <cim:TransformerEndInfo.TransformerTankInfo rdf:resource="#_82F72B85-C0A9-46DF-884C-14F8938A816B"/>
  <cim:TransformerEndInfo.endNumber>2</cim:TransformerEndInfo.endNumber>
  <cim:TransformerEndInfo.connectionKind rdf:resource="http://iec.ch/TC57/CIM100#WindingConnection.I"/>
  <cim:TransformerEndInfo.phaseAngleClock>0</cim:TransformerEndInfo.phaseAngleClock>
  <cim:TransformerEndInfo.ratedU>2401.78</cim:TransformerEndInfo.ratedU>
  <cim:TransformerEndInfo.ratedS>2000000</cim:TransformerEndInfo.ratedS>
  <cim:TransformerEndInfo.shortTermS>2200000</cim:TransformerEndInfo.shortTermS>
  <cim:TransformerEndInfo.emergencyS>3000000</cim:TransformerEndInfo.emergencyS>
  <cim:TransformerEndInfo.r>0.014421368</cim:TransformerEndInfo.r>
  <cim:TransformerEndInfo.insulationU>0</cim:TransformerEndInfo.insulationU>
</cim:TransformerEndInfo>
<cim:NoLoadTest rdf:ID="_98CA2AD8-C7DA-42C2-A5E9-0AD6BE72F9DF">
  <cim:IdentifiedObject.mRID>_98CA2AD8-C7DA-42C2-A5E9-0AD6BE72F9DF</cim:IdentifiedObject.mRID>
  <cim:IdentifiedObject.name>cimxfmrcode_t1_1</cim:IdentifiedObject.name>
  <cim:NoLoadTest.EnergisedEnd rdf:resource="#_41429AF8-ECD2-4392-B84E-731AB2CF8852"/>
  <cim:NoLoadTest.energisedEndVoltage>7200</cim:NoLoadTest.energisedEndVoltage>
  <cim:NoLoadTest.excitingCurrent>0</cim:NoLoadTest.excitingCurrent>
  <cim:NoLoadTest.excitingCurrentZero>0</cim:NoLoadTest.excitingCurrentZero>
  <cim:NoLoadTest.loss>0</cim:NoLoadTest.loss>
  <cim:NoLoadTest.lossZero>0</cim:NoLoadTest.lossZero>
  <cim:TransformerTest.basePower>2000000</cim:TransformerTest.basePower>
  <cim:TransformerTest.temperature>50</cim:TransformerTest.temperature>
</cim:NoLoadTest>
<cim:ShortCircuitTest rdf:ID="_1893C10A-3DF1-497E-BCC1-712EC406BDA9">
  <cim:IdentifiedObject.mRID>_1893C10A-3DF1-497E-BCC1-712EC406BDA9</cim:IdentifiedObject.mRID>
  <cim:IdentifiedObject.name>cimxfmrcode_t1_1</cim:IdentifiedObject.name>
  <cim:ShortCircuitTest.EnergisedEnd rdf:resource="#_41429AF8-ECD2-4392-B84E-731AB2CF8852"/>
  <cim:ShortCircuitTest.GroundedEnds rdf:resource="#_5A2C6695-F20C-491A-8DB2-AAF543A9E118"/>
  <cim:ShortCircuitTest.energisedEndStep>16</cim:ShortCircuitTest.energisedEndStep>
  <cim:ShortCircuitTest.groundedEndStep>16</cim:ShortCircuitTest.groundedEndStep>
  <cim:ShortCircuitTest.leakageImpedance>1.5552</cim:ShortCircuitTest.leakageImpedance>
  <cim:ShortCircuitTest.leakageImpedanceZero>1.5552</cim:ShortCircuitTest.leakageImpedanceZero>
  <cim:ShortCircuitTest.loss>20</cim:ShortCircuitTest.loss>
  <cim:ShortCircuitTest.lossZero>20</cim:ShortCircuitTest.lossZero>
  <cim:TransformerTest.basePower>2000000</cim:TransformerTest.basePower>
  <cim:TransformerTest.temperature>50</cim:TransformerTest.temperature>
</cim:ShortCircuitTest>
<cim:Asset rdf:ID="_9B2A8BBD-09E3-4C81-B75A-605142C64C47">
  <cim:IdentifiedObject.mRID>_9B2A8BBD-09E3-4C81-B75A-605142C64C47</cim:IdentifiedObject.mRID>
  <cim:IdentifiedObject.name>TankAsset_cimxfmrcode_t1</cim:IdentifiedObject.name>
  <cim:Asset.AssetInfo rdf:resource="#_82F72B85-C0A9-46DF-884C-14F8938A816B"/>
  <cim:Asset.PowerSystemResources rdf:resource="#_2E10751D-1364-4EAA-A32A-EE64D3AEBEC3"/>
</cim:Asset>
<cim:TransformerTank rdf:ID="_2E10751D-1364-4EAA-A32A-EE64D3AEBEC3">
  <cim:IdentifiedObject.mRID>_2E10751D-1364-4EAA-A32A-EE64D3AEBEC3</cim:IdentifiedObject.mRID>
  <cim:IdentifiedObject.name>t1</cim:IdentifiedObject.name>
  <cim:Equipment.EquipmentContainer rdf:resource="#_088F22EA-893E-4ED5-BB7B-E74585EB3DA1"/>
  <cim:TransformerTank.PowerTransformer rdf:resource="#_2E0F5530-FF10-4C8E-BB16-7C68118450D1"/>
  <cim:PowerSystemResource.Location rdf:resource="#_1169965E-0633-4120-974D-D9D17C27AE32"/>
</cim:TransformerTank>
<cim:Location rdf:ID="_1169965E-0633-4120-974D-D9D17C27AE32">
  <cim:IdentifiedObject.mRID>_1169965E-0633-4120-974D-D9D17C27AE32</cim:IdentifiedObject.mRID>
  <cim:IdentifiedObject.name>t1_Loc</cim:IdentifiedObject.name>
  <cim:Location.CoordinateSystem rdf:resource="#_D1C06DF3-ECAD-426E-8CCE-BA093649C24E"/>
</cim:Location>
<cim:PositionPoint rdf:ID="_A0B633EC-EC92-4EE5-8DE6-D53DD99CFC5A">
  <cim:PositionPoint.Location rdf:resource="#_1169965E-0633-4120-974D-D9D17C27AE32"/>
  <cim:PositionPoint.sequenceNumber>1</cim:PositionPoint.sequenceNumber>
  <cim:PositionPoint.xPosition>0</cim:PositionPoint.xPosition>
  <cim:PositionPoint.yPosition>0</cim:PositionPoint.yPosition>
</cim:PositionPoint>
<cim:PositionPoint rdf:ID="_BA058C34-7C71-4540-B37C-3FBBF28E7A15">
  <cim:PositionPoint.Location rdf:resource="#_1169965E-0633-4120-974D-D9D17C27AE32"/>
  <cim:PositionPoint.sequenceNumber>2</cim:PositionPoint.sequenceNumber>
  <cim:PositionPoint.xPosition>0</cim:PositionPoint.xPosition>
  <cim:PositionPoint.yPosition>0</cim:PositionPoint.yPosition>
</cim:PositionPoint>
<cim:TransformerTankEnd rdf:ID="_8D3AFC43-8C0D-49A3-8F9A-CC5C88E96099">
  <cim:IdentifiedObject.mRID>_8D3AFC43-8C0D-49A3-8F9A-CC5C88E96099</cim:IdentifiedObject.mRID>
  <cim:IdentifiedObject.name>t1_End_1</cim:IdentifiedObject.name>
  <cim:TransformerTankEnd.phases rdf:resource="http://iec.ch/TC57/CIM100#PhaseCode.A"/>
  <cim:TransformerEnd.grounded>true</cim:TransformerEnd.grounded>
  <cim:TransformerEnd.rground>0</cim:TransformerEnd.rground>
  <cim:TransformerEnd.xground>0</cim:TransformerEnd.xground>
  <cim:TransformerTankEnd.reversed>false</cim:TransformerTankEnd.reversed>
  <cim:TransformerTankEnd.TransformerTank rdf:resource="#_2E10751D-1364-4EAA-A32A-EE64D3AEBEC3"/>
  <cim:TransformerEnd.endNumber>1</cim:TransformerEnd.endNumber>
  <cim:TransformerEnd.Terminal rdf:resource="#_83ADC71A-798F-4CE6-9C14-A95CE9D0388E"/>
  <cim:TransformerEnd.BaseVoltage rdf:resource="#_C61590DD-EFF2-4850-95BB-D1967853EF95"/>
</cim:TransformerTankEnd>
<cim:Terminal rdf:ID="_83ADC71A-798F-4CE6-9C14-A95CE9D0388E">
  <cim:IdentifiedObject.mRID>_83ADC71A-798F-4CE6-9C14-A95CE9D0388E</cim:IdentifiedObject.mRID>
  <cim:IdentifiedObject.name>t1_T1</cim:IdentifiedObject.name>
  <cim:Terminal.ConductingEquipment rdf:resource="#_2E0F5530-FF10-4C8E-BB16-7C68118450D1"/>
  <cim:ACDCTerminal.sequenceNumber>1</cim:ACDCTerminal.sequenceNumber>
  <cim:Terminal.ConnectivityNode rdf:resource="#_F6AF4FD5-6A62-4431-A758-77A93034047F"/>
  <cim:ACDCTerminal.OperationalLimitSet rdf:resource="#_E4EC596C-7BC2-43B7-8689-D167DD57E605"/>
</cim:Terminal>
<cim:TransformerTankEnd rdf:ID="_87537DD4-1771-4D0D-8BE2-2023361E4198">
  <cim:IdentifiedObject.mRID>_87537DD4-1771-4D0D-8BE2-2023361E4198</cim:IdentifiedObject.mRID>
  <cim:IdentifiedObject.name>t1_End_2</cim:IdentifiedObject.name>
  <cim:TransformerTankEnd.phases rdf:resource="http://iec.ch/TC57/CIM100#PhaseCode.A"/>
  <cim:TransformerEnd.grounded>true</cim:TransformerEnd.grounded>
  <cim:TransformerEnd.rground>0</cim:TransformerEnd.rground>
  <cim:TransformerEnd.xground>0</cim:TransformerEnd.xground>
  <cim:TransformerTankEnd.reversed>false</cim:TransformerTankEnd.reversed>
  <cim:TransformerTankEnd.TransformerTank rdf:resource="#_2E10751D-1364-4EAA-A32A-EE64D3AEBEC3"/>
  <cim:TransformerEnd.endNumber>2</cim:TransformerEnd.endNumber>
  <cim:TransformerEnd.Terminal rdf:resource="#_33BE6400-5ABA-4D44-BBF7-FF657E0D3B04"/>
  <cim:TransformerEnd.BaseVoltage rdf:resource="#_5145585B-C867-4561-9844-486DE6DB2F42"/>
</cim:TransformerTankEnd>
<cim:Terminal rdf:ID="_33BE6400-5ABA-4D44-BBF7-FF657E0D3B04">
  <cim:IdentifiedObject.mRID>_33BE6400-5ABA-4D44-BBF7-FF657E0D3B04</cim:IdentifiedObject.mRID>
  <cim:IdentifiedObject.name>t1_T2</cim:IdentifiedObject.name>
  <cim:Terminal.ConductingEquipment rdf:resource="#_2E0F5530-FF10-4C8E-BB16-7C68118450D1"/>
  <cim:ACDCTerminal.sequenceNumber>2</cim:ACDCTerminal.sequenceNumber>
  <cim:Terminal.ConnectivityNode rdf:resource="#_14D8583D-10BF-41AF-8FE6-53E8F8D00669"/>
</cim:Terminal>
<cim:PowerTransformer rdf:ID="_2E0F5530-FF10-4C8E-BB16-7C68118450D1">
  <cim:IdentifiedObject.mRID>_2E0F5530-FF10-4C8E-BB16-7C68118450D1</cim:IdentifiedObject.mRID>
  <cim:IdentifiedObject.name>t1</cim:IdentifiedObject.name>
  <cim:Equipment.EquipmentContainer rdf:resource="#_088F22EA-893E-4ED5-BB7B-E74585EB3DA1"/>
  <cim:PowerTransformer.vectorGroup>Ii</cim:PowerTransformer.vectorGroup>
  <cim:PowerSystemResource.Location rdf:resource="#_1169965E-0633-4120-974D-D9D17C27AE32"/>
</cim:PowerTransformer>
<cim:ACLineSegment rdf:ID="_B8F6FBF8-6373-4B87-8438-6D1EF635DF81">
  <cim:IdentifiedObject.mRID>_B8F6FBF8-6373-4B87-8438-6D1EF635DF81</cim:IdentifiedObject.mRID>
  <cim:IdentifiedObject.name>line1</cim:IdentifiedObject.name>
  <cim:Equipment.EquipmentContainer rdf:resource="#_088F22EA-893E-4ED5-BB7B-E74585EB3DA1"/>
  <cim:ConductingEquipment.BaseVoltage rdf:resource="#_C61590DD-EFF2-4850-95BB-D1967853EF95"/>
  <cim:Conductor.length>609.6</cim:Conductor.length>
  <cim:ACLineSegment.WireSpacingInfo rdf:resource="#_53F51906-8310-42C4-8EE5-716AA4843F4F"/>
  <cim:PowerSystemResource.Location rdf:resource="#_5E1F80A0-E532-47C7-B852-8C82D010A4E6"/>
</cim:ACLineSegment>
<cim:ACLineSegmentPhase rdf:ID="_37336C70-75D6-4041-907A-6E8D8344E119">
  <cim:IdentifiedObject.mRID>_37336C70-75D6-4041-907A-6E8D8344E119</cim:IdentifiedObject.mRID>
  <cim:IdentifiedObject.name>line1_A</cim:IdentifiedObject.name>
  <cim:ACLineSegmentPhase.phase rdf:resource="http://iec.ch/TC57/CIM100#SinglePhaseKind.A"/>
  <cim:ACLineSegmentPhase.sequenceNumber>1</cim:ACLineSegmentPhase.sequenceNumber>
  <cim:ACLineSegmentPhase.WireInfo rdf:resource="#_FA85D3EE-531E-4992-B20D-B5FAB749F579"/>
  <cim:ACLineSegmentPhase.ACLineSegment rdf:resource="#_B8F6FBF8-6373-4B87-8438-6D1EF635DF81"/>
  <cim:PowerSystemResource.Location rdf:resource="#_5E1F80A0-E532-47C7-B852-8C82D010A4E6"/>
</cim:ACLineSegmentPhase>
<cim:ACLineSegmentPhase rdf:ID="_0307F8BE-9814-470A-A97F-F85181623069">
  <cim:IdentifiedObject.mRID>_0307F8BE-9814-470A-A97F-F85181623069</cim:IdentifiedObject.mRID>
  <cim:IdentifiedObject.name>line1_B</cim:IdentifiedObject.name>
  <cim:ACLineSegmentPhase.phase rdf:resource="http://iec.ch/TC57/CIM100#SinglePhaseKind.B"/>
  <cim:ACLineSegmentPhase.sequenceNumber>2</cim:ACLineSegmentPhase.sequenceNumber>
  <cim:ACLineSegmentPhase.WireInfo rdf:resource="#_FA85D3EE-531E-4992-B20D-B5FAB749F579"/>
  <cim:ACLineSegmentPhase.ACLineSegment rdf:resource="#_B8F6FBF8-6373-4B87-8438-6D1EF635DF81"/>
  <cim:PowerSystemResource.Location rdf:resource="#_5E1F80A0-E532-47C7-B852-8C82D010A4E6"/>
</cim:ACLineSegmentPhase>
<cim:ACLineSegmentPhase rdf:ID="_8ADD8987-4F44-4B82-A38F-865C030CF72D">
  <cim:IdentifiedObject.mRID>_8ADD8987-4F44-4B82-A38F-865C030CF72D</cim:IdentifiedObject.mRID>
  <cim:IdentifiedObject.name>line1_C</cim:IdentifiedObject.name>
  <cim:ACLineSegmentPhase.phase rdf:resource="http://iec.ch/TC57/CIM100#SinglePhaseKind.C"/>
  <cim:ACLineSegmentPhase.sequenceNumber>3</cim:ACLineSegmentPhase.sequenceNumber>
  <cim:ACLineSegmentPhase.WireInfo rdf:resource="#_FA85D3EE-531E-4992-B20D-B5FAB749F579"/>
  <cim:ACLineSegmentPhase.ACLineSegment rdf:resource="#_B8F6FBF8-6373-4B87-8438-6D1EF635DF81"/>
  <cim:PowerSystemResource.Location rdf:resource="#_5E1F80A0-E532-47C7-B852-8C82D010A4E6"/>
</cim:ACLineSegmentPhase>
<cim:ACLineSegmentPhase rdf:ID="_6DCE96A6-3D83-4EE4-9ECC-366C4052EEAB">
  <cim:IdentifiedObject.mRID>_6DCE96A6-3D83-4EE4-9ECC-366C4052EEAB</cim:IdentifiedObject.mRID>
  <cim:IdentifiedObject.name>line1_N</cim:IdentifiedObject.name>
  <cim:ACLineSegmentPhase.phase rdf:resource="http://iec.ch/TC57/CIM100#SinglePhaseKind.N"/>
  <cim:ACLineSegmentPhase.sequenceNumber>4</cim:ACLineSegmentPhase.sequenceNumber>
  <cim:ACLineSegmentPhase.WireInfo rdf:resource="#_D09A670D-F735-4642-95D4-24A9775857A4"/>
  <cim:ACLineSegmentPhase.ACLineSegment rdf:resource="#_B8F6FBF8-6373-4B87-8438-6D1EF635DF81"/>
  <cim:PowerSystemResource.Location rdf:resource="#_5E1F80A0-E532-47C7-B852-8C82D010A4E6"/>
</cim:ACLineSegmentPhase>
<cim:Terminal rdf:ID="_A937C13D-0AC1-41A8-B192-51499E3F0FDF">
  <cim:IdentifiedObject.mRID>_A937C13D-0AC1-41A8-B192-51499E3F0FDF</cim:IdentifiedObject.mRID>
  <cim:IdentifiedObject.name>line1_T1</cim:IdentifiedObject.name>
  <cim:Terminal.ConductingEquipment rdf:resource="#_B8F6FBF8-6373-4B87-8438-6D1EF635DF81"/>
  <cim:ACDCTerminal.sequenceNumber>1</cim:ACDCTerminal.sequenceNumber>
  <cim:Terminal.ConnectivityNode rdf:resource="#_EC109FC1-856F-4A92-ADBF-B5867F8F2BEB"/>
</cim:Terminal>
<cim:Terminal rdf:ID="_3136E0EC-C077-4C4F-BD10-83E6FC43D443">
  <cim:IdentifiedObject.mRID>_3136E0EC-C077-4C4F-BD10-83E6FC43D443</cim:IdentifiedObject.mRID>
  <cim:IdentifiedObject.name>line1_T2</cim:IdentifiedObject.name>
  <cim:Terminal.ConductingEquipment rdf:resource="#_B8F6FBF8-6373-4B87-8438-6D1EF635DF81"/>
  <cim:ACDCTerminal.sequenceNumber>2</cim:ACDCTerminal.sequenceNumber>
  <cim:Terminal.ConnectivityNode rdf:resource="#_F6AF4FD5-6A62-4431-A758-77A93034047F"/>
</cim:Terminal>
<cim:Location rdf:ID="_5E1F80A0-E532-47C7-B852-8C82D010A4E6">
  <cim:IdentifiedObject.mRID>_5E1F80A0-E532-47C7-B852-8C82D010A4E6</cim:IdentifiedObject.mRID>
  <cim:IdentifiedObject.name>line1_Loc</cim:IdentifiedObject.name>
  <cim:Location.CoordinateSystem rdf:resource="#_D1C06DF3-ECAD-426E-8CCE-BA093649C24E"/>
</cim:Location>
<cim:PositionPoint rdf:ID="_2CEF5322-E62D-47F2-997C-CE9940DD97CA">
  <cim:PositionPoint.Location rdf:resource="#_5E1F80A0-E532-47C7-B852-8C82D010A4E6"/>
  <cim:PositionPoint.sequenceNumber>1</cim:PositionPoint.sequenceNumber>
  <cim:PositionPoint.xPosition>0</cim:PositionPoint.xPosition>
  <cim:PositionPoint.yPosition>0</cim:PositionPoint.yPosition>
</cim:PositionPoint>
<cim:PositionPoint rdf:ID="_519EAD0B-FE7D-4CAF-96E9-2B6E167FCAA7">
  <cim:PositionPoint.Location rdf:resource="#_5E1F80A0-E532-47C7-B852-8C82D010A4E6"/>
  <cim:PositionPoint.sequenceNumber>2</cim:PositionPoint.sequenceNumber>
  <cim:PositionPoint.xPosition>0</cim:PositionPoint.xPosition>
  <cim:PositionPoint.yPosition>0</cim:PositionPoint.yPosition>
</cim:PositionPoint>
<cim:ACLineSegment rdf:ID="_0D2FD151-E517-4AC0-961C-3C5A0A01BF84">
  <cim:IdentifiedObject.mRID>_0D2FD151-E517-4AC0-961C-3C5A0A01BF84</cim:IdentifiedObject.mRID>
  <cim:IdentifiedObject.name>line2</cim:IdentifiedObject.name>
  <cim:Equipment.EquipmentContainer rdf:resource="#_088F22EA-893E-4ED5-BB7B-E74585EB3DA1"/>
  <cim:ConductingEquipment.BaseVoltage rdf:resource="#_5145585B-C867-4561-9844-486DE6DB2F42"/>
  <cim:Conductor.length>762</cim:Conductor.length>
  <cim:ACLineSegment.WireSpacingInfo rdf:resource="#_53F51906-8310-42C4-8EE5-716AA4843F4F"/>
  <cim:PowerSystemResource.Location rdf:resource="#_66CFCCB2-6DE4-40E0-96EF-09AB74C159EC"/>
</cim:ACLineSegment>
<cim:ACLineSegmentPhase rdf:ID="_89B3459E-52B0-47A1-8CD6-D72EB98E7199">
  <cim:IdentifiedObject.mRID>_89B3459E-52B0-47A1-8CD6-D72EB98E7199</cim:IdentifiedObject.mRID>
  <cim:IdentifiedObject.name>line2_A</cim:IdentifiedObject.name>
  <cim:ACLineSegmentPhase.phase rdf:resource="http://iec.ch/TC57/CIM100#SinglePhaseKind.A"/>
  <cim:ACLineSegmentPhase.sequenceNumber>1</cim:ACLineSegmentPhase.sequenceNumber>
  <cim:ACLineSegmentPhase.WireInfo rdf:resource="#_FA85D3EE-531E-4992-B20D-B5FAB749F579"/>
  <cim:ACLineSegmentPhase.ACLineSegment rdf:resource="#_0D2FD151-E517-4AC0-961C-3C5A0A01BF84"/>
  <cim:PowerSystemResource.Location rdf:resource="#_66CFCCB2-6DE4-40E0-96EF-09AB74C159EC"/>
</cim:ACLineSegmentPhase>
<cim:ACLineSegmentPhase rdf:ID="_EE442A7F-0350-46A8-9A40-134B5D5C6883">
  <cim:IdentifiedObject.mRID>_EE442A7F-0350-46A8-9A40-134B5D5C6883</cim:IdentifiedObject.mRID>
  <cim:IdentifiedObject.name>line2_B</cim:IdentifiedObject.name>
  <cim:ACLineSegmentPhase.phase rdf:resource="http://iec.ch/TC57/CIM100#SinglePhaseKind.B"/>
  <cim:ACLineSegmentPhase.sequenceNumber>2</cim:ACLineSegmentPhase.sequenceNumber>
  <cim:ACLineSegmentPhase.WireInfo rdf:resource="#_FA85D3EE-531E-4992-B20D-B5FAB749F579"/>
  <cim:ACLineSegmentPhase.ACLineSegment rdf:resource="#_0D2FD151-E517-4AC0-961C-3C5A0A01BF84"/>
  <cim:PowerSystemResource.Location rdf:resource="#_66CFCCB2-6DE4-40E0-96EF-09AB74C159EC"/>
</cim:ACLineSegmentPhase>
<cim:ACLineSegmentPhase rdf:ID="_B4A533F8-8634-4F99-A29A-930406EB95EB">
  <cim:IdentifiedObject.mRID>_B4A533F8-8634-4F99-A29A-930406EB95EB</cim:IdentifiedObject.mRID>
  <cim:IdentifiedObject.name>line2_C</cim:IdentifiedObject.name>
  <cim:ACLineSegmentPhase.phase rdf:resource="http://iec.ch/TC57/CIM100#SinglePhaseKind.C"/>
  <cim:ACLineSegmentPhase.sequenceNumber>3</cim:ACLineSegmentPhase.sequenceNumber>
  <cim:ACLineSegmentPhase.WireInfo rdf:resource="#_FA85D3EE-531E-4992-B20D-B5FAB749F579"/>
  <cim:ACLineSegmentPhase.ACLineSegment rdf:resource="#_0D2FD151-E517-4AC0-961C-3C5A0A01BF84"/>
  <cim:PowerSystemResource.Location rdf:resource="#_66CFCCB2-6DE4-40E0-96EF-09AB74C159EC"/>
</cim:ACLineSegmentPhase>
<cim:ACLineSegmentPhase rdf:ID="_E361ED01-FF1B-45DC-9E03-6283527FADB8">
  <cim:IdentifiedObject.mRID>_E361ED01-FF1B-45DC-9E03-6283527FADB8</cim:IdentifiedObject.mRID>
  <cim:IdentifiedObject.name>line2_N</cim:IdentifiedObject.name>
  <cim:ACLineSegmentPhase.phase rdf:resource="http://iec.ch/TC57/CIM100#SinglePhaseKind.N"/>
  <cim:ACLineSegmentPhase.sequenceNumber>4</cim:ACLineSegmentPhase.sequenceNumber>
  <cim:ACLineSegmentPhase.WireInfo rdf:resource="#_D09A670D-F735-4642-95D4-24A9775857A4"/>
  <cim:ACLineSegmentPhase.ACLineSegment rdf:resource="#_0D2FD151-E517-4AC0-961C-3C5A0A01BF84"/>
  <cim:PowerSystemResource.Location rdf:resource="#_66CFCCB2-6DE4-40E0-96EF-09AB74C159EC"/>
</cim:ACLineSegmentPhase>
<cim:Terminal rdf:ID="_70FD331B-3970-44FE-8D60-8CC4686F996F">
  <cim:IdentifiedObject.mRID>_70FD331B-3970-44FE-8D60-8CC4686F996F</cim:IdentifiedObject.mRID>
  <cim:IdentifiedObject.name>line2_T1</cim:IdentifiedObject.name>
  <cim:Terminal.ConductingEquipment rdf:resource="#_0D2FD151-E517-4AC0-961C-3C5A0A01BF84"/>
  <cim:ACDCTerminal.sequenceNumber>1</cim:ACDCTerminal.sequenceNumber>
  <cim:Terminal.ConnectivityNode rdf:resource="#_14D8583D-10BF-41AF-8FE6-53E8F8D00669"/>
</cim:Terminal>
<cim:Terminal rdf:ID="_77642022-1043-46BE-BE20-D9964308C2DD">
  <cim:IdentifiedObject.mRID>_77642022-1043-46BE-BE20-D9964308C2DD</cim:IdentifiedObject.mRID>
  <cim:IdentifiedObject.name>line2_T2</cim:IdentifiedObject.name>
  <cim:Terminal.ConductingEquipment rdf:resource="#_0D2FD151-E517-4AC0-961C-3C5A0A01BF84"/>
  <cim:ACDCTerminal.sequenceNumber>2</cim:ACDCTerminal.sequenceNumber>
  <cim:Terminal.ConnectivityNode rdf:resource="#_CF6C0A87-2462-48A4-B95D-5BEE262D5E59"/>
</cim:Terminal>
<cim:Location rdf:ID="_66CFCCB2-6DE4-40E0-96EF-09AB74C159EC">
  <cim:IdentifiedObject.mRID>_66CFCCB2-6DE4-40E0-96EF-09AB74C159EC</cim:IdentifiedObject.mRID>
  <cim:IdentifiedObject.name>line2_Loc</cim:IdentifiedObject.name>
  <cim:Location.CoordinateSystem rdf:resource="#_D1C06DF3-ECAD-426E-8CCE-BA093649C24E"/>
</cim:Location>
<cim:PositionPoint rdf:ID="_8633118B-87D9-4221-8C18-DAC4B5938FD6">
  <cim:PositionPoint.Location rdf:resource="#_66CFCCB2-6DE4-40E0-96EF-09AB74C159EC"/>
  <cim:PositionPoint.sequenceNumber>1</cim:PositionPoint.sequenceNumber>
  <cim:PositionPoint.xPosition>0</cim:PositionPoint.xPosition>
  <cim:PositionPoint.yPosition>0</cim:PositionPoint.yPosition>
</cim:PositionPoint>
<cim:PositionPoint rdf:ID="_59402B09-428E-49BD-8F09-E6B7FA000736">
  <cim:PositionPoint.Location rdf:resource="#_66CFCCB2-6DE4-40E0-96EF-09AB74C159EC"/>
  <cim:PositionPoint.sequenceNumber>2</cim:PositionPoint.sequenceNumber>
  <cim:PositionPoint.xPosition>0</cim:PositionPoint.xPosition>
  <cim:PositionPoint.yPosition>0</cim:PositionPoint.yPosition>
</cim:PositionPoint>
<cim:LoadResponseCharacteristic rdf:ID="_18CE2D59-8DE7-4C4B-A86F-22650770C74C">
  <cim:IdentifiedObject.mRID>_18CE2D59-8DE7-4C4B-A86F-22650770C74C</cim:IdentifiedObject.mRID>
  <cim:IdentifiedObject.name>Constant kVA</cim:IdentifiedObject.name>
  <cim:LoadResponseCharacteristic.exponentModel>false</cim:LoadResponseCharacteristic.exponentModel>
  <cim:LoadResponseCharacteristic.pConstantImpedance>0</cim:LoadResponseCharacteristic.pConstantImpedance>
  <cim:LoadResponseCharacteristic.pConstantCurrent>0</cim:LoadResponseCharacteristic.pConstantCurrent>
  <cim:LoadResponseCharacteristic.pConstantPower>100</cim:LoadResponseCharacteristic.pConstantPower>
  <cim:LoadResponseCharacteristic.qConstantImpedance>0</cim:LoadResponseCharacteristic.qConstantImpedance>
  <cim:LoadResponseCharacteristic.qConstantCurrent>0</cim:LoadResponseCharacteristic.qConstantCurrent>
  <cim:LoadResponseCharacteristic.qConstantPower>100</cim:LoadResponseCharacteristic.qConstantPower>
  <cim:LoadResponseCharacteristic.pVoltageExponent>0</cim:LoadResponseCharacteristic.pVoltageExponent>
  <cim:LoadResponseCharacteristic.qVoltageExponent>0</cim:LoadResponseCharacteristic.qVoltageExponent>
  <cim:LoadResponseCharacteristic.pFrequencyExponent>0</cim:LoadResponseCharacteristic.pFrequencyExponent>
  <cim:LoadResponseCharacteristic.qFrequencyExponent>0</cim:LoadResponseCharacteristic.qFrequencyExponent>
</cim:LoadResponseCharacteristic>
<cim:LoadResponseCharacteristic rdf:ID="_D4AEDB32-0B61-426B-8F2C-DB89F182D609">
  <cim:IdentifiedObject.mRID>_D4AEDB32-0B61-426B-8F2C-DB89F182D609</cim:IdentifiedObject.mRID>
  <cim:IdentifiedObject.name>Constant Z</cim:IdentifiedObject.name>
  <cim:LoadResponseCharacteristic.exponentModel>false</cim:LoadResponseCharacteristic.exponentModel>
  <cim:LoadResponseCharacteristic.pConstantImpedance>100</cim:LoadResponseCharacteristic.pConstantImpedance>
  <cim:LoadResponseCharacteristic.pConstantCurrent>0</cim:LoadResponseCharacteristic.pConstantCurrent>
  <cim:LoadResponseCharacteristic.pConstantPower>0</cim:LoadResponseCharacteristic.pConstantPower>
  <cim:LoadResponseCharacteristic.qConstantImpedance>100</cim:LoadResponseCharacteristic.qConstantImpedance>
  <cim:LoadResponseCharacteristic.qConstantCurrent>0</cim:LoadResponseCharacteristic.qConstantCurrent>
  <cim:LoadResponseCharacteristic.qConstantPower>0</cim:LoadResponseCharacteristic.qConstantPower>
  <cim:LoadResponseCharacteristic.pVoltageExponent>0</cim:LoadResponseCharacteristic.pVoltageExponent>
  <cim:LoadResponseCharacteristic.qVoltageExponent>0</cim:LoadResponseCharacteristic.qVoltageExponent>
  <cim:LoadResponseCharacteristic.pFrequencyExponent>0</cim:LoadResponseCharacteristic.pFrequencyExponent>
  <cim:LoadResponseCharacteristic.qFrequencyExponent>0</cim:LoadResponseCharacteristic.qFrequencyExponent>
</cim:LoadResponseCharacteristic>
<cim:LoadResponseCharacteristic rdf:ID="_B641D463-0345-4713-BC3C-C9DC8A940322">
  <cim:IdentifiedObject.mRID>_B641D463-0345-4713-BC3C-C9DC8A940322</cim:IdentifiedObject.mRID>
  <cim:IdentifiedObject.name>Motor</cim:IdentifiedObject.name>
  <cim:LoadResponseCharacteristic.exponentModel>false</cim:LoadResponseCharacteristic.exponentModel>
  <cim:LoadResponseCharacteristic.pConstantImpedance>0</cim:LoadResponseCharacteristic.pConstantImpedance>
  <cim:LoadResponseCharacteristic.pConstantCurrent>0</cim:LoadResponseCharacteristic.pConstantCurrent>
  <cim:LoadResponseCharacteristic.pConstantPower>100</cim:LoadResponseCharacteristic.pConstantPower>
  <cim:LoadResponseCharacteristic.qConstantImpedance>100</cim:LoadResponseCharacteristic.qConstantImpedance>
  <cim:LoadResponseCharacteristic.qConstantCurrent>0</cim:LoadResponseCharacteristic.qConstantCurrent>
  <cim:LoadResponseCharacteristic.qConstantPower>0</cim:LoadResponseCharacteristic.qConstantPower>
  <cim:LoadResponseCharacteristic.pVoltageExponent>0</cim:LoadResponseCharacteristic.pVoltageExponent>
  <cim:LoadResponseCharacteristic.qVoltageExponent>0</cim:LoadResponseCharacteristic.qVoltageExponent>
  <cim:LoadResponseCharacteristic.pFrequencyExponent>0</cim:LoadResponseCharacteristic.pFrequencyExponent>
  <cim:LoadResponseCharacteristic.qFrequencyExponent>0</cim:LoadResponseCharacteristic.qFrequencyExponent>
</cim:LoadResponseCharacteristic>
<cim:LoadResponseCharacteristic rdf:ID="_512FEE50-8D13-45CA-8440-93050DA8F435">
  <cim:IdentifiedObject.mRID>_512FEE50-8D13-45CA-8440-93050DA8F435</cim:IdentifiedObject.mRID>
  <cim:IdentifiedObject.name>Mix Motor/Res</cim:IdentifiedObject.name>
  <cim:LoadResponseCharacteristic.exponentModel>true</cim:LoadResponseCharacteristic.exponentModel>
  <cim:LoadResponseCharacteristic.pConstantImpedance>0</cim:LoadResponseCharacteristic.pConstantImpedance>
  <cim:LoadResponseCharacteristic.pConstantCurrent>0</cim:LoadResponseCharacteristic.pConstantCurrent>
  <cim:LoadResponseCharacteristic.pConstantPower>0</cim:LoadResponseCharacteristic.pConstantPower>
  <cim:LoadResponseCharacteristic.qConstantImpedance>0</cim:LoadResponseCharacteristic.qConstantImpedance>
  <cim:LoadResponseCharacteristic.qConstantCurrent>0</cim:LoadResponseCharacteristic.qConstantCurrent>
  <cim:LoadResponseCharacteristic.qConstantPower>0</cim:LoadResponseCharacteristic.qConstantPower>
  <cim:LoadResponseCharacteristic.pVoltageExponent>1</cim:LoadResponseCharacteristic.pVoltageExponent>
  <cim:LoadResponseCharacteristic.qVoltageExponent>2</cim:LoadResponseCharacteristic.qVoltageExponent>
  <cim:LoadResponseCharacteristic.pFrequencyExponent>0</cim:LoadResponseCharacteristic.pFrequencyExponent>
  <cim:LoadResponseCharacteristic.qFrequencyExponent>0</cim:LoadResponseCharacteristic.qFrequencyExponent>
</cim:LoadResponseCharacteristic>
<cim:LoadResponseCharacteristic rdf:ID="_E5532CE6-411F-4EF0-8F8E-2B4D68FDB33C">
  <cim:IdentifiedObject.mRID>_E5532CE6-411F-4EF0-8F8E-2B4D68FDB33C</cim:IdentifiedObject.mRID>
  <cim:IdentifiedObject.name>Constant I</cim:IdentifiedObject.name>
  <cim:LoadResponseCharacteristic.exponentModel>false</cim:LoadResponseCharacteristic.exponentModel>
  <cim:LoadResponseCharacteristic.pConstantImpedance>0</cim:LoadResponseCharacteristic.pConstantImpedance>
  <cim:LoadResponseCharacteristic.pConstantCurrent>100</cim:LoadResponseCharacteristic.pConstantCurrent>
  <cim:LoadResponseCharacteristic.pConstantPower>0</cim:LoadResponseCharacteristic.pConstantPower>
  <cim:LoadResponseCharacteristic.qConstantImpedance>0</cim:LoadResponseCharacteristic.qConstantImpedance>
  <cim:LoadResponseCharacteristic.qConstantCurrent>100</cim:LoadResponseCharacteristic.qConstantCurrent>
  <cim:LoadResponseCharacteristic.qConstantPower>0</cim:LoadResponseCharacteristic.qConstantPower>
  <cim:LoadResponseCharacteristic.pVoltageExponent>0</cim:LoadResponseCharacteristic.pVoltageExponent>
  <cim:LoadResponseCharacteristic.qVoltageExponent>0</cim:LoadResponseCharacteristic.qVoltageExponent>
  <cim:LoadResponseCharacteristic.pFrequencyExponent>0</cim:LoadResponseCharacteristic.pFrequencyExponent>
  <cim:LoadResponseCharacteristic.qFrequencyExponent>0</cim:LoadResponseCharacteristic.qFrequencyExponent>
</cim:LoadResponseCharacteristic>
<cim:LoadResponseCharacteristic rdf:ID="_57FE89B2-23C6-4E92-9A6F-0B34B07EA136">
  <cim:IdentifiedObject.mRID>_57FE89B2-23C6-4E92-9A6F-0B34B07EA136</cim:IdentifiedObject.mRID>
  <cim:IdentifiedObject.name>Variable P, Fixed Q</cim:IdentifiedObject.name>
  <cim:LoadResponseCharacteristic.exponentModel>false</cim:LoadResponseCharacteristic.exponentModel>
  <cim:LoadResponseCharacteristic.pConstantImpedance>0</cim:LoadResponseCharacteristic.pConstantImpedance>
  <cim:LoadResponseCharacteristic.pConstantCurrent>0</cim:LoadResponseCharacteristic.pConstantCurrent>
  <cim:LoadResponseCharacteristic.pConstantPower>100</cim:LoadResponseCharacteristic.pConstantPower>
  <cim:LoadResponseCharacteristic.qConstantImpedance>0</cim:LoadResponseCharacteristic.qConstantImpedance>
  <cim:LoadResponseCharacteristic.qConstantCurrent>0</cim:LoadResponseCharacteristic.qConstantCurrent>
  <cim:LoadResponseCharacteristic.qConstantPower>100</cim:LoadResponseCharacteristic.qConstantPower>
  <cim:LoadResponseCharacteristic.pVoltageExponent>0</cim:LoadResponseCharacteristic.pVoltageExponent>
  <cim:LoadResponseCharacteristic.qVoltageExponent>0</cim:LoadResponseCharacteristic.qVoltageExponent>
  <cim:LoadResponseCharacteristic.pFrequencyExponent>0</cim:LoadResponseCharacteristic.pFrequencyExponent>
  <cim:LoadResponseCharacteristic.qFrequencyExponent>0</cim:LoadResponseCharacteristic.qFrequencyExponent>
</cim:LoadResponseCharacteristic>
<cim:LoadResponseCharacteristic rdf:ID="_9FEA71D4-9004-4893-B873-8F7A034F9C7F">
  <cim:IdentifiedObject.mRID>_9FEA71D4-9004-4893-B873-8F7A034F9C7F</cim:IdentifiedObject.mRID>
  <cim:IdentifiedObject.name>Variable P, Fixed X</cim:IdentifiedObject.name>
  <cim:LoadResponseCharacteristic.exponentModel>false</cim:LoadResponseCharacteristic.exponentModel>
  <cim:LoadResponseCharacteristic.pConstantImpedance>0</cim:LoadResponseCharacteristic.pConstantImpedance>
  <cim:LoadResponseCharacteristic.pConstantCurrent>0</cim:LoadResponseCharacteristic.pConstantCurrent>
  <cim:LoadResponseCharacteristic.pConstantPower>100</cim:LoadResponseCharacteristic.pConstantPower>
  <cim:LoadResponseCharacteristic.qConstantImpedance>100</cim:LoadResponseCharacteristic.qConstantImpedance>
  <cim:LoadResponseCharacteristic.qConstantCurrent>0</cim:LoadResponseCharacteristic.qConstantCurrent>
  <cim:LoadResponseCharacteristic.qConstantPower>0</cim:LoadResponseCharacteristic.qConstantPower>
  <cim:LoadResponseCharacteristic.pVoltageExponent>0</cim:LoadResponseCharacteristic.pVoltageExponent>
  <cim:LoadResponseCharacteristic.qVoltageExponent>0</cim:LoadResponseCharacteristic.qVoltageExponent>
  <cim:LoadResponseCharacteristic.pFrequencyExponent>0</cim:LoadResponseCharacteristic.pFrequencyExponent>
  <cim:LoadResponseCharacteristic.qFrequencyExponent>0</cim:LoadResponseCharacteristic.qFrequencyExponent>
</cim:LoadResponseCharacteristic>
<cim:EnergyConsumer rdf:ID="_433AC297-50F1-4BBF-8AE5-F3C8D428EF2E">
  <cim:IdentifiedObject.mRID>_433AC297-50F1-4BBF-8AE5-F3C8D428EF2E</cim:IdentifiedObject.mRID>
  <cim:IdentifiedObject.name>load1</cim:IdentifiedObject.name>
  <cim:Equipment.EquipmentContainer rdf:resource="#_088F22EA-893E-4ED5-BB7B-E74585EB3DA1"/>
  <cim:ConductingEquipment.BaseVoltage rdf:resource="#_5145585B-C867-4561-9844-486DE6DB2F42"/>
  <cim:EnergyConsumer.LoadResponse rdf:resource="#_D4AEDB32-0B61-426B-8F2C-DB89F182D609"/>
  <cim:EnergyConsumer.p>1800000</cim:EnergyConsumer.p>
  <cim:EnergyConsumer.q>871779.79</cim:EnergyConsumer.q>
  <cim:EnergyConsumer.customerCount>1</cim:EnergyConsumer.customerCount>
  <cim:EnergyConsumer.phaseConnection rdf:resource="http://iec.ch/TC57/CIM100#PhaseShuntConnectionKind.Y"/>
  <cim:EnergyConsumer.grounded>true</cim:EnergyConsumer.grounded>
  <cim:PowerSystemResource.Location rdf:resource="#_20701488-846A-43A3-B3E3-20A6E2F8732B"/>
</cim:EnergyConsumer>
<cim:EnergyConsumerPhase rdf:ID="_A4C14388-5A31-4029-9AFD-A17CB9365190">
  <cim:IdentifiedObject.mRID>_A4C14388-5A31-4029-9AFD-A17CB9365190</cim:IdentifiedObject.mRID>
  <cim:IdentifiedObject.name>load1_A</cim:IdentifiedObject.name>
  <cim:EnergyConsumerPhase.phase rdf:resource="http://iec.ch/TC57/CIM100#SinglePhaseKind.A"/>
  <cim:EnergyConsumerPhase.p>1800000</cim:EnergyConsumerPhase.p>
  <cim:EnergyConsumerPhase.q>871779.79</cim:EnergyConsumerPhase.q>
  <cim:EnergyConsumerPhase.EnergyConsumer rdf:resource="#_433AC297-50F1-4BBF-8AE5-F3C8D428EF2E"/>
  <cim:PowerSystemResource.Location rdf:resource="#_20701488-846A-43A3-B3E3-20A6E2F8732B"/>
</cim:EnergyConsumerPhase>
<cim:Terminal rdf:ID="_B81C5B25-91DB-4DC5-B379-C752C78B8CC0">
  <cim:IdentifiedObject.mRID>_B81C5B25-91DB-4DC5-B379-C752C78B8CC0</cim:IdentifiedObject.mRID>
  <cim:IdentifiedObject.name>load1_T1</cim:IdentifiedObject.name>
  <cim:Terminal.ConductingEquipment rdf:resource="#_433AC297-50F1-4BBF-8AE5-F3C8D428EF2E"/>
  <cim:ACDCTerminal.sequenceNumber>1</cim:ACDCTerminal.sequenceNumber>
  <cim:Terminal.ConnectivityNode rdf:resource="#_CF6C0A87-2462-48A4-B95D-5BEE262D5E59"/>
</cim:Terminal>
<cim:Location rdf:ID="_20701488-846A-43A3-B3E3-20A6E2F8732B">
  <cim:IdentifiedObject.mRID>_20701488-846A-43A3-B3E3-20A6E2F8732B</cim:IdentifiedObject.mRID>
  <cim:IdentifiedObject.name>load1_Loc</cim:IdentifiedObject.name>
  <cim:Location.CoordinateSystem rdf:resource="#_D1C06DF3-ECAD-426E-8CCE-BA093649C24E"/>
</cim:Location>
<cim:PositionPoint rdf:ID="_A9831B65-2064-4C27-A781-9B3173B1171B">
  <cim:PositionPoint.Location rdf:resource="#_20701488-846A-43A3-B3E3-20A6E2F8732B"/>
  <cim:PositionPoint.sequenceNumber>1</cim:PositionPoint.sequenceNumber>
  <cim:PositionPoint.xPosition>0</cim:PositionPoint.xPosition>
  <cim:PositionPoint.yPosition>0</cim:PositionPoint.yPosition>
</cim:PositionPoint>
<cim:OverheadWireInfo rdf:ID="_FA85D3EE-531E-4992-B20D-B5FAB749F579">
  <cim:IdentifiedObject.mRID>_FA85D3EE-531E-4992-B20D-B5FAB749F579</cim:IdentifiedObject.mRID>
  <cim:IdentifiedObject.name>conductor</cim:IdentifiedObject.name>
  <cim:WireInfo.sizeDescription>WireData_conductor</cim:WireInfo.sizeDescription>
  <cim:WireInfo.gmr>0.00743712</cim:WireInfo.gmr>
  <cim:WireInfo.radius>0.0091567</cim:WireInfo.radius>
  <cim:WireInfo.rDC20>0.00018641136</cim:WireInfo.rDC20>
  <cim:WireInfo.rAC25>0.00019013958</cim:WireInfo.rAC25>
  <cim:WireInfo.rAC50>0.00019013958</cim:WireInfo.rAC50>
  <cim:WireInfo.rAC75>0.00019013958</cim:WireInfo.rAC75>
  <cim:WireInfo.ratedCurrent>0</cim:WireInfo.ratedCurrent>
  <cim:WireInfo.strandCount>0</cim:WireInfo.strandCount>
  <cim:WireInfo.coreStrandCount>0</cim:WireInfo.coreStrandCount>
  <cim:WireInfo.coreRadius>0</cim:WireInfo.coreRadius>
  <cim:WireInfo.insulated>false</cim:WireInfo.insulated>
</cim:OverheadWireInfo>
<cim:OverheadWireInfo rdf:ID="_D09A670D-F735-4642-95D4-24A9775857A4">
  <cim:IdentifiedObject.mRID>_D09A670D-F735-4642-95D4-24A9775857A4</cim:IdentifiedObject.mRID>
  <cim:IdentifiedObject.name>neutral</cim:IdentifiedObject.name>
  <cim:WireInfo.sizeDescription>WireData_neutral</cim:WireInfo.sizeDescription>
  <cim:WireInfo.gmr>0.002481072</cim:WireInfo.gmr>
  <cim:WireInfo.radius>0.0071501</cim:WireInfo.radius>
  <cim:WireInfo.rDC20>0.00036063897</cim:WireInfo.rDC20>
  <cim:WireInfo.rAC25>0.00036785175</cim:WireInfo.rAC25>
  <cim:WireInfo.rAC50>0.00036785175</cim:WireInfo.rAC50>
  <cim:WireInfo.rAC75>0.00036785175</cim:WireInfo.rAC75>
  <cim:WireInfo.ratedCurrent>0</cim:WireInfo.ratedCurrent>
  <cim:WireInfo.strandCount>0</cim:WireInfo.strandCount>
  <cim:WireInfo.coreStrandCount>0</cim:WireInfo.coreStrandCount>
  <cim:WireInfo.coreRadius>0</cim:WireInfo.coreRadius>
  <cim:WireInfo.insulated>false</cim:WireInfo.insulated>
</cim:OverheadWireInfo>
<cim:WireSpacingInfo rdf:ID="_53F51906-8310-42C4-8EE5-716AA4843F4F">
  <cim:IdentifiedObject.mRID>_53F51906-8310-42C4-8EE5-716AA4843F4F</cim:IdentifiedObject.mRID>
  <cim:IdentifiedObject.name>4wire</cim:IdentifiedObject.name>
  <cim:WireSpacingInfo.usage rdf:resource="http://iec.ch/TC57/CIM100#WireUsageKind.distribution"/>
  <cim:WireSpacingInfo.phaseWireCount>1</cim:WireSpacingInfo.phaseWireCount>
  <cim:WireSpacingInfo.phaseWireSpacing>0</cim:WireSpacingInfo.phaseWireSpacing>
  <cim:WireSpacingInfo.isCable>false</cim:WireSpacingInfo.isCable>
</cim:WireSpacingInfo>
<cim:WirePosition rdf:ID="_459DCAB4-A299-4949-81B7-015EDF942CD6">
  <cim:IdentifiedObject.mRID>_459DCAB4-A299-4949-81B7-015EDF942CD6</cim:IdentifiedObject.mRID>
  <cim:IdentifiedObject.name>WP_4wire_1</cim:IdentifiedObject.name>
  <cim:WirePosition.WireSpacingInfo rdf:resource="#_53F51906-8310-42C4-8EE5-716AA4843F4F"/>
  <cim:WirePosition.sequenceNumber>1</cim:WirePosition.sequenceNumber>
  <cim:WirePosition.xCoord>-1.2192</cim:WirePosition.xCoord>
  <cim:WirePosition.yCoord>8.5344</cim:WirePosition.yCoord>
</cim:WirePosition>
<cim:WirePosition rdf:ID="_81AAC7F2-ECE5-4406-A7FE-CF7CAA19E9DF">
  <cim:IdentifiedObject.mRID>_81AAC7F2-ECE5-4406-A7FE-CF7CAA19E9DF</cim:IdentifiedObject.mRID>
  <cim:IdentifiedObject.name>WP_4wire_2</cim:IdentifiedObject.name>
  <cim:WirePosition.WireSpacingInfo rdf:resource="#_53F51906-8310-42C4-8EE5-716AA4843F4F"/>
  <cim:WirePosition.sequenceNumber>2</cim:WirePosition.sequenceNumber>
  <cim:WirePosition.xCoord>-0.4572</cim:WirePosition.xCoord>
  <cim:WirePosition.yCoord>8.5344</cim:WirePosition.yCoord>
</cim:WirePosition>
<cim:WirePosition rdf:ID="_EEDE46B7-C444-43A4-BAA8-07665C14197C">
  <cim:IdentifiedObject.mRID>_EEDE46B7-C444-43A4-BAA8-07665C14197C</cim:IdentifiedObject.mRID>
  <cim:IdentifiedObject.name>WP_4wire_3</cim:IdentifiedObject.name>
  <cim:WirePosition.WireSpacingInfo rdf:resource="#_53F51906-8310-42C4-8EE5-716AA4843F4F"/>
  <cim:WirePosition.sequenceNumber>3</cim:WirePosition.sequenceNumber>
  <cim:WirePosition.xCoord>0.9144</cim:WirePosition.xCoord>
  <cim:WirePosition.yCoord>8.5344</cim:WirePosition.yCoord>
</cim:WirePosition>
<cim:WirePosition rdf:ID="_B15F76F2-C9D7-4CB1-82A4-7A5D5BECC33E">
  <cim:IdentifiedObject.mRID>_B15F76F2-C9D7-4CB1-82A4-7A5D5BECC33E</cim:IdentifiedObject.mRID>
  <cim:IdentifiedObject.name>WP_4wire_4</cim:IdentifiedObject.name>
  <cim:WirePosition.WireSpacingInfo rdf:resource="#_53F51906-8310-42C4-8EE5-716AA4843F4F"/>
  <cim:WirePosition.sequenceNumber>4</cim:WirePosition.sequenceNumber>
  <cim:WirePosition.xCoord>0</cim:WirePosition.xCoord>
  <cim:WirePosition.yCoord>7.3152</cim:WirePosition.yCoord>
</cim:WirePosition>
<cim:OperationalLimitSet rdf:ID="_E4EC596C-7BC2-43B7-8689-D167DD57E605">
  <cim:IdentifiedObject.mRID>_E4EC596C-7BC2-43B7-8689-D167DD57E605</cim:IdentifiedObject.mRID>
  <cim:IdentifiedObject.name>OpLimI_305.6_416.7</cim:IdentifiedObject.name>
</cim:OperationalLimitSet>
<cim:CurrentLimit rdf:ID="_D237C805-AD9D-4237-A37F-688CD15B1332">
  <cim:IdentifiedObject.mRID>_D237C805-AD9D-4237-A37F-688CD15B1332</cim:IdentifiedObject.mRID>
  <cim:IdentifiedObject.name>OpLimI_305.6_416.7_Norm</cim:IdentifiedObject.name>
  <cim:OperationalLimit.OperationalLimitSet rdf:resource="#_E4EC596C-7BC2-43B7-8689-D167DD57E605"/>
  <cim:OperationalLimit.OperationalLimitType rdf:resource="#_1D1550BB-94C6-45B7-BFBE-3AA244C8252E"/>
  <cim:CurrentLimit.value>305.55556</cim:CurrentLimit.value>
</cim:CurrentLimit>
<cim:CurrentLimit rdf:ID="_7173A296-2BF3-4F90-AEC2-BC58CAED378C">
  <cim:IdentifiedObject.mRID>_7173A296-2BF3-4F90-AEC2-BC58CAED378C</cim:IdentifiedObject.mRID>
  <cim:IdentifiedObject.name>OpLimI_305.6_416.7_Emerg</cim:IdentifiedObject.name>
  <cim:OperationalLimit.OperationalLimitSet rdf:resource="#_E4EC596C-7BC2-43B7-8689-D167DD57E605"/>
  <cim:OperationalLimit.OperationalLimitType rdf:resource="#_9557110C-79C0-4296-88BC-BBF96CDED523"/>
  <cim:CurrentLimit.value>416.66667</cim:CurrentLimit.value>
</cim:CurrentLimit>
</rdf:RDF>
