<?xml version="1.0" encoding="utf-8"?>
<!-- un-comment this line to enable validation
-->
<rdf:RDF xmlns:cim="http://iec.ch/TC57/CIM100#" xmlns:rdf="http://www.w3.org/1999/02/22-rdf-syntax-ns#">
<!--
-->
<cim:IEC61970CIMVersion rdf:ID="_EB0A770B-1A0B-4895-A0BF-E09600236976">
  <cim:IEC61970CIMVersion.version>IEC61970CIM100</cim:IEC61970CIMVersion.version>
  <cim:IEC61970CIMVersion.date>2019-04-01</cim:IEC61970CIMVersion.date>
</cim:IEC61970CIMVersion>
<cim:CoordinateSystem rdf:ID="_C63C71D2-8179-45AB-949D-B024470B9A52">
  <cim:IdentifiedObject.mRID>_C63C71D2-8179-45AB-949D-B024470B9A52</cim:IdentifiedObject.mRID>
  <cim:IdentifiedObject.name>oyodbal_CrsUrn</cim:IdentifiedObject.name>
  <cim:CoordinateSystem.crsUrn>OpenDSSLocalBusCoordinates</cim:CoordinateSystem.crsUrn>
</cim:CoordinateSystem>
<cim:GeographicalRegion rdf:ID="_1887C397-031F-45CC-A93D-C2C5F969D79C">
  <cim:IdentifiedObject.mRID>_1887C397-031F-45CC-A93D-C2C5F969D79C</cim:IdentifiedObject.mRID>
  <cim:IdentifiedObject.name>geo1</cim:IdentifiedObject.name>
</cim:GeographicalRegion>
<cim:SubGeographicalRegion rdf:ID="_12EAED9F-73D6-42A1-8299-B71D5BF88587">
  <cim:IdentifiedObject.mRID>_12EAED9F-73D6-42A1-8299-B71D5BF88587</cim:IdentifiedObject.mRID>
  <cim:IdentifiedObject.name>subgeo1</cim:IdentifiedObject.name>
  <cim:SubGeographicalRegion.Region rdf:resource="#_1887C397-031F-45CC-A93D-C2C5F969D79C"/>
</cim:SubGeographicalRegion>
<cim:Substation rdf:ID="_5944F2CF-D008-4C37-BD9F-48D9BC1A1319">
  <cim:IdentifiedObject.mRID>_5944F2CF-D008-4C37-BD9F-48D9BC1A1319</cim:IdentifiedObject.mRID>
  <cim:IdentifiedObject.name>sub1</cim:IdentifiedObject.name>
  <cim:Substation.Region rdf:resource="#_12EAED9F-73D6-42A1-8299-B71D5BF88587"/>
</cim:Substation>
<cim:Location rdf:ID="_68ABFF5E-8C7B-4884-BDA6-3518452971BE">
  <cim:IdentifiedObject.mRID>_68ABFF5E-8C7B-4884-BDA6-3518452971BE</cim:IdentifiedObject.mRID>
  <cim:IdentifiedObject.name>oyodbal_Location</cim:IdentifiedObject.name>
  <cim:Location.CoordinateSystem rdf:resource="#_C63C71D2-8179-45AB-949D-B024470B9A52"/>
</cim:Location>
<cim:Feeder rdf:ID="_FE17C848-D906-499B-8EAD-F0ECF1F8A2AB">
  <cim:IdentifiedObject.mRID>_FE17C848-D906-499B-8EAD-F0ECF1F8A2AB</cim:IdentifiedObject.mRID>
  <cim:IdentifiedObject.name>oyodbal</cim:IdentifiedObject.name>
  <cim:Feeder.NormalEnergizingSubstation rdf:resource="#_5944F2CF-D008-4C37-BD9F-48D9BC1A1319"/>
  <cim:PowerSystemResource.Location rdf:resource="#_68ABFF5E-8C7B-4884-BDA6-3518452971BE"/>
</cim:Feeder>
<cim:OperationalLimitType rdf:ID="_F6123662-D394-42BA-843E-7205D7881732">
  <cim:IdentifiedObject.mRID>_F6123662-D394-42BA-843E-7205D7881732</cim:IdentifiedObject.mRID>
  <cim:IdentifiedObject.name>oyodbal_NormAmpsType</cim:IdentifiedObject.name>
  <cim:OperationalLimitType.acceptableDuration>5E9</cim:OperationalLimitType.acceptableDuration>
  <cim:OperationalLimitType.direction rdf:resource="http://iec.ch/TC57/CIM100#OperationalLimitDirectionKind.absoluteValue"/>
</cim:OperationalLimitType>
<cim:OperationalLimitType rdf:ID="_0D59EB2A-9138-4ADA-A988-A8B1E44B67DF">
  <cim:IdentifiedObject.mRID>_0D59EB2A-9138-4ADA-A988-A8B1E44B67DF</cim:IdentifiedObject.mRID>
  <cim:IdentifiedObject.name>oyodbal_EmergencyAmpsType</cim:IdentifiedObject.name>
  <cim:OperationalLimitType.acceptableDuration>7200</cim:OperationalLimitType.acceptableDuration>
  <cim:OperationalLimitType.direction rdf:resource="http://iec.ch/TC57/CIM100#OperationalLimitDirectionKind.absoluteValue"/>
</cim:OperationalLimitType>
<cim:OperationalLimitType rdf:ID="_4EAE65CC-DFCA-4864-9D9B-A372FCEE64C4">
  <cim:IdentifiedObject.mRID>_4EAE65CC-DFCA-4864-9D9B-A372FCEE64C4</cim:IdentifiedObject.mRID>
  <cim:IdentifiedObject.name>oyodbal_RangeAHiType</cim:IdentifiedObject.name>
  <cim:OperationalLimitType.acceptableDuration>5E9</cim:OperationalLimitType.acceptableDuration>
  <cim:OperationalLimitType.direction rdf:resource="http://iec.ch/TC57/CIM100#OperationalLimitDirectionKind.high"/>
</cim:OperationalLimitType>
<cim:OperationalLimitType rdf:ID="_833A923F-E7FA-4820-A6F6-976BC9C7F6B2">
  <cim:IdentifiedObject.mRID>_833A923F-E7FA-4820-A6F6-976BC9C7F6B2</cim:IdentifiedObject.mRID>
  <cim:IdentifiedObject.name>oyodbal_RangeALoType</cim:IdentifiedObject.name>
  <cim:OperationalLimitType.acceptableDuration>5E9</cim:OperationalLimitType.acceptableDuration>
  <cim:OperationalLimitType.direction rdf:resource="http://iec.ch/TC57/CIM100#OperationalLimitDirectionKind.low"/>
</cim:OperationalLimitType>
<cim:OperationalLimitType rdf:ID="_E58E7069-2A85-4AB5-A22E-99453416AECA">
  <cim:IdentifiedObject.mRID>_E58E7069-2A85-4AB5-A22E-99453416AECA</cim:IdentifiedObject.mRID>
  <cim:IdentifiedObject.name>oyodbal_RangeBHiType</cim:IdentifiedObject.name>
  <cim:OperationalLimitType.acceptableDuration>86400</cim:OperationalLimitType.acceptableDuration>
  <cim:OperationalLimitType.direction rdf:resource="http://iec.ch/TC57/CIM100#OperationalLimitDirectionKind.high"/>
</cim:OperationalLimitType>
<cim:OperationalLimitType rdf:ID="_21A98923-A591-4072-AAE5-E88AEC5C65F8">
  <cim:IdentifiedObject.mRID>_21A98923-A591-4072-AAE5-E88AEC5C65F8</cim:IdentifiedObject.mRID>
  <cim:IdentifiedObject.name>oyodbal_RangeBLoType</cim:IdentifiedObject.name>
  <cim:OperationalLimitType.acceptableDuration>86400</cim:OperationalLimitType.acceptableDuration>
  <cim:OperationalLimitType.direction rdf:resource="http://iec.ch/TC57/CIM100#OperationalLimitDirectionKind.low"/>
</cim:OperationalLimitType>
<cim:BaseVoltage rdf:ID="_FA56AAEE-4104-4D40-A6F9-33860A82A2A9">
  <cim:IdentifiedObject.mRID>_FA56AAEE-4104-4D40-A6F9-33860A82A2A9</cim:IdentifiedObject.mRID>
  <cim:IdentifiedObject.name>BaseV_12.4700</cim:IdentifiedObject.name>
  <cim:BaseVoltage.nominalVoltage>12470</cim:BaseVoltage.nominalVoltage>
</cim:BaseVoltage>
<cim:OperationalLimitSet rdf:ID="_BAFA9B73-8F46-46B7-B604-8BCFEC905CEC">
  <cim:IdentifiedObject.mRID>_BAFA9B73-8F46-46B7-B604-8BCFEC905CEC</cim:IdentifiedObject.mRID>
  <cim:IdentifiedObject.name>OpLimV_12.4700</cim:IdentifiedObject.name>
</cim:OperationalLimitSet>
<cim:VoltageLimit rdf:ID="_C9579B7A-EC24-4578-9C8A-1FC0973428E5">
  <cim:IdentifiedObject.mRID>_C9579B7A-EC24-4578-9C8A-1FC0973428E5</cim:IdentifiedObject.mRID>
  <cim:IdentifiedObject.name>OpLimV_12.4700_RangeAHi</cim:IdentifiedObject.name>
  <cim:OperationalLimit.OperationalLimitSet rdf:resource="#_BAFA9B73-8F46-46B7-B604-8BCFEC905CEC"/>
  <cim:OperationalLimit.OperationalLimitType rdf:resource="#_4EAE65CC-DFCA-4864-9D9B-A372FCEE64C4"/>
  <cim:VoltageLimit.value>13093.5</cim:VoltageLimit.value>
</cim:VoltageLimit>
<cim:VoltageLimit rdf:ID="_DB08F1C1-9FA6-4C34-9E1E-A9C381C7ECC7">
  <cim:IdentifiedObject.mRID>_DB08F1C1-9FA6-4C34-9E1E-A9C381C7ECC7</cim:IdentifiedObject.mRID>
  <cim:IdentifiedObject.name>OpLimV_12.4700_RangeALo</cim:IdentifiedObject.name>
  <cim:OperationalLimit.OperationalLimitSet rdf:resource="#_BAFA9B73-8F46-46B7-B604-8BCFEC905CEC"/>
  <cim:OperationalLimit.OperationalLimitType rdf:resource="#_833A923F-E7FA-4820-A6F6-976BC9C7F6B2"/>
  <cim:VoltageLimit.value>11846.5</cim:VoltageLimit.value>
</cim:VoltageLimit>
<cim:VoltageLimit rdf:ID="_74288F21-187D-4DDD-BB9B-C048148D7301">
  <cim:IdentifiedObject.mRID>_74288F21-187D-4DDD-BB9B-C048148D7301</cim:IdentifiedObject.mRID>
  <cim:IdentifiedObject.name>OpLimV_12.4700_RangeBHi</cim:IdentifiedObject.name>
  <cim:OperationalLimit.OperationalLimitSet rdf:resource="#_BAFA9B73-8F46-46B7-B604-8BCFEC905CEC"/>
  <cim:OperationalLimit.OperationalLimitType rdf:resource="#_E58E7069-2A85-4AB5-A22E-99453416AECA"/>
  <cim:VoltageLimit.value>13197.416</cim:VoltageLimit.value>
</cim:VoltageLimit>
<cim:VoltageLimit rdf:ID="_BF8A9C83-09DD-46C3-92B3-071CC0AC0C39">
  <cim:IdentifiedObject.mRID>_BF8A9C83-09DD-46C3-92B3-071CC0AC0C39</cim:IdentifiedObject.mRID>
  <cim:IdentifiedObject.name>OpLimV_12.4700_RangeBLo</cim:IdentifiedObject.name>
  <cim:OperationalLimit.OperationalLimitSet rdf:resource="#_BAFA9B73-8F46-46B7-B604-8BCFEC905CEC"/>
  <cim:OperationalLimit.OperationalLimitType rdf:resource="#_21A98923-A591-4072-AAE5-E88AEC5C65F8"/>
  <cim:VoltageLimit.value>11430.834</cim:VoltageLimit.value>
</cim:VoltageLimit>
<cim:BaseVoltage rdf:ID="_DA1E8497-6D51-412D-94C8-A2672C3CCD14">
  <cim:IdentifiedObject.mRID>_DA1E8497-6D51-412D-94C8-A2672C3CCD14</cim:IdentifiedObject.mRID>
  <cim:IdentifiedObject.name>BaseV_4.1600</cim:IdentifiedObject.name>
  <cim:BaseVoltage.nominalVoltage>4160</cim:BaseVoltage.nominalVoltage>
</cim:BaseVoltage>
<cim:OperationalLimitSet rdf:ID="_DBEACFE2-4155-4791-916A-C74E08ED188A">
  <cim:IdentifiedObject.mRID>_DBEACFE2-4155-4791-916A-C74E08ED188A</cim:IdentifiedObject.mRID>
  <cim:IdentifiedObject.name>OpLimV_4.1600</cim:IdentifiedObject.name>
</cim:OperationalLimitSet>
<cim:VoltageLimit rdf:ID="_559C7EC8-6E60-4AA2-AB30-C589E2EA7D3A">
  <cim:IdentifiedObject.mRID>_559C7EC8-6E60-4AA2-AB30-C589E2EA7D3A</cim:IdentifiedObject.mRID>
  <cim:IdentifiedObject.name>OpLimV_4.1600_RangeAHi</cim:IdentifiedObject.name>
  <cim:OperationalLimit.OperationalLimitSet rdf:resource="#_DBEACFE2-4155-4791-916A-C74E08ED188A"/>
  <cim:OperationalLimit.OperationalLimitType rdf:resource="#_4EAE65CC-DFCA-4864-9D9B-A372FCEE64C4"/>
  <cim:VoltageLimit.value>4368</cim:VoltageLimit.value>
</cim:VoltageLimit>
<cim:VoltageLimit rdf:ID="_42258C2F-4C92-482F-973B-54B9501CCD2E">
  <cim:IdentifiedObject.mRID>_42258C2F-4C92-482F-973B-54B9501CCD2E</cim:IdentifiedObject.mRID>
  <cim:IdentifiedObject.name>OpLimV_4.1600_RangeALo</cim:IdentifiedObject.name>
  <cim:OperationalLimit.OperationalLimitSet rdf:resource="#_DBEACFE2-4155-4791-916A-C74E08ED188A"/>
  <cim:OperationalLimit.OperationalLimitType rdf:resource="#_833A923F-E7FA-4820-A6F6-976BC9C7F6B2"/>
  <cim:VoltageLimit.value>3952</cim:VoltageLimit.value>
</cim:VoltageLimit>
<cim:VoltageLimit rdf:ID="_99F367F3-C843-489B-A7EF-08211BCBEEA6">
  <cim:IdentifiedObject.mRID>_99F367F3-C843-489B-A7EF-08211BCBEEA6</cim:IdentifiedObject.mRID>
  <cim:IdentifiedObject.name>OpLimV_4.1600_RangeBHi</cim:IdentifiedObject.name>
  <cim:OperationalLimit.OperationalLimitSet rdf:resource="#_DBEACFE2-4155-4791-916A-C74E08ED188A"/>
  <cim:OperationalLimit.OperationalLimitType rdf:resource="#_E58E7069-2A85-4AB5-A22E-99453416AECA"/>
  <cim:VoltageLimit.value>4402.6665</cim:VoltageLimit.value>
</cim:VoltageLimit>
<cim:VoltageLimit rdf:ID="_BE766EAA-042D-4507-8E59-E75E2085666C">
  <cim:IdentifiedObject.mRID>_BE766EAA-042D-4507-8E59-E75E2085666C</cim:IdentifiedObject.mRID>
  <cim:IdentifiedObject.name>OpLimV_4.1600_RangeBLo</cim:IdentifiedObject.name>
  <cim:OperationalLimit.OperationalLimitSet rdf:resource="#_DBEACFE2-4155-4791-916A-C74E08ED188A"/>
  <cim:OperationalLimit.OperationalLimitType rdf:resource="#_21A98923-A591-4072-AAE5-E88AEC5C65F8"/>
  <cim:VoltageLimit.value>3813.3335</cim:VoltageLimit.value>
</cim:VoltageLimit>
<cim:TopologicalNode rdf:ID="_2121E2D1-F13C-4182-804A-C3582ECE118A">
  <cim:IdentifiedObject.mRID>_2121E2D1-F13C-4182-804A-C3582ECE118A</cim:IdentifiedObject.mRID>
  <cim:IdentifiedObject.name>sourcebus</cim:IdentifiedObject.name>
  <cim:TopologicalNode.TopologicalIsland rdf:resource="#_B1377EB5-803B-4B83-B792-DC884DE154E4"/>
</cim:TopologicalNode>
<cim:ConnectivityNode rdf:ID="_DF84EC13-7AAC-470B-B7BD-3C3288784BDA">
  <cim:IdentifiedObject.mRID>_DF84EC13-7AAC-470B-B7BD-3C3288784BDA</cim:IdentifiedObject.mRID>
  <cim:IdentifiedObject.name>sourcebus</cim:IdentifiedObject.name>
  <cim:ConnectivityNode.TopologicalNode rdf:resource="#_2121E2D1-F13C-4182-804A-C3582ECE118A"/>
  <cim:ConnectivityNode.OperationalLimitSet rdf:resource="#_BAFA9B73-8F46-46B7-B604-8BCFEC905CEC"/>
  <cim:ConnectivityNode.ConnectivityNodeContainer rdf:resource="#_FE17C848-D906-499B-8EAD-F0ECF1F8A2AB"/>
</cim:ConnectivityNode>
<cim:TopologicalNode rdf:ID="_DEE9D6A9-8435-4C45-8C61-96A2E7F33684">
  <cim:IdentifiedObject.mRID>_DEE9D6A9-8435-4C45-8C61-96A2E7F33684</cim:IdentifiedObject.mRID>
  <cim:IdentifiedObject.name>n2</cim:IdentifiedObject.name>
  <cim:TopologicalNode.TopologicalIsland rdf:resource="#_B1377EB5-803B-4B83-B792-DC884DE154E4"/>
</cim:TopologicalNode>
<cim:ConnectivityNode rdf:ID="_8A2673C6-CC3A-4BE6-826A-8584E297F258">
  <cim:IdentifiedObject.mRID>_8A2673C6-CC3A-4BE6-826A-8584E297F258</cim:IdentifiedObject.mRID>
  <cim:IdentifiedObject.name>n2</cim:IdentifiedObject.name>
  <cim:ConnectivityNode.TopologicalNode rdf:resource="#_DEE9D6A9-8435-4C45-8C61-96A2E7F33684"/>
  <cim:ConnectivityNode.OperationalLimitSet rdf:resource="#_BAFA9B73-8F46-46B7-B604-8BCFEC905CEC"/>
  <cim:ConnectivityNode.ConnectivityNodeContainer rdf:resource="#_FE17C848-D906-499B-8EAD-F0ECF1F8A2AB"/>
</cim:ConnectivityNode>
<cim:TopologicalNode rdf:ID="_CE438C5A-2BFC-4CEA-851D-2C1942644160">
  <cim:IdentifiedObject.mRID>_CE438C5A-2BFC-4CEA-851D-2C1942644160</cim:IdentifiedObject.mRID>
  <cim:IdentifiedObject.name>n3</cim:IdentifiedObject.name>
  <cim:TopologicalNode.TopologicalIsland rdf:resource="#_B1377EB5-803B-4B83-B792-DC884DE154E4"/>
</cim:TopologicalNode>
<cim:ConnectivityNode rdf:ID="_9BB08F27-E359-4959-84E9-5B0658B0838D">
  <cim:IdentifiedObject.mRID>_9BB08F27-E359-4959-84E9-5B0658B0838D</cim:IdentifiedObject.mRID>
  <cim:IdentifiedObject.name>n3</cim:IdentifiedObject.name>
  <cim:ConnectivityNode.TopologicalNode rdf:resource="#_CE438C5A-2BFC-4CEA-851D-2C1942644160"/>
  <cim:ConnectivityNode.OperationalLimitSet rdf:resource="#_DBEACFE2-4155-4791-916A-C74E08ED188A"/>
  <cim:ConnectivityNode.ConnectivityNodeContainer rdf:resource="#_FE17C848-D906-499B-8EAD-F0ECF1F8A2AB"/>
</cim:ConnectivityNode>
<cim:TopologicalNode rdf:ID="_A2EAA044-E7D9-4C16-A7A4-85F345505409">
  <cim:IdentifiedObject.mRID>_A2EAA044-E7D9-4C16-A7A4-85F345505409</cim:IdentifiedObject.mRID>
  <cim:IdentifiedObject.name>n4</cim:IdentifiedObject.name>
  <cim:TopologicalNode.TopologicalIsland rdf:resource="#_B1377EB5-803B-4B83-B792-DC884DE154E4"/>
</cim:TopologicalNode>
<cim:ConnectivityNode rdf:ID="_1871C72A-FC90-4AEF-84F8-172DB56CB5F1">
  <cim:IdentifiedObject.mRID>_1871C72A-FC90-4AEF-84F8-172DB56CB5F1</cim:IdentifiedObject.mRID>
  <cim:IdentifiedObject.name>n4</cim:IdentifiedObject.name>
  <cim:ConnectivityNode.TopologicalNode rdf:resource="#_A2EAA044-E7D9-4C16-A7A4-85F345505409"/>
  <cim:ConnectivityNode.OperationalLimitSet rdf:resource="#_DBEACFE2-4155-4791-916A-C74E08ED188A"/>
  <cim:ConnectivityNode.ConnectivityNodeContainer rdf:resource="#_FE17C848-D906-499B-8EAD-F0ECF1F8A2AB"/>
</cim:ConnectivityNode>
<cim:TopologicalIsland rdf:ID="_B1377EB5-803B-4B83-B792-DC884DE154E4">
  <cim:IdentifiedObject.mRID>_B1377EB5-803B-4B83-B792-DC884DE154E4</cim:IdentifiedObject.mRID>
  <cim:IdentifiedObject.name>oyodbal_Island</cim:IdentifiedObject.name>
  <cim:TopologicalIsland.AngleRefTopologicalNode rdf:resource="#_2121E2D1-F13C-4182-804A-C3582ECE118A"/>
</cim:TopologicalIsland>
<cim:EnergySource rdf:ID="_58DAB2A3-DCEA-46E1-9BBA-08BD6827FC5B">
  <cim:IdentifiedObject.mRID>_58DAB2A3-DCEA-46E1-9BBA-08BD6827FC5B</cim:IdentifiedObject.mRID>
  <cim:IdentifiedObject.name>source</cim:IdentifiedObject.name>
  <cim:Equipment.EquipmentContainer rdf:resource="#_FE17C848-D906-499B-8EAD-F0ECF1F8A2AB"/>
  <cim:ConductingEquipment.BaseVoltage rdf:resource="#_FA56AAEE-4104-4D40-A6F9-33860A82A2A9"/>
  <cim:EnergySource.nominalVoltage>12470</cim:EnergySource.nominalVoltage>
  <cim:EnergySource.voltageMagnitude>12470</cim:EnergySource.voltageMagnitude>
  <cim:EnergySource.voltageAngle>0</cim:EnergySource.voltageAngle>
  <cim:EnergySource.r>0.00018857254</cim:EnergySource.r>
  <cim:EnergySource.x>0.00075429016</cim:EnergySource.x>
  <cim:EnergySource.r0>0.00024635211</cim:EnergySource.r0>
  <cim:EnergySource.x0>0.00073905633</cim:EnergySource.x0>
  <cim:PowerSystemResource.Location rdf:resource="#_699325C5-771A-46F0-A67E-907F3D3B73A0"/>
</cim:EnergySource>
<cim:Terminal rdf:ID="_C3CAD17F-232D-4DB5-90FA-A8A03555AA08">
  <cim:IdentifiedObject.mRID>_C3CAD17F-232D-4DB5-90FA-A8A03555AA08</cim:IdentifiedObject.mRID>
  <cim:IdentifiedObject.name>source_T1</cim:IdentifiedObject.name>
  <cim:Terminal.ConductingEquipment rdf:resource="#_58DAB2A3-DCEA-46E1-9BBA-08BD6827FC5B"/>
  <cim:ACDCTerminal.sequenceNumber>1</cim:ACDCTerminal.sequenceNumber>
  <cim:Terminal.ConnectivityNode rdf:resource="#_DF84EC13-7AAC-470B-B7BD-3C3288784BDA"/>
</cim:Terminal>
<cim:Location rdf:ID="_699325C5-771A-46F0-A67E-907F3D3B73A0">
  <cim:IdentifiedObject.mRID>_699325C5-771A-46F0-A67E-907F3D3B73A0</cim:IdentifiedObject.mRID>
  <cim:IdentifiedObject.name>source_Loc</cim:IdentifiedObject.name>
  <cim:Location.CoordinateSystem rdf:resource="#_C63C71D2-8179-45AB-949D-B024470B9A52"/>
</cim:Location>
<cim:PositionPoint rdf:ID="_75AE69CF-4B9F-43AE-BC93-F67D92569DCE">
  <cim:PositionPoint.Location rdf:resource="#_699325C5-771A-46F0-A67E-907F3D3B73A0"/>
  <cim:PositionPoint.sequenceNumber>1</cim:PositionPoint.sequenceNumber>
  <cim:PositionPoint.xPosition>0</cim:PositionPoint.xPosition>
  <cim:PositionPoint.yPosition>0</cim:PositionPoint.yPosition>
</cim:PositionPoint>
<cim:LinearShuntCompensator rdf:ID="_9EAB1C2A-A6AF-45B8-9C2D-2F78C9D9ABB1">
  <cim:IdentifiedObject.mRID>_9EAB1C2A-A6AF-45B8-9C2D-2F78C9D9ABB1</cim:IdentifiedObject.mRID>
  <cim:IdentifiedObject.name>stabilizer</cim:IdentifiedObject.name>
  <cim:Equipment.EquipmentContainer rdf:resource="#_FE17C848-D906-499B-8EAD-F0ECF1F8A2AB"/>
  <cim:ConductingEquipment.BaseVoltage rdf:resource="#_DA1E8497-6D51-412D-94C8-A2672C3CCD14"/>
  <cim:ShuntCompensator.nomU>4160</cim:ShuntCompensator.nomU>
  <cim:LinearShuntCompensator.bPerSection>0.000057784763</cim:LinearShuntCompensator.bPerSection>
  <cim:LinearShuntCompensator.gPerSection>0</cim:LinearShuntCompensator.gPerSection>
  <cim:ShuntCompensator.aVRDelay>0</cim:ShuntCompensator.aVRDelay>
  <cim:ShuntCompensator.phaseConnection rdf:resource="http://iec.ch/TC57/CIM100#PhaseShuntConnectionKind.Y"/>
  <cim:ShuntCompensator.grounded>true</cim:ShuntCompensator.grounded>
  <cim:LinearShuntCompensator.b0PerSection>0</cim:LinearShuntCompensator.b0PerSection>
  <cim:LinearShuntCompensator.g0PerSection>0</cim:LinearShuntCompensator.g0PerSection>
  <cim:ShuntCompensator.normalSections>1</cim:ShuntCompensator.normalSections>
  <cim:ShuntCompensator.maximumSections>1</cim:ShuntCompensator.maximumSections>
  <cim:ShuntCompensator.sections>1</cim:ShuntCompensator.sections>
  <cim:PowerSystemResource.Location rdf:resource="#_E4F7B09F-ACA4-472E-A894-C55EEC7EDE04"/>
</cim:LinearShuntCompensator>
<cim:Terminal rdf:ID="_193C8F60-1D04-4CDE-A567-5C473E0D82D4">
  <cim:IdentifiedObject.mRID>_193C8F60-1D04-4CDE-A567-5C473E0D82D4</cim:IdentifiedObject.mRID>
  <cim:IdentifiedObject.name>stabilizer_T1</cim:IdentifiedObject.name>
  <cim:Terminal.ConductingEquipment rdf:resource="#_9EAB1C2A-A6AF-45B8-9C2D-2F78C9D9ABB1"/>
  <cim:ACDCTerminal.sequenceNumber>1</cim:ACDCTerminal.sequenceNumber>
  <cim:Terminal.ConnectivityNode rdf:resource="#_1871C72A-FC90-4AEF-84F8-172DB56CB5F1"/>
  <cim:ACDCTerminal.OperationalLimitSet rdf:resource="#_BDBA8160-47AA-44F1-B814-022AB6E7CE38"/>
</cim:Terminal>
<cim:Location rdf:ID="_E4F7B09F-ACA4-472E-A894-C55EEC7EDE04">
  <cim:IdentifiedObject.mRID>_E4F7B09F-ACA4-472E-A894-C55EEC7EDE04</cim:IdentifiedObject.mRID>
  <cim:IdentifiedObject.name>stabilizer_Loc</cim:IdentifiedObject.name>
  <cim:Location.CoordinateSystem rdf:resource="#_C63C71D2-8179-45AB-949D-B024470B9A52"/>
</cim:Location>
<cim:PositionPoint rdf:ID="_89E28F4F-04D7-4FA7-B626-E23B97718C2B">
  <cim:PositionPoint.Location rdf:resource="#_E4F7B09F-ACA4-472E-A894-C55EEC7EDE04"/>
  <cim:PositionPoint.sequenceNumber>1</cim:PositionPoint.sequenceNumber>
  <cim:PositionPoint.xPosition>0</cim:PositionPoint.xPosition>
  <cim:PositionPoint.yPosition>0</cim:PositionPoint.yPosition>
</cim:PositionPoint>
<cim:PowerTransformerInfo rdf:ID="_B3FA795C-E2C8-4725-87E6-A99B0528E021">
  <cim:IdentifiedObject.mRID>_B3FA795C-E2C8-4725-87E6-A99B0528E021</cim:IdentifiedObject.mRID>
  <cim:IdentifiedObject.name>cimxfmrcode_t1_PowerXfInfo</cim:IdentifiedObject.name>
</cim:PowerTransformerInfo>
<cim:TransformerTankInfo rdf:ID="_FBDF85C5-5086-4BBB-A847-035FCCBCD59B">
  <cim:IdentifiedObject.mRID>_FBDF85C5-5086-4BBB-A847-035FCCBCD59B</cim:IdentifiedObject.mRID>
  <cim:IdentifiedObject.name>cimxfmrcode_t1</cim:IdentifiedObject.name>
  <cim:TransformerTankInfo.PowerTransformerInfo rdf:resource="#_B3FA795C-E2C8-4725-87E6-A99B0528E021"/>
</cim:TransformerTankInfo>
<cim:TransformerEndInfo rdf:ID="_882519E4-E5CF-4312-8171-1E40FBC07F41">
  <cim:IdentifiedObject.mRID>_882519E4-E5CF-4312-8171-1E40FBC07F41</cim:IdentifiedObject.mRID>
  <cim:IdentifiedObject.name>cimxfmrcode_t1_1</cim:IdentifiedObject.name>
  <cim:TransformerEndInfo.TransformerTankInfo rdf:resource="#_FBDF85C5-5086-4BBB-A847-035FCCBCD59B"/>
  <cim:TransformerEndInfo.endNumber>1</cim:TransformerEndInfo.endNumber>
  <cim:TransformerEndInfo.connectionKind rdf:resource="http://iec.ch/TC57/CIM100#WindingConnection.I"/>
  <cim:TransformerEndInfo.phaseAngleClock>0</cim:TransformerEndInfo.phaseAngleClock>
  <cim:TransformerEndInfo.ratedU>7200</cim:TransformerEndInfo.ratedU>
  <cim:TransformerEndInfo.ratedS>2000000</cim:TransformerEndInfo.ratedS>
  <cim:TransformerEndInfo.shortTermS>2200000</cim:TransformerEndInfo.shortTermS>
  <cim:TransformerEndInfo.emergencyS>3000000</cim:TransformerEndInfo.emergencyS>
  <cim:TransformerEndInfo.r>0.1296</cim:TransformerEndInfo.r>
  <cim:TransformerEndInfo.insulationU>0</cim:TransformerEndInfo.insulationU>
</cim:TransformerEndInfo>
<cim:TransformerEndInfo rdf:ID="_919CD8B4-1687-40C5-8EDD-3D09D4BF174F">
  <cim:IdentifiedObject.mRID>_919CD8B4-1687-40C5-8EDD-3D09D4BF174F</cim:IdentifiedObject.mRID>
  <cim:IdentifiedObject.name>cimxfmrcode_t1_2</cim:IdentifiedObject.name>
  <cim:TransformerEndInfo.TransformerTankInfo rdf:resource="#_FBDF85C5-5086-4BBB-A847-035FCCBCD59B"/>
  <cim:TransformerEndInfo.endNumber>2</cim:TransformerEndInfo.endNumber>
  <cim:TransformerEndInfo.connectionKind rdf:resource="http://iec.ch/TC57/CIM100#WindingConnection.I"/>
  <cim:TransformerEndInfo.phaseAngleClock>0</cim:TransformerEndInfo.phaseAngleClock>
  <cim:TransformerEndInfo.ratedU>4160</cim:TransformerEndInfo.ratedU>
  <cim:TransformerEndInfo.ratedS>2000000</cim:TransformerEndInfo.ratedS>
  <cim:TransformerEndInfo.shortTermS>2200000</cim:TransformerEndInfo.shortTermS>
  <cim:TransformerEndInfo.emergencyS>3000000</cim:TransformerEndInfo.emergencyS>
  <cim:TransformerEndInfo.r>0.043264</cim:TransformerEndInfo.r>
  <cim:TransformerEndInfo.insulationU>0</cim:TransformerEndInfo.insulationU>
</cim:TransformerEndInfo>
<cim:NoLoadTest rdf:ID="_1538602A-3D86-4AD8-A4E7-A825F042A0E1">
  <cim:IdentifiedObject.mRID>_1538602A-3D86-4AD8-A4E7-A825F042A0E1</cim:IdentifiedObject.mRID>
  <cim:IdentifiedObject.name>cimxfmrcode_t1_1</cim:IdentifiedObject.name>
  <cim:NoLoadTest.EnergisedEnd rdf:resource="#_882519E4-E5CF-4312-8171-1E40FBC07F41"/>
  <cim:NoLoadTest.energisedEndVoltage>7200</cim:NoLoadTest.energisedEndVoltage>
  <cim:NoLoadTest.excitingCurrent>0</cim:NoLoadTest.excitingCurrent>
  <cim:NoLoadTest.excitingCurrentZero>0</cim:NoLoadTest.excitingCurrentZero>
  <cim:NoLoadTest.loss>0</cim:NoLoadTest.loss>
  <cim:NoLoadTest.lossZero>0</cim:NoLoadTest.lossZero>
  <cim:TransformerTest.basePower>2000000</cim:TransformerTest.basePower>
  <cim:TransformerTest.temperature>50</cim:TransformerTest.temperature>
</cim:NoLoadTest>
<cim:ShortCircuitTest rdf:ID="_73D439FE-72F9-48FA-8C60-ED8925B6C866">
  <cim:IdentifiedObject.mRID>_73D439FE-72F9-48FA-8C60-ED8925B6C866</cim:IdentifiedObject.mRID>
  <cim:IdentifiedObject.name>cimxfmrcode_t1_1</cim:IdentifiedObject.name>
  <cim:ShortCircuitTest.EnergisedEnd rdf:resource="#_882519E4-E5CF-4312-8171-1E40FBC07F41"/>
  <cim:ShortCircuitTest.GroundedEnds rdf:resource="#_919CD8B4-1687-40C5-8EDD-3D09D4BF174F"/>
  <cim:ShortCircuitTest.energisedEndStep>16</cim:ShortCircuitTest.energisedEndStep>
  <cim:ShortCircuitTest.groundedEndStep>16</cim:ShortCircuitTest.groundedEndStep>
  <cim:ShortCircuitTest.leakageImpedance>1.5552</cim:ShortCircuitTest.leakageImpedance>
  <cim:ShortCircuitTest.leakageImpedanceZero>1.5552</cim:ShortCircuitTest.leakageImpedanceZero>
  <cim:ShortCircuitTest.loss>20</cim:ShortCircuitTest.loss>
  <cim:ShortCircuitTest.lossZero>20</cim:ShortCircuitTest.lossZero>
  <cim:TransformerTest.basePower>2000000</cim:TransformerTest.basePower>
  <cim:TransformerTest.temperature>50</cim:TransformerTest.temperature>
</cim:ShortCircuitTest>
<cim:Asset rdf:ID="_DE6B0A4E-A418-477C-B4B3-E773A48DFA73">
  <cim:IdentifiedObject.mRID>_DE6B0A4E-A418-477C-B4B3-E773A48DFA73</cim:IdentifiedObject.mRID>
  <cim:IdentifiedObject.name>TankAsset_cimxfmrcode_t1</cim:IdentifiedObject.name>
  <cim:Asset.AssetInfo rdf:resource="#_FBDF85C5-5086-4BBB-A847-035FCCBCD59B"/>
  <cim:Asset.PowerSystemResources rdf:resource="#_802CDC82-B45E-4DF0-8A4A-744E06263154"/>
</cim:Asset>
<cim:PowerTransformerInfo rdf:ID="_BAD1358F-C81A-4F9B-9899-27B35E085E8E">
  <cim:IdentifiedObject.mRID>_BAD1358F-C81A-4F9B-9899-27B35E085E8E</cim:IdentifiedObject.mRID>
  <cim:IdentifiedObject.name>cimxfmrcode_t2_PowerXfInfo</cim:IdentifiedObject.name>
</cim:PowerTransformerInfo>
<cim:TransformerTankInfo rdf:ID="_0A874883-5949-4C13-BEA5-C4A50629012C">
  <cim:IdentifiedObject.mRID>_0A874883-5949-4C13-BEA5-C4A50629012C</cim:IdentifiedObject.mRID>
  <cim:IdentifiedObject.name>cimxfmrcode_t2</cim:IdentifiedObject.name>
  <cim:TransformerTankInfo.PowerTransformerInfo rdf:resource="#_BAD1358F-C81A-4F9B-9899-27B35E085E8E"/>
</cim:TransformerTankInfo>
<cim:TransformerEndInfo rdf:ID="_83E78A81-2BAC-4A7D-AC74-F64814E930E1">
  <cim:IdentifiedObject.mRID>_83E78A81-2BAC-4A7D-AC74-F64814E930E1</cim:IdentifiedObject.mRID>
  <cim:IdentifiedObject.name>cimxfmrcode_t2_1</cim:IdentifiedObject.name>
  <cim:TransformerEndInfo.TransformerTankInfo rdf:resource="#_0A874883-5949-4C13-BEA5-C4A50629012C"/>
  <cim:TransformerEndInfo.endNumber>1</cim:TransformerEndInfo.endNumber>
  <cim:TransformerEndInfo.connectionKind rdf:resource="http://iec.ch/TC57/CIM100#WindingConnection.I"/>
  <cim:TransformerEndInfo.phaseAngleClock>0</cim:TransformerEndInfo.phaseAngleClock>
  <cim:TransformerEndInfo.ratedU>7200</cim:TransformerEndInfo.ratedU>
  <cim:TransformerEndInfo.ratedS>2000000</cim:TransformerEndInfo.ratedS>
  <cim:TransformerEndInfo.shortTermS>2200000</cim:TransformerEndInfo.shortTermS>
  <cim:TransformerEndInfo.emergencyS>3000000</cim:TransformerEndInfo.emergencyS>
  <cim:TransformerEndInfo.r>0.1296</cim:TransformerEndInfo.r>
  <cim:TransformerEndInfo.insulationU>0</cim:TransformerEndInfo.insulationU>
</cim:TransformerEndInfo>
<cim:TransformerEndInfo rdf:ID="_1F4AC4AA-F774-4E81-8679-B1D26F505066">
  <cim:IdentifiedObject.mRID>_1F4AC4AA-F774-4E81-8679-B1D26F505066</cim:IdentifiedObject.mRID>
  <cim:IdentifiedObject.name>cimxfmrcode_t2_2</cim:IdentifiedObject.name>
  <cim:TransformerEndInfo.TransformerTankInfo rdf:resource="#_0A874883-5949-4C13-BEA5-C4A50629012C"/>
  <cim:TransformerEndInfo.endNumber>2</cim:TransformerEndInfo.endNumber>
  <cim:TransformerEndInfo.connectionKind rdf:resource="http://iec.ch/TC57/CIM100#WindingConnection.I"/>
  <cim:TransformerEndInfo.phaseAngleClock>0</cim:TransformerEndInfo.phaseAngleClock>
  <cim:TransformerEndInfo.ratedU>4160</cim:TransformerEndInfo.ratedU>
  <cim:TransformerEndInfo.ratedS>2000000</cim:TransformerEndInfo.ratedS>
  <cim:TransformerEndInfo.shortTermS>2200000</cim:TransformerEndInfo.shortTermS>
  <cim:TransformerEndInfo.emergencyS>3000000</cim:TransformerEndInfo.emergencyS>
  <cim:TransformerEndInfo.r>0.043264</cim:TransformerEndInfo.r>
  <cim:TransformerEndInfo.insulationU>0</cim:TransformerEndInfo.insulationU>
</cim:TransformerEndInfo>
<cim:NoLoadTest rdf:ID="_FD156331-203F-416E-AF9A-999B932B5C93">
  <cim:IdentifiedObject.mRID>_FD156331-203F-416E-AF9A-999B932B5C93</cim:IdentifiedObject.mRID>
  <cim:IdentifiedObject.name>cimxfmrcode_t2_1</cim:IdentifiedObject.name>
  <cim:NoLoadTest.EnergisedEnd rdf:resource="#_83E78A81-2BAC-4A7D-AC74-F64814E930E1"/>
  <cim:NoLoadTest.energisedEndVoltage>7200</cim:NoLoadTest.energisedEndVoltage>
  <cim:NoLoadTest.excitingCurrent>0</cim:NoLoadTest.excitingCurrent>
  <cim:NoLoadTest.excitingCurrentZero>0</cim:NoLoadTest.excitingCurrentZero>
  <cim:NoLoadTest.loss>0</cim:NoLoadTest.loss>
  <cim:NoLoadTest.lossZero>0</cim:NoLoadTest.lossZero>
  <cim:TransformerTest.basePower>2000000</cim:TransformerTest.basePower>
  <cim:TransformerTest.temperature>50</cim:TransformerTest.temperature>
</cim:NoLoadTest>
<cim:ShortCircuitTest rdf:ID="_103229EE-A824-449E-8B8F-5EB62997CE67">
  <cim:IdentifiedObject.mRID>_103229EE-A824-449E-8B8F-5EB62997CE67</cim:IdentifiedObject.mRID>
  <cim:IdentifiedObject.name>cimxfmrcode_t2_1</cim:IdentifiedObject.name>
  <cim:ShortCircuitTest.EnergisedEnd rdf:resource="#_83E78A81-2BAC-4A7D-AC74-F64814E930E1"/>
  <cim:ShortCircuitTest.GroundedEnds rdf:resource="#_1F4AC4AA-F774-4E81-8679-B1D26F505066"/>
  <cim:ShortCircuitTest.energisedEndStep>16</cim:ShortCircuitTest.energisedEndStep>
  <cim:ShortCircuitTest.groundedEndStep>16</cim:ShortCircuitTest.groundedEndStep>
  <cim:ShortCircuitTest.leakageImpedance>1.5552</cim:ShortCircuitTest.leakageImpedance>
  <cim:ShortCircuitTest.leakageImpedanceZero>1.5552</cim:ShortCircuitTest.leakageImpedanceZero>
  <cim:ShortCircuitTest.loss>20</cim:ShortCircuitTest.loss>
  <cim:ShortCircuitTest.lossZero>20</cim:ShortCircuitTest.lossZero>
  <cim:TransformerTest.basePower>2000000</cim:TransformerTest.basePower>
  <cim:TransformerTest.temperature>50</cim:TransformerTest.temperature>
</cim:ShortCircuitTest>
<cim:Asset rdf:ID="_F196BC3C-AC5E-4CAE-BEB8-418263F6941D">
  <cim:IdentifiedObject.mRID>_F196BC3C-AC5E-4CAE-BEB8-418263F6941D</cim:IdentifiedObject.mRID>
  <cim:IdentifiedObject.name>TankAsset_cimxfmrcode_t2</cim:IdentifiedObject.name>
  <cim:Asset.AssetInfo rdf:resource="#_0A874883-5949-4C13-BEA5-C4A50629012C"/>
  <cim:Asset.PowerSystemResources rdf:resource="#_0C2B222E-8FAC-410F-93C1-735BEAB668A1"/>
</cim:Asset>
<cim:TransformerTank rdf:ID="_802CDC82-B45E-4DF0-8A4A-744E06263154">
  <cim:IdentifiedObject.mRID>_802CDC82-B45E-4DF0-8A4A-744E06263154</cim:IdentifiedObject.mRID>
  <cim:IdentifiedObject.name>t1</cim:IdentifiedObject.name>
  <cim:Equipment.EquipmentContainer rdf:resource="#_FE17C848-D906-499B-8EAD-F0ECF1F8A2AB"/>
  <cim:TransformerTank.PowerTransformer rdf:resource="#_D37AAC54-FA13-4380-A864-ACA0CF8C4389"/>
  <cim:PowerSystemResource.Location rdf:resource="#_B2157464-8CA6-4FF4-BAAA-CB1A982CFCD1"/>
</cim:TransformerTank>
<cim:Location rdf:ID="_B2157464-8CA6-4FF4-BAAA-CB1A982CFCD1">
  <cim:IdentifiedObject.mRID>_B2157464-8CA6-4FF4-BAAA-CB1A982CFCD1</cim:IdentifiedObject.mRID>
  <cim:IdentifiedObject.name>t1_Loc</cim:IdentifiedObject.name>
  <cim:Location.CoordinateSystem rdf:resource="#_C63C71D2-8179-45AB-949D-B024470B9A52"/>
</cim:Location>
<cim:PositionPoint rdf:ID="_57186D3D-C5E4-45F1-AB36-CA516F696F10">
  <cim:PositionPoint.Location rdf:resource="#_B2157464-8CA6-4FF4-BAAA-CB1A982CFCD1"/>
  <cim:PositionPoint.sequenceNumber>1</cim:PositionPoint.sequenceNumber>
  <cim:PositionPoint.xPosition>0</cim:PositionPoint.xPosition>
  <cim:PositionPoint.yPosition>0</cim:PositionPoint.yPosition>
</cim:PositionPoint>
<cim:PositionPoint rdf:ID="_F89DE117-FB6B-4820-8884-7DC1CE9B1B3A">
  <cim:PositionPoint.Location rdf:resource="#_B2157464-8CA6-4FF4-BAAA-CB1A982CFCD1"/>
  <cim:PositionPoint.sequenceNumber>2</cim:PositionPoint.sequenceNumber>
  <cim:PositionPoint.xPosition>0</cim:PositionPoint.xPosition>
  <cim:PositionPoint.yPosition>0</cim:PositionPoint.yPosition>
</cim:PositionPoint>
<cim:TransformerTankEnd rdf:ID="_D38CEE87-4C8F-42EC-950A-CADBDD5B7F28">
  <cim:IdentifiedObject.mRID>_D38CEE87-4C8F-42EC-950A-CADBDD5B7F28</cim:IdentifiedObject.mRID>
  <cim:IdentifiedObject.name>t1_End_1</cim:IdentifiedObject.name>
  <cim:TransformerTankEnd.phases rdf:resource="http://iec.ch/TC57/CIM100#PhaseCode.A"/>
  <cim:TransformerEnd.grounded>true</cim:TransformerEnd.grounded>
  <cim:TransformerEnd.rground>0</cim:TransformerEnd.rground>
  <cim:TransformerEnd.xground>0</cim:TransformerEnd.xground>
  <cim:TransformerTankEnd.reversed>false</cim:TransformerTankEnd.reversed>
  <cim:TransformerTankEnd.TransformerTank rdf:resource="#_802CDC82-B45E-4DF0-8A4A-744E06263154"/>
  <cim:TransformerEnd.endNumber>1</cim:TransformerEnd.endNumber>
  <cim:TransformerEnd.Terminal rdf:resource="#_B7D28DFC-E0D9-4697-8F7C-2D03DFCA0EDB"/>
  <cim:TransformerEnd.BaseVoltage rdf:resource="#_FA56AAEE-4104-4D40-A6F9-33860A82A2A9"/>
</cim:TransformerTankEnd>
<cim:Terminal rdf:ID="_B7D28DFC-E0D9-4697-8F7C-2D03DFCA0EDB">
  <cim:IdentifiedObject.mRID>_B7D28DFC-E0D9-4697-8F7C-2D03DFCA0EDB</cim:IdentifiedObject.mRID>
  <cim:IdentifiedObject.name>t1_T1</cim:IdentifiedObject.name>
  <cim:Terminal.ConductingEquipment rdf:resource="#_D37AAC54-FA13-4380-A864-ACA0CF8C4389"/>
  <cim:ACDCTerminal.sequenceNumber>1</cim:ACDCTerminal.sequenceNumber>
  <cim:Terminal.ConnectivityNode rdf:resource="#_8A2673C6-CC3A-4BE6-826A-8584E297F258"/>
  <cim:ACDCTerminal.OperationalLimitSet rdf:resource="#_4DC96CAC-B252-4261-BD5B-FAE09EC0791D"/>
</cim:Terminal>
<cim:TransformerTankEnd rdf:ID="_82377B00-0E13-4FDF-B3DD-8025ADCD248B">
  <cim:IdentifiedObject.mRID>_82377B00-0E13-4FDF-B3DD-8025ADCD248B</cim:IdentifiedObject.mRID>
  <cim:IdentifiedObject.name>t1_End_2</cim:IdentifiedObject.name>
  <cim:TransformerTankEnd.phases rdf:resource="http://iec.ch/TC57/CIM100#PhaseCode.AB"/>
  <cim:TransformerEnd.grounded>false</cim:TransformerEnd.grounded>
  <cim:TransformerTankEnd.reversed>false</cim:TransformerTankEnd.reversed>
  <cim:TransformerTankEnd.TransformerTank rdf:resource="#_802CDC82-B45E-4DF0-8A4A-744E06263154"/>
  <cim:TransformerEnd.endNumber>2</cim:TransformerEnd.endNumber>
  <cim:TransformerEnd.Terminal rdf:resource="#_C6877769-CCEE-4EA8-AD13-1EF7CE59DC96"/>
  <cim:TransformerEnd.BaseVoltage rdf:resource="#_DA1E8497-6D51-412D-94C8-A2672C3CCD14"/>
</cim:TransformerTankEnd>
<cim:Terminal rdf:ID="_C6877769-CCEE-4EA8-AD13-1EF7CE59DC96">
  <cim:IdentifiedObject.mRID>_C6877769-CCEE-4EA8-AD13-1EF7CE59DC96</cim:IdentifiedObject.mRID>
  <cim:IdentifiedObject.name>t1_T2</cim:IdentifiedObject.name>
  <cim:Terminal.ConductingEquipment rdf:resource="#_D37AAC54-FA13-4380-A864-ACA0CF8C4389"/>
  <cim:ACDCTerminal.sequenceNumber>2</cim:ACDCTerminal.sequenceNumber>
  <cim:Terminal.ConnectivityNode rdf:resource="#_9BB08F27-E359-4959-84E9-5B0658B0838D"/>
</cim:Terminal>
<cim:TransformerTank rdf:ID="_0C2B222E-8FAC-410F-93C1-735BEAB668A1">
  <cim:IdentifiedObject.mRID>_0C2B222E-8FAC-410F-93C1-735BEAB668A1</cim:IdentifiedObject.mRID>
  <cim:IdentifiedObject.name>t2</cim:IdentifiedObject.name>
  <cim:Equipment.EquipmentContainer rdf:resource="#_FE17C848-D906-499B-8EAD-F0ECF1F8A2AB"/>
  <cim:TransformerTank.PowerTransformer rdf:resource="#_8FB26D4B-FB94-47A7-BC7F-6AE3D145902B"/>
  <cim:PowerSystemResource.Location rdf:resource="#_019788C6-44F2-424B-AFC2-57F9BF8A9FC8"/>
</cim:TransformerTank>
<cim:Location rdf:ID="_019788C6-44F2-424B-AFC2-57F9BF8A9FC8">
  <cim:IdentifiedObject.mRID>_019788C6-44F2-424B-AFC2-57F9BF8A9FC8</cim:IdentifiedObject.mRID>
  <cim:IdentifiedObject.name>t2_Loc</cim:IdentifiedObject.name>
  <cim:Location.CoordinateSystem rdf:resource="#_C63C71D2-8179-45AB-949D-B024470B9A52"/>
</cim:Location>
<cim:PositionPoint rdf:ID="_501E443E-A6E7-4B40-A1F7-FA6E527604A8">
  <cim:PositionPoint.Location rdf:resource="#_019788C6-44F2-424B-AFC2-57F9BF8A9FC8"/>
  <cim:PositionPoint.sequenceNumber>1</cim:PositionPoint.sequenceNumber>
  <cim:PositionPoint.xPosition>0</cim:PositionPoint.xPosition>
  <cim:PositionPoint.yPosition>0</cim:PositionPoint.yPosition>
</cim:PositionPoint>
<cim:PositionPoint rdf:ID="_DD985078-D185-4747-9A36-A2D181E59F21">
  <cim:PositionPoint.Location rdf:resource="#_019788C6-44F2-424B-AFC2-57F9BF8A9FC8"/>
  <cim:PositionPoint.sequenceNumber>2</cim:PositionPoint.sequenceNumber>
  <cim:PositionPoint.xPosition>0</cim:PositionPoint.xPosition>
  <cim:PositionPoint.yPosition>0</cim:PositionPoint.yPosition>
</cim:PositionPoint>
<cim:TransformerTankEnd rdf:ID="_65A940BD-F8DE-491B-863F-B33347C95B59">
  <cim:IdentifiedObject.mRID>_65A940BD-F8DE-491B-863F-B33347C95B59</cim:IdentifiedObject.mRID>
  <cim:IdentifiedObject.name>t2_End_1</cim:IdentifiedObject.name>
  <cim:TransformerTankEnd.phases rdf:resource="http://iec.ch/TC57/CIM100#PhaseCode.B"/>
  <cim:TransformerEnd.grounded>true</cim:TransformerEnd.grounded>
  <cim:TransformerEnd.rground>0</cim:TransformerEnd.rground>
  <cim:TransformerEnd.xground>0</cim:TransformerEnd.xground>
  <cim:TransformerTankEnd.reversed>false</cim:TransformerTankEnd.reversed>
  <cim:TransformerTankEnd.TransformerTank rdf:resource="#_0C2B222E-8FAC-410F-93C1-735BEAB668A1"/>
  <cim:TransformerEnd.endNumber>1</cim:TransformerEnd.endNumber>
  <cim:TransformerEnd.Terminal rdf:resource="#_960D44B6-5ED9-496A-AA6B-36DC3899700D"/>
  <cim:TransformerEnd.BaseVoltage rdf:resource="#_FA56AAEE-4104-4D40-A6F9-33860A82A2A9"/>
</cim:TransformerTankEnd>
<cim:Terminal rdf:ID="_960D44B6-5ED9-496A-AA6B-36DC3899700D">
  <cim:IdentifiedObject.mRID>_960D44B6-5ED9-496A-AA6B-36DC3899700D</cim:IdentifiedObject.mRID>
  <cim:IdentifiedObject.name>t2_T1</cim:IdentifiedObject.name>
  <cim:Terminal.ConductingEquipment rdf:resource="#_8FB26D4B-FB94-47A7-BC7F-6AE3D145902B"/>
  <cim:ACDCTerminal.sequenceNumber>1</cim:ACDCTerminal.sequenceNumber>
  <cim:Terminal.ConnectivityNode rdf:resource="#_8A2673C6-CC3A-4BE6-826A-8584E297F258"/>
  <cim:ACDCTerminal.OperationalLimitSet rdf:resource="#_4DC96CAC-B252-4261-BD5B-FAE09EC0791D"/>
</cim:Terminal>
<cim:TransformerTankEnd rdf:ID="_646A65DC-9296-4301-9AFD-0FB06F5C54A8">
  <cim:IdentifiedObject.mRID>_646A65DC-9296-4301-9AFD-0FB06F5C54A8</cim:IdentifiedObject.mRID>
  <cim:IdentifiedObject.name>t2_End_2</cim:IdentifiedObject.name>
  <cim:TransformerTankEnd.phases rdf:resource="http://iec.ch/TC57/CIM100#PhaseCode.BC"/>
  <cim:TransformerEnd.grounded>false</cim:TransformerEnd.grounded>
  <cim:TransformerTankEnd.reversed>false</cim:TransformerTankEnd.reversed>
  <cim:TransformerTankEnd.TransformerTank rdf:resource="#_0C2B222E-8FAC-410F-93C1-735BEAB668A1"/>
  <cim:TransformerEnd.endNumber>2</cim:TransformerEnd.endNumber>
  <cim:TransformerEnd.Terminal rdf:resource="#_8876B11E-2049-4E3A-9AA2-9B5BB22960A6"/>
  <cim:TransformerEnd.BaseVoltage rdf:resource="#_DA1E8497-6D51-412D-94C8-A2672C3CCD14"/>
</cim:TransformerTankEnd>
<cim:Terminal rdf:ID="_8876B11E-2049-4E3A-9AA2-9B5BB22960A6">
  <cim:IdentifiedObject.mRID>_8876B11E-2049-4E3A-9AA2-9B5BB22960A6</cim:IdentifiedObject.mRID>
  <cim:IdentifiedObject.name>t2_T2</cim:IdentifiedObject.name>
  <cim:Terminal.ConductingEquipment rdf:resource="#_8FB26D4B-FB94-47A7-BC7F-6AE3D145902B"/>
  <cim:ACDCTerminal.sequenceNumber>2</cim:ACDCTerminal.sequenceNumber>
  <cim:Terminal.ConnectivityNode rdf:resource="#_9BB08F27-E359-4959-84E9-5B0658B0838D"/>
</cim:Terminal>
<cim:PowerTransformer rdf:ID="_D37AAC54-FA13-4380-A864-ACA0CF8C4389">
  <cim:IdentifiedObject.mRID>_D37AAC54-FA13-4380-A864-ACA0CF8C4389</cim:IdentifiedObject.mRID>
  <cim:IdentifiedObject.name>t1</cim:IdentifiedObject.name>
  <cim:Equipment.EquipmentContainer rdf:resource="#_FE17C848-D906-499B-8EAD-F0ECF1F8A2AB"/>
  <cim:PowerTransformer.vectorGroup>Ii</cim:PowerTransformer.vectorGroup>
  <cim:PowerSystemResource.Location rdf:resource="#_B2157464-8CA6-4FF4-BAAA-CB1A982CFCD1"/>
</cim:PowerTransformer>
<cim:PowerTransformer rdf:ID="_8FB26D4B-FB94-47A7-BC7F-6AE3D145902B">
  <cim:IdentifiedObject.mRID>_8FB26D4B-FB94-47A7-BC7F-6AE3D145902B</cim:IdentifiedObject.mRID>
  <cim:IdentifiedObject.name>t2</cim:IdentifiedObject.name>
  <cim:Equipment.EquipmentContainer rdf:resource="#_FE17C848-D906-499B-8EAD-F0ECF1F8A2AB"/>
  <cim:PowerTransformer.vectorGroup>Ii</cim:PowerTransformer.vectorGroup>
  <cim:PowerSystemResource.Location rdf:resource="#_019788C6-44F2-424B-AFC2-57F9BF8A9FC8"/>
</cim:PowerTransformer>
<cim:ACLineSegment rdf:ID="_3C551511-052D-4B3A-A94D-0FA135724786">
  <cim:IdentifiedObject.mRID>_3C551511-052D-4B3A-A94D-0FA135724786</cim:IdentifiedObject.mRID>
  <cim:IdentifiedObject.name>line1</cim:IdentifiedObject.name>
  <cim:Equipment.EquipmentContainer rdf:resource="#_FE17C848-D906-499B-8EAD-F0ECF1F8A2AB"/>
  <cim:ConductingEquipment.BaseVoltage rdf:resource="#_FA56AAEE-4104-4D40-A6F9-33860A82A2A9"/>
  <cim:Conductor.length>609.6</cim:Conductor.length>
  <cim:ACLineSegment.WireSpacingInfo rdf:resource="#_F36E58FD-94F1-4AFE-A147-B81F753678E6"/>
  <cim:PowerSystemResource.Location rdf:resource="#_4FF555F8-31C3-42F6-AD7C-F34FC7C5E65F"/>
</cim:ACLineSegment>
<cim:ACLineSegmentPhase rdf:ID="_A92D51E3-8CFB-4DE1-9D2A-D25EC35AE5C6">
  <cim:IdentifiedObject.mRID>_A92D51E3-8CFB-4DE1-9D2A-D25EC35AE5C6</cim:IdentifiedObject.mRID>
  <cim:IdentifiedObject.name>line1_A</cim:IdentifiedObject.name>
  <cim:ACLineSegmentPhase.phase rdf:resource="http://iec.ch/TC57/CIM100#SinglePhaseKind.A"/>
  <cim:ACLineSegmentPhase.sequenceNumber>1</cim:ACLineSegmentPhase.sequenceNumber>
  <cim:ACLineSegmentPhase.WireInfo rdf:resource="#_05962915-6B0A-4502-83BB-C944021A1D41"/>
  <cim:ACLineSegmentPhase.ACLineSegment rdf:resource="#_3C551511-052D-4B3A-A94D-0FA135724786"/>
  <cim:PowerSystemResource.Location rdf:resource="#_4FF555F8-31C3-42F6-AD7C-F34FC7C5E65F"/>
</cim:ACLineSegmentPhase>
<cim:ACLineSegmentPhase rdf:ID="_B607A41D-C5A9-4494-9991-D6DC96A8326E">
  <cim:IdentifiedObject.mRID>_B607A41D-C5A9-4494-9991-D6DC96A8326E</cim:IdentifiedObject.mRID>
  <cim:IdentifiedObject.name>line1_B</cim:IdentifiedObject.name>
  <cim:ACLineSegmentPhase.phase rdf:resource="http://iec.ch/TC57/CIM100#SinglePhaseKind.B"/>
  <cim:ACLineSegmentPhase.sequenceNumber>2</cim:ACLineSegmentPhase.sequenceNumber>
  <cim:ACLineSegmentPhase.WireInfo rdf:resource="#_05962915-6B0A-4502-83BB-C944021A1D41"/>
  <cim:ACLineSegmentPhase.ACLineSegment rdf:resource="#_3C551511-052D-4B3A-A94D-0FA135724786"/>
  <cim:PowerSystemResource.Location rdf:resource="#_4FF555F8-31C3-42F6-AD7C-F34FC7C5E65F"/>
</cim:ACLineSegmentPhase>
<cim:ACLineSegmentPhase rdf:ID="_2A75CB99-2BC8-42FA-9B9A-EFBEE5A201BD">
  <cim:IdentifiedObject.mRID>_2A75CB99-2BC8-42FA-9B9A-EFBEE5A201BD</cim:IdentifiedObject.mRID>
  <cim:IdentifiedObject.name>line1_C</cim:IdentifiedObject.name>
  <cim:ACLineSegmentPhase.phase rdf:resource="http://iec.ch/TC57/CIM100#SinglePhaseKind.C"/>
  <cim:ACLineSegmentPhase.sequenceNumber>3</cim:ACLineSegmentPhase.sequenceNumber>
  <cim:ACLineSegmentPhase.WireInfo rdf:resource="#_05962915-6B0A-4502-83BB-C944021A1D41"/>
  <cim:ACLineSegmentPhase.ACLineSegment rdf:resource="#_3C551511-052D-4B3A-A94D-0FA135724786"/>
  <cim:PowerSystemResource.Location rdf:resource="#_4FF555F8-31C3-42F6-AD7C-F34FC7C5E65F"/>
</cim:ACLineSegmentPhase>
<cim:ACLineSegmentPhase rdf:ID="_BCB3561C-CDC5-4603-B5BB-FE15962590A1">
  <cim:IdentifiedObject.mRID>_BCB3561C-CDC5-4603-B5BB-FE15962590A1</cim:IdentifiedObject.mRID>
  <cim:IdentifiedObject.name>line1_N</cim:IdentifiedObject.name>
  <cim:ACLineSegmentPhase.phase rdf:resource="http://iec.ch/TC57/CIM100#SinglePhaseKind.N"/>
  <cim:ACLineSegmentPhase.sequenceNumber>4</cim:ACLineSegmentPhase.sequenceNumber>
  <cim:ACLineSegmentPhase.WireInfo rdf:resource="#_40E9E928-374A-4930-8213-513175827D61"/>
  <cim:ACLineSegmentPhase.ACLineSegment rdf:resource="#_3C551511-052D-4B3A-A94D-0FA135724786"/>
  <cim:PowerSystemResource.Location rdf:resource="#_4FF555F8-31C3-42F6-AD7C-F34FC7C5E65F"/>
</cim:ACLineSegmentPhase>
<cim:Terminal rdf:ID="_E35390F9-4CA5-4905-9A68-94D19955E2F3">
  <cim:IdentifiedObject.mRID>_E35390F9-4CA5-4905-9A68-94D19955E2F3</cim:IdentifiedObject.mRID>
  <cim:IdentifiedObject.name>line1_T1</cim:IdentifiedObject.name>
  <cim:Terminal.ConductingEquipment rdf:resource="#_3C551511-052D-4B3A-A94D-0FA135724786"/>
  <cim:ACDCTerminal.sequenceNumber>1</cim:ACDCTerminal.sequenceNumber>
  <cim:Terminal.ConnectivityNode rdf:resource="#_DF84EC13-7AAC-470B-B7BD-3C3288784BDA"/>
</cim:Terminal>
<cim:Terminal rdf:ID="_1A7F9A5E-A029-42CC-9949-3061A0C1792C">
  <cim:IdentifiedObject.mRID>_1A7F9A5E-A029-42CC-9949-3061A0C1792C</cim:IdentifiedObject.mRID>
  <cim:IdentifiedObject.name>line1_T2</cim:IdentifiedObject.name>
  <cim:Terminal.ConductingEquipment rdf:resource="#_3C551511-052D-4B3A-A94D-0FA135724786"/>
  <cim:ACDCTerminal.sequenceNumber>2</cim:ACDCTerminal.sequenceNumber>
  <cim:Terminal.ConnectivityNode rdf:resource="#_8A2673C6-CC3A-4BE6-826A-8584E297F258"/>
</cim:Terminal>
<cim:Location rdf:ID="_4FF555F8-31C3-42F6-AD7C-F34FC7C5E65F">
  <cim:IdentifiedObject.mRID>_4FF555F8-31C3-42F6-AD7C-F34FC7C5E65F</cim:IdentifiedObject.mRID>
  <cim:IdentifiedObject.name>line1_Loc</cim:IdentifiedObject.name>
  <cim:Location.CoordinateSystem rdf:resource="#_C63C71D2-8179-45AB-949D-B024470B9A52"/>
</cim:Location>
<cim:PositionPoint rdf:ID="_A53D7F2D-DF4D-475D-AABE-F4A0150EC792">
  <cim:PositionPoint.Location rdf:resource="#_4FF555F8-31C3-42F6-AD7C-F34FC7C5E65F"/>
  <cim:PositionPoint.sequenceNumber>1</cim:PositionPoint.sequenceNumber>
  <cim:PositionPoint.xPosition>0</cim:PositionPoint.xPosition>
  <cim:PositionPoint.yPosition>0</cim:PositionPoint.yPosition>
</cim:PositionPoint>
<cim:PositionPoint rdf:ID="_3E39873B-EB5A-4E26-A92B-1814661F9182">
  <cim:PositionPoint.Location rdf:resource="#_4FF555F8-31C3-42F6-AD7C-F34FC7C5E65F"/>
  <cim:PositionPoint.sequenceNumber>2</cim:PositionPoint.sequenceNumber>
  <cim:PositionPoint.xPosition>0</cim:PositionPoint.xPosition>
  <cim:PositionPoint.yPosition>0</cim:PositionPoint.yPosition>
</cim:PositionPoint>
<cim:ACLineSegment rdf:ID="_592DC7FC-A210-43B0-9914-F30B0D28A052">
  <cim:IdentifiedObject.mRID>_592DC7FC-A210-43B0-9914-F30B0D28A052</cim:IdentifiedObject.mRID>
  <cim:IdentifiedObject.name>line2</cim:IdentifiedObject.name>
  <cim:Equipment.EquipmentContainer rdf:resource="#_FE17C848-D906-499B-8EAD-F0ECF1F8A2AB"/>
  <cim:ConductingEquipment.BaseVoltage rdf:resource="#_DA1E8497-6D51-412D-94C8-A2672C3CCD14"/>
  <cim:Conductor.length>762</cim:Conductor.length>
  <cim:ACLineSegment.WireSpacingInfo rdf:resource="#_80609259-1797-438F-A3C0-8E1CE7286C9F"/>
  <cim:PowerSystemResource.Location rdf:resource="#_87C128F1-90F2-4D18-8AF0-6D718CC859F5"/>
</cim:ACLineSegment>
<cim:ACLineSegmentPhase rdf:ID="_C422379D-903F-4AA2-BAAA-AB5872817DF7">
  <cim:IdentifiedObject.mRID>_C422379D-903F-4AA2-BAAA-AB5872817DF7</cim:IdentifiedObject.mRID>
  <cim:IdentifiedObject.name>line2_A</cim:IdentifiedObject.name>
  <cim:ACLineSegmentPhase.phase rdf:resource="http://iec.ch/TC57/CIM100#SinglePhaseKind.A"/>
  <cim:ACLineSegmentPhase.sequenceNumber>1</cim:ACLineSegmentPhase.sequenceNumber>
  <cim:ACLineSegmentPhase.WireInfo rdf:resource="#_05962915-6B0A-4502-83BB-C944021A1D41"/>
  <cim:ACLineSegmentPhase.ACLineSegment rdf:resource="#_592DC7FC-A210-43B0-9914-F30B0D28A052"/>
  <cim:PowerSystemResource.Location rdf:resource="#_87C128F1-90F2-4D18-8AF0-6D718CC859F5"/>
</cim:ACLineSegmentPhase>
<cim:ACLineSegmentPhase rdf:ID="_54433BD5-9557-4E1D-9B6B-052B19085C73">
  <cim:IdentifiedObject.mRID>_54433BD5-9557-4E1D-9B6B-052B19085C73</cim:IdentifiedObject.mRID>
  <cim:IdentifiedObject.name>line2_B</cim:IdentifiedObject.name>
  <cim:ACLineSegmentPhase.phase rdf:resource="http://iec.ch/TC57/CIM100#SinglePhaseKind.B"/>
  <cim:ACLineSegmentPhase.sequenceNumber>2</cim:ACLineSegmentPhase.sequenceNumber>
  <cim:ACLineSegmentPhase.WireInfo rdf:resource="#_05962915-6B0A-4502-83BB-C944021A1D41"/>
  <cim:ACLineSegmentPhase.ACLineSegment rdf:resource="#_592DC7FC-A210-43B0-9914-F30B0D28A052"/>
  <cim:PowerSystemResource.Location rdf:resource="#_87C128F1-90F2-4D18-8AF0-6D718CC859F5"/>
</cim:ACLineSegmentPhase>
<cim:ACLineSegmentPhase rdf:ID="_5AD7C66E-AD52-48CA-A59A-65BD49D91121">
  <cim:IdentifiedObject.mRID>_5AD7C66E-AD52-48CA-A59A-65BD49D91121</cim:IdentifiedObject.mRID>
  <cim:IdentifiedObject.name>line2_C</cim:IdentifiedObject.name>
  <cim:ACLineSegmentPhase.phase rdf:resource="http://iec.ch/TC57/CIM100#SinglePhaseKind.C"/>
  <cim:ACLineSegmentPhase.sequenceNumber>3</cim:ACLineSegmentPhase.sequenceNumber>
  <cim:ACLineSegmentPhase.WireInfo rdf:resource="#_05962915-6B0A-4502-83BB-C944021A1D41"/>
  <cim:ACLineSegmentPhase.ACLineSegment rdf:resource="#_592DC7FC-A210-43B0-9914-F30B0D28A052"/>
  <cim:PowerSystemResource.Location rdf:resource="#_87C128F1-90F2-4D18-8AF0-6D718CC859F5"/>
</cim:ACLineSegmentPhase>
<cim:Terminal rdf:ID="_F3BD7C14-4023-4DC6-A36F-6552A29D0395">
  <cim:IdentifiedObject.mRID>_F3BD7C14-4023-4DC6-A36F-6552A29D0395</cim:IdentifiedObject.mRID>
  <cim:IdentifiedObject.name>line2_T1</cim:IdentifiedObject.name>
  <cim:Terminal.ConductingEquipment rdf:resource="#_592DC7FC-A210-43B0-9914-F30B0D28A052"/>
  <cim:ACDCTerminal.sequenceNumber>1</cim:ACDCTerminal.sequenceNumber>
  <cim:Terminal.ConnectivityNode rdf:resource="#_9BB08F27-E359-4959-84E9-5B0658B0838D"/>
</cim:Terminal>
<cim:Terminal rdf:ID="_E3CDFA6C-4FCD-4368-8436-78D892B56760">
  <cim:IdentifiedObject.mRID>_E3CDFA6C-4FCD-4368-8436-78D892B56760</cim:IdentifiedObject.mRID>
  <cim:IdentifiedObject.name>line2_T2</cim:IdentifiedObject.name>
  <cim:Terminal.ConductingEquipment rdf:resource="#_592DC7FC-A210-43B0-9914-F30B0D28A052"/>
  <cim:ACDCTerminal.sequenceNumber>2</cim:ACDCTerminal.sequenceNumber>
  <cim:Terminal.ConnectivityNode rdf:resource="#_1871C72A-FC90-4AEF-84F8-172DB56CB5F1"/>
</cim:Terminal>
<cim:Location rdf:ID="_87C128F1-90F2-4D18-8AF0-6D718CC859F5">
  <cim:IdentifiedObject.mRID>_87C128F1-90F2-4D18-8AF0-6D718CC859F5</cim:IdentifiedObject.mRID>
  <cim:IdentifiedObject.name>line2_Loc</cim:IdentifiedObject.name>
  <cim:Location.CoordinateSystem rdf:resource="#_C63C71D2-8179-45AB-949D-B024470B9A52"/>
</cim:Location>
<cim:PositionPoint rdf:ID="_AFBD23B5-170F-446F-91D8-03EE0375C238">
  <cim:PositionPoint.Location rdf:resource="#_87C128F1-90F2-4D18-8AF0-6D718CC859F5"/>
  <cim:PositionPoint.sequenceNumber>1</cim:PositionPoint.sequenceNumber>
  <cim:PositionPoint.xPosition>0</cim:PositionPoint.xPosition>
  <cim:PositionPoint.yPosition>0</cim:PositionPoint.yPosition>
</cim:PositionPoint>
<cim:PositionPoint rdf:ID="_24480412-92B8-4A62-8377-0E0F29FE6413">
  <cim:PositionPoint.Location rdf:resource="#_87C128F1-90F2-4D18-8AF0-6D718CC859F5"/>
  <cim:PositionPoint.sequenceNumber>2</cim:PositionPoint.sequenceNumber>
  <cim:PositionPoint.xPosition>0</cim:PositionPoint.xPosition>
  <cim:PositionPoint.yPosition>0</cim:PositionPoint.yPosition>
</cim:PositionPoint>
<cim:LoadResponseCharacteristic rdf:ID="_457EC2E4-6B5C-450D-9367-CB8AC3E6C8AE">
  <cim:IdentifiedObject.mRID>_457EC2E4-6B5C-450D-9367-CB8AC3E6C8AE</cim:IdentifiedObject.mRID>
  <cim:IdentifiedObject.name>Constant kVA</cim:IdentifiedObject.name>
  <cim:LoadResponseCharacteristic.exponentModel>false</cim:LoadResponseCharacteristic.exponentModel>
  <cim:LoadResponseCharacteristic.pConstantImpedance>0</cim:LoadResponseCharacteristic.pConstantImpedance>
  <cim:LoadResponseCharacteristic.pConstantCurrent>0</cim:LoadResponseCharacteristic.pConstantCurrent>
  <cim:LoadResponseCharacteristic.pConstantPower>100</cim:LoadResponseCharacteristic.pConstantPower>
  <cim:LoadResponseCharacteristic.qConstantImpedance>0</cim:LoadResponseCharacteristic.qConstantImpedance>
  <cim:LoadResponseCharacteristic.qConstantCurrent>0</cim:LoadResponseCharacteristic.qConstantCurrent>
  <cim:LoadResponseCharacteristic.qConstantPower>100</cim:LoadResponseCharacteristic.qConstantPower>
  <cim:LoadResponseCharacteristic.pVoltageExponent>0</cim:LoadResponseCharacteristic.pVoltageExponent>
  <cim:LoadResponseCharacteristic.qVoltageExponent>0</cim:LoadResponseCharacteristic.qVoltageExponent>
  <cim:LoadResponseCharacteristic.pFrequencyExponent>0</cim:LoadResponseCharacteristic.pFrequencyExponent>
  <cim:LoadResponseCharacteristic.qFrequencyExponent>0</cim:LoadResponseCharacteristic.qFrequencyExponent>
</cim:LoadResponseCharacteristic>
<cim:LoadResponseCharacteristic rdf:ID="_74149BAF-32C5-4CF5-831D-9FA39272A80F">
  <cim:IdentifiedObject.mRID>_74149BAF-32C5-4CF5-831D-9FA39272A80F</cim:IdentifiedObject.mRID>
  <cim:IdentifiedObject.name>Constant Z</cim:IdentifiedObject.name>
  <cim:LoadResponseCharacteristic.exponentModel>false</cim:LoadResponseCharacteristic.exponentModel>
  <cim:LoadResponseCharacteristic.pConstantImpedance>100</cim:LoadResponseCharacteristic.pConstantImpedance>
  <cim:LoadResponseCharacteristic.pConstantCurrent>0</cim:LoadResponseCharacteristic.pConstantCurrent>
  <cim:LoadResponseCharacteristic.pConstantPower>0</cim:LoadResponseCharacteristic.pConstantPower>
  <cim:LoadResponseCharacteristic.qConstantImpedance>100</cim:LoadResponseCharacteristic.qConstantImpedance>
  <cim:LoadResponseCharacteristic.qConstantCurrent>0</cim:LoadResponseCharacteristic.qConstantCurrent>
  <cim:LoadResponseCharacteristic.qConstantPower>0</cim:LoadResponseCharacteristic.qConstantPower>
  <cim:LoadResponseCharacteristic.pVoltageExponent>0</cim:LoadResponseCharacteristic.pVoltageExponent>
  <cim:LoadResponseCharacteristic.qVoltageExponent>0</cim:LoadResponseCharacteristic.qVoltageExponent>
  <cim:LoadResponseCharacteristic.pFrequencyExponent>0</cim:LoadResponseCharacteristic.pFrequencyExponent>
  <cim:LoadResponseCharacteristic.qFrequencyExponent>0</cim:LoadResponseCharacteristic.qFrequencyExponent>
</cim:LoadResponseCharacteristic>
<cim:LoadResponseCharacteristic rdf:ID="_0ED14D82-1F1F-45B8-8494-B3620A340421">
  <cim:IdentifiedObject.mRID>_0ED14D82-1F1F-45B8-8494-B3620A340421</cim:IdentifiedObject.mRID>
  <cim:IdentifiedObject.name>Motor</cim:IdentifiedObject.name>
  <cim:LoadResponseCharacteristic.exponentModel>false</cim:LoadResponseCharacteristic.exponentModel>
  <cim:LoadResponseCharacteristic.pConstantImpedance>0</cim:LoadResponseCharacteristic.pConstantImpedance>
  <cim:LoadResponseCharacteristic.pConstantCurrent>0</cim:LoadResponseCharacteristic.pConstantCurrent>
  <cim:LoadResponseCharacteristic.pConstantPower>100</cim:LoadResponseCharacteristic.pConstantPower>
  <cim:LoadResponseCharacteristic.qConstantImpedance>100</cim:LoadResponseCharacteristic.qConstantImpedance>
  <cim:LoadResponseCharacteristic.qConstantCurrent>0</cim:LoadResponseCharacteristic.qConstantCurrent>
  <cim:LoadResponseCharacteristic.qConstantPower>0</cim:LoadResponseCharacteristic.qConstantPower>
  <cim:LoadResponseCharacteristic.pVoltageExponent>0</cim:LoadResponseCharacteristic.pVoltageExponent>
  <cim:LoadResponseCharacteristic.qVoltageExponent>0</cim:LoadResponseCharacteristic.qVoltageExponent>
  <cim:LoadResponseCharacteristic.pFrequencyExponent>0</cim:LoadResponseCharacteristic.pFrequencyExponent>
  <cim:LoadResponseCharacteristic.qFrequencyExponent>0</cim:LoadResponseCharacteristic.qFrequencyExponent>
</cim:LoadResponseCharacteristic>
<cim:LoadResponseCharacteristic rdf:ID="_DB067346-CE54-4549-8A7E-7FB59BE053CD">
  <cim:IdentifiedObject.mRID>_DB067346-CE54-4549-8A7E-7FB59BE053CD</cim:IdentifiedObject.mRID>
  <cim:IdentifiedObject.name>Mix Motor/Res</cim:IdentifiedObject.name>
  <cim:LoadResponseCharacteristic.exponentModel>true</cim:LoadResponseCharacteristic.exponentModel>
  <cim:LoadResponseCharacteristic.pConstantImpedance>0</cim:LoadResponseCharacteristic.pConstantImpedance>
  <cim:LoadResponseCharacteristic.pConstantCurrent>0</cim:LoadResponseCharacteristic.pConstantCurrent>
  <cim:LoadResponseCharacteristic.pConstantPower>0</cim:LoadResponseCharacteristic.pConstantPower>
  <cim:LoadResponseCharacteristic.qConstantImpedance>0</cim:LoadResponseCharacteristic.qConstantImpedance>
  <cim:LoadResponseCharacteristic.qConstantCurrent>0</cim:LoadResponseCharacteristic.qConstantCurrent>
  <cim:LoadResponseCharacteristic.qConstantPower>0</cim:LoadResponseCharacteristic.qConstantPower>
  <cim:LoadResponseCharacteristic.pVoltageExponent>1</cim:LoadResponseCharacteristic.pVoltageExponent>
  <cim:LoadResponseCharacteristic.qVoltageExponent>2</cim:LoadResponseCharacteristic.qVoltageExponent>
  <cim:LoadResponseCharacteristic.pFrequencyExponent>0</cim:LoadResponseCharacteristic.pFrequencyExponent>
  <cim:LoadResponseCharacteristic.qFrequencyExponent>0</cim:LoadResponseCharacteristic.qFrequencyExponent>
</cim:LoadResponseCharacteristic>
<cim:LoadResponseCharacteristic rdf:ID="_081EA1CD-F91B-47BB-B8D3-39810434B84B">
  <cim:IdentifiedObject.mRID>_081EA1CD-F91B-47BB-B8D3-39810434B84B</cim:IdentifiedObject.mRID>
  <cim:IdentifiedObject.name>Constant I</cim:IdentifiedObject.name>
  <cim:LoadResponseCharacteristic.exponentModel>false</cim:LoadResponseCharacteristic.exponentModel>
  <cim:LoadResponseCharacteristic.pConstantImpedance>0</cim:LoadResponseCharacteristic.pConstantImpedance>
  <cim:LoadResponseCharacteristic.pConstantCurrent>100</cim:LoadResponseCharacteristic.pConstantCurrent>
  <cim:LoadResponseCharacteristic.pConstantPower>0</cim:LoadResponseCharacteristic.pConstantPower>
  <cim:LoadResponseCharacteristic.qConstantImpedance>0</cim:LoadResponseCharacteristic.qConstantImpedance>
  <cim:LoadResponseCharacteristic.qConstantCurrent>100</cim:LoadResponseCharacteristic.qConstantCurrent>
  <cim:LoadResponseCharacteristic.qConstantPower>0</cim:LoadResponseCharacteristic.qConstantPower>
  <cim:LoadResponseCharacteristic.pVoltageExponent>0</cim:LoadResponseCharacteristic.pVoltageExponent>
  <cim:LoadResponseCharacteristic.qVoltageExponent>0</cim:LoadResponseCharacteristic.qVoltageExponent>
  <cim:LoadResponseCharacteristic.pFrequencyExponent>0</cim:LoadResponseCharacteristic.pFrequencyExponent>
  <cim:LoadResponseCharacteristic.qFrequencyExponent>0</cim:LoadResponseCharacteristic.qFrequencyExponent>
</cim:LoadResponseCharacteristic>
<cim:LoadResponseCharacteristic rdf:ID="_89A03368-4500-4C17-9995-257F521F396C">
  <cim:IdentifiedObject.mRID>_89A03368-4500-4C17-9995-257F521F396C</cim:IdentifiedObject.mRID>
  <cim:IdentifiedObject.name>Variable P, Fixed Q</cim:IdentifiedObject.name>
  <cim:LoadResponseCharacteristic.exponentModel>false</cim:LoadResponseCharacteristic.exponentModel>
  <cim:LoadResponseCharacteristic.pConstantImpedance>0</cim:LoadResponseCharacteristic.pConstantImpedance>
  <cim:LoadResponseCharacteristic.pConstantCurrent>0</cim:LoadResponseCharacteristic.pConstantCurrent>
  <cim:LoadResponseCharacteristic.pConstantPower>100</cim:LoadResponseCharacteristic.pConstantPower>
  <cim:LoadResponseCharacteristic.qConstantImpedance>0</cim:LoadResponseCharacteristic.qConstantImpedance>
  <cim:LoadResponseCharacteristic.qConstantCurrent>0</cim:LoadResponseCharacteristic.qConstantCurrent>
  <cim:LoadResponseCharacteristic.qConstantPower>100</cim:LoadResponseCharacteristic.qConstantPower>
  <cim:LoadResponseCharacteristic.pVoltageExponent>0</cim:LoadResponseCharacteristic.pVoltageExponent>
  <cim:LoadResponseCharacteristic.qVoltageExponent>0</cim:LoadResponseCharacteristic.qVoltageExponent>
  <cim:LoadResponseCharacteristic.pFrequencyExponent>0</cim:LoadResponseCharacteristic.pFrequencyExponent>
  <cim:LoadResponseCharacteristic.qFrequencyExponent>0</cim:LoadResponseCharacteristic.qFrequencyExponent>
</cim:LoadResponseCharacteristic>
<cim:LoadResponseCharacteristic rdf:ID="_77E87CEA-90FD-42BD-A423-78C6F969CBBA">
  <cim:IdentifiedObject.mRID>_77E87CEA-90FD-42BD-A423-78C6F969CBBA</cim:IdentifiedObject.mRID>
  <cim:IdentifiedObject.name>Variable P, Fixed X</cim:IdentifiedObject.name>
  <cim:LoadResponseCharacteristic.exponentModel>false</cim:LoadResponseCharacteristic.exponentModel>
  <cim:LoadResponseCharacteristic.pConstantImpedance>0</cim:LoadResponseCharacteristic.pConstantImpedance>
  <cim:LoadResponseCharacteristic.pConstantCurrent>0</cim:LoadResponseCharacteristic.pConstantCurrent>
  <cim:LoadResponseCharacteristic.pConstantPower>100</cim:LoadResponseCharacteristic.pConstantPower>
  <cim:LoadResponseCharacteristic.qConstantImpedance>100</cim:LoadResponseCharacteristic.qConstantImpedance>
  <cim:LoadResponseCharacteristic.qConstantCurrent>0</cim:LoadResponseCharacteristic.qConstantCurrent>
  <cim:LoadResponseCharacteristic.qConstantPower>0</cim:LoadResponseCharacteristic.qConstantPower>
  <cim:LoadResponseCharacteristic.pVoltageExponent>0</cim:LoadResponseCharacteristic.pVoltageExponent>
  <cim:LoadResponseCharacteristic.qVoltageExponent>0</cim:LoadResponseCharacteristic.qVoltageExponent>
  <cim:LoadResponseCharacteristic.pFrequencyExponent>0</cim:LoadResponseCharacteristic.pFrequencyExponent>
  <cim:LoadResponseCharacteristic.qFrequencyExponent>0</cim:LoadResponseCharacteristic.qFrequencyExponent>
</cim:LoadResponseCharacteristic>
<cim:EnergyConsumer rdf:ID="_FDBC5910-251E-4926-AEB5-02F2DFD4A832">
  <cim:IdentifiedObject.mRID>_FDBC5910-251E-4926-AEB5-02F2DFD4A832</cim:IdentifiedObject.mRID>
  <cim:IdentifiedObject.name>load1</cim:IdentifiedObject.name>
  <cim:Equipment.EquipmentContainer rdf:resource="#_FE17C848-D906-499B-8EAD-F0ECF1F8A2AB"/>
  <cim:ConductingEquipment.BaseVoltage rdf:resource="#_DA1E8497-6D51-412D-94C8-A2672C3CCD14"/>
  <cim:EnergyConsumer.LoadResponse rdf:resource="#_74149BAF-32C5-4CF5-831D-9FA39272A80F"/>
  <cim:EnergyConsumer.p>3600000</cim:EnergyConsumer.p>
  <cim:EnergyConsumer.q>1743559.6</cim:EnergyConsumer.q>
  <cim:EnergyConsumer.customerCount>1</cim:EnergyConsumer.customerCount>
  <cim:EnergyConsumer.phaseConnection rdf:resource="http://iec.ch/TC57/CIM100#PhaseShuntConnectionKind.D"/>
  <cim:EnergyConsumer.grounded>false</cim:EnergyConsumer.grounded>
  <cim:PowerSystemResource.Location rdf:resource="#_A7A741E1-5421-4B9E-AFA6-5B702BFF573F"/>
</cim:EnergyConsumer>
<cim:Terminal rdf:ID="_7950D0DC-CA54-4D3E-A5D7-3E81F8B8F212">
  <cim:IdentifiedObject.mRID>_7950D0DC-CA54-4D3E-A5D7-3E81F8B8F212</cim:IdentifiedObject.mRID>
  <cim:IdentifiedObject.name>load1_T1</cim:IdentifiedObject.name>
  <cim:Terminal.ConductingEquipment rdf:resource="#_FDBC5910-251E-4926-AEB5-02F2DFD4A832"/>
  <cim:ACDCTerminal.sequenceNumber>1</cim:ACDCTerminal.sequenceNumber>
  <cim:Terminal.ConnectivityNode rdf:resource="#_1871C72A-FC90-4AEF-84F8-172DB56CB5F1"/>
</cim:Terminal>
<cim:Location rdf:ID="_A7A741E1-5421-4B9E-AFA6-5B702BFF573F">
  <cim:IdentifiedObject.mRID>_A7A741E1-5421-4B9E-AFA6-5B702BFF573F</cim:IdentifiedObject.mRID>
  <cim:IdentifiedObject.name>load1_Loc</cim:IdentifiedObject.name>
  <cim:Location.CoordinateSystem rdf:resource="#_C63C71D2-8179-45AB-949D-B024470B9A52"/>
</cim:Location>
<cim:PositionPoint rdf:ID="_6860BF9D-2985-4906-932C-6AEA28F19949">
  <cim:PositionPoint.Location rdf:resource="#_A7A741E1-5421-4B9E-AFA6-5B702BFF573F"/>
  <cim:PositionPoint.sequenceNumber>1</cim:PositionPoint.sequenceNumber>
  <cim:PositionPoint.xPosition>0</cim:PositionPoint.xPosition>
  <cim:PositionPoint.yPosition>0</cim:PositionPoint.yPosition>
</cim:PositionPoint>
<cim:OverheadWireInfo rdf:ID="_05962915-6B0A-4502-83BB-C944021A1D41">
  <cim:IdentifiedObject.mRID>_05962915-6B0A-4502-83BB-C944021A1D41</cim:IdentifiedObject.mRID>
  <cim:IdentifiedObject.name>conductor</cim:IdentifiedObject.name>
  <cim:WireInfo.sizeDescription>WireData_conductor</cim:WireInfo.sizeDescription>
  <cim:WireInfo.gmr>0.00743712</cim:WireInfo.gmr>
  <cim:WireInfo.radius>0.0091567</cim:WireInfo.radius>
  <cim:WireInfo.rDC20>0.00018641136</cim:WireInfo.rDC20>
  <cim:WireInfo.rAC25>0.00019013958</cim:WireInfo.rAC25>
  <cim:WireInfo.rAC50>0.00019013958</cim:WireInfo.rAC50>
  <cim:WireInfo.rAC75>0.00019013958</cim:WireInfo.rAC75>
  <cim:WireInfo.ratedCurrent>0</cim:WireInfo.ratedCurrent>
  <cim:WireInfo.strandCount>0</cim:WireInfo.strandCount>
  <cim:WireInfo.coreStrandCount>0</cim:WireInfo.coreStrandCount>
  <cim:WireInfo.coreRadius>0</cim:WireInfo.coreRadius>
  <cim:WireInfo.insulated>false</cim:WireInfo.insulated>
</cim:OverheadWireInfo>
<cim:OverheadWireInfo rdf:ID="_40E9E928-374A-4930-8213-513175827D61">
  <cim:IdentifiedObject.mRID>_40E9E928-374A-4930-8213-513175827D61</cim:IdentifiedObject.mRID>
  <cim:IdentifiedObject.name>neutral</cim:IdentifiedObject.name>
  <cim:WireInfo.sizeDescription>WireData_neutral</cim:WireInfo.sizeDescription>
  <cim:WireInfo.gmr>0.002481072</cim:WireInfo.gmr>
  <cim:WireInfo.radius>0.0071501</cim:WireInfo.radius>
  <cim:WireInfo.rDC20>0.00036063897</cim:WireInfo.rDC20>
  <cim:WireInfo.rAC25>0.00036785175</cim:WireInfo.rAC25>
  <cim:WireInfo.rAC50>0.00036785175</cim:WireInfo.rAC50>
  <cim:WireInfo.rAC75>0.00036785175</cim:WireInfo.rAC75>
  <cim:WireInfo.ratedCurrent>0</cim:WireInfo.ratedCurrent>
  <cim:WireInfo.strandCount>0</cim:WireInfo.strandCount>
  <cim:WireInfo.coreStrandCount>0</cim:WireInfo.coreStrandCount>
  <cim:WireInfo.coreRadius>0</cim:WireInfo.coreRadius>
  <cim:WireInfo.insulated>false</cim:WireInfo.insulated>
</cim:OverheadWireInfo>
<cim:WireSpacingInfo rdf:ID="_F36E58FD-94F1-4AFE-A147-B81F753678E6">
  <cim:IdentifiedObject.mRID>_F36E58FD-94F1-4AFE-A147-B81F753678E6</cim:IdentifiedObject.mRID>
  <cim:IdentifiedObject.name>4wire</cim:IdentifiedObject.name>
  <cim:WireSpacingInfo.usage rdf:resource="http://iec.ch/TC57/CIM100#WireUsageKind.distribution"/>
  <cim:WireSpacingInfo.phaseWireCount>1</cim:WireSpacingInfo.phaseWireCount>
  <cim:WireSpacingInfo.phaseWireSpacing>0</cim:WireSpacingInfo.phaseWireSpacing>
  <cim:WireSpacingInfo.isCable>false</cim:WireSpacingInfo.isCable>
</cim:WireSpacingInfo>
<cim:WirePosition rdf:ID="_896700A3-364E-44A3-B432-F97B3C8741EA">
  <cim:IdentifiedObject.mRID>_896700A3-364E-44A3-B432-F97B3C8741EA</cim:IdentifiedObject.mRID>
  <cim:IdentifiedObject.name>WP_4wire_1</cim:IdentifiedObject.name>
  <cim:WirePosition.WireSpacingInfo rdf:resource="#_F36E58FD-94F1-4AFE-A147-B81F753678E6"/>
  <cim:WirePosition.sequenceNumber>1</cim:WirePosition.sequenceNumber>
  <cim:WirePosition.xCoord>-1.2192</cim:WirePosition.xCoord>
  <cim:WirePosition.yCoord>8.5344</cim:WirePosition.yCoord>
</cim:WirePosition>
<cim:WirePosition rdf:ID="_CF3D9696-2833-4AAD-AFD6-9CAF285DAAE8">
  <cim:IdentifiedObject.mRID>_CF3D9696-2833-4AAD-AFD6-9CAF285DAAE8</cim:IdentifiedObject.mRID>
  <cim:IdentifiedObject.name>WP_4wire_2</cim:IdentifiedObject.name>
  <cim:WirePosition.WireSpacingInfo rdf:resource="#_F36E58FD-94F1-4AFE-A147-B81F753678E6"/>
  <cim:WirePosition.sequenceNumber>2</cim:WirePosition.sequenceNumber>
  <cim:WirePosition.xCoord>-0.4572</cim:WirePosition.xCoord>
  <cim:WirePosition.yCoord>8.5344</cim:WirePosition.yCoord>
</cim:WirePosition>
<cim:WirePosition rdf:ID="_99C45DFA-5EAC-424F-8041-A1F651556990">
  <cim:IdentifiedObject.mRID>_99C45DFA-5EAC-424F-8041-A1F651556990</cim:IdentifiedObject.mRID>
  <cim:IdentifiedObject.name>WP_4wire_3</cim:IdentifiedObject.name>
  <cim:WirePosition.WireSpacingInfo rdf:resource="#_F36E58FD-94F1-4AFE-A147-B81F753678E6"/>
  <cim:WirePosition.sequenceNumber>3</cim:WirePosition.sequenceNumber>
  <cim:WirePosition.xCoord>0.9144</cim:WirePosition.xCoord>
  <cim:WirePosition.yCoord>8.5344</cim:WirePosition.yCoord>
</cim:WirePosition>
<cim:WirePosition rdf:ID="_CAB42216-3E27-41BA-AC5F-3F61CEB2A7EE">
  <cim:IdentifiedObject.mRID>_CAB42216-3E27-41BA-AC5F-3F61CEB2A7EE</cim:IdentifiedObject.mRID>
  <cim:IdentifiedObject.name>WP_4wire_4</cim:IdentifiedObject.name>
  <cim:WirePosition.WireSpacingInfo rdf:resource="#_F36E58FD-94F1-4AFE-A147-B81F753678E6"/>
  <cim:WirePosition.sequenceNumber>4</cim:WirePosition.sequenceNumber>
  <cim:WirePosition.xCoord>0</cim:WirePosition.xCoord>
  <cim:WirePosition.yCoord>7.3152</cim:WirePosition.yCoord>
</cim:WirePosition>
<cim:WireSpacingInfo rdf:ID="_80609259-1797-438F-A3C0-8E1CE7286C9F">
  <cim:IdentifiedObject.mRID>_80609259-1797-438F-A3C0-8E1CE7286C9F</cim:IdentifiedObject.mRID>
  <cim:IdentifiedObject.name>3wire</cim:IdentifiedObject.name>
  <cim:WireSpacingInfo.usage rdf:resource="http://iec.ch/TC57/CIM100#WireUsageKind.distribution"/>
  <cim:WireSpacingInfo.phaseWireCount>1</cim:WireSpacingInfo.phaseWireCount>
  <cim:WireSpacingInfo.phaseWireSpacing>0</cim:WireSpacingInfo.phaseWireSpacing>
  <cim:WireSpacingInfo.isCable>false</cim:WireSpacingInfo.isCable>
</cim:WireSpacingInfo>
<cim:WirePosition rdf:ID="_55C3BAD6-34D5-4E81-AF0E-0F67B4C09057">
  <cim:IdentifiedObject.mRID>_55C3BAD6-34D5-4E81-AF0E-0F67B4C09057</cim:IdentifiedObject.mRID>
  <cim:IdentifiedObject.name>WP_3wire_1</cim:IdentifiedObject.name>
  <cim:WirePosition.WireSpacingInfo rdf:resource="#_80609259-1797-438F-A3C0-8E1CE7286C9F"/>
  <cim:WirePosition.sequenceNumber>1</cim:WirePosition.sequenceNumber>
  <cim:WirePosition.xCoord>-1.2192</cim:WirePosition.xCoord>
  <cim:WirePosition.yCoord>8.5344</cim:WirePosition.yCoord>
</cim:WirePosition>
<cim:WirePosition rdf:ID="_0DD8D2FC-8688-4F8C-92AC-CF1B8893AB39">
  <cim:IdentifiedObject.mRID>_0DD8D2FC-8688-4F8C-92AC-CF1B8893AB39</cim:IdentifiedObject.mRID>
  <cim:IdentifiedObject.name>WP_3wire_2</cim:IdentifiedObject.name>
  <cim:WirePosition.WireSpacingInfo rdf:resource="#_80609259-1797-438F-A3C0-8E1CE7286C9F"/>
  <cim:WirePosition.sequenceNumber>2</cim:WirePosition.sequenceNumber>
  <cim:WirePosition.xCoord>-0.4572</cim:WirePosition.xCoord>
  <cim:WirePosition.yCoord>8.5344</cim:WirePosition.yCoord>
</cim:WirePosition>
<cim:WirePosition rdf:ID="_040F4631-2CF5-43BF-8ADC-DF8E88B37A50">
  <cim:IdentifiedObject.mRID>_040F4631-2CF5-43BF-8ADC-DF8E88B37A50</cim:IdentifiedObject.mRID>
  <cim:IdentifiedObject.name>WP_3wire_3</cim:IdentifiedObject.name>
  <cim:WirePosition.WireSpacingInfo rdf:resource="#_80609259-1797-438F-A3C0-8E1CE7286C9F"/>
  <cim:WirePosition.sequenceNumber>3</cim:WirePosition.sequenceNumber>
  <cim:WirePosition.xCoord>0.9144</cim:WirePosition.xCoord>
  <cim:WirePosition.yCoord>8.5344</cim:WirePosition.yCoord>
</cim:WirePosition>
<cim:OperationalLimitSet rdf:ID="_BDBA8160-47AA-44F1-B814-022AB6E7CE38">
  <cim:IdentifiedObject.mRID>_BDBA8160-47AA-44F1-B814-022AB6E7CE38</cim:IdentifiedObject.mRID>
  <cim:IdentifiedObject.name>OpLimI_0.2_0.2</cim:IdentifiedObject.name>
</cim:OperationalLimitSet>
<cim:CurrentLimit rdf:ID="_08B8F485-411D-45CC-879F-864D134078E7">
  <cim:IdentifiedObject.mRID>_08B8F485-411D-45CC-879F-864D134078E7</cim:IdentifiedObject.mRID>
  <cim:IdentifiedObject.name>OpLimI_0.2_0.2_Norm</cim:IdentifiedObject.name>
  <cim:OperationalLimit.OperationalLimitSet rdf:resource="#_BDBA8160-47AA-44F1-B814-022AB6E7CE38"/>
  <cim:OperationalLimit.OperationalLimitType rdf:resource="#_F6123662-D394-42BA-843E-7205D7881732"/>
  <cim:CurrentLimit.value>0.18736127</cim:CurrentLimit.value>
</cim:CurrentLimit>
<cim:CurrentLimit rdf:ID="_0BB26A1C-A992-47A1-9222-33C43E91ABBC">
  <cim:IdentifiedObject.mRID>_0BB26A1C-A992-47A1-9222-33C43E91ABBC</cim:IdentifiedObject.mRID>
  <cim:IdentifiedObject.name>OpLimI_0.2_0.2_Emerg</cim:IdentifiedObject.name>
  <cim:OperationalLimit.OperationalLimitSet rdf:resource="#_BDBA8160-47AA-44F1-B814-022AB6E7CE38"/>
  <cim:OperationalLimit.OperationalLimitType rdf:resource="#_0D59EB2A-9138-4ADA-A988-A8B1E44B67DF"/>
  <cim:CurrentLimit.value>0.24981502</cim:CurrentLimit.value>
</cim:CurrentLimit>
<cim:OperationalLimitSet rdf:ID="_4DC96CAC-B252-4261-BD5B-FAE09EC0791D">
  <cim:IdentifiedObject.mRID>_4DC96CAC-B252-4261-BD5B-FAE09EC0791D</cim:IdentifiedObject.mRID>
  <cim:IdentifiedObject.name>OpLimI_305.6_416.7</cim:IdentifiedObject.name>
</cim:OperationalLimitSet>
<cim:CurrentLimit rdf:ID="_8588A2AE-B97A-475F-B86D-C5474AA34E78">
  <cim:IdentifiedObject.mRID>_8588A2AE-B97A-475F-B86D-C5474AA34E78</cim:IdentifiedObject.mRID>
  <cim:IdentifiedObject.name>OpLimI_305.6_416.7_Norm</cim:IdentifiedObject.name>
  <cim:OperationalLimit.OperationalLimitSet rdf:resource="#_4DC96CAC-B252-4261-BD5B-FAE09EC0791D"/>
  <cim:OperationalLimit.OperationalLimitType rdf:resource="#_F6123662-D394-42BA-843E-7205D7881732"/>
  <cim:CurrentLimit.value>305.55556</cim:CurrentLimit.value>
</cim:CurrentLimit>
<cim:CurrentLimit rdf:ID="_0859CC71-864F-4B23-BCC6-DC4B8F1855E1">
  <cim:IdentifiedObject.mRID>_0859CC71-864F-4B23-BCC6-DC4B8F1855E1</cim:IdentifiedObject.mRID>
  <cim:IdentifiedObject.name>OpLimI_305.6_416.7_Emerg</cim:IdentifiedObject.name>
  <cim:OperationalLimit.OperationalLimitSet rdf:resource="#_4DC96CAC-B252-4261-BD5B-FAE09EC0791D"/>
  <cim:OperationalLimit.OperationalLimitType rdf:resource="#_0D59EB2A-9138-4ADA-A988-A8B1E44B67DF"/>
  <cim:CurrentLimit.value>416.66667</cim:CurrentLimit.value>
</cim:CurrentLimit>
</rdf:RDF>
