<?xml version="1.0" encoding="utf-8"?>
<!-- un-comment this line to enable validation
-->
<rdf:RDF xmlns:cim="http://iec.ch/TC57/CIM100#" xmlns:rdf="http://www.w3.org/1999/02/22-rdf-syntax-ns#">
<!--
-->
<cim:IEC61970CIMVersion rdf:ID="_09CAE896-2219-44AD-9669-9EA3FD3C0C56">
  <cim:IEC61970CIMVersion.version>IEC61970CIM100</cim:IEC61970CIMVersion.version>
  <cim:IEC61970CIMVersion.date>2019-04-01</cim:IEC61970CIMVersion.date>
</cim:IEC61970CIMVersion>
<cim:CoordinateSystem rdf:ID="_F9232EE8-44BD-4163-B71B-D31247A98080">
  <cim:IdentifiedObject.mRID>_F9232EE8-44BD-4163-B71B-D31247A98080</cim:IdentifiedObject.mRID>
  <cim:IdentifiedObject.name>oyodunbal_CrsUrn</cim:IdentifiedObject.name>
  <cim:CoordinateSystem.crsUrn>OpenDSSLocalBusCoordinates</cim:CoordinateSystem.crsUrn>
</cim:CoordinateSystem>
<cim:GeographicalRegion rdf:ID="_51FAE9A1-7563-4612-92F3-4F4FCCFFB36D">
  <cim:IdentifiedObject.mRID>_51FAE9A1-7563-4612-92F3-4F4FCCFFB36D</cim:IdentifiedObject.mRID>
  <cim:IdentifiedObject.name>geo1</cim:IdentifiedObject.name>
</cim:GeographicalRegion>
<cim:SubGeographicalRegion rdf:ID="_8BF035EC-05F0-41CC-B0FD-F8A932D1EC20">
  <cim:IdentifiedObject.mRID>_8BF035EC-05F0-41CC-B0FD-F8A932D1EC20</cim:IdentifiedObject.mRID>
  <cim:IdentifiedObject.name>subgeo1</cim:IdentifiedObject.name>
  <cim:SubGeographicalRegion.Region rdf:resource="#_51FAE9A1-7563-4612-92F3-4F4FCCFFB36D"/>
</cim:SubGeographicalRegion>
<cim:Substation rdf:ID="_EE9BC645-347D-4EC4-8756-6258195CEF92">
  <cim:IdentifiedObject.mRID>_EE9BC645-347D-4EC4-8756-6258195CEF92</cim:IdentifiedObject.mRID>
  <cim:IdentifiedObject.name>sub1</cim:IdentifiedObject.name>
  <cim:Substation.Region rdf:resource="#_8BF035EC-05F0-41CC-B0FD-F8A932D1EC20"/>
</cim:Substation>
<cim:Location rdf:ID="_103B58A2-09B6-45E9-A596-8D9B6BF2D876">
  <cim:IdentifiedObject.mRID>_103B58A2-09B6-45E9-A596-8D9B6BF2D876</cim:IdentifiedObject.mRID>
  <cim:IdentifiedObject.name>oyodunbal_Location</cim:IdentifiedObject.name>
  <cim:Location.CoordinateSystem rdf:resource="#_F9232EE8-44BD-4163-B71B-D31247A98080"/>
</cim:Location>
<cim:Feeder rdf:ID="_8FDAE9BB-0BE3-4103-A1CD-B12067583D9C">
  <cim:IdentifiedObject.mRID>_8FDAE9BB-0BE3-4103-A1CD-B12067583D9C</cim:IdentifiedObject.mRID>
  <cim:IdentifiedObject.name>oyodunbal</cim:IdentifiedObject.name>
  <cim:Feeder.NormalEnergizingSubstation rdf:resource="#_EE9BC645-347D-4EC4-8756-6258195CEF92"/>
  <cim:PowerSystemResource.Location rdf:resource="#_103B58A2-09B6-45E9-A596-8D9B6BF2D876"/>
</cim:Feeder>
<cim:OperationalLimitType rdf:ID="_4C9A51BE-1A38-447C-B00B-21600C6E92C2">
  <cim:IdentifiedObject.mRID>_4C9A51BE-1A38-447C-B00B-21600C6E92C2</cim:IdentifiedObject.mRID>
  <cim:IdentifiedObject.name>oyodunbal_NormAmpsType</cim:IdentifiedObject.name>
  <cim:OperationalLimitType.acceptableDuration>5E9</cim:OperationalLimitType.acceptableDuration>
  <cim:OperationalLimitType.direction rdf:resource="http://iec.ch/TC57/CIM100#OperationalLimitDirectionKind.absoluteValue"/>
</cim:OperationalLimitType>
<cim:OperationalLimitType rdf:ID="_63B64D72-C8EE-4FC0-B78D-85FE489D893A">
  <cim:IdentifiedObject.mRID>_63B64D72-C8EE-4FC0-B78D-85FE489D893A</cim:IdentifiedObject.mRID>
  <cim:IdentifiedObject.name>oyodunbal_EmergencyAmpsType</cim:IdentifiedObject.name>
  <cim:OperationalLimitType.acceptableDuration>7200</cim:OperationalLimitType.acceptableDuration>
  <cim:OperationalLimitType.direction rdf:resource="http://iec.ch/TC57/CIM100#OperationalLimitDirectionKind.absoluteValue"/>
</cim:OperationalLimitType>
<cim:OperationalLimitType rdf:ID="_138D9E60-A516-4B60-ACEE-109589ABB274">
  <cim:IdentifiedObject.mRID>_138D9E60-A516-4B60-ACEE-109589ABB274</cim:IdentifiedObject.mRID>
  <cim:IdentifiedObject.name>oyodunbal_RangeAHiType</cim:IdentifiedObject.name>
  <cim:OperationalLimitType.acceptableDuration>5E9</cim:OperationalLimitType.acceptableDuration>
  <cim:OperationalLimitType.direction rdf:resource="http://iec.ch/TC57/CIM100#OperationalLimitDirectionKind.high"/>
</cim:OperationalLimitType>
<cim:OperationalLimitType rdf:ID="_F23B4AA3-0A16-4FB1-8C7D-E24588920FD9">
  <cim:IdentifiedObject.mRID>_F23B4AA3-0A16-4FB1-8C7D-E24588920FD9</cim:IdentifiedObject.mRID>
  <cim:IdentifiedObject.name>oyodunbal_RangeALoType</cim:IdentifiedObject.name>
  <cim:OperationalLimitType.acceptableDuration>5E9</cim:OperationalLimitType.acceptableDuration>
  <cim:OperationalLimitType.direction rdf:resource="http://iec.ch/TC57/CIM100#OperationalLimitDirectionKind.low"/>
</cim:OperationalLimitType>
<cim:OperationalLimitType rdf:ID="_5981BC88-44D9-40A8-B511-C87526123896">
  <cim:IdentifiedObject.mRID>_5981BC88-44D9-40A8-B511-C87526123896</cim:IdentifiedObject.mRID>
  <cim:IdentifiedObject.name>oyodunbal_RangeBHiType</cim:IdentifiedObject.name>
  <cim:OperationalLimitType.acceptableDuration>86400</cim:OperationalLimitType.acceptableDuration>
  <cim:OperationalLimitType.direction rdf:resource="http://iec.ch/TC57/CIM100#OperationalLimitDirectionKind.high"/>
</cim:OperationalLimitType>
<cim:OperationalLimitType rdf:ID="_EB2C19EC-1FA3-4AB5-A2E0-59AB59917770">
  <cim:IdentifiedObject.mRID>_EB2C19EC-1FA3-4AB5-A2E0-59AB59917770</cim:IdentifiedObject.mRID>
  <cim:IdentifiedObject.name>oyodunbal_RangeBLoType</cim:IdentifiedObject.name>
  <cim:OperationalLimitType.acceptableDuration>86400</cim:OperationalLimitType.acceptableDuration>
  <cim:OperationalLimitType.direction rdf:resource="http://iec.ch/TC57/CIM100#OperationalLimitDirectionKind.low"/>
</cim:OperationalLimitType>
<cim:BaseVoltage rdf:ID="_0C283332-6AD8-4382-849A-34B50C72459F">
  <cim:IdentifiedObject.mRID>_0C283332-6AD8-4382-849A-34B50C72459F</cim:IdentifiedObject.mRID>
  <cim:IdentifiedObject.name>BaseV_12.4700</cim:IdentifiedObject.name>
  <cim:BaseVoltage.nominalVoltage>12470</cim:BaseVoltage.nominalVoltage>
</cim:BaseVoltage>
<cim:OperationalLimitSet rdf:ID="_62CA0E54-D138-4B16-89F3-C9A5B434FB59">
  <cim:IdentifiedObject.mRID>_62CA0E54-D138-4B16-89F3-C9A5B434FB59</cim:IdentifiedObject.mRID>
  <cim:IdentifiedObject.name>OpLimV_12.4700</cim:IdentifiedObject.name>
</cim:OperationalLimitSet>
<cim:VoltageLimit rdf:ID="_8E8E72EE-3E18-43B4-A0EE-B0CDA1A31746">
  <cim:IdentifiedObject.mRID>_8E8E72EE-3E18-43B4-A0EE-B0CDA1A31746</cim:IdentifiedObject.mRID>
  <cim:IdentifiedObject.name>OpLimV_12.4700_RangeAHi</cim:IdentifiedObject.name>
  <cim:OperationalLimit.OperationalLimitSet rdf:resource="#_62CA0E54-D138-4B16-89F3-C9A5B434FB59"/>
  <cim:OperationalLimit.OperationalLimitType rdf:resource="#_138D9E60-A516-4B60-ACEE-109589ABB274"/>
  <cim:VoltageLimit.value>13093.5</cim:VoltageLimit.value>
</cim:VoltageLimit>
<cim:VoltageLimit rdf:ID="_F14E49E4-4643-49FB-AA69-E5C899F4A663">
  <cim:IdentifiedObject.mRID>_F14E49E4-4643-49FB-AA69-E5C899F4A663</cim:IdentifiedObject.mRID>
  <cim:IdentifiedObject.name>OpLimV_12.4700_RangeALo</cim:IdentifiedObject.name>
  <cim:OperationalLimit.OperationalLimitSet rdf:resource="#_62CA0E54-D138-4B16-89F3-C9A5B434FB59"/>
  <cim:OperationalLimit.OperationalLimitType rdf:resource="#_F23B4AA3-0A16-4FB1-8C7D-E24588920FD9"/>
  <cim:VoltageLimit.value>11846.5</cim:VoltageLimit.value>
</cim:VoltageLimit>
<cim:VoltageLimit rdf:ID="_C4229E29-E195-4018-92F2-2E475CDA7134">
  <cim:IdentifiedObject.mRID>_C4229E29-E195-4018-92F2-2E475CDA7134</cim:IdentifiedObject.mRID>
  <cim:IdentifiedObject.name>OpLimV_12.4700_RangeBHi</cim:IdentifiedObject.name>
  <cim:OperationalLimit.OperationalLimitSet rdf:resource="#_62CA0E54-D138-4B16-89F3-C9A5B434FB59"/>
  <cim:OperationalLimit.OperationalLimitType rdf:resource="#_5981BC88-44D9-40A8-B511-C87526123896"/>
  <cim:VoltageLimit.value>13197.416</cim:VoltageLimit.value>
</cim:VoltageLimit>
<cim:VoltageLimit rdf:ID="_0BFE8653-BDC9-4664-A029-917B30E9177D">
  <cim:IdentifiedObject.mRID>_0BFE8653-BDC9-4664-A029-917B30E9177D</cim:IdentifiedObject.mRID>
  <cim:IdentifiedObject.name>OpLimV_12.4700_RangeBLo</cim:IdentifiedObject.name>
  <cim:OperationalLimit.OperationalLimitSet rdf:resource="#_62CA0E54-D138-4B16-89F3-C9A5B434FB59"/>
  <cim:OperationalLimit.OperationalLimitType rdf:resource="#_EB2C19EC-1FA3-4AB5-A2E0-59AB59917770"/>
  <cim:VoltageLimit.value>11430.834</cim:VoltageLimit.value>
</cim:VoltageLimit>
<cim:BaseVoltage rdf:ID="_A4C393F0-D194-48EF-9D9C-C175185D2C35">
  <cim:IdentifiedObject.mRID>_A4C393F0-D194-48EF-9D9C-C175185D2C35</cim:IdentifiedObject.mRID>
  <cim:IdentifiedObject.name>BaseV_4.1600</cim:IdentifiedObject.name>
  <cim:BaseVoltage.nominalVoltage>4160</cim:BaseVoltage.nominalVoltage>
</cim:BaseVoltage>
<cim:OperationalLimitSet rdf:ID="_5801D7C3-D211-4761-819B-2B375C8451CE">
  <cim:IdentifiedObject.mRID>_5801D7C3-D211-4761-819B-2B375C8451CE</cim:IdentifiedObject.mRID>
  <cim:IdentifiedObject.name>OpLimV_4.1600</cim:IdentifiedObject.name>
</cim:OperationalLimitSet>
<cim:VoltageLimit rdf:ID="_C4B2E6DF-EB84-4B41-AA3B-E582319EA82F">
  <cim:IdentifiedObject.mRID>_C4B2E6DF-EB84-4B41-AA3B-E582319EA82F</cim:IdentifiedObject.mRID>
  <cim:IdentifiedObject.name>OpLimV_4.1600_RangeAHi</cim:IdentifiedObject.name>
  <cim:OperationalLimit.OperationalLimitSet rdf:resource="#_5801D7C3-D211-4761-819B-2B375C8451CE"/>
  <cim:OperationalLimit.OperationalLimitType rdf:resource="#_138D9E60-A516-4B60-ACEE-109589ABB274"/>
  <cim:VoltageLimit.value>4368</cim:VoltageLimit.value>
</cim:VoltageLimit>
<cim:VoltageLimit rdf:ID="_D3DAADA0-EABC-450B-8F64-5EE436FE4FA2">
  <cim:IdentifiedObject.mRID>_D3DAADA0-EABC-450B-8F64-5EE436FE4FA2</cim:IdentifiedObject.mRID>
  <cim:IdentifiedObject.name>OpLimV_4.1600_RangeALo</cim:IdentifiedObject.name>
  <cim:OperationalLimit.OperationalLimitSet rdf:resource="#_5801D7C3-D211-4761-819B-2B375C8451CE"/>
  <cim:OperationalLimit.OperationalLimitType rdf:resource="#_F23B4AA3-0A16-4FB1-8C7D-E24588920FD9"/>
  <cim:VoltageLimit.value>3952</cim:VoltageLimit.value>
</cim:VoltageLimit>
<cim:VoltageLimit rdf:ID="_C0C225F8-62A3-4C7B-8491-E539472F92CE">
  <cim:IdentifiedObject.mRID>_C0C225F8-62A3-4C7B-8491-E539472F92CE</cim:IdentifiedObject.mRID>
  <cim:IdentifiedObject.name>OpLimV_4.1600_RangeBHi</cim:IdentifiedObject.name>
  <cim:OperationalLimit.OperationalLimitSet rdf:resource="#_5801D7C3-D211-4761-819B-2B375C8451CE"/>
  <cim:OperationalLimit.OperationalLimitType rdf:resource="#_5981BC88-44D9-40A8-B511-C87526123896"/>
  <cim:VoltageLimit.value>4402.6665</cim:VoltageLimit.value>
</cim:VoltageLimit>
<cim:VoltageLimit rdf:ID="_A539D3AD-55D4-4BEB-A407-696DC3347FEE">
  <cim:IdentifiedObject.mRID>_A539D3AD-55D4-4BEB-A407-696DC3347FEE</cim:IdentifiedObject.mRID>
  <cim:IdentifiedObject.name>OpLimV_4.1600_RangeBLo</cim:IdentifiedObject.name>
  <cim:OperationalLimit.OperationalLimitSet rdf:resource="#_5801D7C3-D211-4761-819B-2B375C8451CE"/>
  <cim:OperationalLimit.OperationalLimitType rdf:resource="#_EB2C19EC-1FA3-4AB5-A2E0-59AB59917770"/>
  <cim:VoltageLimit.value>3813.3335</cim:VoltageLimit.value>
</cim:VoltageLimit>
<cim:TopologicalNode rdf:ID="_1A3D0513-566F-4F32-A0D2-C387C214D8BD">
  <cim:IdentifiedObject.mRID>_1A3D0513-566F-4F32-A0D2-C387C214D8BD</cim:IdentifiedObject.mRID>
  <cim:IdentifiedObject.name>sourcebus</cim:IdentifiedObject.name>
  <cim:TopologicalNode.TopologicalIsland rdf:resource="#_609699E5-5456-42BC-9D08-B664976B5A61"/>
</cim:TopologicalNode>
<cim:ConnectivityNode rdf:ID="_A68ED8A4-F3BB-4ADD-860F-B1CF0BB2E5F2">
  <cim:IdentifiedObject.mRID>_A68ED8A4-F3BB-4ADD-860F-B1CF0BB2E5F2</cim:IdentifiedObject.mRID>
  <cim:IdentifiedObject.name>sourcebus</cim:IdentifiedObject.name>
  <cim:ConnectivityNode.TopologicalNode rdf:resource="#_1A3D0513-566F-4F32-A0D2-C387C214D8BD"/>
  <cim:ConnectivityNode.OperationalLimitSet rdf:resource="#_62CA0E54-D138-4B16-89F3-C9A5B434FB59"/>
  <cim:ConnectivityNode.ConnectivityNodeContainer rdf:resource="#_8FDAE9BB-0BE3-4103-A1CD-B12067583D9C"/>
</cim:ConnectivityNode>
<cim:TopologicalNode rdf:ID="_7A50BD6C-2072-4F87-BE6F-4E0832797886">
  <cim:IdentifiedObject.mRID>_7A50BD6C-2072-4F87-BE6F-4E0832797886</cim:IdentifiedObject.mRID>
  <cim:IdentifiedObject.name>n2</cim:IdentifiedObject.name>
  <cim:TopologicalNode.TopologicalIsland rdf:resource="#_609699E5-5456-42BC-9D08-B664976B5A61"/>
</cim:TopologicalNode>
<cim:ConnectivityNode rdf:ID="_56FC33CB-7A13-4DD5-98C6-B4311C79973F">
  <cim:IdentifiedObject.mRID>_56FC33CB-7A13-4DD5-98C6-B4311C79973F</cim:IdentifiedObject.mRID>
  <cim:IdentifiedObject.name>n2</cim:IdentifiedObject.name>
  <cim:ConnectivityNode.TopologicalNode rdf:resource="#_7A50BD6C-2072-4F87-BE6F-4E0832797886"/>
  <cim:ConnectivityNode.OperationalLimitSet rdf:resource="#_62CA0E54-D138-4B16-89F3-C9A5B434FB59"/>
  <cim:ConnectivityNode.ConnectivityNodeContainer rdf:resource="#_8FDAE9BB-0BE3-4103-A1CD-B12067583D9C"/>
</cim:ConnectivityNode>
<cim:TopologicalNode rdf:ID="_0C5B4D8A-906E-4225-83FC-477CB5E4A073">
  <cim:IdentifiedObject.mRID>_0C5B4D8A-906E-4225-83FC-477CB5E4A073</cim:IdentifiedObject.mRID>
  <cim:IdentifiedObject.name>n3</cim:IdentifiedObject.name>
  <cim:TopologicalNode.TopologicalIsland rdf:resource="#_609699E5-5456-42BC-9D08-B664976B5A61"/>
</cim:TopologicalNode>
<cim:ConnectivityNode rdf:ID="_5DC54A43-B8CE-4BE9-B530-9470496ABB0B">
  <cim:IdentifiedObject.mRID>_5DC54A43-B8CE-4BE9-B530-9470496ABB0B</cim:IdentifiedObject.mRID>
  <cim:IdentifiedObject.name>n3</cim:IdentifiedObject.name>
  <cim:ConnectivityNode.TopologicalNode rdf:resource="#_0C5B4D8A-906E-4225-83FC-477CB5E4A073"/>
  <cim:ConnectivityNode.OperationalLimitSet rdf:resource="#_5801D7C3-D211-4761-819B-2B375C8451CE"/>
  <cim:ConnectivityNode.ConnectivityNodeContainer rdf:resource="#_8FDAE9BB-0BE3-4103-A1CD-B12067583D9C"/>
</cim:ConnectivityNode>
<cim:TopologicalNode rdf:ID="_6F2C2BDA-7CBF-4C8A-9432-DC4E7D8A4BFA">
  <cim:IdentifiedObject.mRID>_6F2C2BDA-7CBF-4C8A-9432-DC4E7D8A4BFA</cim:IdentifiedObject.mRID>
  <cim:IdentifiedObject.name>n4</cim:IdentifiedObject.name>
  <cim:TopologicalNode.TopologicalIsland rdf:resource="#_609699E5-5456-42BC-9D08-B664976B5A61"/>
</cim:TopologicalNode>
<cim:ConnectivityNode rdf:ID="_7623F2DA-6113-4467-B878-1FCB3CA65B33">
  <cim:IdentifiedObject.mRID>_7623F2DA-6113-4467-B878-1FCB3CA65B33</cim:IdentifiedObject.mRID>
  <cim:IdentifiedObject.name>n4</cim:IdentifiedObject.name>
  <cim:ConnectivityNode.TopologicalNode rdf:resource="#_6F2C2BDA-7CBF-4C8A-9432-DC4E7D8A4BFA"/>
  <cim:ConnectivityNode.OperationalLimitSet rdf:resource="#_5801D7C3-D211-4761-819B-2B375C8451CE"/>
  <cim:ConnectivityNode.ConnectivityNodeContainer rdf:resource="#_8FDAE9BB-0BE3-4103-A1CD-B12067583D9C"/>
</cim:ConnectivityNode>
<cim:TopologicalIsland rdf:ID="_609699E5-5456-42BC-9D08-B664976B5A61">
  <cim:IdentifiedObject.mRID>_609699E5-5456-42BC-9D08-B664976B5A61</cim:IdentifiedObject.mRID>
  <cim:IdentifiedObject.name>oyodunbal_Island</cim:IdentifiedObject.name>
  <cim:TopologicalIsland.AngleRefTopologicalNode rdf:resource="#_1A3D0513-566F-4F32-A0D2-C387C214D8BD"/>
</cim:TopologicalIsland>
<cim:EnergySource rdf:ID="_E93E6980-A4AD-4581-9DCD-8086252B8B05">
  <cim:IdentifiedObject.mRID>_E93E6980-A4AD-4581-9DCD-8086252B8B05</cim:IdentifiedObject.mRID>
  <cim:IdentifiedObject.name>source</cim:IdentifiedObject.name>
  <cim:Equipment.EquipmentContainer rdf:resource="#_8FDAE9BB-0BE3-4103-A1CD-B12067583D9C"/>
  <cim:ConductingEquipment.BaseVoltage rdf:resource="#_0C283332-6AD8-4382-849A-34B50C72459F"/>
  <cim:EnergySource.nominalVoltage>12470</cim:EnergySource.nominalVoltage>
  <cim:EnergySource.voltageMagnitude>12470</cim:EnergySource.voltageMagnitude>
  <cim:EnergySource.voltageAngle>0</cim:EnergySource.voltageAngle>
  <cim:EnergySource.r>0.000037714508</cim:EnergySource.r>
  <cim:EnergySource.x>0.00015085803</cim:EnergySource.x>
  <cim:EnergySource.r0>0.000049270422</cim:EnergySource.r0>
  <cim:EnergySource.x0>0.00014781127</cim:EnergySource.x0>
  <cim:PowerSystemResource.Location rdf:resource="#_12B1D0C4-22A8-4C93-8787-C247C9196189"/>
</cim:EnergySource>
<cim:Terminal rdf:ID="_4E85580E-F45A-4A30-A43F-BB56A8379739">
  <cim:IdentifiedObject.mRID>_4E85580E-F45A-4A30-A43F-BB56A8379739</cim:IdentifiedObject.mRID>
  <cim:IdentifiedObject.name>source_T1</cim:IdentifiedObject.name>
  <cim:Terminal.ConductingEquipment rdf:resource="#_E93E6980-A4AD-4581-9DCD-8086252B8B05"/>
  <cim:ACDCTerminal.sequenceNumber>1</cim:ACDCTerminal.sequenceNumber>
  <cim:Terminal.ConnectivityNode rdf:resource="#_A68ED8A4-F3BB-4ADD-860F-B1CF0BB2E5F2"/>
</cim:Terminal>
<cim:Location rdf:ID="_12B1D0C4-22A8-4C93-8787-C247C9196189">
  <cim:IdentifiedObject.mRID>_12B1D0C4-22A8-4C93-8787-C247C9196189</cim:IdentifiedObject.mRID>
  <cim:IdentifiedObject.name>source_Loc</cim:IdentifiedObject.name>
  <cim:Location.CoordinateSystem rdf:resource="#_F9232EE8-44BD-4163-B71B-D31247A98080"/>
</cim:Location>
<cim:PositionPoint rdf:ID="_D550C174-F932-4CC2-9FD1-B0BAFA0D2DD9">
  <cim:PositionPoint.Location rdf:resource="#_12B1D0C4-22A8-4C93-8787-C247C9196189"/>
  <cim:PositionPoint.sequenceNumber>1</cim:PositionPoint.sequenceNumber>
  <cim:PositionPoint.xPosition>0</cim:PositionPoint.xPosition>
  <cim:PositionPoint.yPosition>0</cim:PositionPoint.yPosition>
</cim:PositionPoint>
<cim:PowerTransformerInfo rdf:ID="_4325EAB3-1B93-4A24-88C1-11018A7F4286">
  <cim:IdentifiedObject.mRID>_4325EAB3-1B93-4A24-88C1-11018A7F4286</cim:IdentifiedObject.mRID>
  <cim:IdentifiedObject.name>cimxfmrcode_t1_PowerXfInfo</cim:IdentifiedObject.name>
</cim:PowerTransformerInfo>
<cim:TransformerTankInfo rdf:ID="_48FDB05E-6D39-45F0-9A84-011814F516BE">
  <cim:IdentifiedObject.mRID>_48FDB05E-6D39-45F0-9A84-011814F516BE</cim:IdentifiedObject.mRID>
  <cim:IdentifiedObject.name>cimxfmrcode_t1</cim:IdentifiedObject.name>
  <cim:TransformerTankInfo.PowerTransformerInfo rdf:resource="#_4325EAB3-1B93-4A24-88C1-11018A7F4286"/>
</cim:TransformerTankInfo>
<cim:TransformerEndInfo rdf:ID="_913A7408-1468-42F2-9F9C-2D6984E9AF3D">
  <cim:IdentifiedObject.mRID>_913A7408-1468-42F2-9F9C-2D6984E9AF3D</cim:IdentifiedObject.mRID>
  <cim:IdentifiedObject.name>cimxfmrcode_t1_1</cim:IdentifiedObject.name>
  <cim:TransformerEndInfo.TransformerTankInfo rdf:resource="#_48FDB05E-6D39-45F0-9A84-011814F516BE"/>
  <cim:TransformerEndInfo.endNumber>1</cim:TransformerEndInfo.endNumber>
  <cim:TransformerEndInfo.connectionKind rdf:resource="http://iec.ch/TC57/CIM100#WindingConnection.I"/>
  <cim:TransformerEndInfo.phaseAngleClock>0</cim:TransformerEndInfo.phaseAngleClock>
  <cim:TransformerEndInfo.ratedU>7200</cim:TransformerEndInfo.ratedU>
  <cim:TransformerEndInfo.ratedS>2000000</cim:TransformerEndInfo.ratedS>
  <cim:TransformerEndInfo.shortTermS>2200000</cim:TransformerEndInfo.shortTermS>
  <cim:TransformerEndInfo.emergencyS>3000000</cim:TransformerEndInfo.emergencyS>
  <cim:TransformerEndInfo.r>0.1296</cim:TransformerEndInfo.r>
  <cim:TransformerEndInfo.insulationU>0</cim:TransformerEndInfo.insulationU>
</cim:TransformerEndInfo>
<cim:TransformerEndInfo rdf:ID="_73F7113B-E9DC-4EE2-98E0-6F730CC9909D">
  <cim:IdentifiedObject.mRID>_73F7113B-E9DC-4EE2-98E0-6F730CC9909D</cim:IdentifiedObject.mRID>
  <cim:IdentifiedObject.name>cimxfmrcode_t1_2</cim:IdentifiedObject.name>
  <cim:TransformerEndInfo.TransformerTankInfo rdf:resource="#_48FDB05E-6D39-45F0-9A84-011814F516BE"/>
  <cim:TransformerEndInfo.endNumber>2</cim:TransformerEndInfo.endNumber>
  <cim:TransformerEndInfo.connectionKind rdf:resource="http://iec.ch/TC57/CIM100#WindingConnection.I"/>
  <cim:TransformerEndInfo.phaseAngleClock>0</cim:TransformerEndInfo.phaseAngleClock>
  <cim:TransformerEndInfo.ratedU>4160</cim:TransformerEndInfo.ratedU>
  <cim:TransformerEndInfo.ratedS>2000000</cim:TransformerEndInfo.ratedS>
  <cim:TransformerEndInfo.shortTermS>2200000</cim:TransformerEndInfo.shortTermS>
  <cim:TransformerEndInfo.emergencyS>3000000</cim:TransformerEndInfo.emergencyS>
  <cim:TransformerEndInfo.r>0.043264</cim:TransformerEndInfo.r>
  <cim:TransformerEndInfo.insulationU>0</cim:TransformerEndInfo.insulationU>
</cim:TransformerEndInfo>
<cim:NoLoadTest rdf:ID="_667E88F0-51CC-4D60-9FC8-44497ABEE899">
  <cim:IdentifiedObject.mRID>_667E88F0-51CC-4D60-9FC8-44497ABEE899</cim:IdentifiedObject.mRID>
  <cim:IdentifiedObject.name>cimxfmrcode_t1_1</cim:IdentifiedObject.name>
  <cim:NoLoadTest.EnergisedEnd rdf:resource="#_913A7408-1468-42F2-9F9C-2D6984E9AF3D"/>
  <cim:NoLoadTest.energisedEndVoltage>7200</cim:NoLoadTest.energisedEndVoltage>
  <cim:NoLoadTest.excitingCurrent>0</cim:NoLoadTest.excitingCurrent>
  <cim:NoLoadTest.excitingCurrentZero>0</cim:NoLoadTest.excitingCurrentZero>
  <cim:NoLoadTest.loss>0</cim:NoLoadTest.loss>
  <cim:NoLoadTest.lossZero>0</cim:NoLoadTest.lossZero>
  <cim:TransformerTest.basePower>2000000</cim:TransformerTest.basePower>
  <cim:TransformerTest.temperature>50</cim:TransformerTest.temperature>
</cim:NoLoadTest>
<cim:ShortCircuitTest rdf:ID="_7F005E7B-C095-4BF2-BD82-AC83A14DCCB8">
  <cim:IdentifiedObject.mRID>_7F005E7B-C095-4BF2-BD82-AC83A14DCCB8</cim:IdentifiedObject.mRID>
  <cim:IdentifiedObject.name>cimxfmrcode_t1_1</cim:IdentifiedObject.name>
  <cim:ShortCircuitTest.EnergisedEnd rdf:resource="#_913A7408-1468-42F2-9F9C-2D6984E9AF3D"/>
  <cim:ShortCircuitTest.GroundedEnds rdf:resource="#_73F7113B-E9DC-4EE2-98E0-6F730CC9909D"/>
  <cim:ShortCircuitTest.energisedEndStep>16</cim:ShortCircuitTest.energisedEndStep>
  <cim:ShortCircuitTest.groundedEndStep>16</cim:ShortCircuitTest.groundedEndStep>
  <cim:ShortCircuitTest.leakageImpedance>1.5552</cim:ShortCircuitTest.leakageImpedance>
  <cim:ShortCircuitTest.leakageImpedanceZero>1.5552</cim:ShortCircuitTest.leakageImpedanceZero>
  <cim:ShortCircuitTest.loss>20</cim:ShortCircuitTest.loss>
  <cim:ShortCircuitTest.lossZero>20</cim:ShortCircuitTest.lossZero>
  <cim:TransformerTest.basePower>2000000</cim:TransformerTest.basePower>
  <cim:TransformerTest.temperature>50</cim:TransformerTest.temperature>
</cim:ShortCircuitTest>
<cim:Asset rdf:ID="_344ABD24-BA18-4BFF-9560-5B0803CC64D6">
  <cim:IdentifiedObject.mRID>_344ABD24-BA18-4BFF-9560-5B0803CC64D6</cim:IdentifiedObject.mRID>
  <cim:IdentifiedObject.name>TankAsset_cimxfmrcode_t1</cim:IdentifiedObject.name>
  <cim:Asset.AssetInfo rdf:resource="#_48FDB05E-6D39-45F0-9A84-011814F516BE"/>
  <cim:Asset.PowerSystemResources rdf:resource="#_E6C6ED7B-12EE-4C9C-8997-422983381CDE"/>
</cim:Asset>
<cim:PowerTransformerInfo rdf:ID="_4F9130FF-E47B-4667-AB54-D711E04BECF6">
  <cim:IdentifiedObject.mRID>_4F9130FF-E47B-4667-AB54-D711E04BECF6</cim:IdentifiedObject.mRID>
  <cim:IdentifiedObject.name>cimxfmrcode_t2_PowerXfInfo</cim:IdentifiedObject.name>
</cim:PowerTransformerInfo>
<cim:TransformerTankInfo rdf:ID="_7260E2BD-3287-4BFD-B2BA-E39D846C9064">
  <cim:IdentifiedObject.mRID>_7260E2BD-3287-4BFD-B2BA-E39D846C9064</cim:IdentifiedObject.mRID>
  <cim:IdentifiedObject.name>cimxfmrcode_t2</cim:IdentifiedObject.name>
  <cim:TransformerTankInfo.PowerTransformerInfo rdf:resource="#_4F9130FF-E47B-4667-AB54-D711E04BECF6"/>
</cim:TransformerTankInfo>
<cim:TransformerEndInfo rdf:ID="_96690B7B-2B38-4319-9243-D18A0CC90A6C">
  <cim:IdentifiedObject.mRID>_96690B7B-2B38-4319-9243-D18A0CC90A6C</cim:IdentifiedObject.mRID>
  <cim:IdentifiedObject.name>cimxfmrcode_t2_1</cim:IdentifiedObject.name>
  <cim:TransformerEndInfo.TransformerTankInfo rdf:resource="#_7260E2BD-3287-4BFD-B2BA-E39D846C9064"/>
  <cim:TransformerEndInfo.endNumber>1</cim:TransformerEndInfo.endNumber>
  <cim:TransformerEndInfo.connectionKind rdf:resource="http://iec.ch/TC57/CIM100#WindingConnection.I"/>
  <cim:TransformerEndInfo.phaseAngleClock>0</cim:TransformerEndInfo.phaseAngleClock>
  <cim:TransformerEndInfo.ratedU>7200</cim:TransformerEndInfo.ratedU>
  <cim:TransformerEndInfo.ratedS>2000000</cim:TransformerEndInfo.ratedS>
  <cim:TransformerEndInfo.shortTermS>2200000</cim:TransformerEndInfo.shortTermS>
  <cim:TransformerEndInfo.emergencyS>3000000</cim:TransformerEndInfo.emergencyS>
  <cim:TransformerEndInfo.r>0.1296</cim:TransformerEndInfo.r>
  <cim:TransformerEndInfo.insulationU>0</cim:TransformerEndInfo.insulationU>
</cim:TransformerEndInfo>
<cim:TransformerEndInfo rdf:ID="_0ADB4520-8F24-4AA9-8CBF-F8A6A83B002A">
  <cim:IdentifiedObject.mRID>_0ADB4520-8F24-4AA9-8CBF-F8A6A83B002A</cim:IdentifiedObject.mRID>
  <cim:IdentifiedObject.name>cimxfmrcode_t2_2</cim:IdentifiedObject.name>
  <cim:TransformerEndInfo.TransformerTankInfo rdf:resource="#_7260E2BD-3287-4BFD-B2BA-E39D846C9064"/>
  <cim:TransformerEndInfo.endNumber>2</cim:TransformerEndInfo.endNumber>
  <cim:TransformerEndInfo.connectionKind rdf:resource="http://iec.ch/TC57/CIM100#WindingConnection.I"/>
  <cim:TransformerEndInfo.phaseAngleClock>0</cim:TransformerEndInfo.phaseAngleClock>
  <cim:TransformerEndInfo.ratedU>4160</cim:TransformerEndInfo.ratedU>
  <cim:TransformerEndInfo.ratedS>2000000</cim:TransformerEndInfo.ratedS>
  <cim:TransformerEndInfo.shortTermS>2200000</cim:TransformerEndInfo.shortTermS>
  <cim:TransformerEndInfo.emergencyS>3000000</cim:TransformerEndInfo.emergencyS>
  <cim:TransformerEndInfo.r>0.043264</cim:TransformerEndInfo.r>
  <cim:TransformerEndInfo.insulationU>0</cim:TransformerEndInfo.insulationU>
</cim:TransformerEndInfo>
<cim:NoLoadTest rdf:ID="_F68E2BD3-4412-4D71-BF52-ABF1CF29F9E6">
  <cim:IdentifiedObject.mRID>_F68E2BD3-4412-4D71-BF52-ABF1CF29F9E6</cim:IdentifiedObject.mRID>
  <cim:IdentifiedObject.name>cimxfmrcode_t2_1</cim:IdentifiedObject.name>
  <cim:NoLoadTest.EnergisedEnd rdf:resource="#_96690B7B-2B38-4319-9243-D18A0CC90A6C"/>
  <cim:NoLoadTest.energisedEndVoltage>7200</cim:NoLoadTest.energisedEndVoltage>
  <cim:NoLoadTest.excitingCurrent>0</cim:NoLoadTest.excitingCurrent>
  <cim:NoLoadTest.excitingCurrentZero>0</cim:NoLoadTest.excitingCurrentZero>
  <cim:NoLoadTest.loss>0</cim:NoLoadTest.loss>
  <cim:NoLoadTest.lossZero>0</cim:NoLoadTest.lossZero>
  <cim:TransformerTest.basePower>2000000</cim:TransformerTest.basePower>
  <cim:TransformerTest.temperature>50</cim:TransformerTest.temperature>
</cim:NoLoadTest>
<cim:ShortCircuitTest rdf:ID="_2073E0F2-BDCC-481B-BAFC-B2DD3A4AF161">
  <cim:IdentifiedObject.mRID>_2073E0F2-BDCC-481B-BAFC-B2DD3A4AF161</cim:IdentifiedObject.mRID>
  <cim:IdentifiedObject.name>cimxfmrcode_t2_1</cim:IdentifiedObject.name>
  <cim:ShortCircuitTest.EnergisedEnd rdf:resource="#_96690B7B-2B38-4319-9243-D18A0CC90A6C"/>
  <cim:ShortCircuitTest.GroundedEnds rdf:resource="#_0ADB4520-8F24-4AA9-8CBF-F8A6A83B002A"/>
  <cim:ShortCircuitTest.energisedEndStep>16</cim:ShortCircuitTest.energisedEndStep>
  <cim:ShortCircuitTest.groundedEndStep>16</cim:ShortCircuitTest.groundedEndStep>
  <cim:ShortCircuitTest.leakageImpedance>1.5552</cim:ShortCircuitTest.leakageImpedance>
  <cim:ShortCircuitTest.leakageImpedanceZero>1.5552</cim:ShortCircuitTest.leakageImpedanceZero>
  <cim:ShortCircuitTest.loss>20</cim:ShortCircuitTest.loss>
  <cim:ShortCircuitTest.lossZero>20</cim:ShortCircuitTest.lossZero>
  <cim:TransformerTest.basePower>2000000</cim:TransformerTest.basePower>
  <cim:TransformerTest.temperature>50</cim:TransformerTest.temperature>
</cim:ShortCircuitTest>
<cim:Asset rdf:ID="_35FC87FF-E491-407D-AA81-52855D425F0C">
  <cim:IdentifiedObject.mRID>_35FC87FF-E491-407D-AA81-52855D425F0C</cim:IdentifiedObject.mRID>
  <cim:IdentifiedObject.name>TankAsset_cimxfmrcode_t2</cim:IdentifiedObject.name>
  <cim:Asset.AssetInfo rdf:resource="#_7260E2BD-3287-4BFD-B2BA-E39D846C9064"/>
  <cim:Asset.PowerSystemResources rdf:resource="#_F6D5C05A-7BFC-4FFB-9CF0-74143F62A670"/>
</cim:Asset>
<cim:TransformerTank rdf:ID="_E6C6ED7B-12EE-4C9C-8997-422983381CDE">
  <cim:IdentifiedObject.mRID>_E6C6ED7B-12EE-4C9C-8997-422983381CDE</cim:IdentifiedObject.mRID>
  <cim:IdentifiedObject.name>t1</cim:IdentifiedObject.name>
  <cim:Equipment.EquipmentContainer rdf:resource="#_8FDAE9BB-0BE3-4103-A1CD-B12067583D9C"/>
  <cim:TransformerTank.PowerTransformer rdf:resource="#_6D5AB68A-D2B6-426B-AC22-43E1753491F4"/>
  <cim:PowerSystemResource.Location rdf:resource="#_46A42BD7-2D6B-4789-99BF-126EB613B9AD"/>
</cim:TransformerTank>
<cim:Location rdf:ID="_46A42BD7-2D6B-4789-99BF-126EB613B9AD">
  <cim:IdentifiedObject.mRID>_46A42BD7-2D6B-4789-99BF-126EB613B9AD</cim:IdentifiedObject.mRID>
  <cim:IdentifiedObject.name>t1_Loc</cim:IdentifiedObject.name>
  <cim:Location.CoordinateSystem rdf:resource="#_F9232EE8-44BD-4163-B71B-D31247A98080"/>
</cim:Location>
<cim:PositionPoint rdf:ID="_A882DD38-3BE0-43EB-A0CA-AAD38DA7B759">
  <cim:PositionPoint.Location rdf:resource="#_46A42BD7-2D6B-4789-99BF-126EB613B9AD"/>
  <cim:PositionPoint.sequenceNumber>1</cim:PositionPoint.sequenceNumber>
  <cim:PositionPoint.xPosition>0</cim:PositionPoint.xPosition>
  <cim:PositionPoint.yPosition>0</cim:PositionPoint.yPosition>
</cim:PositionPoint>
<cim:PositionPoint rdf:ID="_B80F7E62-4AF5-4FEF-A80A-E623261F4F34">
  <cim:PositionPoint.Location rdf:resource="#_46A42BD7-2D6B-4789-99BF-126EB613B9AD"/>
  <cim:PositionPoint.sequenceNumber>2</cim:PositionPoint.sequenceNumber>
  <cim:PositionPoint.xPosition>0</cim:PositionPoint.xPosition>
  <cim:PositionPoint.yPosition>0</cim:PositionPoint.yPosition>
</cim:PositionPoint>
<cim:TransformerTankEnd rdf:ID="_39ECED26-52E2-42BA-B559-7B384B6EF792">
  <cim:IdentifiedObject.mRID>_39ECED26-52E2-42BA-B559-7B384B6EF792</cim:IdentifiedObject.mRID>
  <cim:IdentifiedObject.name>t1_End_1</cim:IdentifiedObject.name>
  <cim:TransformerTankEnd.phases rdf:resource="http://iec.ch/TC57/CIM100#PhaseCode.A"/>
  <cim:TransformerEnd.grounded>true</cim:TransformerEnd.grounded>
  <cim:TransformerEnd.rground>0</cim:TransformerEnd.rground>
  <cim:TransformerEnd.xground>0</cim:TransformerEnd.xground>
  <cim:TransformerTankEnd.reversed>false</cim:TransformerTankEnd.reversed>
  <cim:TransformerTankEnd.TransformerTank rdf:resource="#_E6C6ED7B-12EE-4C9C-8997-422983381CDE"/>
  <cim:TransformerEnd.endNumber>1</cim:TransformerEnd.endNumber>
  <cim:TransformerEnd.Terminal rdf:resource="#_75252622-9933-4221-92F7-BD4AF58B147A"/>
  <cim:TransformerEnd.BaseVoltage rdf:resource="#_0C283332-6AD8-4382-849A-34B50C72459F"/>
</cim:TransformerTankEnd>
<cim:Terminal rdf:ID="_75252622-9933-4221-92F7-BD4AF58B147A">
  <cim:IdentifiedObject.mRID>_75252622-9933-4221-92F7-BD4AF58B147A</cim:IdentifiedObject.mRID>
  <cim:IdentifiedObject.name>t1_T1</cim:IdentifiedObject.name>
  <cim:Terminal.ConductingEquipment rdf:resource="#_6D5AB68A-D2B6-426B-AC22-43E1753491F4"/>
  <cim:ACDCTerminal.sequenceNumber>1</cim:ACDCTerminal.sequenceNumber>
  <cim:Terminal.ConnectivityNode rdf:resource="#_56FC33CB-7A13-4DD5-98C6-B4311C79973F"/>
  <cim:ACDCTerminal.OperationalLimitSet rdf:resource="#_3B17A247-1549-4C0B-BCBF-EDD29E99EB2D"/>
</cim:Terminal>
<cim:TransformerTankEnd rdf:ID="_2A4BB290-0607-4CA9-AF9A-37AA07DCA202">
  <cim:IdentifiedObject.mRID>_2A4BB290-0607-4CA9-AF9A-37AA07DCA202</cim:IdentifiedObject.mRID>
  <cim:IdentifiedObject.name>t1_End_2</cim:IdentifiedObject.name>
  <cim:TransformerTankEnd.phases rdf:resource="http://iec.ch/TC57/CIM100#PhaseCode.AB"/>
  <cim:TransformerEnd.grounded>false</cim:TransformerEnd.grounded>
  <cim:TransformerTankEnd.reversed>false</cim:TransformerTankEnd.reversed>
  <cim:TransformerTankEnd.TransformerTank rdf:resource="#_E6C6ED7B-12EE-4C9C-8997-422983381CDE"/>
  <cim:TransformerEnd.endNumber>2</cim:TransformerEnd.endNumber>
  <cim:TransformerEnd.Terminal rdf:resource="#_B04FB84D-ECD4-4452-81B1-373EAAECA337"/>
  <cim:TransformerEnd.BaseVoltage rdf:resource="#_A4C393F0-D194-48EF-9D9C-C175185D2C35"/>
</cim:TransformerTankEnd>
<cim:Terminal rdf:ID="_B04FB84D-ECD4-4452-81B1-373EAAECA337">
  <cim:IdentifiedObject.mRID>_B04FB84D-ECD4-4452-81B1-373EAAECA337</cim:IdentifiedObject.mRID>
  <cim:IdentifiedObject.name>t1_T2</cim:IdentifiedObject.name>
  <cim:Terminal.ConductingEquipment rdf:resource="#_6D5AB68A-D2B6-426B-AC22-43E1753491F4"/>
  <cim:ACDCTerminal.sequenceNumber>2</cim:ACDCTerminal.sequenceNumber>
  <cim:Terminal.ConnectivityNode rdf:resource="#_5DC54A43-B8CE-4BE9-B530-9470496ABB0B"/>
</cim:Terminal>
<cim:TransformerTank rdf:ID="_F6D5C05A-7BFC-4FFB-9CF0-74143F62A670">
  <cim:IdentifiedObject.mRID>_F6D5C05A-7BFC-4FFB-9CF0-74143F62A670</cim:IdentifiedObject.mRID>
  <cim:IdentifiedObject.name>t2</cim:IdentifiedObject.name>
  <cim:Equipment.EquipmentContainer rdf:resource="#_8FDAE9BB-0BE3-4103-A1CD-B12067583D9C"/>
  <cim:TransformerTank.PowerTransformer rdf:resource="#_5A09ECCD-4157-44E3-8689-309B682C986F"/>
  <cim:PowerSystemResource.Location rdf:resource="#_3EB4FC2E-7472-4FB1-A938-A605D6266A06"/>
</cim:TransformerTank>
<cim:Location rdf:ID="_3EB4FC2E-7472-4FB1-A938-A605D6266A06">
  <cim:IdentifiedObject.mRID>_3EB4FC2E-7472-4FB1-A938-A605D6266A06</cim:IdentifiedObject.mRID>
  <cim:IdentifiedObject.name>t2_Loc</cim:IdentifiedObject.name>
  <cim:Location.CoordinateSystem rdf:resource="#_F9232EE8-44BD-4163-B71B-D31247A98080"/>
</cim:Location>
<cim:PositionPoint rdf:ID="_C864369E-8C51-4874-A668-C6A504B7C4B2">
  <cim:PositionPoint.Location rdf:resource="#_3EB4FC2E-7472-4FB1-A938-A605D6266A06"/>
  <cim:PositionPoint.sequenceNumber>1</cim:PositionPoint.sequenceNumber>
  <cim:PositionPoint.xPosition>0</cim:PositionPoint.xPosition>
  <cim:PositionPoint.yPosition>0</cim:PositionPoint.yPosition>
</cim:PositionPoint>
<cim:PositionPoint rdf:ID="_44033F7C-DB75-41BD-AC81-916D273306F0">
  <cim:PositionPoint.Location rdf:resource="#_3EB4FC2E-7472-4FB1-A938-A605D6266A06"/>
  <cim:PositionPoint.sequenceNumber>2</cim:PositionPoint.sequenceNumber>
  <cim:PositionPoint.xPosition>0</cim:PositionPoint.xPosition>
  <cim:PositionPoint.yPosition>0</cim:PositionPoint.yPosition>
</cim:PositionPoint>
<cim:TransformerTankEnd rdf:ID="_7117C26A-E05F-4463-9718-D9705EF65094">
  <cim:IdentifiedObject.mRID>_7117C26A-E05F-4463-9718-D9705EF65094</cim:IdentifiedObject.mRID>
  <cim:IdentifiedObject.name>t2_End_1</cim:IdentifiedObject.name>
  <cim:TransformerTankEnd.phases rdf:resource="http://iec.ch/TC57/CIM100#PhaseCode.B"/>
  <cim:TransformerEnd.grounded>true</cim:TransformerEnd.grounded>
  <cim:TransformerEnd.rground>0</cim:TransformerEnd.rground>
  <cim:TransformerEnd.xground>0</cim:TransformerEnd.xground>
  <cim:TransformerTankEnd.reversed>false</cim:TransformerTankEnd.reversed>
  <cim:TransformerTankEnd.TransformerTank rdf:resource="#_F6D5C05A-7BFC-4FFB-9CF0-74143F62A670"/>
  <cim:TransformerEnd.endNumber>1</cim:TransformerEnd.endNumber>
  <cim:TransformerEnd.Terminal rdf:resource="#_63B6A577-D7F0-4E44-82E7-721518FE8943"/>
  <cim:TransformerEnd.BaseVoltage rdf:resource="#_0C283332-6AD8-4382-849A-34B50C72459F"/>
</cim:TransformerTankEnd>
<cim:Terminal rdf:ID="_63B6A577-D7F0-4E44-82E7-721518FE8943">
  <cim:IdentifiedObject.mRID>_63B6A577-D7F0-4E44-82E7-721518FE8943</cim:IdentifiedObject.mRID>
  <cim:IdentifiedObject.name>t2_T1</cim:IdentifiedObject.name>
  <cim:Terminal.ConductingEquipment rdf:resource="#_5A09ECCD-4157-44E3-8689-309B682C986F"/>
  <cim:ACDCTerminal.sequenceNumber>1</cim:ACDCTerminal.sequenceNumber>
  <cim:Terminal.ConnectivityNode rdf:resource="#_56FC33CB-7A13-4DD5-98C6-B4311C79973F"/>
  <cim:ACDCTerminal.OperationalLimitSet rdf:resource="#_3B17A247-1549-4C0B-BCBF-EDD29E99EB2D"/>
</cim:Terminal>
<cim:TransformerTankEnd rdf:ID="_8D5F28F3-2481-462E-9A7A-9757C52346FA">
  <cim:IdentifiedObject.mRID>_8D5F28F3-2481-462E-9A7A-9757C52346FA</cim:IdentifiedObject.mRID>
  <cim:IdentifiedObject.name>t2_End_2</cim:IdentifiedObject.name>
  <cim:TransformerTankEnd.phases rdf:resource="http://iec.ch/TC57/CIM100#PhaseCode.BC"/>
  <cim:TransformerEnd.grounded>false</cim:TransformerEnd.grounded>
  <cim:TransformerTankEnd.reversed>false</cim:TransformerTankEnd.reversed>
  <cim:TransformerTankEnd.TransformerTank rdf:resource="#_F6D5C05A-7BFC-4FFB-9CF0-74143F62A670"/>
  <cim:TransformerEnd.endNumber>2</cim:TransformerEnd.endNumber>
  <cim:TransformerEnd.Terminal rdf:resource="#_AC357826-010E-4DED-B158-9A9F73DE845C"/>
  <cim:TransformerEnd.BaseVoltage rdf:resource="#_A4C393F0-D194-48EF-9D9C-C175185D2C35"/>
</cim:TransformerTankEnd>
<cim:Terminal rdf:ID="_AC357826-010E-4DED-B158-9A9F73DE845C">
  <cim:IdentifiedObject.mRID>_AC357826-010E-4DED-B158-9A9F73DE845C</cim:IdentifiedObject.mRID>
  <cim:IdentifiedObject.name>t2_T2</cim:IdentifiedObject.name>
  <cim:Terminal.ConductingEquipment rdf:resource="#_5A09ECCD-4157-44E3-8689-309B682C986F"/>
  <cim:ACDCTerminal.sequenceNumber>2</cim:ACDCTerminal.sequenceNumber>
  <cim:Terminal.ConnectivityNode rdf:resource="#_5DC54A43-B8CE-4BE9-B530-9470496ABB0B"/>
</cim:Terminal>
<cim:PowerTransformer rdf:ID="_6D5AB68A-D2B6-426B-AC22-43E1753491F4">
  <cim:IdentifiedObject.mRID>_6D5AB68A-D2B6-426B-AC22-43E1753491F4</cim:IdentifiedObject.mRID>
  <cim:IdentifiedObject.name>t1</cim:IdentifiedObject.name>
  <cim:Equipment.EquipmentContainer rdf:resource="#_8FDAE9BB-0BE3-4103-A1CD-B12067583D9C"/>
  <cim:PowerTransformer.vectorGroup>Ii</cim:PowerTransformer.vectorGroup>
  <cim:PowerSystemResource.Location rdf:resource="#_46A42BD7-2D6B-4789-99BF-126EB613B9AD"/>
</cim:PowerTransformer>
<cim:PowerTransformer rdf:ID="_5A09ECCD-4157-44E3-8689-309B682C986F">
  <cim:IdentifiedObject.mRID>_5A09ECCD-4157-44E3-8689-309B682C986F</cim:IdentifiedObject.mRID>
  <cim:IdentifiedObject.name>t2</cim:IdentifiedObject.name>
  <cim:Equipment.EquipmentContainer rdf:resource="#_8FDAE9BB-0BE3-4103-A1CD-B12067583D9C"/>
  <cim:PowerTransformer.vectorGroup>Ii</cim:PowerTransformer.vectorGroup>
  <cim:PowerSystemResource.Location rdf:resource="#_3EB4FC2E-7472-4FB1-A938-A605D6266A06"/>
</cim:PowerTransformer>
<cim:ACLineSegment rdf:ID="_22D6EC9B-40E6-456E-9865-11C3EA422B9B">
  <cim:IdentifiedObject.mRID>_22D6EC9B-40E6-456E-9865-11C3EA422B9B</cim:IdentifiedObject.mRID>
  <cim:IdentifiedObject.name>line1</cim:IdentifiedObject.name>
  <cim:Equipment.EquipmentContainer rdf:resource="#_8FDAE9BB-0BE3-4103-A1CD-B12067583D9C"/>
  <cim:ConductingEquipment.BaseVoltage rdf:resource="#_0C283332-6AD8-4382-849A-34B50C72459F"/>
  <cim:Conductor.length>609.6</cim:Conductor.length>
  <cim:ACLineSegment.PerLengthImpedance rdf:resource="#_04A3F295-3A1D-4DCB-825C-2280DEEE3E38"/>
  <cim:PowerSystemResource.Location rdf:resource="#_F006797D-7C40-4D02-871D-8BF090C06BDC"/>
</cim:ACLineSegment>
<cim:ACLineSegmentPhase rdf:ID="_568CCCF8-989F-408D-A97C-A4AB0E3B8411">
  <cim:IdentifiedObject.mRID>_568CCCF8-989F-408D-A97C-A4AB0E3B8411</cim:IdentifiedObject.mRID>
  <cim:IdentifiedObject.name>line1_A</cim:IdentifiedObject.name>
  <cim:ACLineSegmentPhase.phase rdf:resource="http://iec.ch/TC57/CIM100#SinglePhaseKind.A"/>
  <cim:ACLineSegmentPhase.sequenceNumber>1</cim:ACLineSegmentPhase.sequenceNumber>
  <cim:ACLineSegmentPhase.ACLineSegment rdf:resource="#_22D6EC9B-40E6-456E-9865-11C3EA422B9B"/>
  <cim:PowerSystemResource.Location rdf:resource="#_F006797D-7C40-4D02-871D-8BF090C06BDC"/>
</cim:ACLineSegmentPhase>
<cim:ACLineSegmentPhase rdf:ID="_2A6B07B9-6814-4070-BB32-992B30370002">
  <cim:IdentifiedObject.mRID>_2A6B07B9-6814-4070-BB32-992B30370002</cim:IdentifiedObject.mRID>
  <cim:IdentifiedObject.name>line1_B</cim:IdentifiedObject.name>
  <cim:ACLineSegmentPhase.phase rdf:resource="http://iec.ch/TC57/CIM100#SinglePhaseKind.B"/>
  <cim:ACLineSegmentPhase.sequenceNumber>2</cim:ACLineSegmentPhase.sequenceNumber>
  <cim:ACLineSegmentPhase.ACLineSegment rdf:resource="#_22D6EC9B-40E6-456E-9865-11C3EA422B9B"/>
  <cim:PowerSystemResource.Location rdf:resource="#_F006797D-7C40-4D02-871D-8BF090C06BDC"/>
</cim:ACLineSegmentPhase>
<cim:ACLineSegmentPhase rdf:ID="_ADD2EDF4-C6AA-40D6-8C83-C5FC1C27CB7C">
  <cim:IdentifiedObject.mRID>_ADD2EDF4-C6AA-40D6-8C83-C5FC1C27CB7C</cim:IdentifiedObject.mRID>
  <cim:IdentifiedObject.name>line1_C</cim:IdentifiedObject.name>
  <cim:ACLineSegmentPhase.phase rdf:resource="http://iec.ch/TC57/CIM100#SinglePhaseKind.C"/>
  <cim:ACLineSegmentPhase.sequenceNumber>3</cim:ACLineSegmentPhase.sequenceNumber>
  <cim:ACLineSegmentPhase.ACLineSegment rdf:resource="#_22D6EC9B-40E6-456E-9865-11C3EA422B9B"/>
  <cim:PowerSystemResource.Location rdf:resource="#_F006797D-7C40-4D02-871D-8BF090C06BDC"/>
</cim:ACLineSegmentPhase>
<cim:Terminal rdf:ID="_14CF3729-E9A4-4639-B792-6D6A5BFD467F">
  <cim:IdentifiedObject.mRID>_14CF3729-E9A4-4639-B792-6D6A5BFD467F</cim:IdentifiedObject.mRID>
  <cim:IdentifiedObject.name>line1_T1</cim:IdentifiedObject.name>
  <cim:Terminal.ConductingEquipment rdf:resource="#_22D6EC9B-40E6-456E-9865-11C3EA422B9B"/>
  <cim:ACDCTerminal.sequenceNumber>1</cim:ACDCTerminal.sequenceNumber>
  <cim:Terminal.ConnectivityNode rdf:resource="#_A68ED8A4-F3BB-4ADD-860F-B1CF0BB2E5F2"/>
  <cim:ACDCTerminal.OperationalLimitSet rdf:resource="#_15B58844-0D2A-44A4-B54B-16F7EA926442"/>
</cim:Terminal>
<cim:Terminal rdf:ID="_F9B2DE02-91BA-4F8A-BF7D-2BF2BE1CC4FF">
  <cim:IdentifiedObject.mRID>_F9B2DE02-91BA-4F8A-BF7D-2BF2BE1CC4FF</cim:IdentifiedObject.mRID>
  <cim:IdentifiedObject.name>line1_T2</cim:IdentifiedObject.name>
  <cim:Terminal.ConductingEquipment rdf:resource="#_22D6EC9B-40E6-456E-9865-11C3EA422B9B"/>
  <cim:ACDCTerminal.sequenceNumber>2</cim:ACDCTerminal.sequenceNumber>
  <cim:Terminal.ConnectivityNode rdf:resource="#_56FC33CB-7A13-4DD5-98C6-B4311C79973F"/>
</cim:Terminal>
<cim:Location rdf:ID="_F006797D-7C40-4D02-871D-8BF090C06BDC">
  <cim:IdentifiedObject.mRID>_F006797D-7C40-4D02-871D-8BF090C06BDC</cim:IdentifiedObject.mRID>
  <cim:IdentifiedObject.name>line1_Loc</cim:IdentifiedObject.name>
  <cim:Location.CoordinateSystem rdf:resource="#_F9232EE8-44BD-4163-B71B-D31247A98080"/>
</cim:Location>
<cim:PositionPoint rdf:ID="_763DD266-4CEE-4A21-90D6-87B085F248D4">
  <cim:PositionPoint.Location rdf:resource="#_F006797D-7C40-4D02-871D-8BF090C06BDC"/>
  <cim:PositionPoint.sequenceNumber>1</cim:PositionPoint.sequenceNumber>
  <cim:PositionPoint.xPosition>0</cim:PositionPoint.xPosition>
  <cim:PositionPoint.yPosition>0</cim:PositionPoint.yPosition>
</cim:PositionPoint>
<cim:PositionPoint rdf:ID="_0C8B3B1B-C6F3-476D-856A-F53D899F6AB3">
  <cim:PositionPoint.Location rdf:resource="#_F006797D-7C40-4D02-871D-8BF090C06BDC"/>
  <cim:PositionPoint.sequenceNumber>2</cim:PositionPoint.sequenceNumber>
  <cim:PositionPoint.xPosition>0</cim:PositionPoint.xPosition>
  <cim:PositionPoint.yPosition>0</cim:PositionPoint.yPosition>
</cim:PositionPoint>
<cim:ACLineSegment rdf:ID="_373DDA9A-067F-4490-8E63-FEA9E5AAD96C">
  <cim:IdentifiedObject.mRID>_373DDA9A-067F-4490-8E63-FEA9E5AAD96C</cim:IdentifiedObject.mRID>
  <cim:IdentifiedObject.name>line2</cim:IdentifiedObject.name>
  <cim:Equipment.EquipmentContainer rdf:resource="#_8FDAE9BB-0BE3-4103-A1CD-B12067583D9C"/>
  <cim:ConductingEquipment.BaseVoltage rdf:resource="#_A4C393F0-D194-48EF-9D9C-C175185D2C35"/>
  <cim:Conductor.length>762</cim:Conductor.length>
  <cim:ACLineSegment.PerLengthImpedance rdf:resource="#_A9B8A1BD-5634-4BBF-BD42-047188EEC7C8"/>
  <cim:PowerSystemResource.Location rdf:resource="#_64934889-BB81-4071-B3FC-29F5DAAD03A5"/>
</cim:ACLineSegment>
<cim:ACLineSegmentPhase rdf:ID="_0542783C-AFD7-4F7B-AA98-B165F1471225">
  <cim:IdentifiedObject.mRID>_0542783C-AFD7-4F7B-AA98-B165F1471225</cim:IdentifiedObject.mRID>
  <cim:IdentifiedObject.name>line2_A</cim:IdentifiedObject.name>
  <cim:ACLineSegmentPhase.phase rdf:resource="http://iec.ch/TC57/CIM100#SinglePhaseKind.A"/>
  <cim:ACLineSegmentPhase.sequenceNumber>1</cim:ACLineSegmentPhase.sequenceNumber>
  <cim:ACLineSegmentPhase.ACLineSegment rdf:resource="#_373DDA9A-067F-4490-8E63-FEA9E5AAD96C"/>
  <cim:PowerSystemResource.Location rdf:resource="#_64934889-BB81-4071-B3FC-29F5DAAD03A5"/>
</cim:ACLineSegmentPhase>
<cim:ACLineSegmentPhase rdf:ID="_676E62FA-D238-4589-BB25-C8A81D845C23">
  <cim:IdentifiedObject.mRID>_676E62FA-D238-4589-BB25-C8A81D845C23</cim:IdentifiedObject.mRID>
  <cim:IdentifiedObject.name>line2_B</cim:IdentifiedObject.name>
  <cim:ACLineSegmentPhase.phase rdf:resource="http://iec.ch/TC57/CIM100#SinglePhaseKind.B"/>
  <cim:ACLineSegmentPhase.sequenceNumber>2</cim:ACLineSegmentPhase.sequenceNumber>
  <cim:ACLineSegmentPhase.ACLineSegment rdf:resource="#_373DDA9A-067F-4490-8E63-FEA9E5AAD96C"/>
  <cim:PowerSystemResource.Location rdf:resource="#_64934889-BB81-4071-B3FC-29F5DAAD03A5"/>
</cim:ACLineSegmentPhase>
<cim:ACLineSegmentPhase rdf:ID="_7BA1FF64-B6A7-4B5D-B06E-29FA80169FBB">
  <cim:IdentifiedObject.mRID>_7BA1FF64-B6A7-4B5D-B06E-29FA80169FBB</cim:IdentifiedObject.mRID>
  <cim:IdentifiedObject.name>line2_C</cim:IdentifiedObject.name>
  <cim:ACLineSegmentPhase.phase rdf:resource="http://iec.ch/TC57/CIM100#SinglePhaseKind.C"/>
  <cim:ACLineSegmentPhase.sequenceNumber>3</cim:ACLineSegmentPhase.sequenceNumber>
  <cim:ACLineSegmentPhase.ACLineSegment rdf:resource="#_373DDA9A-067F-4490-8E63-FEA9E5AAD96C"/>
  <cim:PowerSystemResource.Location rdf:resource="#_64934889-BB81-4071-B3FC-29F5DAAD03A5"/>
</cim:ACLineSegmentPhase>
<cim:Terminal rdf:ID="_9E192B52-A03F-48DD-BCE8-54A46A75EE97">
  <cim:IdentifiedObject.mRID>_9E192B52-A03F-48DD-BCE8-54A46A75EE97</cim:IdentifiedObject.mRID>
  <cim:IdentifiedObject.name>line2_T1</cim:IdentifiedObject.name>
  <cim:Terminal.ConductingEquipment rdf:resource="#_373DDA9A-067F-4490-8E63-FEA9E5AAD96C"/>
  <cim:ACDCTerminal.sequenceNumber>1</cim:ACDCTerminal.sequenceNumber>
  <cim:Terminal.ConnectivityNode rdf:resource="#_5DC54A43-B8CE-4BE9-B530-9470496ABB0B"/>
  <cim:ACDCTerminal.OperationalLimitSet rdf:resource="#_15B58844-0D2A-44A4-B54B-16F7EA926442"/>
</cim:Terminal>
<cim:Terminal rdf:ID="_833B559B-3E27-4DD4-8388-78430E92DACE">
  <cim:IdentifiedObject.mRID>_833B559B-3E27-4DD4-8388-78430E92DACE</cim:IdentifiedObject.mRID>
  <cim:IdentifiedObject.name>line2_T2</cim:IdentifiedObject.name>
  <cim:Terminal.ConductingEquipment rdf:resource="#_373DDA9A-067F-4490-8E63-FEA9E5AAD96C"/>
  <cim:ACDCTerminal.sequenceNumber>2</cim:ACDCTerminal.sequenceNumber>
  <cim:Terminal.ConnectivityNode rdf:resource="#_7623F2DA-6113-4467-B878-1FCB3CA65B33"/>
</cim:Terminal>
<cim:Location rdf:ID="_64934889-BB81-4071-B3FC-29F5DAAD03A5">
  <cim:IdentifiedObject.mRID>_64934889-BB81-4071-B3FC-29F5DAAD03A5</cim:IdentifiedObject.mRID>
  <cim:IdentifiedObject.name>line2_Loc</cim:IdentifiedObject.name>
  <cim:Location.CoordinateSystem rdf:resource="#_F9232EE8-44BD-4163-B71B-D31247A98080"/>
</cim:Location>
<cim:PositionPoint rdf:ID="_1FED6529-E28B-4413-994E-F8B2B3D2B734">
  <cim:PositionPoint.Location rdf:resource="#_64934889-BB81-4071-B3FC-29F5DAAD03A5"/>
  <cim:PositionPoint.sequenceNumber>1</cim:PositionPoint.sequenceNumber>
  <cim:PositionPoint.xPosition>0</cim:PositionPoint.xPosition>
  <cim:PositionPoint.yPosition>0</cim:PositionPoint.yPosition>
</cim:PositionPoint>
<cim:PositionPoint rdf:ID="_00B56319-86CF-4B1C-B67A-BFCFC9F3D97B">
  <cim:PositionPoint.Location rdf:resource="#_64934889-BB81-4071-B3FC-29F5DAAD03A5"/>
  <cim:PositionPoint.sequenceNumber>2</cim:PositionPoint.sequenceNumber>
  <cim:PositionPoint.xPosition>0</cim:PositionPoint.xPosition>
  <cim:PositionPoint.yPosition>0</cim:PositionPoint.yPosition>
</cim:PositionPoint>
<cim:LoadResponseCharacteristic rdf:ID="_CBCB9076-7A71-4E2F-8F12-3B675CD8EA78">
  <cim:IdentifiedObject.mRID>_CBCB9076-7A71-4E2F-8F12-3B675CD8EA78</cim:IdentifiedObject.mRID>
  <cim:IdentifiedObject.name>Constant kVA</cim:IdentifiedObject.name>
  <cim:LoadResponseCharacteristic.exponentModel>false</cim:LoadResponseCharacteristic.exponentModel>
  <cim:LoadResponseCharacteristic.pConstantImpedance>0</cim:LoadResponseCharacteristic.pConstantImpedance>
  <cim:LoadResponseCharacteristic.pConstantCurrent>0</cim:LoadResponseCharacteristic.pConstantCurrent>
  <cim:LoadResponseCharacteristic.pConstantPower>100</cim:LoadResponseCharacteristic.pConstantPower>
  <cim:LoadResponseCharacteristic.qConstantImpedance>0</cim:LoadResponseCharacteristic.qConstantImpedance>
  <cim:LoadResponseCharacteristic.qConstantCurrent>0</cim:LoadResponseCharacteristic.qConstantCurrent>
  <cim:LoadResponseCharacteristic.qConstantPower>100</cim:LoadResponseCharacteristic.qConstantPower>
  <cim:LoadResponseCharacteristic.pVoltageExponent>0</cim:LoadResponseCharacteristic.pVoltageExponent>
  <cim:LoadResponseCharacteristic.qVoltageExponent>0</cim:LoadResponseCharacteristic.qVoltageExponent>
  <cim:LoadResponseCharacteristic.pFrequencyExponent>0</cim:LoadResponseCharacteristic.pFrequencyExponent>
  <cim:LoadResponseCharacteristic.qFrequencyExponent>0</cim:LoadResponseCharacteristic.qFrequencyExponent>
</cim:LoadResponseCharacteristic>
<cim:LoadResponseCharacteristic rdf:ID="_0AEE3AFB-60E7-46DB-ACE4-91DF9B8FD9B3">
  <cim:IdentifiedObject.mRID>_0AEE3AFB-60E7-46DB-ACE4-91DF9B8FD9B3</cim:IdentifiedObject.mRID>
  <cim:IdentifiedObject.name>Constant Z</cim:IdentifiedObject.name>
  <cim:LoadResponseCharacteristic.exponentModel>false</cim:LoadResponseCharacteristic.exponentModel>
  <cim:LoadResponseCharacteristic.pConstantImpedance>100</cim:LoadResponseCharacteristic.pConstantImpedance>
  <cim:LoadResponseCharacteristic.pConstantCurrent>0</cim:LoadResponseCharacteristic.pConstantCurrent>
  <cim:LoadResponseCharacteristic.pConstantPower>0</cim:LoadResponseCharacteristic.pConstantPower>
  <cim:LoadResponseCharacteristic.qConstantImpedance>100</cim:LoadResponseCharacteristic.qConstantImpedance>
  <cim:LoadResponseCharacteristic.qConstantCurrent>0</cim:LoadResponseCharacteristic.qConstantCurrent>
  <cim:LoadResponseCharacteristic.qConstantPower>0</cim:LoadResponseCharacteristic.qConstantPower>
  <cim:LoadResponseCharacteristic.pVoltageExponent>0</cim:LoadResponseCharacteristic.pVoltageExponent>
  <cim:LoadResponseCharacteristic.qVoltageExponent>0</cim:LoadResponseCharacteristic.qVoltageExponent>
  <cim:LoadResponseCharacteristic.pFrequencyExponent>0</cim:LoadResponseCharacteristic.pFrequencyExponent>
  <cim:LoadResponseCharacteristic.qFrequencyExponent>0</cim:LoadResponseCharacteristic.qFrequencyExponent>
</cim:LoadResponseCharacteristic>
<cim:LoadResponseCharacteristic rdf:ID="_08170532-44A0-490B-88BF-1A586DF14E7F">
  <cim:IdentifiedObject.mRID>_08170532-44A0-490B-88BF-1A586DF14E7F</cim:IdentifiedObject.mRID>
  <cim:IdentifiedObject.name>Motor</cim:IdentifiedObject.name>
  <cim:LoadResponseCharacteristic.exponentModel>false</cim:LoadResponseCharacteristic.exponentModel>
  <cim:LoadResponseCharacteristic.pConstantImpedance>0</cim:LoadResponseCharacteristic.pConstantImpedance>
  <cim:LoadResponseCharacteristic.pConstantCurrent>0</cim:LoadResponseCharacteristic.pConstantCurrent>
  <cim:LoadResponseCharacteristic.pConstantPower>100</cim:LoadResponseCharacteristic.pConstantPower>
  <cim:LoadResponseCharacteristic.qConstantImpedance>100</cim:LoadResponseCharacteristic.qConstantImpedance>
  <cim:LoadResponseCharacteristic.qConstantCurrent>0</cim:LoadResponseCharacteristic.qConstantCurrent>
  <cim:LoadResponseCharacteristic.qConstantPower>0</cim:LoadResponseCharacteristic.qConstantPower>
  <cim:LoadResponseCharacteristic.pVoltageExponent>0</cim:LoadResponseCharacteristic.pVoltageExponent>
  <cim:LoadResponseCharacteristic.qVoltageExponent>0</cim:LoadResponseCharacteristic.qVoltageExponent>
  <cim:LoadResponseCharacteristic.pFrequencyExponent>0</cim:LoadResponseCharacteristic.pFrequencyExponent>
  <cim:LoadResponseCharacteristic.qFrequencyExponent>0</cim:LoadResponseCharacteristic.qFrequencyExponent>
</cim:LoadResponseCharacteristic>
<cim:LoadResponseCharacteristic rdf:ID="_B5D81FF5-059B-4E29-9E11-5B735F32C7EE">
  <cim:IdentifiedObject.mRID>_B5D81FF5-059B-4E29-9E11-5B735F32C7EE</cim:IdentifiedObject.mRID>
  <cim:IdentifiedObject.name>Mix Motor/Res</cim:IdentifiedObject.name>
  <cim:LoadResponseCharacteristic.exponentModel>true</cim:LoadResponseCharacteristic.exponentModel>
  <cim:LoadResponseCharacteristic.pConstantImpedance>0</cim:LoadResponseCharacteristic.pConstantImpedance>
  <cim:LoadResponseCharacteristic.pConstantCurrent>0</cim:LoadResponseCharacteristic.pConstantCurrent>
  <cim:LoadResponseCharacteristic.pConstantPower>0</cim:LoadResponseCharacteristic.pConstantPower>
  <cim:LoadResponseCharacteristic.qConstantImpedance>0</cim:LoadResponseCharacteristic.qConstantImpedance>
  <cim:LoadResponseCharacteristic.qConstantCurrent>0</cim:LoadResponseCharacteristic.qConstantCurrent>
  <cim:LoadResponseCharacteristic.qConstantPower>0</cim:LoadResponseCharacteristic.qConstantPower>
  <cim:LoadResponseCharacteristic.pVoltageExponent>1</cim:LoadResponseCharacteristic.pVoltageExponent>
  <cim:LoadResponseCharacteristic.qVoltageExponent>2</cim:LoadResponseCharacteristic.qVoltageExponent>
  <cim:LoadResponseCharacteristic.pFrequencyExponent>0</cim:LoadResponseCharacteristic.pFrequencyExponent>
  <cim:LoadResponseCharacteristic.qFrequencyExponent>0</cim:LoadResponseCharacteristic.qFrequencyExponent>
</cim:LoadResponseCharacteristic>
<cim:LoadResponseCharacteristic rdf:ID="_776BBF9E-F381-4BC3-A325-07DB1C09B658">
  <cim:IdentifiedObject.mRID>_776BBF9E-F381-4BC3-A325-07DB1C09B658</cim:IdentifiedObject.mRID>
  <cim:IdentifiedObject.name>Constant I</cim:IdentifiedObject.name>
  <cim:LoadResponseCharacteristic.exponentModel>false</cim:LoadResponseCharacteristic.exponentModel>
  <cim:LoadResponseCharacteristic.pConstantImpedance>0</cim:LoadResponseCharacteristic.pConstantImpedance>
  <cim:LoadResponseCharacteristic.pConstantCurrent>100</cim:LoadResponseCharacteristic.pConstantCurrent>
  <cim:LoadResponseCharacteristic.pConstantPower>0</cim:LoadResponseCharacteristic.pConstantPower>
  <cim:LoadResponseCharacteristic.qConstantImpedance>0</cim:LoadResponseCharacteristic.qConstantImpedance>
  <cim:LoadResponseCharacteristic.qConstantCurrent>100</cim:LoadResponseCharacteristic.qConstantCurrent>
  <cim:LoadResponseCharacteristic.qConstantPower>0</cim:LoadResponseCharacteristic.qConstantPower>
  <cim:LoadResponseCharacteristic.pVoltageExponent>0</cim:LoadResponseCharacteristic.pVoltageExponent>
  <cim:LoadResponseCharacteristic.qVoltageExponent>0</cim:LoadResponseCharacteristic.qVoltageExponent>
  <cim:LoadResponseCharacteristic.pFrequencyExponent>0</cim:LoadResponseCharacteristic.pFrequencyExponent>
  <cim:LoadResponseCharacteristic.qFrequencyExponent>0</cim:LoadResponseCharacteristic.qFrequencyExponent>
</cim:LoadResponseCharacteristic>
<cim:LoadResponseCharacteristic rdf:ID="_CF129D9F-353F-48FD-A905-B52EB3857885">
  <cim:IdentifiedObject.mRID>_CF129D9F-353F-48FD-A905-B52EB3857885</cim:IdentifiedObject.mRID>
  <cim:IdentifiedObject.name>Variable P, Fixed Q</cim:IdentifiedObject.name>
  <cim:LoadResponseCharacteristic.exponentModel>false</cim:LoadResponseCharacteristic.exponentModel>
  <cim:LoadResponseCharacteristic.pConstantImpedance>0</cim:LoadResponseCharacteristic.pConstantImpedance>
  <cim:LoadResponseCharacteristic.pConstantCurrent>0</cim:LoadResponseCharacteristic.pConstantCurrent>
  <cim:LoadResponseCharacteristic.pConstantPower>100</cim:LoadResponseCharacteristic.pConstantPower>
  <cim:LoadResponseCharacteristic.qConstantImpedance>0</cim:LoadResponseCharacteristic.qConstantImpedance>
  <cim:LoadResponseCharacteristic.qConstantCurrent>0</cim:LoadResponseCharacteristic.qConstantCurrent>
  <cim:LoadResponseCharacteristic.qConstantPower>100</cim:LoadResponseCharacteristic.qConstantPower>
  <cim:LoadResponseCharacteristic.pVoltageExponent>0</cim:LoadResponseCharacteristic.pVoltageExponent>
  <cim:LoadResponseCharacteristic.qVoltageExponent>0</cim:LoadResponseCharacteristic.qVoltageExponent>
  <cim:LoadResponseCharacteristic.pFrequencyExponent>0</cim:LoadResponseCharacteristic.pFrequencyExponent>
  <cim:LoadResponseCharacteristic.qFrequencyExponent>0</cim:LoadResponseCharacteristic.qFrequencyExponent>
</cim:LoadResponseCharacteristic>
<cim:LoadResponseCharacteristic rdf:ID="_19E662C5-200B-4ADC-82DC-0029E2BC1545">
  <cim:IdentifiedObject.mRID>_19E662C5-200B-4ADC-82DC-0029E2BC1545</cim:IdentifiedObject.mRID>
  <cim:IdentifiedObject.name>Variable P, Fixed X</cim:IdentifiedObject.name>
  <cim:LoadResponseCharacteristic.exponentModel>false</cim:LoadResponseCharacteristic.exponentModel>
  <cim:LoadResponseCharacteristic.pConstantImpedance>0</cim:LoadResponseCharacteristic.pConstantImpedance>
  <cim:LoadResponseCharacteristic.pConstantCurrent>0</cim:LoadResponseCharacteristic.pConstantCurrent>
  <cim:LoadResponseCharacteristic.pConstantPower>100</cim:LoadResponseCharacteristic.pConstantPower>
  <cim:LoadResponseCharacteristic.qConstantImpedance>100</cim:LoadResponseCharacteristic.qConstantImpedance>
  <cim:LoadResponseCharacteristic.qConstantCurrent>0</cim:LoadResponseCharacteristic.qConstantCurrent>
  <cim:LoadResponseCharacteristic.qConstantPower>0</cim:LoadResponseCharacteristic.qConstantPower>
  <cim:LoadResponseCharacteristic.pVoltageExponent>0</cim:LoadResponseCharacteristic.pVoltageExponent>
  <cim:LoadResponseCharacteristic.qVoltageExponent>0</cim:LoadResponseCharacteristic.qVoltageExponent>
  <cim:LoadResponseCharacteristic.pFrequencyExponent>0</cim:LoadResponseCharacteristic.pFrequencyExponent>
  <cim:LoadResponseCharacteristic.qFrequencyExponent>0</cim:LoadResponseCharacteristic.qFrequencyExponent>
</cim:LoadResponseCharacteristic>
<cim:EnergyConsumer rdf:ID="_B856E550-744A-4B55-9C2B-7D1F11FEE985">
  <cim:IdentifiedObject.mRID>_B856E550-744A-4B55-9C2B-7D1F11FEE985</cim:IdentifiedObject.mRID>
  <cim:IdentifiedObject.name>load1</cim:IdentifiedObject.name>
  <cim:Equipment.EquipmentContainer rdf:resource="#_8FDAE9BB-0BE3-4103-A1CD-B12067583D9C"/>
  <cim:ConductingEquipment.BaseVoltage rdf:resource="#_A4C393F0-D194-48EF-9D9C-C175185D2C35"/>
  <cim:EnergyConsumer.LoadResponse rdf:resource="#_0AEE3AFB-60E7-46DB-ACE4-91DF9B8FD9B3"/>
  <cim:EnergyConsumer.p>850000</cim:EnergyConsumer.p>
  <cim:EnergyConsumer.q>526782.69</cim:EnergyConsumer.q>
  <cim:EnergyConsumer.customerCount>1</cim:EnergyConsumer.customerCount>
  <cim:EnergyConsumer.phaseConnection rdf:resource="http://iec.ch/TC57/CIM100#PhaseShuntConnectionKind.D"/>
  <cim:EnergyConsumer.grounded>false</cim:EnergyConsumer.grounded>
  <cim:PowerSystemResource.Location rdf:resource="#_88572E9C-3513-479B-9FC8-64DDBF1D7301"/>
</cim:EnergyConsumer>
<cim:EnergyConsumerPhase rdf:ID="_45A32265-9643-4BAB-8119-5B0713B3C13C">
  <cim:IdentifiedObject.mRID>_45A32265-9643-4BAB-8119-5B0713B3C13C</cim:IdentifiedObject.mRID>
  <cim:IdentifiedObject.name>load1_A</cim:IdentifiedObject.name>
  <cim:EnergyConsumerPhase.phase rdf:resource="http://iec.ch/TC57/CIM100#SinglePhaseKind.A"/>
  <cim:EnergyConsumerPhase.p>850000</cim:EnergyConsumerPhase.p>
  <cim:EnergyConsumerPhase.q>526782.69</cim:EnergyConsumerPhase.q>
  <cim:EnergyConsumerPhase.EnergyConsumer rdf:resource="#_B856E550-744A-4B55-9C2B-7D1F11FEE985"/>
  <cim:PowerSystemResource.Location rdf:resource="#_88572E9C-3513-479B-9FC8-64DDBF1D7301"/>
</cim:EnergyConsumerPhase>
<cim:Terminal rdf:ID="_879F4F68-3102-4351-AC58-AD48AE114E11">
  <cim:IdentifiedObject.mRID>_879F4F68-3102-4351-AC58-AD48AE114E11</cim:IdentifiedObject.mRID>
  <cim:IdentifiedObject.name>load1_T1</cim:IdentifiedObject.name>
  <cim:Terminal.ConductingEquipment rdf:resource="#_B856E550-744A-4B55-9C2B-7D1F11FEE985"/>
  <cim:ACDCTerminal.sequenceNumber>1</cim:ACDCTerminal.sequenceNumber>
  <cim:Terminal.ConnectivityNode rdf:resource="#_7623F2DA-6113-4467-B878-1FCB3CA65B33"/>
</cim:Terminal>
<cim:Location rdf:ID="_88572E9C-3513-479B-9FC8-64DDBF1D7301">
  <cim:IdentifiedObject.mRID>_88572E9C-3513-479B-9FC8-64DDBF1D7301</cim:IdentifiedObject.mRID>
  <cim:IdentifiedObject.name>load1_Loc</cim:IdentifiedObject.name>
  <cim:Location.CoordinateSystem rdf:resource="#_F9232EE8-44BD-4163-B71B-D31247A98080"/>
</cim:Location>
<cim:PositionPoint rdf:ID="_3434D6E3-0BA7-450C-9A96-25FFE6DA4EAD">
  <cim:PositionPoint.Location rdf:resource="#_88572E9C-3513-479B-9FC8-64DDBF1D7301"/>
  <cim:PositionPoint.sequenceNumber>1</cim:PositionPoint.sequenceNumber>
  <cim:PositionPoint.xPosition>0</cim:PositionPoint.xPosition>
  <cim:PositionPoint.yPosition>0</cim:PositionPoint.yPosition>
</cim:PositionPoint>
<cim:EnergyConsumer rdf:ID="_443F7D32-3003-460D-97E7-962C735B12BF">
  <cim:IdentifiedObject.mRID>_443F7D32-3003-460D-97E7-962C735B12BF</cim:IdentifiedObject.mRID>
  <cim:IdentifiedObject.name>load2</cim:IdentifiedObject.name>
  <cim:Equipment.EquipmentContainer rdf:resource="#_8FDAE9BB-0BE3-4103-A1CD-B12067583D9C"/>
  <cim:ConductingEquipment.BaseVoltage rdf:resource="#_A4C393F0-D194-48EF-9D9C-C175185D2C35"/>
  <cim:EnergyConsumer.LoadResponse rdf:resource="#_0AEE3AFB-60E7-46DB-ACE4-91DF9B8FD9B3"/>
  <cim:EnergyConsumer.p>1200000</cim:EnergyConsumer.p>
  <cim:EnergyConsumer.q>581186.53</cim:EnergyConsumer.q>
  <cim:EnergyConsumer.customerCount>1</cim:EnergyConsumer.customerCount>
  <cim:EnergyConsumer.phaseConnection rdf:resource="http://iec.ch/TC57/CIM100#PhaseShuntConnectionKind.D"/>
  <cim:EnergyConsumer.grounded>false</cim:EnergyConsumer.grounded>
  <cim:PowerSystemResource.Location rdf:resource="#_A84FB59A-5880-4741-8749-BADFBB1D970E"/>
</cim:EnergyConsumer>
<cim:EnergyConsumerPhase rdf:ID="_A368BC53-E0E0-4213-B299-0917E15220A5">
  <cim:IdentifiedObject.mRID>_A368BC53-E0E0-4213-B299-0917E15220A5</cim:IdentifiedObject.mRID>
  <cim:IdentifiedObject.name>load2_B</cim:IdentifiedObject.name>
  <cim:EnergyConsumerPhase.phase rdf:resource="http://iec.ch/TC57/CIM100#SinglePhaseKind.B"/>
  <cim:EnergyConsumerPhase.p>1200000</cim:EnergyConsumerPhase.p>
  <cim:EnergyConsumerPhase.q>581186.53</cim:EnergyConsumerPhase.q>
  <cim:EnergyConsumerPhase.EnergyConsumer rdf:resource="#_443F7D32-3003-460D-97E7-962C735B12BF"/>
  <cim:PowerSystemResource.Location rdf:resource="#_A84FB59A-5880-4741-8749-BADFBB1D970E"/>
</cim:EnergyConsumerPhase>
<cim:Terminal rdf:ID="_0C9FEA0F-A5AF-40D5-BE89-2DFC7EA1E127">
  <cim:IdentifiedObject.mRID>_0C9FEA0F-A5AF-40D5-BE89-2DFC7EA1E127</cim:IdentifiedObject.mRID>
  <cim:IdentifiedObject.name>load2_T1</cim:IdentifiedObject.name>
  <cim:Terminal.ConductingEquipment rdf:resource="#_443F7D32-3003-460D-97E7-962C735B12BF"/>
  <cim:ACDCTerminal.sequenceNumber>1</cim:ACDCTerminal.sequenceNumber>
  <cim:Terminal.ConnectivityNode rdf:resource="#_7623F2DA-6113-4467-B878-1FCB3CA65B33"/>
</cim:Terminal>
<cim:Location rdf:ID="_A84FB59A-5880-4741-8749-BADFBB1D970E">
  <cim:IdentifiedObject.mRID>_A84FB59A-5880-4741-8749-BADFBB1D970E</cim:IdentifiedObject.mRID>
  <cim:IdentifiedObject.name>load2_Loc</cim:IdentifiedObject.name>
  <cim:Location.CoordinateSystem rdf:resource="#_F9232EE8-44BD-4163-B71B-D31247A98080"/>
</cim:Location>
<cim:PositionPoint rdf:ID="_37C8D4C0-869E-4D53-A543-4C71E054573B">
  <cim:PositionPoint.Location rdf:resource="#_A84FB59A-5880-4741-8749-BADFBB1D970E"/>
  <cim:PositionPoint.sequenceNumber>1</cim:PositionPoint.sequenceNumber>
  <cim:PositionPoint.xPosition>0</cim:PositionPoint.xPosition>
  <cim:PositionPoint.yPosition>0</cim:PositionPoint.yPosition>
</cim:PositionPoint>
<cim:EnergyConsumer rdf:ID="_2192F14E-705C-412A-A9E2-6665958E2113">
  <cim:IdentifiedObject.mRID>_2192F14E-705C-412A-A9E2-6665958E2113</cim:IdentifiedObject.mRID>
  <cim:IdentifiedObject.name>load3</cim:IdentifiedObject.name>
  <cim:Equipment.EquipmentContainer rdf:resource="#_8FDAE9BB-0BE3-4103-A1CD-B12067583D9C"/>
  <cim:ConductingEquipment.BaseVoltage rdf:resource="#_A4C393F0-D194-48EF-9D9C-C175185D2C35"/>
  <cim:EnergyConsumer.LoadResponse rdf:resource="#_0AEE3AFB-60E7-46DB-ACE4-91DF9B8FD9B3"/>
  <cim:EnergyConsumer.p>1583330</cim:EnergyConsumer.p>
  <cim:EnergyConsumer.q>520415.4</cim:EnergyConsumer.q>
  <cim:EnergyConsumer.customerCount>1</cim:EnergyConsumer.customerCount>
  <cim:EnergyConsumer.phaseConnection rdf:resource="http://iec.ch/TC57/CIM100#PhaseShuntConnectionKind.D"/>
  <cim:EnergyConsumer.grounded>false</cim:EnergyConsumer.grounded>
  <cim:PowerSystemResource.Location rdf:resource="#_262CFE71-E902-4333-9571-06321C9AD407"/>
</cim:EnergyConsumer>
<cim:EnergyConsumerPhase rdf:ID="_FF7BB95C-D515-475E-B778-81B424A4D52B">
  <cim:IdentifiedObject.mRID>_FF7BB95C-D515-475E-B778-81B424A4D52B</cim:IdentifiedObject.mRID>
  <cim:IdentifiedObject.name>load3_C</cim:IdentifiedObject.name>
  <cim:EnergyConsumerPhase.phase rdf:resource="http://iec.ch/TC57/CIM100#SinglePhaseKind.C"/>
  <cim:EnergyConsumerPhase.p>1583330</cim:EnergyConsumerPhase.p>
  <cim:EnergyConsumerPhase.q>520415.4</cim:EnergyConsumerPhase.q>
  <cim:EnergyConsumerPhase.EnergyConsumer rdf:resource="#_2192F14E-705C-412A-A9E2-6665958E2113"/>
  <cim:PowerSystemResource.Location rdf:resource="#_262CFE71-E902-4333-9571-06321C9AD407"/>
</cim:EnergyConsumerPhase>
<cim:Terminal rdf:ID="_111F4C73-E6C7-4578-B611-CD95F432F15B">
  <cim:IdentifiedObject.mRID>_111F4C73-E6C7-4578-B611-CD95F432F15B</cim:IdentifiedObject.mRID>
  <cim:IdentifiedObject.name>load3_T1</cim:IdentifiedObject.name>
  <cim:Terminal.ConductingEquipment rdf:resource="#_2192F14E-705C-412A-A9E2-6665958E2113"/>
  <cim:ACDCTerminal.sequenceNumber>1</cim:ACDCTerminal.sequenceNumber>
  <cim:Terminal.ConnectivityNode rdf:resource="#_7623F2DA-6113-4467-B878-1FCB3CA65B33"/>
</cim:Terminal>
<cim:Location rdf:ID="_262CFE71-E902-4333-9571-06321C9AD407">
  <cim:IdentifiedObject.mRID>_262CFE71-E902-4333-9571-06321C9AD407</cim:IdentifiedObject.mRID>
  <cim:IdentifiedObject.name>load3_Loc</cim:IdentifiedObject.name>
  <cim:Location.CoordinateSystem rdf:resource="#_F9232EE8-44BD-4163-B71B-D31247A98080"/>
</cim:Location>
<cim:PositionPoint rdf:ID="_8BDBD3C6-9A99-4E00-AA04-66B75AEC1966">
  <cim:PositionPoint.Location rdf:resource="#_262CFE71-E902-4333-9571-06321C9AD407"/>
  <cim:PositionPoint.sequenceNumber>1</cim:PositionPoint.sequenceNumber>
  <cim:PositionPoint.xPosition>0</cim:PositionPoint.xPosition>
  <cim:PositionPoint.yPosition>0</cim:PositionPoint.yPosition>
</cim:PositionPoint>
<cim:PerLengthPhaseImpedance rdf:ID="_04A3F295-3A1D-4DCB-825C-2280DEEE3E38">
  <cim:IdentifiedObject.mRID>_04A3F295-3A1D-4DCB-825C-2280DEEE3E38</cim:IdentifiedObject.mRID>
  <cim:IdentifiedObject.name>400</cim:IdentifiedObject.name>
  <cim:PerLengthPhaseImpedance.conductorCount>3</cim:PerLengthPhaseImpedance.conductorCount>
</cim:PerLengthPhaseImpedance>
<cim:PhaseImpedanceData rdf:ID="_42BE4372-80A4-41D6-BCC9-C3110AF02E55">
  <cim:PhaseImpedanceData.PhaseImpedance rdf:resource="#_04A3F295-3A1D-4DCB-825C-2280DEEE3E38"/>
  <cim:PhaseImpedanceData.row>1</cim:PhaseImpedanceData.row>
  <cim:PhaseImpedanceData.column>1</cim:PhaseImpedanceData.column>
  <cim:PhaseImpedanceData.r>0.00028433946</cim:PhaseImpedanceData.r>
  <cim:PhaseImpedanceData.x>0.00066983815</cim:PhaseImpedanceData.x>
  <cim:PhaseImpedanceData.b>3.5231414E-9</cim:PhaseImpedanceData.b>
</cim:PhaseImpedanceData>
<cim:PhaseImpedanceData rdf:ID="_C80284FA-0F1D-4BAC-9104-E01D9B1BE856">
  <cim:PhaseImpedanceData.PhaseImpedance rdf:resource="#_04A3F295-3A1D-4DCB-825C-2280DEEE3E38"/>
  <cim:PhaseImpedanceData.row>2</cim:PhaseImpedanceData.row>
  <cim:PhaseImpedanceData.column>1</cim:PhaseImpedanceData.column>
  <cim:PhaseImpedanceData.r>0.000096871769</cim:PhaseImpedanceData.r>
  <cim:PhaseImpedanceData.x>0.00031174193</cim:PhaseImpedanceData.x>
  <cim:PhaseImpedanceData.b>-1.140945E-9</cim:PhaseImpedanceData.b>
</cim:PhaseImpedanceData>
<cim:PhaseImpedanceData rdf:ID="_E22EA5B4-0A86-4834-AC5F-4F5557378C34">
  <cim:PhaseImpedanceData.PhaseImpedance rdf:resource="#_04A3F295-3A1D-4DCB-825C-2280DEEE3E38"/>
  <cim:PhaseImpedanceData.row>2</cim:PhaseImpedanceData.row>
  <cim:PhaseImpedanceData.column>2</cim:PhaseImpedanceData.column>
  <cim:PhaseImpedanceData.r>0.0002899318</cim:PhaseImpedanceData.r>
  <cim:PhaseImpedanceData.x>0.00065132128</cim:PhaseImpedanceData.x>
  <cim:PhaseImpedanceData.b>3.7140563E-9</cim:PhaseImpedanceData.b>
</cim:PhaseImpedanceData>
<cim:PhaseImpedanceData rdf:ID="_0C820649-E05D-422E-82D1-99734339485C">
  <cim:PhaseImpedanceData.PhaseImpedance rdf:resource="#_04A3F295-3A1D-4DCB-825C-2280DEEE3E38"/>
  <cim:PhaseImpedanceData.row>3</cim:PhaseImpedanceData.row>
  <cim:PhaseImpedanceData.column>1</cim:PhaseImpedanceData.column>
  <cim:PhaseImpedanceData.r>0.000095380478</cim:PhaseImpedanceData.r>
  <cim:PhaseImpedanceData.x>0.00023916577</cim:PhaseImpedanceData.x>
  <cim:PhaseImpedanceData.b>-4.3699603E-10</cim:PhaseImpedanceData.b>
</cim:PhaseImpedanceData>
<cim:PhaseImpedanceData rdf:ID="_78F26164-9499-4EC6-9DF1-B98907EDA0E9">
  <cim:PhaseImpedanceData.PhaseImpedance rdf:resource="#_04A3F295-3A1D-4DCB-825C-2280DEEE3E38"/>
  <cim:PhaseImpedanceData.row>3</cim:PhaseImpedanceData.row>
  <cim:PhaseImpedanceData.column>2</cim:PhaseImpedanceData.column>
  <cim:PhaseImpedanceData.r>0.000098176648</cim:PhaseImpedanceData.r>
  <cim:PhaseImpedanceData.x>0.00026321284</cim:PhaseImpedanceData.x>
  <cim:PhaseImpedanceData.b>-7.2636681E-10</cim:PhaseImpedanceData.b>
</cim:PhaseImpedanceData>
<cim:PhaseImpedanceData rdf:ID="_D04758B8-09F0-4B91-97C4-47592EAE8944">
  <cim:PhaseImpedanceData.PhaseImpedance rdf:resource="#_04A3F295-3A1D-4DCB-825C-2280DEEE3E38"/>
  <cim:PhaseImpedanceData.row>3</cim:PhaseImpedanceData.row>
  <cim:PhaseImpedanceData.column>3</cim:PhaseImpedanceData.column>
  <cim:PhaseImpedanceData.r>0.00028676281</cim:PhaseImpedanceData.r>
  <cim:PhaseImpedanceData.x>0.00066182246</cim:PhaseImpedanceData.x>
  <cim:PhaseImpedanceData.b>3.3497953E-9</cim:PhaseImpedanceData.b>
</cim:PhaseImpedanceData>
<cim:PerLengthPhaseImpedance rdf:ID="_A9B8A1BD-5634-4BBF-BD42-047188EEC7C8">
  <cim:IdentifiedObject.mRID>_A9B8A1BD-5634-4BBF-BD42-047188EEC7C8</cim:IdentifiedObject.mRID>
  <cim:IdentifiedObject.name>300</cim:IdentifiedObject.name>
  <cim:PerLengthPhaseImpedance.conductorCount>3</cim:PerLengthPhaseImpedance.conductorCount>
</cim:PerLengthPhaseImpedance>
<cim:PhaseImpedanceData rdf:ID="_FA54A2A2-115F-435A-BED8-34FFCA72124C">
  <cim:PhaseImpedanceData.PhaseImpedance rdf:resource="#_A9B8A1BD-5634-4BBF-BD42-047188EEC7C8"/>
  <cim:PhaseImpedanceData.row>1</cim:PhaseImpedanceData.row>
  <cim:PhaseImpedanceData.column>1</cim:PhaseImpedanceData.column>
  <cim:PhaseImpedanceData.r>0.00024935626</cim:PhaseImpedanceData.r>
  <cim:PhaseImpedanceData.x>0.00087818391</cim:PhaseImpedanceData.x>
  <cim:PhaseImpedanceData.b>3.5231414E-9</cim:PhaseImpedanceData.b>
</cim:PhaseImpedanceData>
<cim:PhaseImpedanceData rdf:ID="_DC8B8546-DD2E-4BF9-B36C-2FBBC026B341">
  <cim:PhaseImpedanceData.PhaseImpedance rdf:resource="#_A9B8A1BD-5634-4BBF-BD42-047188EEC7C8"/>
  <cim:PhaseImpedanceData.row>2</cim:PhaseImpedanceData.row>
  <cim:PhaseImpedanceData.column>1</cim:PhaseImpedanceData.column>
  <cim:PhaseImpedanceData.r>0.000059216675</cim:PhaseImpedanceData.r>
  <cim:PhaseImpedanceData.x>0.00052909757</cim:PhaseImpedanceData.x>
  <cim:PhaseImpedanceData.b>-1.140945E-9</cim:PhaseImpedanceData.b>
</cim:PhaseImpedanceData>
<cim:PhaseImpedanceData rdf:ID="_90FAB5C5-97F3-4519-9B2C-CE3AFEEDAA6B">
  <cim:PhaseImpedanceData.PhaseImpedance rdf:resource="#_A9B8A1BD-5634-4BBF-BD42-047188EEC7C8"/>
  <cim:PhaseImpedanceData.row>2</cim:PhaseImpedanceData.row>
  <cim:PhaseImpedanceData.column>2</cim:PhaseImpedanceData.column>
  <cim:PhaseImpedanceData.r>0.00024935626</cim:PhaseImpedanceData.r>
  <cim:PhaseImpedanceData.x>0.00087818391</cim:PhaseImpedanceData.x>
  <cim:PhaseImpedanceData.b>3.7140563E-9</cim:PhaseImpedanceData.b>
</cim:PhaseImpedanceData>
<cim:PhaseImpedanceData rdf:ID="_5789487F-BC4C-46EC-A775-D7962DB50FAD">
  <cim:PhaseImpedanceData.PhaseImpedance rdf:resource="#_A9B8A1BD-5634-4BBF-BD42-047188EEC7C8"/>
  <cim:PhaseImpedanceData.row>3</cim:PhaseImpedanceData.row>
  <cim:PhaseImpedanceData.column>1</cim:PhaseImpedanceData.column>
  <cim:PhaseImpedanceData.r>0.000059216675</cim:PhaseImpedanceData.r>
  <cim:PhaseImpedanceData.x>0.00045148831</cim:PhaseImpedanceData.x>
  <cim:PhaseImpedanceData.b>-4.3699603E-10</cim:PhaseImpedanceData.b>
</cim:PhaseImpedanceData>
<cim:PhaseImpedanceData rdf:ID="_A0546F4D-19DC-4981-89C7-818E3379591B">
  <cim:PhaseImpedanceData.PhaseImpedance rdf:resource="#_A9B8A1BD-5634-4BBF-BD42-047188EEC7C8"/>
  <cim:PhaseImpedanceData.row>3</cim:PhaseImpedanceData.row>
  <cim:PhaseImpedanceData.column>2</cim:PhaseImpedanceData.column>
  <cim:PhaseImpedanceData.r>0.000059216675</cim:PhaseImpedanceData.r>
  <cim:PhaseImpedanceData.x>0.0004847938</cim:PhaseImpedanceData.x>
  <cim:PhaseImpedanceData.b>-7.2636681E-10</cim:PhaseImpedanceData.b>
</cim:PhaseImpedanceData>
<cim:PhaseImpedanceData rdf:ID="_B673FA41-3FF7-4917-83E9-E2E1EBC732B6">
  <cim:PhaseImpedanceData.PhaseImpedance rdf:resource="#_A9B8A1BD-5634-4BBF-BD42-047188EEC7C8"/>
  <cim:PhaseImpedanceData.row>3</cim:PhaseImpedanceData.row>
  <cim:PhaseImpedanceData.column>3</cim:PhaseImpedanceData.column>
  <cim:PhaseImpedanceData.r>0.00024935626</cim:PhaseImpedanceData.r>
  <cim:PhaseImpedanceData.x>0.00087818391</cim:PhaseImpedanceData.x>
  <cim:PhaseImpedanceData.b>3.3497953E-9</cim:PhaseImpedanceData.b>
</cim:PhaseImpedanceData>
<cim:OperationalLimitSet rdf:ID="_3B17A247-1549-4C0B-BCBF-EDD29E99EB2D">
  <cim:IdentifiedObject.mRID>_3B17A247-1549-4C0B-BCBF-EDD29E99EB2D</cim:IdentifiedObject.mRID>
  <cim:IdentifiedObject.name>OpLimI_305.6_416.7</cim:IdentifiedObject.name>
</cim:OperationalLimitSet>
<cim:CurrentLimit rdf:ID="_D660AC9C-F9CC-4AC7-ADA8-A982A18CA16F">
  <cim:IdentifiedObject.mRID>_D660AC9C-F9CC-4AC7-ADA8-A982A18CA16F</cim:IdentifiedObject.mRID>
  <cim:IdentifiedObject.name>OpLimI_305.6_416.7_Norm</cim:IdentifiedObject.name>
  <cim:OperationalLimit.OperationalLimitSet rdf:resource="#_3B17A247-1549-4C0B-BCBF-EDD29E99EB2D"/>
  <cim:OperationalLimit.OperationalLimitType rdf:resource="#_4C9A51BE-1A38-447C-B00B-21600C6E92C2"/>
  <cim:CurrentLimit.value>305.55556</cim:CurrentLimit.value>
</cim:CurrentLimit>
<cim:CurrentLimit rdf:ID="_EEBF6E67-CB0A-4A73-9EBD-7DBA7C2C0C37">
  <cim:IdentifiedObject.mRID>_EEBF6E67-CB0A-4A73-9EBD-7DBA7C2C0C37</cim:IdentifiedObject.mRID>
  <cim:IdentifiedObject.name>OpLimI_305.6_416.7_Emerg</cim:IdentifiedObject.name>
  <cim:OperationalLimit.OperationalLimitSet rdf:resource="#_3B17A247-1549-4C0B-BCBF-EDD29E99EB2D"/>
  <cim:OperationalLimit.OperationalLimitType rdf:resource="#_63B64D72-C8EE-4FC0-B78D-85FE489D893A"/>
  <cim:CurrentLimit.value>416.66667</cim:CurrentLimit.value>
</cim:CurrentLimit>
<cim:OperationalLimitSet rdf:ID="_15B58844-0D2A-44A4-B54B-16F7EA926442">
  <cim:IdentifiedObject.mRID>_15B58844-0D2A-44A4-B54B-16F7EA926442</cim:IdentifiedObject.mRID>
  <cim:IdentifiedObject.name>OpLimI_400.0_600.0</cim:IdentifiedObject.name>
</cim:OperationalLimitSet>
<cim:CurrentLimit rdf:ID="_8F34BC37-1974-42BD-830D-294DE086BE84">
  <cim:IdentifiedObject.mRID>_8F34BC37-1974-42BD-830D-294DE086BE84</cim:IdentifiedObject.mRID>
  <cim:IdentifiedObject.name>OpLimI_400.0_600.0_Norm</cim:IdentifiedObject.name>
  <cim:OperationalLimit.OperationalLimitSet rdf:resource="#_15B58844-0D2A-44A4-B54B-16F7EA926442"/>
  <cim:OperationalLimit.OperationalLimitType rdf:resource="#_4C9A51BE-1A38-447C-B00B-21600C6E92C2"/>
  <cim:CurrentLimit.value>400</cim:CurrentLimit.value>
</cim:CurrentLimit>
<cim:CurrentLimit rdf:ID="_5A912DDA-5AF4-4467-8065-B5E8ED880E2D">
  <cim:IdentifiedObject.mRID>_5A912DDA-5AF4-4467-8065-B5E8ED880E2D</cim:IdentifiedObject.mRID>
  <cim:IdentifiedObject.name>OpLimI_400.0_600.0_Emerg</cim:IdentifiedObject.name>
  <cim:OperationalLimit.OperationalLimitSet rdf:resource="#_15B58844-0D2A-44A4-B54B-16F7EA926442"/>
  <cim:OperationalLimit.OperationalLimitType rdf:resource="#_63B64D72-C8EE-4FC0-B78D-85FE489D893A"/>
  <cim:CurrentLimit.value>600</cim:CurrentLimit.value>
</cim:CurrentLimit>
</rdf:RDF>
