<?xml version="1.0" encoding="utf-8"?>
<!-- un-comment this line to enable validation
-->
<rdf:RDF xmlns:cim="http://iec.ch/TC57/CIM100#" xmlns:rdf="http://www.w3.org/1999/02/22-rdf-syntax-ns#">
<!--
-->
<cim:IEC61970CIMVersion rdf:ID="_417AC6D2-0F8C-4DB1-9A0E-F5B74822280F">
  <cim:IEC61970CIMVersion.version>IEC61970CIM100</cim:IEC61970CIMVersion.version>
  <cim:IEC61970CIMVersion.date>2019-04-01</cim:IEC61970CIMVersion.date>
</cim:IEC61970CIMVersion>
<cim:CoordinateSystem rdf:ID="_742CA3F3-43B3-452C-AE9C-E9B3998C0121">
  <cim:IdentifiedObject.mRID>_742CA3F3-43B3-452C-AE9C-E9B3998C0121</cim:IdentifiedObject.mRID>
  <cim:IdentifiedObject.name>yybal_CrsUrn</cim:IdentifiedObject.name>
  <cim:CoordinateSystem.crsUrn>OpenDSSLocalBusCoordinates</cim:CoordinateSystem.crsUrn>
</cim:CoordinateSystem>
<cim:GeographicalRegion rdf:ID="_8BA8CCA3-122F-4662-820A-0F11A85CE866">
  <cim:IdentifiedObject.mRID>_8BA8CCA3-122F-4662-820A-0F11A85CE866</cim:IdentifiedObject.mRID>
  <cim:IdentifiedObject.name>geo1</cim:IdentifiedObject.name>
</cim:GeographicalRegion>
<cim:SubGeographicalRegion rdf:ID="_E72AD104-6B62-4483-822D-75C742BB7073">
  <cim:IdentifiedObject.mRID>_E72AD104-6B62-4483-822D-75C742BB7073</cim:IdentifiedObject.mRID>
  <cim:IdentifiedObject.name>subgeo1</cim:IdentifiedObject.name>
  <cim:SubGeographicalRegion.Region rdf:resource="#_8BA8CCA3-122F-4662-820A-0F11A85CE866"/>
</cim:SubGeographicalRegion>
<cim:Substation rdf:ID="_923FF726-BA87-414A-9806-58C78550E4E0">
  <cim:IdentifiedObject.mRID>_923FF726-BA87-414A-9806-58C78550E4E0</cim:IdentifiedObject.mRID>
  <cim:IdentifiedObject.name>sub1</cim:IdentifiedObject.name>
  <cim:Substation.Region rdf:resource="#_E72AD104-6B62-4483-822D-75C742BB7073"/>
</cim:Substation>
<cim:Location rdf:ID="_7D4AC8C5-B044-45B6-B1C2-90E586DBE0DF">
  <cim:IdentifiedObject.mRID>_7D4AC8C5-B044-45B6-B1C2-90E586DBE0DF</cim:IdentifiedObject.mRID>
  <cim:IdentifiedObject.name>yybal_Location</cim:IdentifiedObject.name>
  <cim:Location.CoordinateSystem rdf:resource="#_742CA3F3-43B3-452C-AE9C-E9B3998C0121"/>
</cim:Location>
<cim:Feeder rdf:ID="_43946E3D-232A-4B5F-B0C4-BEAECD347C8C">
  <cim:IdentifiedObject.mRID>_43946E3D-232A-4B5F-B0C4-BEAECD347C8C</cim:IdentifiedObject.mRID>
  <cim:IdentifiedObject.name>yybal</cim:IdentifiedObject.name>
  <cim:Feeder.NormalEnergizingSubstation rdf:resource="#_923FF726-BA87-414A-9806-58C78550E4E0"/>
  <cim:PowerSystemResource.Location rdf:resource="#_7D4AC8C5-B044-45B6-B1C2-90E586DBE0DF"/>
</cim:Feeder>
<cim:OperationalLimitType rdf:ID="_09337C36-6B54-4DAF-9314-4BC1D25615F6">
  <cim:IdentifiedObject.mRID>_09337C36-6B54-4DAF-9314-4BC1D25615F6</cim:IdentifiedObject.mRID>
  <cim:IdentifiedObject.name>yybal_NormAmpsType</cim:IdentifiedObject.name>
  <cim:OperationalLimitType.acceptableDuration>5E9</cim:OperationalLimitType.acceptableDuration>
  <cim:OperationalLimitType.direction rdf:resource="http://iec.ch/TC57/CIM100#OperationalLimitDirectionKind.absoluteValue"/>
</cim:OperationalLimitType>
<cim:OperationalLimitType rdf:ID="_5B39B6A7-B28D-40CF-86D7-BECFD359768F">
  <cim:IdentifiedObject.mRID>_5B39B6A7-B28D-40CF-86D7-BECFD359768F</cim:IdentifiedObject.mRID>
  <cim:IdentifiedObject.name>yybal_EmergencyAmpsType</cim:IdentifiedObject.name>
  <cim:OperationalLimitType.acceptableDuration>7200</cim:OperationalLimitType.acceptableDuration>
  <cim:OperationalLimitType.direction rdf:resource="http://iec.ch/TC57/CIM100#OperationalLimitDirectionKind.absoluteValue"/>
</cim:OperationalLimitType>
<cim:OperationalLimitType rdf:ID="_086D95B1-8E92-41ED-9443-DF7D39410A82">
  <cim:IdentifiedObject.mRID>_086D95B1-8E92-41ED-9443-DF7D39410A82</cim:IdentifiedObject.mRID>
  <cim:IdentifiedObject.name>yybal_RangeAHiType</cim:IdentifiedObject.name>
  <cim:OperationalLimitType.acceptableDuration>5E9</cim:OperationalLimitType.acceptableDuration>
  <cim:OperationalLimitType.direction rdf:resource="http://iec.ch/TC57/CIM100#OperationalLimitDirectionKind.high"/>
</cim:OperationalLimitType>
<cim:OperationalLimitType rdf:ID="_CC1B597A-7DE3-4D45-A2F1-ABAE499832A2">
  <cim:IdentifiedObject.mRID>_CC1B597A-7DE3-4D45-A2F1-ABAE499832A2</cim:IdentifiedObject.mRID>
  <cim:IdentifiedObject.name>yybal_RangeALoType</cim:IdentifiedObject.name>
  <cim:OperationalLimitType.acceptableDuration>5E9</cim:OperationalLimitType.acceptableDuration>
  <cim:OperationalLimitType.direction rdf:resource="http://iec.ch/TC57/CIM100#OperationalLimitDirectionKind.low"/>
</cim:OperationalLimitType>
<cim:OperationalLimitType rdf:ID="_93403EAF-EA65-44F7-97A1-94581BA74FFD">
  <cim:IdentifiedObject.mRID>_93403EAF-EA65-44F7-97A1-94581BA74FFD</cim:IdentifiedObject.mRID>
  <cim:IdentifiedObject.name>yybal_RangeBHiType</cim:IdentifiedObject.name>
  <cim:OperationalLimitType.acceptableDuration>86400</cim:OperationalLimitType.acceptableDuration>
  <cim:OperationalLimitType.direction rdf:resource="http://iec.ch/TC57/CIM100#OperationalLimitDirectionKind.high"/>
</cim:OperationalLimitType>
<cim:OperationalLimitType rdf:ID="_E3702243-F736-4550-82E5-917E22EE179A">
  <cim:IdentifiedObject.mRID>_E3702243-F736-4550-82E5-917E22EE179A</cim:IdentifiedObject.mRID>
  <cim:IdentifiedObject.name>yybal_RangeBLoType</cim:IdentifiedObject.name>
  <cim:OperationalLimitType.acceptableDuration>86400</cim:OperationalLimitType.acceptableDuration>
  <cim:OperationalLimitType.direction rdf:resource="http://iec.ch/TC57/CIM100#OperationalLimitDirectionKind.low"/>
</cim:OperationalLimitType>
<cim:BaseVoltage rdf:ID="_20A012AA-BF39-4933-AC3E-17A08223381C">
  <cim:IdentifiedObject.mRID>_20A012AA-BF39-4933-AC3E-17A08223381C</cim:IdentifiedObject.mRID>
  <cim:IdentifiedObject.name>BaseV_12.4700</cim:IdentifiedObject.name>
  <cim:BaseVoltage.nominalVoltage>12470</cim:BaseVoltage.nominalVoltage>
</cim:BaseVoltage>
<cim:OperationalLimitSet rdf:ID="_94F377E2-2CC2-4D01-B47F-2AB61C51F904">
  <cim:IdentifiedObject.mRID>_94F377E2-2CC2-4D01-B47F-2AB61C51F904</cim:IdentifiedObject.mRID>
  <cim:IdentifiedObject.name>OpLimV_12.4700</cim:IdentifiedObject.name>
</cim:OperationalLimitSet>
<cim:VoltageLimit rdf:ID="_437A7E25-FC08-424B-B0AE-4190E4C7E9A8">
  <cim:IdentifiedObject.mRID>_437A7E25-FC08-424B-B0AE-4190E4C7E9A8</cim:IdentifiedObject.mRID>
  <cim:IdentifiedObject.name>OpLimV_12.4700_RangeAHi</cim:IdentifiedObject.name>
  <cim:OperationalLimit.OperationalLimitSet rdf:resource="#_94F377E2-2CC2-4D01-B47F-2AB61C51F904"/>
  <cim:OperationalLimit.OperationalLimitType rdf:resource="#_086D95B1-8E92-41ED-9443-DF7D39410A82"/>
  <cim:VoltageLimit.value>13093.5</cim:VoltageLimit.value>
</cim:VoltageLimit>
<cim:VoltageLimit rdf:ID="_FE521773-C677-4846-B8AA-0E59AA47A79D">
  <cim:IdentifiedObject.mRID>_FE521773-C677-4846-B8AA-0E59AA47A79D</cim:IdentifiedObject.mRID>
  <cim:IdentifiedObject.name>OpLimV_12.4700_RangeALo</cim:IdentifiedObject.name>
  <cim:OperationalLimit.OperationalLimitSet rdf:resource="#_94F377E2-2CC2-4D01-B47F-2AB61C51F904"/>
  <cim:OperationalLimit.OperationalLimitType rdf:resource="#_CC1B597A-7DE3-4D45-A2F1-ABAE499832A2"/>
  <cim:VoltageLimit.value>11846.5</cim:VoltageLimit.value>
</cim:VoltageLimit>
<cim:VoltageLimit rdf:ID="_2FC8782D-044C-47F8-B1FE-5B34E080EBCB">
  <cim:IdentifiedObject.mRID>_2FC8782D-044C-47F8-B1FE-5B34E080EBCB</cim:IdentifiedObject.mRID>
  <cim:IdentifiedObject.name>OpLimV_12.4700_RangeBHi</cim:IdentifiedObject.name>
  <cim:OperationalLimit.OperationalLimitSet rdf:resource="#_94F377E2-2CC2-4D01-B47F-2AB61C51F904"/>
  <cim:OperationalLimit.OperationalLimitType rdf:resource="#_93403EAF-EA65-44F7-97A1-94581BA74FFD"/>
  <cim:VoltageLimit.value>13197.416</cim:VoltageLimit.value>
</cim:VoltageLimit>
<cim:VoltageLimit rdf:ID="_2DE64C5D-9B25-408F-AF62-EF0C7C8C89D2">
  <cim:IdentifiedObject.mRID>_2DE64C5D-9B25-408F-AF62-EF0C7C8C89D2</cim:IdentifiedObject.mRID>
  <cim:IdentifiedObject.name>OpLimV_12.4700_RangeBLo</cim:IdentifiedObject.name>
  <cim:OperationalLimit.OperationalLimitSet rdf:resource="#_94F377E2-2CC2-4D01-B47F-2AB61C51F904"/>
  <cim:OperationalLimit.OperationalLimitType rdf:resource="#_E3702243-F736-4550-82E5-917E22EE179A"/>
  <cim:VoltageLimit.value>11430.834</cim:VoltageLimit.value>
</cim:VoltageLimit>
<cim:BaseVoltage rdf:ID="_DC8F1F89-711D-4669-BAEF-1B4166C7DC91">
  <cim:IdentifiedObject.mRID>_DC8F1F89-711D-4669-BAEF-1B4166C7DC91</cim:IdentifiedObject.mRID>
  <cim:IdentifiedObject.name>BaseV_0.2080</cim:IdentifiedObject.name>
  <cim:BaseVoltage.nominalVoltage>208</cim:BaseVoltage.nominalVoltage>
</cim:BaseVoltage>
<cim:OperationalLimitSet rdf:ID="_79B0BF13-8667-43A3-A22D-004505086B1A">
  <cim:IdentifiedObject.mRID>_79B0BF13-8667-43A3-A22D-004505086B1A</cim:IdentifiedObject.mRID>
  <cim:IdentifiedObject.name>OpLimV_0.2080</cim:IdentifiedObject.name>
</cim:OperationalLimitSet>
<cim:VoltageLimit rdf:ID="_489499E3-2A3A-487B-8C9D-FCBBAD07B881">
  <cim:IdentifiedObject.mRID>_489499E3-2A3A-487B-8C9D-FCBBAD07B881</cim:IdentifiedObject.mRID>
  <cim:IdentifiedObject.name>OpLimV_0.2080_RangeAHi</cim:IdentifiedObject.name>
  <cim:OperationalLimit.OperationalLimitSet rdf:resource="#_79B0BF13-8667-43A3-A22D-004505086B1A"/>
  <cim:OperationalLimit.OperationalLimitType rdf:resource="#_086D95B1-8E92-41ED-9443-DF7D39410A82"/>
  <cim:VoltageLimit.value>218.4</cim:VoltageLimit.value>
</cim:VoltageLimit>
<cim:VoltageLimit rdf:ID="_43471E73-D4A5-4EAA-AE48-5406C3222273">
  <cim:IdentifiedObject.mRID>_43471E73-D4A5-4EAA-AE48-5406C3222273</cim:IdentifiedObject.mRID>
  <cim:IdentifiedObject.name>OpLimV_0.2080_RangeALo</cim:IdentifiedObject.name>
  <cim:OperationalLimit.OperationalLimitSet rdf:resource="#_79B0BF13-8667-43A3-A22D-004505086B1A"/>
  <cim:OperationalLimit.OperationalLimitType rdf:resource="#_CC1B597A-7DE3-4D45-A2F1-ABAE499832A2"/>
  <cim:VoltageLimit.value>197.6</cim:VoltageLimit.value>
</cim:VoltageLimit>
<cim:VoltageLimit rdf:ID="_35641167-592B-4030-A82F-F4CD31A802E4">
  <cim:IdentifiedObject.mRID>_35641167-592B-4030-A82F-F4CD31A802E4</cim:IdentifiedObject.mRID>
  <cim:IdentifiedObject.name>OpLimV_0.2080_RangeBHi</cim:IdentifiedObject.name>
  <cim:OperationalLimit.OperationalLimitSet rdf:resource="#_79B0BF13-8667-43A3-A22D-004505086B1A"/>
  <cim:OperationalLimit.OperationalLimitType rdf:resource="#_93403EAF-EA65-44F7-97A1-94581BA74FFD"/>
  <cim:VoltageLimit.value>220.13333</cim:VoltageLimit.value>
</cim:VoltageLimit>
<cim:VoltageLimit rdf:ID="_21A807A5-ADDC-4EEF-BDA1-9FD3023E412B">
  <cim:IdentifiedObject.mRID>_21A807A5-ADDC-4EEF-BDA1-9FD3023E412B</cim:IdentifiedObject.mRID>
  <cim:IdentifiedObject.name>OpLimV_0.2080_RangeBLo</cim:IdentifiedObject.name>
  <cim:OperationalLimit.OperationalLimitSet rdf:resource="#_79B0BF13-8667-43A3-A22D-004505086B1A"/>
  <cim:OperationalLimit.OperationalLimitType rdf:resource="#_E3702243-F736-4550-82E5-917E22EE179A"/>
  <cim:VoltageLimit.value>190.66667</cim:VoltageLimit.value>
</cim:VoltageLimit>
<cim:TopologicalNode rdf:ID="_161479B7-7E44-4973-A567-C7489A1B18C4">
  <cim:IdentifiedObject.mRID>_161479B7-7E44-4973-A567-C7489A1B18C4</cim:IdentifiedObject.mRID>
  <cim:IdentifiedObject.name>sourcebus</cim:IdentifiedObject.name>
  <cim:TopologicalNode.TopologicalIsland rdf:resource="#_9914D5FF-DA6F-4CB5-8222-D4D197367CBB"/>
</cim:TopologicalNode>
<cim:ConnectivityNode rdf:ID="_53F18D8E-D47E-436D-AF01-B1A68A02610D">
  <cim:IdentifiedObject.mRID>_53F18D8E-D47E-436D-AF01-B1A68A02610D</cim:IdentifiedObject.mRID>
  <cim:IdentifiedObject.name>sourcebus</cim:IdentifiedObject.name>
  <cim:ConnectivityNode.TopologicalNode rdf:resource="#_161479B7-7E44-4973-A567-C7489A1B18C4"/>
  <cim:ConnectivityNode.OperationalLimitSet rdf:resource="#_94F377E2-2CC2-4D01-B47F-2AB61C51F904"/>
  <cim:ConnectivityNode.ConnectivityNodeContainer rdf:resource="#_43946E3D-232A-4B5F-B0C4-BEAECD347C8C"/>
</cim:ConnectivityNode>
<cim:TopologicalNode rdf:ID="_9D415112-E9BA-4E9F-B7D2-C4E67BBBC0E2">
  <cim:IdentifiedObject.mRID>_9D415112-E9BA-4E9F-B7D2-C4E67BBBC0E2</cim:IdentifiedObject.mRID>
  <cim:IdentifiedObject.name>n2</cim:IdentifiedObject.name>
  <cim:TopologicalNode.TopologicalIsland rdf:resource="#_9914D5FF-DA6F-4CB5-8222-D4D197367CBB"/>
</cim:TopologicalNode>
<cim:ConnectivityNode rdf:ID="_2A57FB4B-F8C4-4B0A-ADC5-EC6E84890415">
  <cim:IdentifiedObject.mRID>_2A57FB4B-F8C4-4B0A-ADC5-EC6E84890415</cim:IdentifiedObject.mRID>
  <cim:IdentifiedObject.name>n2</cim:IdentifiedObject.name>
  <cim:ConnectivityNode.TopologicalNode rdf:resource="#_9D415112-E9BA-4E9F-B7D2-C4E67BBBC0E2"/>
  <cim:ConnectivityNode.OperationalLimitSet rdf:resource="#_94F377E2-2CC2-4D01-B47F-2AB61C51F904"/>
  <cim:ConnectivityNode.ConnectivityNodeContainer rdf:resource="#_43946E3D-232A-4B5F-B0C4-BEAECD347C8C"/>
</cim:ConnectivityNode>
<cim:TopologicalNode rdf:ID="_0D45206F-74EB-4682-8DB6-4E9D7313903E">
  <cim:IdentifiedObject.mRID>_0D45206F-74EB-4682-8DB6-4E9D7313903E</cim:IdentifiedObject.mRID>
  <cim:IdentifiedObject.name>house</cim:IdentifiedObject.name>
  <cim:TopologicalNode.TopologicalIsland rdf:resource="#_9914D5FF-DA6F-4CB5-8222-D4D197367CBB"/>
</cim:TopologicalNode>
<cim:ConnectivityNode rdf:ID="_3FA1AC00-00B9-4E1B-9DC4-E8104C6706FA">
  <cim:IdentifiedObject.mRID>_3FA1AC00-00B9-4E1B-9DC4-E8104C6706FA</cim:IdentifiedObject.mRID>
  <cim:IdentifiedObject.name>house</cim:IdentifiedObject.name>
  <cim:ConnectivityNode.TopologicalNode rdf:resource="#_0D45206F-74EB-4682-8DB6-4E9D7313903E"/>
  <cim:ConnectivityNode.OperationalLimitSet rdf:resource="#_79B0BF13-8667-43A3-A22D-004505086B1A"/>
  <cim:ConnectivityNode.ConnectivityNodeContainer rdf:resource="#_43946E3D-232A-4B5F-B0C4-BEAECD347C8C"/>
</cim:ConnectivityNode>
<cim:TopologicalIsland rdf:ID="_9914D5FF-DA6F-4CB5-8222-D4D197367CBB">
  <cim:IdentifiedObject.mRID>_9914D5FF-DA6F-4CB5-8222-D4D197367CBB</cim:IdentifiedObject.mRID>
  <cim:IdentifiedObject.name>yybal_Island</cim:IdentifiedObject.name>
  <cim:TopologicalIsland.AngleRefTopologicalNode rdf:resource="#_161479B7-7E44-4973-A567-C7489A1B18C4"/>
</cim:TopologicalIsland>
<cim:EnergySource rdf:ID="_8B807558-D2AE-4300-9344-A2E326C3F2D8">
  <cim:IdentifiedObject.mRID>_8B807558-D2AE-4300-9344-A2E326C3F2D8</cim:IdentifiedObject.mRID>
  <cim:IdentifiedObject.name>source</cim:IdentifiedObject.name>
  <cim:Equipment.EquipmentContainer rdf:resource="#_43946E3D-232A-4B5F-B0C4-BEAECD347C8C"/>
  <cim:ConductingEquipment.BaseVoltage rdf:resource="#_20A012AA-BF39-4933-AC3E-17A08223381C"/>
  <cim:EnergySource.nominalVoltage>12470</cim:EnergySource.nominalVoltage>
  <cim:EnergySource.voltageMagnitude>12470</cim:EnergySource.voltageMagnitude>
  <cim:EnergySource.voltageAngle>0</cim:EnergySource.voltageAngle>
  <cim:EnergySource.r>0.00018857254</cim:EnergySource.r>
  <cim:EnergySource.x>0.00075429016</cim:EnergySource.x>
  <cim:EnergySource.r0>0.00024635211</cim:EnergySource.r0>
  <cim:EnergySource.x0>0.00073905633</cim:EnergySource.x0>
  <cim:PowerSystemResource.Location rdf:resource="#_1EA5BF39-177A-45DB-8E3B-7C3E069EBD14"/>
</cim:EnergySource>
<cim:Terminal rdf:ID="_2FAE9778-9B75-4E40-9ED3-6B888160D255">
  <cim:IdentifiedObject.mRID>_2FAE9778-9B75-4E40-9ED3-6B888160D255</cim:IdentifiedObject.mRID>
  <cim:IdentifiedObject.name>source_T1</cim:IdentifiedObject.name>
  <cim:Terminal.ConductingEquipment rdf:resource="#_8B807558-D2AE-4300-9344-A2E326C3F2D8"/>
  <cim:ACDCTerminal.sequenceNumber>1</cim:ACDCTerminal.sequenceNumber>
  <cim:Terminal.ConnectivityNode rdf:resource="#_53F18D8E-D47E-436D-AF01-B1A68A02610D"/>
</cim:Terminal>
<cim:Location rdf:ID="_1EA5BF39-177A-45DB-8E3B-7C3E069EBD14">
  <cim:IdentifiedObject.mRID>_1EA5BF39-177A-45DB-8E3B-7C3E069EBD14</cim:IdentifiedObject.mRID>
  <cim:IdentifiedObject.name>source_Loc</cim:IdentifiedObject.name>
  <cim:Location.CoordinateSystem rdf:resource="#_742CA3F3-43B3-452C-AE9C-E9B3998C0121"/>
</cim:Location>
<cim:PositionPoint rdf:ID="_5F58CE17-E636-4A76-98DC-1A73CCE5D78A">
  <cim:PositionPoint.Location rdf:resource="#_1EA5BF39-177A-45DB-8E3B-7C3E069EBD14"/>
  <cim:PositionPoint.sequenceNumber>1</cim:PositionPoint.sequenceNumber>
  <cim:PositionPoint.xPosition>0</cim:PositionPoint.xPosition>
  <cim:PositionPoint.yPosition>0</cim:PositionPoint.yPosition>
</cim:PositionPoint>
<cim:TransformerTankInfo rdf:ID="_D14D5395-575E-46E5-B9A9-8609620B0302">
  <cim:IdentifiedObject.mRID>_D14D5395-575E-46E5-B9A9-8609620B0302</cim:IdentifiedObject.mRID>
  <cim:IdentifiedObject.name>ct2000</cim:IdentifiedObject.name>
</cim:TransformerTankInfo>
<cim:TransformerEndInfo rdf:ID="_8D980ADE-2462-4448-BEA7-C3C0F24D3461">
  <cim:IdentifiedObject.mRID>_8D980ADE-2462-4448-BEA7-C3C0F24D3461</cim:IdentifiedObject.mRID>
  <cim:IdentifiedObject.name>ct2000_1</cim:IdentifiedObject.name>
  <cim:TransformerEndInfo.TransformerTankInfo rdf:resource="#_D14D5395-575E-46E5-B9A9-8609620B0302"/>
  <cim:TransformerEndInfo.endNumber>1</cim:TransformerEndInfo.endNumber>
  <cim:TransformerEndInfo.connectionKind rdf:resource="http://iec.ch/TC57/CIM100#WindingConnection.I"/>
  <cim:TransformerEndInfo.phaseAngleClock>0</cim:TransformerEndInfo.phaseAngleClock>
  <cim:TransformerEndInfo.ratedU>7200</cim:TransformerEndInfo.ratedU>
  <cim:TransformerEndInfo.ratedS>2000000</cim:TransformerEndInfo.ratedS>
  <cim:TransformerEndInfo.shortTermS>2200000</cim:TransformerEndInfo.shortTermS>
  <cim:TransformerEndInfo.emergencyS>3000000</cim:TransformerEndInfo.emergencyS>
  <cim:TransformerEndInfo.r>0.15552</cim:TransformerEndInfo.r>
  <cim:TransformerEndInfo.insulationU>0</cim:TransformerEndInfo.insulationU>
</cim:TransformerEndInfo>
<cim:TransformerEndInfo rdf:ID="_7D6A67D2-15A2-4879-A208-07998CB13C01">
  <cim:IdentifiedObject.mRID>_7D6A67D2-15A2-4879-A208-07998CB13C01</cim:IdentifiedObject.mRID>
  <cim:IdentifiedObject.name>ct2000_2</cim:IdentifiedObject.name>
  <cim:TransformerEndInfo.TransformerTankInfo rdf:resource="#_D14D5395-575E-46E5-B9A9-8609620B0302"/>
  <cim:TransformerEndInfo.endNumber>2</cim:TransformerEndInfo.endNumber>
  <cim:TransformerEndInfo.connectionKind rdf:resource="http://iec.ch/TC57/CIM100#WindingConnection.I"/>
  <cim:TransformerEndInfo.phaseAngleClock>0</cim:TransformerEndInfo.phaseAngleClock>
  <cim:TransformerEndInfo.ratedU>120</cim:TransformerEndInfo.ratedU>
  <cim:TransformerEndInfo.ratedS>2000000</cim:TransformerEndInfo.ratedS>
  <cim:TransformerEndInfo.shortTermS>2200000</cim:TransformerEndInfo.shortTermS>
  <cim:TransformerEndInfo.emergencyS>3000000</cim:TransformerEndInfo.emergencyS>
  <cim:TransformerEndInfo.r>0.0000864</cim:TransformerEndInfo.r>
  <cim:TransformerEndInfo.insulationU>0</cim:TransformerEndInfo.insulationU>
</cim:TransformerEndInfo>
<cim:TransformerEndInfo rdf:ID="_D278C8B9-1F3D-4109-AFD0-83B8FE78AF38">
  <cim:IdentifiedObject.mRID>_D278C8B9-1F3D-4109-AFD0-83B8FE78AF38</cim:IdentifiedObject.mRID>
  <cim:IdentifiedObject.name>ct2000_3</cim:IdentifiedObject.name>
  <cim:TransformerEndInfo.TransformerTankInfo rdf:resource="#_D14D5395-575E-46E5-B9A9-8609620B0302"/>
  <cim:TransformerEndInfo.endNumber>3</cim:TransformerEndInfo.endNumber>
  <cim:TransformerEndInfo.connectionKind rdf:resource="http://iec.ch/TC57/CIM100#WindingConnection.I"/>
  <cim:TransformerEndInfo.phaseAngleClock>6</cim:TransformerEndInfo.phaseAngleClock>
  <cim:TransformerEndInfo.ratedU>120</cim:TransformerEndInfo.ratedU>
  <cim:TransformerEndInfo.ratedS>2000000</cim:TransformerEndInfo.ratedS>
  <cim:TransformerEndInfo.shortTermS>2200000</cim:TransformerEndInfo.shortTermS>
  <cim:TransformerEndInfo.emergencyS>3000000</cim:TransformerEndInfo.emergencyS>
  <cim:TransformerEndInfo.r>0.0000864</cim:TransformerEndInfo.r>
  <cim:TransformerEndInfo.insulationU>0</cim:TransformerEndInfo.insulationU>
</cim:TransformerEndInfo>
<cim:NoLoadTest rdf:ID="_21BA76CC-03A3-4A56-88DD-9923CF61DE08">
  <cim:IdentifiedObject.mRID>_21BA76CC-03A3-4A56-88DD-9923CF61DE08</cim:IdentifiedObject.mRID>
  <cim:IdentifiedObject.name>ct2000_1</cim:IdentifiedObject.name>
  <cim:NoLoadTest.EnergisedEnd rdf:resource="#_8D980ADE-2462-4448-BEA7-C3C0F24D3461"/>
  <cim:NoLoadTest.energisedEndVoltage>7200</cim:NoLoadTest.energisedEndVoltage>
  <cim:NoLoadTest.excitingCurrent>0.53851648</cim:NoLoadTest.excitingCurrent>
  <cim:NoLoadTest.excitingCurrentZero>0.53851648</cim:NoLoadTest.excitingCurrentZero>
  <cim:NoLoadTest.loss>4</cim:NoLoadTest.loss>
  <cim:NoLoadTest.lossZero>4</cim:NoLoadTest.lossZero>
  <cim:TransformerTest.basePower>2000000</cim:TransformerTest.basePower>
  <cim:TransformerTest.temperature>50</cim:TransformerTest.temperature>
</cim:NoLoadTest>
<cim:ShortCircuitTest rdf:ID="_A41674E5-DFDD-48F2-BB40-89420185CBA7">
  <cim:IdentifiedObject.mRID>_A41674E5-DFDD-48F2-BB40-89420185CBA7</cim:IdentifiedObject.mRID>
  <cim:IdentifiedObject.name>ct2000_1</cim:IdentifiedObject.name>
  <cim:ShortCircuitTest.EnergisedEnd rdf:resource="#_8D980ADE-2462-4448-BEA7-C3C0F24D3461"/>
  <cim:ShortCircuitTest.GroundedEnds rdf:resource="#_7D6A67D2-15A2-4879-A208-07998CB13C01"/>
  <cim:ShortCircuitTest.energisedEndStep>16</cim:ShortCircuitTest.energisedEndStep>
  <cim:ShortCircuitTest.groundedEndStep>16</cim:ShortCircuitTest.groundedEndStep>
  <cim:ShortCircuitTest.leakageImpedance>0.528768</cim:ShortCircuitTest.leakageImpedance>
  <cim:ShortCircuitTest.leakageImpedanceZero>0.528768</cim:ShortCircuitTest.leakageImpedanceZero>
  <cim:ShortCircuitTest.loss>36</cim:ShortCircuitTest.loss>
  <cim:ShortCircuitTest.lossZero>36</cim:ShortCircuitTest.lossZero>
  <cim:TransformerTest.basePower>2000000</cim:TransformerTest.basePower>
  <cim:TransformerTest.temperature>50</cim:TransformerTest.temperature>
</cim:ShortCircuitTest>
<cim:ShortCircuitTest rdf:ID="_62FE27AD-86B6-4390-B09B-3FD098419E00">
  <cim:IdentifiedObject.mRID>_62FE27AD-86B6-4390-B09B-3FD098419E00</cim:IdentifiedObject.mRID>
  <cim:IdentifiedObject.name>ct2000_2</cim:IdentifiedObject.name>
  <cim:ShortCircuitTest.EnergisedEnd rdf:resource="#_8D980ADE-2462-4448-BEA7-C3C0F24D3461"/>
  <cim:ShortCircuitTest.GroundedEnds rdf:resource="#_D278C8B9-1F3D-4109-AFD0-83B8FE78AF38"/>
  <cim:ShortCircuitTest.energisedEndStep>16</cim:ShortCircuitTest.energisedEndStep>
  <cim:ShortCircuitTest.groundedEndStep>16</cim:ShortCircuitTest.groundedEndStep>
  <cim:ShortCircuitTest.leakageImpedance>0.528768</cim:ShortCircuitTest.leakageImpedance>
  <cim:ShortCircuitTest.leakageImpedanceZero>0.528768</cim:ShortCircuitTest.leakageImpedanceZero>
  <cim:ShortCircuitTest.loss>0</cim:ShortCircuitTest.loss>
  <cim:ShortCircuitTest.lossZero>0</cim:ShortCircuitTest.lossZero>
  <cim:TransformerTest.basePower>2000000</cim:TransformerTest.basePower>
  <cim:TransformerTest.temperature>50</cim:TransformerTest.temperature>
</cim:ShortCircuitTest>
<cim:ShortCircuitTest rdf:ID="_C218C405-A91F-401F-AF38-A3BB5E44B0B3">
  <cim:IdentifiedObject.mRID>_C218C405-A91F-401F-AF38-A3BB5E44B0B3</cim:IdentifiedObject.mRID>
  <cim:IdentifiedObject.name>ct2000_3</cim:IdentifiedObject.name>
  <cim:ShortCircuitTest.EnergisedEnd rdf:resource="#_7D6A67D2-15A2-4879-A208-07998CB13C01"/>
  <cim:ShortCircuitTest.GroundedEnds rdf:resource="#_D278C8B9-1F3D-4109-AFD0-83B8FE78AF38"/>
  <cim:ShortCircuitTest.energisedEndStep>16</cim:ShortCircuitTest.energisedEndStep>
  <cim:ShortCircuitTest.groundedEndStep>16</cim:ShortCircuitTest.groundedEndStep>
  <cim:ShortCircuitTest.leakageImpedance>0.00009792</cim:ShortCircuitTest.leakageImpedance>
  <cim:ShortCircuitTest.leakageImpedanceZero>0.00009792</cim:ShortCircuitTest.leakageImpedanceZero>
  <cim:ShortCircuitTest.loss>0</cim:ShortCircuitTest.loss>
  <cim:ShortCircuitTest.lossZero>0</cim:ShortCircuitTest.lossZero>
  <cim:TransformerTest.basePower>2000000</cim:TransformerTest.basePower>
  <cim:TransformerTest.temperature>50</cim:TransformerTest.temperature>
</cim:ShortCircuitTest>
<cim:TransformerTank rdf:ID="_5147C882-3B49-4C11-AB7A-D68A35F969E8">
  <cim:IdentifiedObject.mRID>_5147C882-3B49-4C11-AB7A-D68A35F969E8</cim:IdentifiedObject.mRID>
  <cim:IdentifiedObject.name>t1</cim:IdentifiedObject.name>
  <cim:Equipment.EquipmentContainer rdf:resource="#_43946E3D-232A-4B5F-B0C4-BEAECD347C8C"/>
  <cim:TransformerTank.TransformerTankInfo rdf:resource="#_D14D5395-575E-46E5-B9A9-8609620B0302"/>
  <cim:TransformerTank.PowerTransformer rdf:resource="#_F4FCF3DD-B2AD-48ED-8CC3-DA609DEECE0D"/>
  <cim:PowerSystemResource.Location rdf:resource="#_BB7CF3CE-B5FC-4A06-B2F5-0D383DCA5C14"/>
</cim:TransformerTank>
<cim:Location rdf:ID="_BB7CF3CE-B5FC-4A06-B2F5-0D383DCA5C14">
  <cim:IdentifiedObject.mRID>_BB7CF3CE-B5FC-4A06-B2F5-0D383DCA5C14</cim:IdentifiedObject.mRID>
  <cim:IdentifiedObject.name>t1_Loc</cim:IdentifiedObject.name>
  <cim:Location.CoordinateSystem rdf:resource="#_742CA3F3-43B3-452C-AE9C-E9B3998C0121"/>
</cim:Location>
<cim:PositionPoint rdf:ID="_4F1F3B49-395A-4097-BD52-C27EE3AE0040">
  <cim:PositionPoint.Location rdf:resource="#_BB7CF3CE-B5FC-4A06-B2F5-0D383DCA5C14"/>
  <cim:PositionPoint.sequenceNumber>1</cim:PositionPoint.sequenceNumber>
  <cim:PositionPoint.xPosition>0</cim:PositionPoint.xPosition>
  <cim:PositionPoint.yPosition>0</cim:PositionPoint.yPosition>
</cim:PositionPoint>
<cim:PositionPoint rdf:ID="_7BAF48DE-0C13-4AE0-9188-B51B7B66339C">
  <cim:PositionPoint.Location rdf:resource="#_BB7CF3CE-B5FC-4A06-B2F5-0D383DCA5C14"/>
  <cim:PositionPoint.sequenceNumber>2</cim:PositionPoint.sequenceNumber>
  <cim:PositionPoint.xPosition>0</cim:PositionPoint.xPosition>
  <cim:PositionPoint.yPosition>0</cim:PositionPoint.yPosition>
</cim:PositionPoint>
<cim:PositionPoint rdf:ID="_CF021522-A893-42E6-A3DF-64AB6CB3B30D">
  <cim:PositionPoint.Location rdf:resource="#_BB7CF3CE-B5FC-4A06-B2F5-0D383DCA5C14"/>
  <cim:PositionPoint.sequenceNumber>3</cim:PositionPoint.sequenceNumber>
  <cim:PositionPoint.xPosition>0</cim:PositionPoint.xPosition>
  <cim:PositionPoint.yPosition>0</cim:PositionPoint.yPosition>
</cim:PositionPoint>
<cim:TransformerTankEnd rdf:ID="_13B68F94-B442-48D9-BE48-2F95040F7966">
  <cim:IdentifiedObject.mRID>_13B68F94-B442-48D9-BE48-2F95040F7966</cim:IdentifiedObject.mRID>
  <cim:IdentifiedObject.name>t1_End_1</cim:IdentifiedObject.name>
  <cim:TransformerEnd.grounded>true</cim:TransformerEnd.grounded>
  <cim:TransformerEnd.rground>0</cim:TransformerEnd.rground>
  <cim:TransformerEnd.xground>0</cim:TransformerEnd.xground>
  <cim:TransformerTankEnd.orderedPhases rdf:resource="http://iec.ch/TC57/CIM100#OrderedPhaseCodeKind.CN"/>
  <cim:TransformerTankEnd.TransformerTank rdf:resource="#_5147C882-3B49-4C11-AB7A-D68A35F969E8"/>
  <cim:TransformerEnd.endNumber>1</cim:TransformerEnd.endNumber>
  <cim:TransformerEnd.Terminal rdf:resource="#_AC1C54F0-950E-4EBE-B5F4-6FF19CDE4DC7"/>
  <cim:TransformerEnd.BaseVoltage rdf:resource="#_20A012AA-BF39-4933-AC3E-17A08223381C"/>
</cim:TransformerTankEnd>
<cim:Terminal rdf:ID="_AC1C54F0-950E-4EBE-B5F4-6FF19CDE4DC7">
  <cim:IdentifiedObject.mRID>_AC1C54F0-950E-4EBE-B5F4-6FF19CDE4DC7</cim:IdentifiedObject.mRID>
  <cim:IdentifiedObject.name>t1_T1</cim:IdentifiedObject.name>
  <cim:Terminal.ConductingEquipment rdf:resource="#_F4FCF3DD-B2AD-48ED-8CC3-DA609DEECE0D"/>
  <cim:ACDCTerminal.sequenceNumber>1</cim:ACDCTerminal.sequenceNumber>
  <cim:Terminal.ConnectivityNode rdf:resource="#_2A57FB4B-F8C4-4B0A-ADC5-EC6E84890415"/>
  <cim:ACDCTerminal.OperationalLimitSet rdf:resource="#_DA2064DA-1844-46BF-ACEF-DD3FA21CA8AB"/>
</cim:Terminal>
<cim:TransformerTankEnd rdf:ID="_CDEF7DCC-80CC-4616-AB30-181D7CB3C082">
  <cim:IdentifiedObject.mRID>_CDEF7DCC-80CC-4616-AB30-181D7CB3C082</cim:IdentifiedObject.mRID>
  <cim:IdentifiedObject.name>t1_End_2</cim:IdentifiedObject.name>
  <cim:TransformerEnd.grounded>true</cim:TransformerEnd.grounded>
  <cim:TransformerEnd.rground>0</cim:TransformerEnd.rground>
  <cim:TransformerEnd.xground>0</cim:TransformerEnd.xground>
  <cim:TransformerTankEnd.orderedPhases rdf:resource="http://iec.ch/TC57/CIM100#OrderedPhaseCodeKind.s1N"/>
  <cim:TransformerTankEnd.TransformerTank rdf:resource="#_5147C882-3B49-4C11-AB7A-D68A35F969E8"/>
  <cim:TransformerEnd.endNumber>2</cim:TransformerEnd.endNumber>
  <cim:TransformerEnd.Terminal rdf:resource="#_02EC1479-E8F2-4BC2-BDAD-6F20BB26A281"/>
  <cim:TransformerEnd.BaseVoltage rdf:resource="#_DC8F1F89-711D-4669-BAEF-1B4166C7DC91"/>
</cim:TransformerTankEnd>
<cim:Terminal rdf:ID="_02EC1479-E8F2-4BC2-BDAD-6F20BB26A281">
  <cim:IdentifiedObject.mRID>_02EC1479-E8F2-4BC2-BDAD-6F20BB26A281</cim:IdentifiedObject.mRID>
  <cim:IdentifiedObject.name>t1_T2</cim:IdentifiedObject.name>
  <cim:Terminal.ConductingEquipment rdf:resource="#_F4FCF3DD-B2AD-48ED-8CC3-DA609DEECE0D"/>
  <cim:ACDCTerminal.sequenceNumber>2</cim:ACDCTerminal.sequenceNumber>
  <cim:Terminal.ConnectivityNode rdf:resource="#_3FA1AC00-00B9-4E1B-9DC4-E8104C6706FA"/>
</cim:Terminal>
<cim:TransformerTankEnd rdf:ID="_0D119A34-B3D0-4B66-8456-8B1601920BD7">
  <cim:IdentifiedObject.mRID>_0D119A34-B3D0-4B66-8456-8B1601920BD7</cim:IdentifiedObject.mRID>
  <cim:IdentifiedObject.name>t1_End_3</cim:IdentifiedObject.name>
  <cim:TransformerEnd.grounded>true</cim:TransformerEnd.grounded>
  <cim:TransformerEnd.rground>0</cim:TransformerEnd.rground>
  <cim:TransformerEnd.xground>0</cim:TransformerEnd.xground>
  <cim:TransformerTankEnd.orderedPhases rdf:resource="http://iec.ch/TC57/CIM100#OrderedPhaseCodeKind.Ns2"/>
  <cim:TransformerTankEnd.TransformerTank rdf:resource="#_5147C882-3B49-4C11-AB7A-D68A35F969E8"/>
  <cim:TransformerEnd.endNumber>3</cim:TransformerEnd.endNumber>
  <cim:TransformerEnd.Terminal rdf:resource="#_FF66C47A-BF8C-480C-825E-93D700A2CA88"/>
  <cim:TransformerEnd.BaseVoltage rdf:resource="#_DC8F1F89-711D-4669-BAEF-1B4166C7DC91"/>
</cim:TransformerTankEnd>
<cim:Terminal rdf:ID="_FF66C47A-BF8C-480C-825E-93D700A2CA88">
  <cim:IdentifiedObject.mRID>_FF66C47A-BF8C-480C-825E-93D700A2CA88</cim:IdentifiedObject.mRID>
  <cim:IdentifiedObject.name>t1_T3</cim:IdentifiedObject.name>
  <cim:Terminal.ConductingEquipment rdf:resource="#_F4FCF3DD-B2AD-48ED-8CC3-DA609DEECE0D"/>
  <cim:ACDCTerminal.sequenceNumber>3</cim:ACDCTerminal.sequenceNumber>
  <cim:Terminal.ConnectivityNode rdf:resource="#_3FA1AC00-00B9-4E1B-9DC4-E8104C6706FA"/>
</cim:Terminal>
<cim:PowerTransformer rdf:ID="_F4FCF3DD-B2AD-48ED-8CC3-DA609DEECE0D">
  <cim:IdentifiedObject.mRID>_F4FCF3DD-B2AD-48ED-8CC3-DA609DEECE0D</cim:IdentifiedObject.mRID>
  <cim:IdentifiedObject.name>t1</cim:IdentifiedObject.name>
  <cim:Equipment.EquipmentContainer rdf:resource="#_43946E3D-232A-4B5F-B0C4-BEAECD347C8C"/>
  <cim:PowerTransformer.vectorGroup>Iii</cim:PowerTransformer.vectorGroup>
  <cim:PowerSystemResource.Location rdf:resource="#_BB7CF3CE-B5FC-4A06-B2F5-0D383DCA5C14"/>
</cim:PowerTransformer>
<cim:ACLineSegment rdf:ID="_8D229216-2F87-4910-B481-F26CD0905179">
  <cim:IdentifiedObject.mRID>_8D229216-2F87-4910-B481-F26CD0905179</cim:IdentifiedObject.mRID>
  <cim:IdentifiedObject.name>line1</cim:IdentifiedObject.name>
  <cim:Equipment.EquipmentContainer rdf:resource="#_43946E3D-232A-4B5F-B0C4-BEAECD347C8C"/>
  <cim:ConductingEquipment.BaseVoltage rdf:resource="#_20A012AA-BF39-4933-AC3E-17A08223381C"/>
  <cim:Conductor.length>609.6</cim:Conductor.length>
  <cim:ACLineSegment.WireSpacingInfo rdf:resource="#_531EE17E-7A80-41BF-AC3E-01F8B74B0117"/>
  <cim:PowerSystemResource.Location rdf:resource="#_310C0730-E71B-435E-A2E9-E028FBC251A2"/>
</cim:ACLineSegment>
<cim:ACLineSegmentPhase rdf:ID="_FF90143A-15E0-4782-99AD-E9AB094924EC">
  <cim:IdentifiedObject.mRID>_FF90143A-15E0-4782-99AD-E9AB094924EC</cim:IdentifiedObject.mRID>
  <cim:IdentifiedObject.name>line1_A</cim:IdentifiedObject.name>
  <cim:ACLineSegmentPhase.phase rdf:resource="http://iec.ch/TC57/CIM100#SinglePhaseKind.A"/>
  <cim:ACLineSegmentPhase.sequenceNumber>1</cim:ACLineSegmentPhase.sequenceNumber>
  <cim:ACLineSegmentPhase.WireInfo rdf:resource="#_F1D5C85F-C95B-47D0-82FB-DFAB6E9151F3"/>
  <cim:ACLineSegmentPhase.ACLineSegment rdf:resource="#_8D229216-2F87-4910-B481-F26CD0905179"/>
  <cim:PowerSystemResource.Location rdf:resource="#_310C0730-E71B-435E-A2E9-E028FBC251A2"/>
</cim:ACLineSegmentPhase>
<cim:ACLineSegmentPhase rdf:ID="_33026B49-1168-48CA-8D2C-B0506C9290F7">
  <cim:IdentifiedObject.mRID>_33026B49-1168-48CA-8D2C-B0506C9290F7</cim:IdentifiedObject.mRID>
  <cim:IdentifiedObject.name>line1_B</cim:IdentifiedObject.name>
  <cim:ACLineSegmentPhase.phase rdf:resource="http://iec.ch/TC57/CIM100#SinglePhaseKind.B"/>
  <cim:ACLineSegmentPhase.sequenceNumber>2</cim:ACLineSegmentPhase.sequenceNumber>
  <cim:ACLineSegmentPhase.WireInfo rdf:resource="#_F1D5C85F-C95B-47D0-82FB-DFAB6E9151F3"/>
  <cim:ACLineSegmentPhase.ACLineSegment rdf:resource="#_8D229216-2F87-4910-B481-F26CD0905179"/>
  <cim:PowerSystemResource.Location rdf:resource="#_310C0730-E71B-435E-A2E9-E028FBC251A2"/>
</cim:ACLineSegmentPhase>
<cim:ACLineSegmentPhase rdf:ID="_EA53D264-87D6-484D-B9B9-E8A23F7FFCA7">
  <cim:IdentifiedObject.mRID>_EA53D264-87D6-484D-B9B9-E8A23F7FFCA7</cim:IdentifiedObject.mRID>
  <cim:IdentifiedObject.name>line1_C</cim:IdentifiedObject.name>
  <cim:ACLineSegmentPhase.phase rdf:resource="http://iec.ch/TC57/CIM100#SinglePhaseKind.C"/>
  <cim:ACLineSegmentPhase.sequenceNumber>3</cim:ACLineSegmentPhase.sequenceNumber>
  <cim:ACLineSegmentPhase.WireInfo rdf:resource="#_F1D5C85F-C95B-47D0-82FB-DFAB6E9151F3"/>
  <cim:ACLineSegmentPhase.ACLineSegment rdf:resource="#_8D229216-2F87-4910-B481-F26CD0905179"/>
  <cim:PowerSystemResource.Location rdf:resource="#_310C0730-E71B-435E-A2E9-E028FBC251A2"/>
</cim:ACLineSegmentPhase>
<cim:ACLineSegmentPhase rdf:ID="_E4180135-5397-4B12-81D6-03FE064859B6">
  <cim:IdentifiedObject.mRID>_E4180135-5397-4B12-81D6-03FE064859B6</cim:IdentifiedObject.mRID>
  <cim:IdentifiedObject.name>line1_N</cim:IdentifiedObject.name>
  <cim:ACLineSegmentPhase.phase rdf:resource="http://iec.ch/TC57/CIM100#SinglePhaseKind.N"/>
  <cim:ACLineSegmentPhase.sequenceNumber>4</cim:ACLineSegmentPhase.sequenceNumber>
  <cim:ACLineSegmentPhase.WireInfo rdf:resource="#_77659426-1FA8-4E3E-A213-DD9C8AAAFFAF"/>
  <cim:ACLineSegmentPhase.ACLineSegment rdf:resource="#_8D229216-2F87-4910-B481-F26CD0905179"/>
  <cim:PowerSystemResource.Location rdf:resource="#_310C0730-E71B-435E-A2E9-E028FBC251A2"/>
</cim:ACLineSegmentPhase>
<cim:Terminal rdf:ID="_A696A786-C35A-45D5-AFAC-83BC3BA188ED">
  <cim:IdentifiedObject.mRID>_A696A786-C35A-45D5-AFAC-83BC3BA188ED</cim:IdentifiedObject.mRID>
  <cim:IdentifiedObject.name>line1_T1</cim:IdentifiedObject.name>
  <cim:Terminal.ConductingEquipment rdf:resource="#_8D229216-2F87-4910-B481-F26CD0905179"/>
  <cim:ACDCTerminal.sequenceNumber>1</cim:ACDCTerminal.sequenceNumber>
  <cim:Terminal.ConnectivityNode rdf:resource="#_53F18D8E-D47E-436D-AF01-B1A68A02610D"/>
</cim:Terminal>
<cim:Terminal rdf:ID="_74778F24-966E-4E12-B291-9CCC93D5ED94">
  <cim:IdentifiedObject.mRID>_74778F24-966E-4E12-B291-9CCC93D5ED94</cim:IdentifiedObject.mRID>
  <cim:IdentifiedObject.name>line1_T2</cim:IdentifiedObject.name>
  <cim:Terminal.ConductingEquipment rdf:resource="#_8D229216-2F87-4910-B481-F26CD0905179"/>
  <cim:ACDCTerminal.sequenceNumber>2</cim:ACDCTerminal.sequenceNumber>
  <cim:Terminal.ConnectivityNode rdf:resource="#_2A57FB4B-F8C4-4B0A-ADC5-EC6E84890415"/>
</cim:Terminal>
<cim:Location rdf:ID="_310C0730-E71B-435E-A2E9-E028FBC251A2">
  <cim:IdentifiedObject.mRID>_310C0730-E71B-435E-A2E9-E028FBC251A2</cim:IdentifiedObject.mRID>
  <cim:IdentifiedObject.name>line1_Loc</cim:IdentifiedObject.name>
  <cim:Location.CoordinateSystem rdf:resource="#_742CA3F3-43B3-452C-AE9C-E9B3998C0121"/>
</cim:Location>
<cim:PositionPoint rdf:ID="_71943D22-A02F-4D32-B7FA-3B477938AD44">
  <cim:PositionPoint.Location rdf:resource="#_310C0730-E71B-435E-A2E9-E028FBC251A2"/>
  <cim:PositionPoint.sequenceNumber>1</cim:PositionPoint.sequenceNumber>
  <cim:PositionPoint.xPosition>0</cim:PositionPoint.xPosition>
  <cim:PositionPoint.yPosition>0</cim:PositionPoint.yPosition>
</cim:PositionPoint>
<cim:PositionPoint rdf:ID="_ED783ECC-CEC3-4435-B32A-696C8EC4D716">
  <cim:PositionPoint.Location rdf:resource="#_310C0730-E71B-435E-A2E9-E028FBC251A2"/>
  <cim:PositionPoint.sequenceNumber>2</cim:PositionPoint.sequenceNumber>
  <cim:PositionPoint.xPosition>0</cim:PositionPoint.xPosition>
  <cim:PositionPoint.yPosition>0</cim:PositionPoint.yPosition>
</cim:PositionPoint>
<cim:LoadResponseCharacteristic rdf:ID="_C42CBE96-DCBE-4121-87D8-80E50AE96E8D">
  <cim:IdentifiedObject.mRID>_C42CBE96-DCBE-4121-87D8-80E50AE96E8D</cim:IdentifiedObject.mRID>
  <cim:IdentifiedObject.name>Constant kVA</cim:IdentifiedObject.name>
  <cim:LoadResponseCharacteristic.exponentModel>false</cim:LoadResponseCharacteristic.exponentModel>
  <cim:LoadResponseCharacteristic.pConstantImpedance>0</cim:LoadResponseCharacteristic.pConstantImpedance>
  <cim:LoadResponseCharacteristic.pConstantCurrent>0</cim:LoadResponseCharacteristic.pConstantCurrent>
  <cim:LoadResponseCharacteristic.pConstantPower>100</cim:LoadResponseCharacteristic.pConstantPower>
  <cim:LoadResponseCharacteristic.qConstantImpedance>0</cim:LoadResponseCharacteristic.qConstantImpedance>
  <cim:LoadResponseCharacteristic.qConstantCurrent>0</cim:LoadResponseCharacteristic.qConstantCurrent>
  <cim:LoadResponseCharacteristic.qConstantPower>100</cim:LoadResponseCharacteristic.qConstantPower>
  <cim:LoadResponseCharacteristic.pVoltageExponent>0</cim:LoadResponseCharacteristic.pVoltageExponent>
  <cim:LoadResponseCharacteristic.qVoltageExponent>0</cim:LoadResponseCharacteristic.qVoltageExponent>
  <cim:LoadResponseCharacteristic.pFrequencyExponent>0</cim:LoadResponseCharacteristic.pFrequencyExponent>
  <cim:LoadResponseCharacteristic.qFrequencyExponent>0</cim:LoadResponseCharacteristic.qFrequencyExponent>
</cim:LoadResponseCharacteristic>
<cim:LoadResponseCharacteristic rdf:ID="_FA7EF0A2-935C-4665-835C-FCA1B226C6D9">
  <cim:IdentifiedObject.mRID>_FA7EF0A2-935C-4665-835C-FCA1B226C6D9</cim:IdentifiedObject.mRID>
  <cim:IdentifiedObject.name>Constant Z</cim:IdentifiedObject.name>
  <cim:LoadResponseCharacteristic.exponentModel>false</cim:LoadResponseCharacteristic.exponentModel>
  <cim:LoadResponseCharacteristic.pConstantImpedance>100</cim:LoadResponseCharacteristic.pConstantImpedance>
  <cim:LoadResponseCharacteristic.pConstantCurrent>0</cim:LoadResponseCharacteristic.pConstantCurrent>
  <cim:LoadResponseCharacteristic.pConstantPower>0</cim:LoadResponseCharacteristic.pConstantPower>
  <cim:LoadResponseCharacteristic.qConstantImpedance>100</cim:LoadResponseCharacteristic.qConstantImpedance>
  <cim:LoadResponseCharacteristic.qConstantCurrent>0</cim:LoadResponseCharacteristic.qConstantCurrent>
  <cim:LoadResponseCharacteristic.qConstantPower>0</cim:LoadResponseCharacteristic.qConstantPower>
  <cim:LoadResponseCharacteristic.pVoltageExponent>0</cim:LoadResponseCharacteristic.pVoltageExponent>
  <cim:LoadResponseCharacteristic.qVoltageExponent>0</cim:LoadResponseCharacteristic.qVoltageExponent>
  <cim:LoadResponseCharacteristic.pFrequencyExponent>0</cim:LoadResponseCharacteristic.pFrequencyExponent>
  <cim:LoadResponseCharacteristic.qFrequencyExponent>0</cim:LoadResponseCharacteristic.qFrequencyExponent>
</cim:LoadResponseCharacteristic>
<cim:LoadResponseCharacteristic rdf:ID="_AB53CACD-0383-4830-9220-9E46738C580C">
  <cim:IdentifiedObject.mRID>_AB53CACD-0383-4830-9220-9E46738C580C</cim:IdentifiedObject.mRID>
  <cim:IdentifiedObject.name>Motor</cim:IdentifiedObject.name>
  <cim:LoadResponseCharacteristic.exponentModel>false</cim:LoadResponseCharacteristic.exponentModel>
  <cim:LoadResponseCharacteristic.pConstantImpedance>0</cim:LoadResponseCharacteristic.pConstantImpedance>
  <cim:LoadResponseCharacteristic.pConstantCurrent>0</cim:LoadResponseCharacteristic.pConstantCurrent>
  <cim:LoadResponseCharacteristic.pConstantPower>100</cim:LoadResponseCharacteristic.pConstantPower>
  <cim:LoadResponseCharacteristic.qConstantImpedance>100</cim:LoadResponseCharacteristic.qConstantImpedance>
  <cim:LoadResponseCharacteristic.qConstantCurrent>0</cim:LoadResponseCharacteristic.qConstantCurrent>
  <cim:LoadResponseCharacteristic.qConstantPower>0</cim:LoadResponseCharacteristic.qConstantPower>
  <cim:LoadResponseCharacteristic.pVoltageExponent>0</cim:LoadResponseCharacteristic.pVoltageExponent>
  <cim:LoadResponseCharacteristic.qVoltageExponent>0</cim:LoadResponseCharacteristic.qVoltageExponent>
  <cim:LoadResponseCharacteristic.pFrequencyExponent>0</cim:LoadResponseCharacteristic.pFrequencyExponent>
  <cim:LoadResponseCharacteristic.qFrequencyExponent>0</cim:LoadResponseCharacteristic.qFrequencyExponent>
</cim:LoadResponseCharacteristic>
<cim:LoadResponseCharacteristic rdf:ID="_FF6AE8F0-4980-4D58-913B-9537E8F06555">
  <cim:IdentifiedObject.mRID>_FF6AE8F0-4980-4D58-913B-9537E8F06555</cim:IdentifiedObject.mRID>
  <cim:IdentifiedObject.name>Mix Motor/Res</cim:IdentifiedObject.name>
  <cim:LoadResponseCharacteristic.exponentModel>true</cim:LoadResponseCharacteristic.exponentModel>
  <cim:LoadResponseCharacteristic.pConstantImpedance>0</cim:LoadResponseCharacteristic.pConstantImpedance>
  <cim:LoadResponseCharacteristic.pConstantCurrent>0</cim:LoadResponseCharacteristic.pConstantCurrent>
  <cim:LoadResponseCharacteristic.pConstantPower>0</cim:LoadResponseCharacteristic.pConstantPower>
  <cim:LoadResponseCharacteristic.qConstantImpedance>0</cim:LoadResponseCharacteristic.qConstantImpedance>
  <cim:LoadResponseCharacteristic.qConstantCurrent>0</cim:LoadResponseCharacteristic.qConstantCurrent>
  <cim:LoadResponseCharacteristic.qConstantPower>0</cim:LoadResponseCharacteristic.qConstantPower>
  <cim:LoadResponseCharacteristic.pVoltageExponent>1</cim:LoadResponseCharacteristic.pVoltageExponent>
  <cim:LoadResponseCharacteristic.qVoltageExponent>2</cim:LoadResponseCharacteristic.qVoltageExponent>
  <cim:LoadResponseCharacteristic.pFrequencyExponent>0</cim:LoadResponseCharacteristic.pFrequencyExponent>
  <cim:LoadResponseCharacteristic.qFrequencyExponent>0</cim:LoadResponseCharacteristic.qFrequencyExponent>
</cim:LoadResponseCharacteristic>
<cim:LoadResponseCharacteristic rdf:ID="_3ABF7CBE-F375-499E-9B01-27EC7AE8AA65">
  <cim:IdentifiedObject.mRID>_3ABF7CBE-F375-499E-9B01-27EC7AE8AA65</cim:IdentifiedObject.mRID>
  <cim:IdentifiedObject.name>Constant I</cim:IdentifiedObject.name>
  <cim:LoadResponseCharacteristic.exponentModel>false</cim:LoadResponseCharacteristic.exponentModel>
  <cim:LoadResponseCharacteristic.pConstantImpedance>0</cim:LoadResponseCharacteristic.pConstantImpedance>
  <cim:LoadResponseCharacteristic.pConstantCurrent>100</cim:LoadResponseCharacteristic.pConstantCurrent>
  <cim:LoadResponseCharacteristic.pConstantPower>0</cim:LoadResponseCharacteristic.pConstantPower>
  <cim:LoadResponseCharacteristic.qConstantImpedance>0</cim:LoadResponseCharacteristic.qConstantImpedance>
  <cim:LoadResponseCharacteristic.qConstantCurrent>100</cim:LoadResponseCharacteristic.qConstantCurrent>
  <cim:LoadResponseCharacteristic.qConstantPower>0</cim:LoadResponseCharacteristic.qConstantPower>
  <cim:LoadResponseCharacteristic.pVoltageExponent>0</cim:LoadResponseCharacteristic.pVoltageExponent>
  <cim:LoadResponseCharacteristic.qVoltageExponent>0</cim:LoadResponseCharacteristic.qVoltageExponent>
  <cim:LoadResponseCharacteristic.pFrequencyExponent>0</cim:LoadResponseCharacteristic.pFrequencyExponent>
  <cim:LoadResponseCharacteristic.qFrequencyExponent>0</cim:LoadResponseCharacteristic.qFrequencyExponent>
</cim:LoadResponseCharacteristic>
<cim:LoadResponseCharacteristic rdf:ID="_EA87F6E2-B849-4313-9944-B4D9DCCF2C61">
  <cim:IdentifiedObject.mRID>_EA87F6E2-B849-4313-9944-B4D9DCCF2C61</cim:IdentifiedObject.mRID>
  <cim:IdentifiedObject.name>Variable P, Fixed Q</cim:IdentifiedObject.name>
  <cim:LoadResponseCharacteristic.exponentModel>false</cim:LoadResponseCharacteristic.exponentModel>
  <cim:LoadResponseCharacteristic.pConstantImpedance>0</cim:LoadResponseCharacteristic.pConstantImpedance>
  <cim:LoadResponseCharacteristic.pConstantCurrent>0</cim:LoadResponseCharacteristic.pConstantCurrent>
  <cim:LoadResponseCharacteristic.pConstantPower>100</cim:LoadResponseCharacteristic.pConstantPower>
  <cim:LoadResponseCharacteristic.qConstantImpedance>0</cim:LoadResponseCharacteristic.qConstantImpedance>
  <cim:LoadResponseCharacteristic.qConstantCurrent>0</cim:LoadResponseCharacteristic.qConstantCurrent>
  <cim:LoadResponseCharacteristic.qConstantPower>100</cim:LoadResponseCharacteristic.qConstantPower>
  <cim:LoadResponseCharacteristic.pVoltageExponent>0</cim:LoadResponseCharacteristic.pVoltageExponent>
  <cim:LoadResponseCharacteristic.qVoltageExponent>0</cim:LoadResponseCharacteristic.qVoltageExponent>
  <cim:LoadResponseCharacteristic.pFrequencyExponent>0</cim:LoadResponseCharacteristic.pFrequencyExponent>
  <cim:LoadResponseCharacteristic.qFrequencyExponent>0</cim:LoadResponseCharacteristic.qFrequencyExponent>
</cim:LoadResponseCharacteristic>
<cim:LoadResponseCharacteristic rdf:ID="_E2507BD8-1629-431A-9001-43238E718BFB">
  <cim:IdentifiedObject.mRID>_E2507BD8-1629-431A-9001-43238E718BFB</cim:IdentifiedObject.mRID>
  <cim:IdentifiedObject.name>Variable P, Fixed X</cim:IdentifiedObject.name>
  <cim:LoadResponseCharacteristic.exponentModel>false</cim:LoadResponseCharacteristic.exponentModel>
  <cim:LoadResponseCharacteristic.pConstantImpedance>0</cim:LoadResponseCharacteristic.pConstantImpedance>
  <cim:LoadResponseCharacteristic.pConstantCurrent>0</cim:LoadResponseCharacteristic.pConstantCurrent>
  <cim:LoadResponseCharacteristic.pConstantPower>100</cim:LoadResponseCharacteristic.pConstantPower>
  <cim:LoadResponseCharacteristic.qConstantImpedance>100</cim:LoadResponseCharacteristic.qConstantImpedance>
  <cim:LoadResponseCharacteristic.qConstantCurrent>0</cim:LoadResponseCharacteristic.qConstantCurrent>
  <cim:LoadResponseCharacteristic.qConstantPower>0</cim:LoadResponseCharacteristic.qConstantPower>
  <cim:LoadResponseCharacteristic.pVoltageExponent>0</cim:LoadResponseCharacteristic.pVoltageExponent>
  <cim:LoadResponseCharacteristic.qVoltageExponent>0</cim:LoadResponseCharacteristic.qVoltageExponent>
  <cim:LoadResponseCharacteristic.pFrequencyExponent>0</cim:LoadResponseCharacteristic.pFrequencyExponent>
  <cim:LoadResponseCharacteristic.qFrequencyExponent>0</cim:LoadResponseCharacteristic.qFrequencyExponent>
</cim:LoadResponseCharacteristic>
<cim:EnergyConsumer rdf:ID="_B457B6BA-533B-4D4A-AA04-C7871D63305F">
  <cim:IdentifiedObject.mRID>_B457B6BA-533B-4D4A-AA04-C7871D63305F</cim:IdentifiedObject.mRID>
  <cim:IdentifiedObject.name>house1</cim:IdentifiedObject.name>
  <cim:Equipment.EquipmentContainer rdf:resource="#_43946E3D-232A-4B5F-B0C4-BEAECD347C8C"/>
  <cim:ConductingEquipment.BaseVoltage rdf:resource="#_DC8F1F89-711D-4669-BAEF-1B4166C7DC91"/>
  <cim:EnergyConsumer.LoadResponse rdf:resource="#_FA7EF0A2-935C-4665-835C-FCA1B226C6D9"/>
  <cim:EnergyConsumer.p>900000</cim:EnergyConsumer.p>
  <cim:EnergyConsumer.q>435889.89</cim:EnergyConsumer.q>
  <cim:EnergyConsumer.customerCount>1</cim:EnergyConsumer.customerCount>
  <cim:EnergyConsumer.phaseConnection rdf:resource="http://iec.ch/TC57/CIM100#PhaseShuntConnectionKind.Y"/>
  <cim:EnergyConsumer.grounded>true</cim:EnergyConsumer.grounded>
  <cim:PowerSystemResource.Location rdf:resource="#_D18FCF92-8F79-42F0-A7D1-5A416C41AC06"/>
</cim:EnergyConsumer>
<cim:EnergyConsumerPhase rdf:ID="_DB4E2D2A-511B-413E-9401-FAF5A9D7FB07">
  <cim:IdentifiedObject.mRID>_DB4E2D2A-511B-413E-9401-FAF5A9D7FB07</cim:IdentifiedObject.mRID>
  <cim:IdentifiedObject.name>house1_s1</cim:IdentifiedObject.name>
  <cim:EnergyConsumerPhase.phase rdf:resource="http://iec.ch/TC57/CIM100#SinglePhaseKind.s1"/>
  <cim:EnergyConsumerPhase.p>900000</cim:EnergyConsumerPhase.p>
  <cim:EnergyConsumerPhase.q>435889.89</cim:EnergyConsumerPhase.q>
  <cim:EnergyConsumerPhase.EnergyConsumer rdf:resource="#_B457B6BA-533B-4D4A-AA04-C7871D63305F"/>
  <cim:PowerSystemResource.Location rdf:resource="#_D18FCF92-8F79-42F0-A7D1-5A416C41AC06"/>
</cim:EnergyConsumerPhase>
<cim:Terminal rdf:ID="_C8D413FD-FE38-4440-97D0-17C0CE1E3864">
  <cim:IdentifiedObject.mRID>_C8D413FD-FE38-4440-97D0-17C0CE1E3864</cim:IdentifiedObject.mRID>
  <cim:IdentifiedObject.name>house1_T1</cim:IdentifiedObject.name>
  <cim:Terminal.ConductingEquipment rdf:resource="#_B457B6BA-533B-4D4A-AA04-C7871D63305F"/>
  <cim:ACDCTerminal.sequenceNumber>1</cim:ACDCTerminal.sequenceNumber>
  <cim:Terminal.ConnectivityNode rdf:resource="#_3FA1AC00-00B9-4E1B-9DC4-E8104C6706FA"/>
</cim:Terminal>
<cim:Location rdf:ID="_D18FCF92-8F79-42F0-A7D1-5A416C41AC06">
  <cim:IdentifiedObject.mRID>_D18FCF92-8F79-42F0-A7D1-5A416C41AC06</cim:IdentifiedObject.mRID>
  <cim:IdentifiedObject.name>house1_Loc</cim:IdentifiedObject.name>
  <cim:Location.CoordinateSystem rdf:resource="#_742CA3F3-43B3-452C-AE9C-E9B3998C0121"/>
</cim:Location>
<cim:PositionPoint rdf:ID="_9F152632-7B93-444C-94BC-17A004AE259C">
  <cim:PositionPoint.Location rdf:resource="#_D18FCF92-8F79-42F0-A7D1-5A416C41AC06"/>
  <cim:PositionPoint.sequenceNumber>1</cim:PositionPoint.sequenceNumber>
  <cim:PositionPoint.xPosition>0</cim:PositionPoint.xPosition>
  <cim:PositionPoint.yPosition>0</cim:PositionPoint.yPosition>
</cim:PositionPoint>
<cim:EnergyConsumer rdf:ID="_DEA61E32-5AF7-4A06-8ACE-571CB8942A60">
  <cim:IdentifiedObject.mRID>_DEA61E32-5AF7-4A06-8ACE-571CB8942A60</cim:IdentifiedObject.mRID>
  <cim:IdentifiedObject.name>house2</cim:IdentifiedObject.name>
  <cim:Equipment.EquipmentContainer rdf:resource="#_43946E3D-232A-4B5F-B0C4-BEAECD347C8C"/>
  <cim:ConductingEquipment.BaseVoltage rdf:resource="#_DC8F1F89-711D-4669-BAEF-1B4166C7DC91"/>
  <cim:EnergyConsumer.LoadResponse rdf:resource="#_FA7EF0A2-935C-4665-835C-FCA1B226C6D9"/>
  <cim:EnergyConsumer.p>900000</cim:EnergyConsumer.p>
  <cim:EnergyConsumer.q>435889.89</cim:EnergyConsumer.q>
  <cim:EnergyConsumer.customerCount>1</cim:EnergyConsumer.customerCount>
  <cim:EnergyConsumer.phaseConnection rdf:resource="http://iec.ch/TC57/CIM100#PhaseShuntConnectionKind.Y"/>
  <cim:EnergyConsumer.grounded>true</cim:EnergyConsumer.grounded>
  <cim:PowerSystemResource.Location rdf:resource="#_8CC6CB9E-1F77-4C99-BF5A-D6400E7BFFD8"/>
</cim:EnergyConsumer>
<cim:EnergyConsumerPhase rdf:ID="_D009BEDC-DEE8-4062-877C-24C3FFDB1FCF">
  <cim:IdentifiedObject.mRID>_D009BEDC-DEE8-4062-877C-24C3FFDB1FCF</cim:IdentifiedObject.mRID>
  <cim:IdentifiedObject.name>house2_s2</cim:IdentifiedObject.name>
  <cim:EnergyConsumerPhase.phase rdf:resource="http://iec.ch/TC57/CIM100#SinglePhaseKind.s2"/>
  <cim:EnergyConsumerPhase.p>900000</cim:EnergyConsumerPhase.p>
  <cim:EnergyConsumerPhase.q>435889.89</cim:EnergyConsumerPhase.q>
  <cim:EnergyConsumerPhase.EnergyConsumer rdf:resource="#_DEA61E32-5AF7-4A06-8ACE-571CB8942A60"/>
  <cim:PowerSystemResource.Location rdf:resource="#_8CC6CB9E-1F77-4C99-BF5A-D6400E7BFFD8"/>
</cim:EnergyConsumerPhase>
<cim:Terminal rdf:ID="_3F9CFA9B-84A9-4560-9613-DE704F668C63">
  <cim:IdentifiedObject.mRID>_3F9CFA9B-84A9-4560-9613-DE704F668C63</cim:IdentifiedObject.mRID>
  <cim:IdentifiedObject.name>house2_T1</cim:IdentifiedObject.name>
  <cim:Terminal.ConductingEquipment rdf:resource="#_DEA61E32-5AF7-4A06-8ACE-571CB8942A60"/>
  <cim:ACDCTerminal.sequenceNumber>1</cim:ACDCTerminal.sequenceNumber>
  <cim:Terminal.ConnectivityNode rdf:resource="#_3FA1AC00-00B9-4E1B-9DC4-E8104C6706FA"/>
</cim:Terminal>
<cim:Location rdf:ID="_8CC6CB9E-1F77-4C99-BF5A-D6400E7BFFD8">
  <cim:IdentifiedObject.mRID>_8CC6CB9E-1F77-4C99-BF5A-D6400E7BFFD8</cim:IdentifiedObject.mRID>
  <cim:IdentifiedObject.name>house2_Loc</cim:IdentifiedObject.name>
  <cim:Location.CoordinateSystem rdf:resource="#_742CA3F3-43B3-452C-AE9C-E9B3998C0121"/>
</cim:Location>
<cim:PositionPoint rdf:ID="_305305C3-CD0D-4DEF-8F85-2DE4A3D99F36">
  <cim:PositionPoint.Location rdf:resource="#_8CC6CB9E-1F77-4C99-BF5A-D6400E7BFFD8"/>
  <cim:PositionPoint.sequenceNumber>1</cim:PositionPoint.sequenceNumber>
  <cim:PositionPoint.xPosition>0</cim:PositionPoint.xPosition>
  <cim:PositionPoint.yPosition>0</cim:PositionPoint.yPosition>
</cim:PositionPoint>
<cim:OverheadWireInfo rdf:ID="_F1D5C85F-C95B-47D0-82FB-DFAB6E9151F3">
  <cim:IdentifiedObject.mRID>_F1D5C85F-C95B-47D0-82FB-DFAB6E9151F3</cim:IdentifiedObject.mRID>
  <cim:IdentifiedObject.name>conductor</cim:IdentifiedObject.name>
  <cim:WireInfo.sizeDescription>WireData_conductor</cim:WireInfo.sizeDescription>
  <cim:WireInfo.gmr>0.00743712</cim:WireInfo.gmr>
  <cim:WireInfo.radius>0.0091567</cim:WireInfo.radius>
  <cim:WireInfo.rDC20>0.00018641136</cim:WireInfo.rDC20>
  <cim:WireInfo.rAC25>0.00019013958</cim:WireInfo.rAC25>
  <cim:WireInfo.rAC50>0.00019013958</cim:WireInfo.rAC50>
  <cim:WireInfo.rAC75>0.00019013958</cim:WireInfo.rAC75>
  <cim:WireInfo.ratedCurrent>0</cim:WireInfo.ratedCurrent>
  <cim:WireInfo.strandCount>0</cim:WireInfo.strandCount>
  <cim:WireInfo.coreStrandCount>0</cim:WireInfo.coreStrandCount>
  <cim:WireInfo.coreRadius>0</cim:WireInfo.coreRadius>
  <cim:WireInfo.insulated>false</cim:WireInfo.insulated>
</cim:OverheadWireInfo>
<cim:OverheadWireInfo rdf:ID="_77659426-1FA8-4E3E-A213-DD9C8AAAFFAF">
  <cim:IdentifiedObject.mRID>_77659426-1FA8-4E3E-A213-DD9C8AAAFFAF</cim:IdentifiedObject.mRID>
  <cim:IdentifiedObject.name>neutral</cim:IdentifiedObject.name>
  <cim:WireInfo.sizeDescription>WireData_neutral</cim:WireInfo.sizeDescription>
  <cim:WireInfo.gmr>0.002481072</cim:WireInfo.gmr>
  <cim:WireInfo.radius>0.0071501</cim:WireInfo.radius>
  <cim:WireInfo.rDC20>0.00036063897</cim:WireInfo.rDC20>
  <cim:WireInfo.rAC25>0.00036785175</cim:WireInfo.rAC25>
  <cim:WireInfo.rAC50>0.00036785175</cim:WireInfo.rAC50>
  <cim:WireInfo.rAC75>0.00036785175</cim:WireInfo.rAC75>
  <cim:WireInfo.ratedCurrent>0</cim:WireInfo.ratedCurrent>
  <cim:WireInfo.strandCount>0</cim:WireInfo.strandCount>
  <cim:WireInfo.coreStrandCount>0</cim:WireInfo.coreStrandCount>
  <cim:WireInfo.coreRadius>0</cim:WireInfo.coreRadius>
  <cim:WireInfo.insulated>false</cim:WireInfo.insulated>
</cim:OverheadWireInfo>
<cim:WireSpacingInfo rdf:ID="_531EE17E-7A80-41BF-AC3E-01F8B74B0117">
  <cim:IdentifiedObject.mRID>_531EE17E-7A80-41BF-AC3E-01F8B74B0117</cim:IdentifiedObject.mRID>
  <cim:IdentifiedObject.name>4wire</cim:IdentifiedObject.name>
  <cim:WireSpacingInfo.usage rdf:resource="http://iec.ch/TC57/CIM100#WireUsageKind.distribution"/>
  <cim:WireSpacingInfo.phaseWireCount>1</cim:WireSpacingInfo.phaseWireCount>
  <cim:WireSpacingInfo.phaseWireSpacing>0</cim:WireSpacingInfo.phaseWireSpacing>
  <cim:WireSpacingInfo.isCable>false</cim:WireSpacingInfo.isCable>
</cim:WireSpacingInfo>
<cim:WirePosition rdf:ID="_ADE27A67-A36B-43AF-9C55-6D685D4F07BA">
  <cim:IdentifiedObject.mRID>_ADE27A67-A36B-43AF-9C55-6D685D4F07BA</cim:IdentifiedObject.mRID>
  <cim:IdentifiedObject.name>WP_4wire_1</cim:IdentifiedObject.name>
  <cim:WirePosition.WireSpacingInfo rdf:resource="#_531EE17E-7A80-41BF-AC3E-01F8B74B0117"/>
  <cim:WirePosition.sequenceNumber>1</cim:WirePosition.sequenceNumber>
  <cim:WirePosition.xCoord>-1.2192</cim:WirePosition.xCoord>
  <cim:WirePosition.yCoord>8.5344</cim:WirePosition.yCoord>
</cim:WirePosition>
<cim:WirePosition rdf:ID="_23212F17-DED4-4338-B309-D889006BDEAB">
  <cim:IdentifiedObject.mRID>_23212F17-DED4-4338-B309-D889006BDEAB</cim:IdentifiedObject.mRID>
  <cim:IdentifiedObject.name>WP_4wire_2</cim:IdentifiedObject.name>
  <cim:WirePosition.WireSpacingInfo rdf:resource="#_531EE17E-7A80-41BF-AC3E-01F8B74B0117"/>
  <cim:WirePosition.sequenceNumber>2</cim:WirePosition.sequenceNumber>
  <cim:WirePosition.xCoord>-0.4572</cim:WirePosition.xCoord>
  <cim:WirePosition.yCoord>8.5344</cim:WirePosition.yCoord>
</cim:WirePosition>
<cim:WirePosition rdf:ID="_69E9A70D-B5F0-4AC9-99CD-25A612C75441">
  <cim:IdentifiedObject.mRID>_69E9A70D-B5F0-4AC9-99CD-25A612C75441</cim:IdentifiedObject.mRID>
  <cim:IdentifiedObject.name>WP_4wire_3</cim:IdentifiedObject.name>
  <cim:WirePosition.WireSpacingInfo rdf:resource="#_531EE17E-7A80-41BF-AC3E-01F8B74B0117"/>
  <cim:WirePosition.sequenceNumber>3</cim:WirePosition.sequenceNumber>
  <cim:WirePosition.xCoord>0.9144</cim:WirePosition.xCoord>
  <cim:WirePosition.yCoord>8.5344</cim:WirePosition.yCoord>
</cim:WirePosition>
<cim:WirePosition rdf:ID="_11B054EF-0957-4F23-88DB-207AD47D33E5">
  <cim:IdentifiedObject.mRID>_11B054EF-0957-4F23-88DB-207AD47D33E5</cim:IdentifiedObject.mRID>
  <cim:IdentifiedObject.name>WP_4wire_4</cim:IdentifiedObject.name>
  <cim:WirePosition.WireSpacingInfo rdf:resource="#_531EE17E-7A80-41BF-AC3E-01F8B74B0117"/>
  <cim:WirePosition.sequenceNumber>4</cim:WirePosition.sequenceNumber>
  <cim:WirePosition.xCoord>0</cim:WirePosition.xCoord>
  <cim:WirePosition.yCoord>7.3152</cim:WirePosition.yCoord>
</cim:WirePosition>
<cim:OperationalLimitSet rdf:ID="_DA2064DA-1844-46BF-ACEF-DD3FA21CA8AB">
  <cim:IdentifiedObject.mRID>_DA2064DA-1844-46BF-ACEF-DD3FA21CA8AB</cim:IdentifiedObject.mRID>
  <cim:IdentifiedObject.name>OpLimI_305.6_416.7</cim:IdentifiedObject.name>
</cim:OperationalLimitSet>
<cim:CurrentLimit rdf:ID="_19E5CD1C-C184-4577-AB0D-001885743EE0">
  <cim:IdentifiedObject.mRID>_19E5CD1C-C184-4577-AB0D-001885743EE0</cim:IdentifiedObject.mRID>
  <cim:IdentifiedObject.name>OpLimI_305.6_416.7_Norm</cim:IdentifiedObject.name>
  <cim:OperationalLimit.OperationalLimitSet rdf:resource="#_DA2064DA-1844-46BF-ACEF-DD3FA21CA8AB"/>
  <cim:OperationalLimit.OperationalLimitType rdf:resource="#_09337C36-6B54-4DAF-9314-4BC1D25615F6"/>
  <cim:CurrentLimit.value>305.55556</cim:CurrentLimit.value>
</cim:CurrentLimit>
<cim:CurrentLimit rdf:ID="_B51F58D6-7C85-4422-B69C-E67803E5D35A">
  <cim:IdentifiedObject.mRID>_B51F58D6-7C85-4422-B69C-E67803E5D35A</cim:IdentifiedObject.mRID>
  <cim:IdentifiedObject.name>OpLimI_305.6_416.7_Emerg</cim:IdentifiedObject.name>
  <cim:OperationalLimit.OperationalLimitSet rdf:resource="#_DA2064DA-1844-46BF-ACEF-DD3FA21CA8AB"/>
  <cim:OperationalLimit.OperationalLimitType rdf:resource="#_5B39B6A7-B28D-40CF-86D7-BECFD359768F"/>
  <cim:CurrentLimit.value>416.66667</cim:CurrentLimit.value>
</cim:CurrentLimit>
</rdf:RDF>
