<?xml version="1.0" encoding="utf-8"?>
<!-- un-comment this line to enable validation
-->
<rdf:RDF xmlns:cim="http://iec.ch/TC57/CIM100#" xmlns:rdf="http://www.w3.org/1999/02/22-rdf-syntax-ns#">
<!--
-->
<cim:IEC61970CIMVersion rdf:ID="_74CA2132-358B-47E3-9F3E-E8B2FFD2B83E">
  <cim:IEC61970CIMVersion.version>IEC61970CIM100</cim:IEC61970CIMVersion.version>
  <cim:IEC61970CIMVersion.date>2019-04-01</cim:IEC61970CIMVersion.date>
</cim:IEC61970CIMVersion>
<cim:CoordinateSystem rdf:ID="_1A2BB769-BD9F-4FE2-B0BE-85C5FA1881C6">
  <cim:IdentifiedObject.mRID>_1A2BB769-BD9F-4FE2-B0BE-85C5FA1881C6</cim:IdentifiedObject.mRID>
  <cim:IdentifiedObject.name>yybal_CrsUrn</cim:IdentifiedObject.name>
  <cim:CoordinateSystem.crsUrn>OpenDSSLocalBusCoordinates</cim:CoordinateSystem.crsUrn>
</cim:CoordinateSystem>
<cim:GeographicalRegion rdf:ID="_C231C8BE-0A22-4A74-A861-0DCE4C64DCAE">
  <cim:IdentifiedObject.mRID>_C231C8BE-0A22-4A74-A861-0DCE4C64DCAE</cim:IdentifiedObject.mRID>
  <cim:IdentifiedObject.name>geo1</cim:IdentifiedObject.name>
</cim:GeographicalRegion>
<cim:SubGeographicalRegion rdf:ID="_89A093BF-7F71-42A1-9B6B-DB185658EDDE">
  <cim:IdentifiedObject.mRID>_89A093BF-7F71-42A1-9B6B-DB185658EDDE</cim:IdentifiedObject.mRID>
  <cim:IdentifiedObject.name>subgeo1</cim:IdentifiedObject.name>
  <cim:SubGeographicalRegion.Region rdf:resource="#_C231C8BE-0A22-4A74-A861-0DCE4C64DCAE"/>
</cim:SubGeographicalRegion>
<cim:Substation rdf:ID="_714BD2ED-5C9C-4F11-93B8-E9DABBEA25DF">
  <cim:IdentifiedObject.mRID>_714BD2ED-5C9C-4F11-93B8-E9DABBEA25DF</cim:IdentifiedObject.mRID>
  <cim:IdentifiedObject.name>sub1</cim:IdentifiedObject.name>
  <cim:Substation.Region rdf:resource="#_89A093BF-7F71-42A1-9B6B-DB185658EDDE"/>
</cim:Substation>
<cim:Location rdf:ID="_C004A2BC-2C2B-4F25-9FF3-C8BD4A2BDA3F">
  <cim:IdentifiedObject.mRID>_C004A2BC-2C2B-4F25-9FF3-C8BD4A2BDA3F</cim:IdentifiedObject.mRID>
  <cim:IdentifiedObject.name>yybal_Location</cim:IdentifiedObject.name>
  <cim:Location.CoordinateSystem rdf:resource="#_1A2BB769-BD9F-4FE2-B0BE-85C5FA1881C6"/>
</cim:Location>
<cim:Feeder rdf:ID="_AA782F4B-C424-4D54-AE39-9E6B108A7E0A">
  <cim:IdentifiedObject.mRID>_AA782F4B-C424-4D54-AE39-9E6B108A7E0A</cim:IdentifiedObject.mRID>
  <cim:IdentifiedObject.name>yybal</cim:IdentifiedObject.name>
  <cim:Feeder.NormalEnergizingSubstation rdf:resource="#_714BD2ED-5C9C-4F11-93B8-E9DABBEA25DF"/>
  <cim:PowerSystemResource.Location rdf:resource="#_C004A2BC-2C2B-4F25-9FF3-C8BD4A2BDA3F"/>
</cim:Feeder>
<cim:OperationalLimitType rdf:ID="_320FCE51-2B63-48EF-A6C9-92805B46F509">
  <cim:IdentifiedObject.mRID>_320FCE51-2B63-48EF-A6C9-92805B46F509</cim:IdentifiedObject.mRID>
  <cim:IdentifiedObject.name>yybal_NormAmpsType</cim:IdentifiedObject.name>
  <cim:OperationalLimitType.acceptableDuration>5E9</cim:OperationalLimitType.acceptableDuration>
  <cim:OperationalLimitType.direction rdf:resource="http://iec.ch/TC57/CIM100#OperationalLimitDirectionKind.absoluteValue"/>
</cim:OperationalLimitType>
<cim:OperationalLimitType rdf:ID="_D0513229-5E56-4EB7-94BC-5E7F3D7CCC27">
  <cim:IdentifiedObject.mRID>_D0513229-5E56-4EB7-94BC-5E7F3D7CCC27</cim:IdentifiedObject.mRID>
  <cim:IdentifiedObject.name>yybal_EmergencyAmpsType</cim:IdentifiedObject.name>
  <cim:OperationalLimitType.acceptableDuration>7200</cim:OperationalLimitType.acceptableDuration>
  <cim:OperationalLimitType.direction rdf:resource="http://iec.ch/TC57/CIM100#OperationalLimitDirectionKind.absoluteValue"/>
</cim:OperationalLimitType>
<cim:OperationalLimitType rdf:ID="_3339361F-5873-410B-B2CC-E0769D886C19">
  <cim:IdentifiedObject.mRID>_3339361F-5873-410B-B2CC-E0769D886C19</cim:IdentifiedObject.mRID>
  <cim:IdentifiedObject.name>yybal_RangeAHiType</cim:IdentifiedObject.name>
  <cim:OperationalLimitType.acceptableDuration>5E9</cim:OperationalLimitType.acceptableDuration>
  <cim:OperationalLimitType.direction rdf:resource="http://iec.ch/TC57/CIM100#OperationalLimitDirectionKind.high"/>
</cim:OperationalLimitType>
<cim:OperationalLimitType rdf:ID="_70C2F5AB-51B7-4A0E-9203-69FD890127E9">
  <cim:IdentifiedObject.mRID>_70C2F5AB-51B7-4A0E-9203-69FD890127E9</cim:IdentifiedObject.mRID>
  <cim:IdentifiedObject.name>yybal_RangeALoType</cim:IdentifiedObject.name>
  <cim:OperationalLimitType.acceptableDuration>5E9</cim:OperationalLimitType.acceptableDuration>
  <cim:OperationalLimitType.direction rdf:resource="http://iec.ch/TC57/CIM100#OperationalLimitDirectionKind.low"/>
</cim:OperationalLimitType>
<cim:OperationalLimitType rdf:ID="_3DE03BEF-214A-472F-944C-088A64EA7EA6">
  <cim:IdentifiedObject.mRID>_3DE03BEF-214A-472F-944C-088A64EA7EA6</cim:IdentifiedObject.mRID>
  <cim:IdentifiedObject.name>yybal_RangeBHiType</cim:IdentifiedObject.name>
  <cim:OperationalLimitType.acceptableDuration>86400</cim:OperationalLimitType.acceptableDuration>
  <cim:OperationalLimitType.direction rdf:resource="http://iec.ch/TC57/CIM100#OperationalLimitDirectionKind.high"/>
</cim:OperationalLimitType>
<cim:OperationalLimitType rdf:ID="_5E27D0BA-7931-4154-8E1F-7C9EDD9457AC">
  <cim:IdentifiedObject.mRID>_5E27D0BA-7931-4154-8E1F-7C9EDD9457AC</cim:IdentifiedObject.mRID>
  <cim:IdentifiedObject.name>yybal_RangeBLoType</cim:IdentifiedObject.name>
  <cim:OperationalLimitType.acceptableDuration>86400</cim:OperationalLimitType.acceptableDuration>
  <cim:OperationalLimitType.direction rdf:resource="http://iec.ch/TC57/CIM100#OperationalLimitDirectionKind.low"/>
</cim:OperationalLimitType>
<cim:BaseVoltage rdf:ID="_C05A0E30-57F7-4A3C-911E-7FCD024E88C9">
  <cim:IdentifiedObject.mRID>_C05A0E30-57F7-4A3C-911E-7FCD024E88C9</cim:IdentifiedObject.mRID>
  <cim:IdentifiedObject.name>BaseV_12.4700</cim:IdentifiedObject.name>
  <cim:BaseVoltage.nominalVoltage>12470</cim:BaseVoltage.nominalVoltage>
</cim:BaseVoltage>
<cim:OperationalLimitSet rdf:ID="_9BB9ABEF-37E8-442C-A681-FBDB8A2DA5D0">
  <cim:IdentifiedObject.mRID>_9BB9ABEF-37E8-442C-A681-FBDB8A2DA5D0</cim:IdentifiedObject.mRID>
  <cim:IdentifiedObject.name>OpLimV_12.4700</cim:IdentifiedObject.name>
</cim:OperationalLimitSet>
<cim:VoltageLimit rdf:ID="_B73FE73E-63AB-46C4-8291-6D9CFB0BD730">
  <cim:IdentifiedObject.mRID>_B73FE73E-63AB-46C4-8291-6D9CFB0BD730</cim:IdentifiedObject.mRID>
  <cim:IdentifiedObject.name>OpLimV_12.4700_RangeAHi</cim:IdentifiedObject.name>
  <cim:OperationalLimit.OperationalLimitSet rdf:resource="#_9BB9ABEF-37E8-442C-A681-FBDB8A2DA5D0"/>
  <cim:OperationalLimit.OperationalLimitType rdf:resource="#_3339361F-5873-410B-B2CC-E0769D886C19"/>
  <cim:VoltageLimit.value>13093.5</cim:VoltageLimit.value>
</cim:VoltageLimit>
<cim:VoltageLimit rdf:ID="_B45DCE8C-D2B7-4506-B523-CDCE1CF96D8F">
  <cim:IdentifiedObject.mRID>_B45DCE8C-D2B7-4506-B523-CDCE1CF96D8F</cim:IdentifiedObject.mRID>
  <cim:IdentifiedObject.name>OpLimV_12.4700_RangeALo</cim:IdentifiedObject.name>
  <cim:OperationalLimit.OperationalLimitSet rdf:resource="#_9BB9ABEF-37E8-442C-A681-FBDB8A2DA5D0"/>
  <cim:OperationalLimit.OperationalLimitType rdf:resource="#_70C2F5AB-51B7-4A0E-9203-69FD890127E9"/>
  <cim:VoltageLimit.value>11846.5</cim:VoltageLimit.value>
</cim:VoltageLimit>
<cim:VoltageLimit rdf:ID="_A8AA63BF-3270-43F1-9B87-488320DABF51">
  <cim:IdentifiedObject.mRID>_A8AA63BF-3270-43F1-9B87-488320DABF51</cim:IdentifiedObject.mRID>
  <cim:IdentifiedObject.name>OpLimV_12.4700_RangeBHi</cim:IdentifiedObject.name>
  <cim:OperationalLimit.OperationalLimitSet rdf:resource="#_9BB9ABEF-37E8-442C-A681-FBDB8A2DA5D0"/>
  <cim:OperationalLimit.OperationalLimitType rdf:resource="#_3DE03BEF-214A-472F-944C-088A64EA7EA6"/>
  <cim:VoltageLimit.value>13197.416</cim:VoltageLimit.value>
</cim:VoltageLimit>
<cim:VoltageLimit rdf:ID="_D2D462E9-F3AF-40B2-A337-087553C240AE">
  <cim:IdentifiedObject.mRID>_D2D462E9-F3AF-40B2-A337-087553C240AE</cim:IdentifiedObject.mRID>
  <cim:IdentifiedObject.name>OpLimV_12.4700_RangeBLo</cim:IdentifiedObject.name>
  <cim:OperationalLimit.OperationalLimitSet rdf:resource="#_9BB9ABEF-37E8-442C-A681-FBDB8A2DA5D0"/>
  <cim:OperationalLimit.OperationalLimitType rdf:resource="#_5E27D0BA-7931-4154-8E1F-7C9EDD9457AC"/>
  <cim:VoltageLimit.value>11430.834</cim:VoltageLimit.value>
</cim:VoltageLimit>
<cim:BaseVoltage rdf:ID="_3757D581-4FBC-47C4-898E-E0F4C40B25EA">
  <cim:IdentifiedObject.mRID>_3757D581-4FBC-47C4-898E-E0F4C40B25EA</cim:IdentifiedObject.mRID>
  <cim:IdentifiedObject.name>BaseV_0.2080</cim:IdentifiedObject.name>
  <cim:BaseVoltage.nominalVoltage>208</cim:BaseVoltage.nominalVoltage>
</cim:BaseVoltage>
<cim:OperationalLimitSet rdf:ID="_23B7EF38-DEAC-464F-9A2F-A081D0FBDDBB">
  <cim:IdentifiedObject.mRID>_23B7EF38-DEAC-464F-9A2F-A081D0FBDDBB</cim:IdentifiedObject.mRID>
  <cim:IdentifiedObject.name>OpLimV_0.2080</cim:IdentifiedObject.name>
</cim:OperationalLimitSet>
<cim:VoltageLimit rdf:ID="_2E112535-48B6-4F66-BF38-5D3BFF0AF063">
  <cim:IdentifiedObject.mRID>_2E112535-48B6-4F66-BF38-5D3BFF0AF063</cim:IdentifiedObject.mRID>
  <cim:IdentifiedObject.name>OpLimV_0.2080_RangeAHi</cim:IdentifiedObject.name>
  <cim:OperationalLimit.OperationalLimitSet rdf:resource="#_23B7EF38-DEAC-464F-9A2F-A081D0FBDDBB"/>
  <cim:OperationalLimit.OperationalLimitType rdf:resource="#_3339361F-5873-410B-B2CC-E0769D886C19"/>
  <cim:VoltageLimit.value>218.4</cim:VoltageLimit.value>
</cim:VoltageLimit>
<cim:VoltageLimit rdf:ID="_D74F14C6-D395-4D91-91CD-FB26ABD2E3C8">
  <cim:IdentifiedObject.mRID>_D74F14C6-D395-4D91-91CD-FB26ABD2E3C8</cim:IdentifiedObject.mRID>
  <cim:IdentifiedObject.name>OpLimV_0.2080_RangeALo</cim:IdentifiedObject.name>
  <cim:OperationalLimit.OperationalLimitSet rdf:resource="#_23B7EF38-DEAC-464F-9A2F-A081D0FBDDBB"/>
  <cim:OperationalLimit.OperationalLimitType rdf:resource="#_70C2F5AB-51B7-4A0E-9203-69FD890127E9"/>
  <cim:VoltageLimit.value>197.6</cim:VoltageLimit.value>
</cim:VoltageLimit>
<cim:VoltageLimit rdf:ID="_D8367202-1510-4C64-8EB8-0E6A6643D905">
  <cim:IdentifiedObject.mRID>_D8367202-1510-4C64-8EB8-0E6A6643D905</cim:IdentifiedObject.mRID>
  <cim:IdentifiedObject.name>OpLimV_0.2080_RangeBHi</cim:IdentifiedObject.name>
  <cim:OperationalLimit.OperationalLimitSet rdf:resource="#_23B7EF38-DEAC-464F-9A2F-A081D0FBDDBB"/>
  <cim:OperationalLimit.OperationalLimitType rdf:resource="#_3DE03BEF-214A-472F-944C-088A64EA7EA6"/>
  <cim:VoltageLimit.value>220.13333</cim:VoltageLimit.value>
</cim:VoltageLimit>
<cim:VoltageLimit rdf:ID="_68CE3300-892F-4F9C-A35F-D59CDBCCEB95">
  <cim:IdentifiedObject.mRID>_68CE3300-892F-4F9C-A35F-D59CDBCCEB95</cim:IdentifiedObject.mRID>
  <cim:IdentifiedObject.name>OpLimV_0.2080_RangeBLo</cim:IdentifiedObject.name>
  <cim:OperationalLimit.OperationalLimitSet rdf:resource="#_23B7EF38-DEAC-464F-9A2F-A081D0FBDDBB"/>
  <cim:OperationalLimit.OperationalLimitType rdf:resource="#_5E27D0BA-7931-4154-8E1F-7C9EDD9457AC"/>
  <cim:VoltageLimit.value>190.66667</cim:VoltageLimit.value>
</cim:VoltageLimit>
<cim:TopologicalNode rdf:ID="_47FD1793-FCEC-4734-96FB-50E4D70BA4DC">
  <cim:IdentifiedObject.mRID>_47FD1793-FCEC-4734-96FB-50E4D70BA4DC</cim:IdentifiedObject.mRID>
  <cim:IdentifiedObject.name>sourcebus</cim:IdentifiedObject.name>
  <cim:TopologicalNode.TopologicalIsland rdf:resource="#_AE915A5E-32AA-408D-972D-F122E5469684"/>
</cim:TopologicalNode>
<cim:ConnectivityNode rdf:ID="_B2DC31F2-D523-4FE8-8BB2-76E9E222753D">
  <cim:IdentifiedObject.mRID>_B2DC31F2-D523-4FE8-8BB2-76E9E222753D</cim:IdentifiedObject.mRID>
  <cim:IdentifiedObject.name>sourcebus</cim:IdentifiedObject.name>
  <cim:ConnectivityNode.TopologicalNode rdf:resource="#_47FD1793-FCEC-4734-96FB-50E4D70BA4DC"/>
  <cim:ConnectivityNode.OperationalLimitSet rdf:resource="#_9BB9ABEF-37E8-442C-A681-FBDB8A2DA5D0"/>
  <cim:ConnectivityNode.ConnectivityNodeContainer rdf:resource="#_AA782F4B-C424-4D54-AE39-9E6B108A7E0A"/>
</cim:ConnectivityNode>
<cim:TopologicalNode rdf:ID="_84DC363D-9E02-443C-840D-6F601EB151D7">
  <cim:IdentifiedObject.mRID>_84DC363D-9E02-443C-840D-6F601EB151D7</cim:IdentifiedObject.mRID>
  <cim:IdentifiedObject.name>n2</cim:IdentifiedObject.name>
  <cim:TopologicalNode.TopologicalIsland rdf:resource="#_AE915A5E-32AA-408D-972D-F122E5469684"/>
</cim:TopologicalNode>
<cim:ConnectivityNode rdf:ID="_AD37BAA5-A685-4C3F-8037-1EC6F7C04311">
  <cim:IdentifiedObject.mRID>_AD37BAA5-A685-4C3F-8037-1EC6F7C04311</cim:IdentifiedObject.mRID>
  <cim:IdentifiedObject.name>n2</cim:IdentifiedObject.name>
  <cim:ConnectivityNode.TopologicalNode rdf:resource="#_84DC363D-9E02-443C-840D-6F601EB151D7"/>
  <cim:ConnectivityNode.OperationalLimitSet rdf:resource="#_9BB9ABEF-37E8-442C-A681-FBDB8A2DA5D0"/>
  <cim:ConnectivityNode.ConnectivityNodeContainer rdf:resource="#_AA782F4B-C424-4D54-AE39-9E6B108A7E0A"/>
</cim:ConnectivityNode>
<cim:TopologicalNode rdf:ID="_5AB34393-8727-4373-8107-401E1EB68709">
  <cim:IdentifiedObject.mRID>_5AB34393-8727-4373-8107-401E1EB68709</cim:IdentifiedObject.mRID>
  <cim:IdentifiedObject.name>house</cim:IdentifiedObject.name>
  <cim:TopologicalNode.TopologicalIsland rdf:resource="#_AE915A5E-32AA-408D-972D-F122E5469684"/>
</cim:TopologicalNode>
<cim:ConnectivityNode rdf:ID="_C75AB3E9-4715-49D7-B9C6-10E585D1A89A">
  <cim:IdentifiedObject.mRID>_C75AB3E9-4715-49D7-B9C6-10E585D1A89A</cim:IdentifiedObject.mRID>
  <cim:IdentifiedObject.name>house</cim:IdentifiedObject.name>
  <cim:ConnectivityNode.TopologicalNode rdf:resource="#_5AB34393-8727-4373-8107-401E1EB68709"/>
  <cim:ConnectivityNode.OperationalLimitSet rdf:resource="#_23B7EF38-DEAC-464F-9A2F-A081D0FBDDBB"/>
  <cim:ConnectivityNode.ConnectivityNodeContainer rdf:resource="#_AA782F4B-C424-4D54-AE39-9E6B108A7E0A"/>
</cim:ConnectivityNode>
<cim:TopologicalIsland rdf:ID="_AE915A5E-32AA-408D-972D-F122E5469684">
  <cim:IdentifiedObject.mRID>_AE915A5E-32AA-408D-972D-F122E5469684</cim:IdentifiedObject.mRID>
  <cim:IdentifiedObject.name>yybal_Island</cim:IdentifiedObject.name>
  <cim:TopologicalIsland.AngleRefTopologicalNode rdf:resource="#_47FD1793-FCEC-4734-96FB-50E4D70BA4DC"/>
</cim:TopologicalIsland>
<cim:EnergySource rdf:ID="_44126952-0868-4287-8990-BC60D763A85D">
  <cim:IdentifiedObject.mRID>_44126952-0868-4287-8990-BC60D763A85D</cim:IdentifiedObject.mRID>
  <cim:IdentifiedObject.name>source</cim:IdentifiedObject.name>
  <cim:Equipment.EquipmentContainer rdf:resource="#_AA782F4B-C424-4D54-AE39-9E6B108A7E0A"/>
  <cim:ConductingEquipment.BaseVoltage rdf:resource="#_C05A0E30-57F7-4A3C-911E-7FCD024E88C9"/>
  <cim:EnergySource.nominalVoltage>12470</cim:EnergySource.nominalVoltage>
  <cim:EnergySource.voltageMagnitude>12470</cim:EnergySource.voltageMagnitude>
  <cim:EnergySource.voltageAngle>0</cim:EnergySource.voltageAngle>
  <cim:EnergySource.r>0.00018857254</cim:EnergySource.r>
  <cim:EnergySource.x>0.00075429016</cim:EnergySource.x>
  <cim:EnergySource.r0>0.00024635211</cim:EnergySource.r0>
  <cim:EnergySource.x0>0.00073905633</cim:EnergySource.x0>
  <cim:PowerSystemResource.Location rdf:resource="#_3C67993C-2A3D-42CA-87F3-82D1BE88FB8F"/>
</cim:EnergySource>
<cim:Terminal rdf:ID="_72565A28-2C4B-489A-A701-15C5525868B0">
  <cim:IdentifiedObject.mRID>_72565A28-2C4B-489A-A701-15C5525868B0</cim:IdentifiedObject.mRID>
  <cim:IdentifiedObject.name>source_T1</cim:IdentifiedObject.name>
  <cim:Terminal.ConductingEquipment rdf:resource="#_44126952-0868-4287-8990-BC60D763A85D"/>
  <cim:ACDCTerminal.sequenceNumber>1</cim:ACDCTerminal.sequenceNumber>
  <cim:Terminal.ConnectivityNode rdf:resource="#_B2DC31F2-D523-4FE8-8BB2-76E9E222753D"/>
</cim:Terminal>
<cim:Location rdf:ID="_3C67993C-2A3D-42CA-87F3-82D1BE88FB8F">
  <cim:IdentifiedObject.mRID>_3C67993C-2A3D-42CA-87F3-82D1BE88FB8F</cim:IdentifiedObject.mRID>
  <cim:IdentifiedObject.name>source_Loc</cim:IdentifiedObject.name>
  <cim:Location.CoordinateSystem rdf:resource="#_1A2BB769-BD9F-4FE2-B0BE-85C5FA1881C6"/>
</cim:Location>
<cim:PositionPoint rdf:ID="_B388D65B-C9B8-45FC-9BEC-EA7FA5ABABE1">
  <cim:PositionPoint.Location rdf:resource="#_3C67993C-2A3D-42CA-87F3-82D1BE88FB8F"/>
  <cim:PositionPoint.sequenceNumber>1</cim:PositionPoint.sequenceNumber>
  <cim:PositionPoint.xPosition>0</cim:PositionPoint.xPosition>
  <cim:PositionPoint.yPosition>0</cim:PositionPoint.yPosition>
</cim:PositionPoint>
<cim:PowerTransformerInfo rdf:ID="_CB82B9D8-133C-4FDD-9E22-7D90F4D2060F">
  <cim:IdentifiedObject.mRID>_CB82B9D8-133C-4FDD-9E22-7D90F4D2060F</cim:IdentifiedObject.mRID>
  <cim:IdentifiedObject.name>ct2000_PowerXfInfo</cim:IdentifiedObject.name>
</cim:PowerTransformerInfo>
<cim:TransformerTankInfo rdf:ID="_7FC9BC0A-BDE4-469B-8561-560479A9BFED">
  <cim:IdentifiedObject.mRID>_7FC9BC0A-BDE4-469B-8561-560479A9BFED</cim:IdentifiedObject.mRID>
  <cim:IdentifiedObject.name>ct2000</cim:IdentifiedObject.name>
  <cim:TransformerTankInfo.PowerTransformerInfo rdf:resource="#_CB82B9D8-133C-4FDD-9E22-7D90F4D2060F"/>
</cim:TransformerTankInfo>
<cim:TransformerEndInfo rdf:ID="_5C3CF1FE-3036-491C-B974-B8A0AC529993">
  <cim:IdentifiedObject.mRID>_5C3CF1FE-3036-491C-B974-B8A0AC529993</cim:IdentifiedObject.mRID>
  <cim:IdentifiedObject.name>ct2000_1</cim:IdentifiedObject.name>
  <cim:TransformerEndInfo.TransformerTankInfo rdf:resource="#_7FC9BC0A-BDE4-469B-8561-560479A9BFED"/>
  <cim:TransformerEndInfo.endNumber>1</cim:TransformerEndInfo.endNumber>
  <cim:TransformerEndInfo.connectionKind rdf:resource="http://iec.ch/TC57/CIM100#WindingConnection.I"/>
  <cim:TransformerEndInfo.phaseAngleClock>0</cim:TransformerEndInfo.phaseAngleClock>
  <cim:TransformerEndInfo.ratedU>7200</cim:TransformerEndInfo.ratedU>
  <cim:TransformerEndInfo.ratedS>2000000</cim:TransformerEndInfo.ratedS>
  <cim:TransformerEndInfo.shortTermS>2200000</cim:TransformerEndInfo.shortTermS>
  <cim:TransformerEndInfo.emergencyS>3000000</cim:TransformerEndInfo.emergencyS>
  <cim:TransformerEndInfo.r>0.15552</cim:TransformerEndInfo.r>
  <cim:TransformerEndInfo.insulationU>0</cim:TransformerEndInfo.insulationU>
</cim:TransformerEndInfo>
<cim:TransformerEndInfo rdf:ID="_2737E95D-9042-4D5D-8F0D-EA8A1A2E8DE1">
  <cim:IdentifiedObject.mRID>_2737E95D-9042-4D5D-8F0D-EA8A1A2E8DE1</cim:IdentifiedObject.mRID>
  <cim:IdentifiedObject.name>ct2000_2</cim:IdentifiedObject.name>
  <cim:TransformerEndInfo.TransformerTankInfo rdf:resource="#_7FC9BC0A-BDE4-469B-8561-560479A9BFED"/>
  <cim:TransformerEndInfo.endNumber>2</cim:TransformerEndInfo.endNumber>
  <cim:TransformerEndInfo.connectionKind rdf:resource="http://iec.ch/TC57/CIM100#WindingConnection.I"/>
  <cim:TransformerEndInfo.phaseAngleClock>0</cim:TransformerEndInfo.phaseAngleClock>
  <cim:TransformerEndInfo.ratedU>120</cim:TransformerEndInfo.ratedU>
  <cim:TransformerEndInfo.ratedS>2000000</cim:TransformerEndInfo.ratedS>
  <cim:TransformerEndInfo.shortTermS>2200000</cim:TransformerEndInfo.shortTermS>
  <cim:TransformerEndInfo.emergencyS>3000000</cim:TransformerEndInfo.emergencyS>
  <cim:TransformerEndInfo.r>0.0000864</cim:TransformerEndInfo.r>
  <cim:TransformerEndInfo.insulationU>0</cim:TransformerEndInfo.insulationU>
</cim:TransformerEndInfo>
<cim:TransformerEndInfo rdf:ID="_47A53682-3F86-4F82-BD65-060F639052EC">
  <cim:IdentifiedObject.mRID>_47A53682-3F86-4F82-BD65-060F639052EC</cim:IdentifiedObject.mRID>
  <cim:IdentifiedObject.name>ct2000_3</cim:IdentifiedObject.name>
  <cim:TransformerEndInfo.TransformerTankInfo rdf:resource="#_7FC9BC0A-BDE4-469B-8561-560479A9BFED"/>
  <cim:TransformerEndInfo.endNumber>3</cim:TransformerEndInfo.endNumber>
  <cim:TransformerEndInfo.connectionKind rdf:resource="http://iec.ch/TC57/CIM100#WindingConnection.I"/>
  <cim:TransformerEndInfo.phaseAngleClock>6</cim:TransformerEndInfo.phaseAngleClock>
  <cim:TransformerEndInfo.ratedU>120</cim:TransformerEndInfo.ratedU>
  <cim:TransformerEndInfo.ratedS>2000000</cim:TransformerEndInfo.ratedS>
  <cim:TransformerEndInfo.shortTermS>2200000</cim:TransformerEndInfo.shortTermS>
  <cim:TransformerEndInfo.emergencyS>3000000</cim:TransformerEndInfo.emergencyS>
  <cim:TransformerEndInfo.r>0.0000864</cim:TransformerEndInfo.r>
  <cim:TransformerEndInfo.insulationU>0</cim:TransformerEndInfo.insulationU>
</cim:TransformerEndInfo>
<cim:NoLoadTest rdf:ID="_5CE89887-88E0-4903-B71A-47D9D56D68D4">
  <cim:IdentifiedObject.mRID>_5CE89887-88E0-4903-B71A-47D9D56D68D4</cim:IdentifiedObject.mRID>
  <cim:IdentifiedObject.name>ct2000_1</cim:IdentifiedObject.name>
  <cim:NoLoadTest.EnergisedEnd rdf:resource="#_5C3CF1FE-3036-491C-B974-B8A0AC529993"/>
  <cim:NoLoadTest.energisedEndVoltage>7200</cim:NoLoadTest.energisedEndVoltage>
  <cim:NoLoadTest.excitingCurrent>0.53851648</cim:NoLoadTest.excitingCurrent>
  <cim:NoLoadTest.excitingCurrentZero>0.53851648</cim:NoLoadTest.excitingCurrentZero>
  <cim:NoLoadTest.loss>4</cim:NoLoadTest.loss>
  <cim:NoLoadTest.lossZero>4</cim:NoLoadTest.lossZero>
  <cim:TransformerTest.basePower>2000000</cim:TransformerTest.basePower>
  <cim:TransformerTest.temperature>50</cim:TransformerTest.temperature>
</cim:NoLoadTest>
<cim:ShortCircuitTest rdf:ID="_C4190A68-5016-4188-B0E9-6E20DE704720">
  <cim:IdentifiedObject.mRID>_C4190A68-5016-4188-B0E9-6E20DE704720</cim:IdentifiedObject.mRID>
  <cim:IdentifiedObject.name>ct2000_1</cim:IdentifiedObject.name>
  <cim:ShortCircuitTest.EnergisedEnd rdf:resource="#_5C3CF1FE-3036-491C-B974-B8A0AC529993"/>
  <cim:ShortCircuitTest.GroundedEnds rdf:resource="#_2737E95D-9042-4D5D-8F0D-EA8A1A2E8DE1"/>
  <cim:ShortCircuitTest.energisedEndStep>16</cim:ShortCircuitTest.energisedEndStep>
  <cim:ShortCircuitTest.groundedEndStep>16</cim:ShortCircuitTest.groundedEndStep>
  <cim:ShortCircuitTest.leakageImpedance>0.528768</cim:ShortCircuitTest.leakageImpedance>
  <cim:ShortCircuitTest.leakageImpedanceZero>0.528768</cim:ShortCircuitTest.leakageImpedanceZero>
  <cim:ShortCircuitTest.loss>36</cim:ShortCircuitTest.loss>
  <cim:ShortCircuitTest.lossZero>36</cim:ShortCircuitTest.lossZero>
  <cim:TransformerTest.basePower>2000000</cim:TransformerTest.basePower>
  <cim:TransformerTest.temperature>50</cim:TransformerTest.temperature>
</cim:ShortCircuitTest>
<cim:ShortCircuitTest rdf:ID="_446FC76A-B3FC-43D3-A54A-4BD28A5CB0A7">
  <cim:IdentifiedObject.mRID>_446FC76A-B3FC-43D3-A54A-4BD28A5CB0A7</cim:IdentifiedObject.mRID>
  <cim:IdentifiedObject.name>ct2000_2</cim:IdentifiedObject.name>
  <cim:ShortCircuitTest.EnergisedEnd rdf:resource="#_5C3CF1FE-3036-491C-B974-B8A0AC529993"/>
  <cim:ShortCircuitTest.GroundedEnds rdf:resource="#_47A53682-3F86-4F82-BD65-060F639052EC"/>
  <cim:ShortCircuitTest.energisedEndStep>16</cim:ShortCircuitTest.energisedEndStep>
  <cim:ShortCircuitTest.groundedEndStep>16</cim:ShortCircuitTest.groundedEndStep>
  <cim:ShortCircuitTest.leakageImpedance>0.528768</cim:ShortCircuitTest.leakageImpedance>
  <cim:ShortCircuitTest.leakageImpedanceZero>0.528768</cim:ShortCircuitTest.leakageImpedanceZero>
  <cim:ShortCircuitTest.loss>0</cim:ShortCircuitTest.loss>
  <cim:ShortCircuitTest.lossZero>0</cim:ShortCircuitTest.lossZero>
  <cim:TransformerTest.basePower>2000000</cim:TransformerTest.basePower>
  <cim:TransformerTest.temperature>50</cim:TransformerTest.temperature>
</cim:ShortCircuitTest>
<cim:ShortCircuitTest rdf:ID="_B1B287BD-3E52-4664-98A0-58971AF2C7EC">
  <cim:IdentifiedObject.mRID>_B1B287BD-3E52-4664-98A0-58971AF2C7EC</cim:IdentifiedObject.mRID>
  <cim:IdentifiedObject.name>ct2000_3</cim:IdentifiedObject.name>
  <cim:ShortCircuitTest.EnergisedEnd rdf:resource="#_2737E95D-9042-4D5D-8F0D-EA8A1A2E8DE1"/>
  <cim:ShortCircuitTest.GroundedEnds rdf:resource="#_47A53682-3F86-4F82-BD65-060F639052EC"/>
  <cim:ShortCircuitTest.energisedEndStep>16</cim:ShortCircuitTest.energisedEndStep>
  <cim:ShortCircuitTest.groundedEndStep>16</cim:ShortCircuitTest.groundedEndStep>
  <cim:ShortCircuitTest.leakageImpedance>0.00009792</cim:ShortCircuitTest.leakageImpedance>
  <cim:ShortCircuitTest.leakageImpedanceZero>0.00009792</cim:ShortCircuitTest.leakageImpedanceZero>
  <cim:ShortCircuitTest.loss>0</cim:ShortCircuitTest.loss>
  <cim:ShortCircuitTest.lossZero>0</cim:ShortCircuitTest.lossZero>
  <cim:TransformerTest.basePower>2000000</cim:TransformerTest.basePower>
  <cim:TransformerTest.temperature>50</cim:TransformerTest.temperature>
</cim:ShortCircuitTest>
<cim:Asset rdf:ID="_5A6CE8D5-47F2-4BDC-9E26-A711A46883D3">
  <cim:IdentifiedObject.mRID>_5A6CE8D5-47F2-4BDC-9E26-A711A46883D3</cim:IdentifiedObject.mRID>
  <cim:IdentifiedObject.name>TankAsset_ct2000</cim:IdentifiedObject.name>
  <cim:Asset.AssetInfo rdf:resource="#_7FC9BC0A-BDE4-469B-8561-560479A9BFED"/>
  <cim:Asset.PowerSystemResources rdf:resource="#_7B5CEE24-3DC5-4DCA-9098-073A3807E627"/>
</cim:Asset>
<cim:TransformerTank rdf:ID="_7B5CEE24-3DC5-4DCA-9098-073A3807E627">
  <cim:IdentifiedObject.mRID>_7B5CEE24-3DC5-4DCA-9098-073A3807E627</cim:IdentifiedObject.mRID>
  <cim:IdentifiedObject.name>t1</cim:IdentifiedObject.name>
  <cim:Equipment.EquipmentContainer rdf:resource="#_AA782F4B-C424-4D54-AE39-9E6B108A7E0A"/>
  <cim:TransformerTank.PowerTransformer rdf:resource="#_40D2D62C-4280-4555-83DB-6DCE44ACD628"/>
  <cim:PowerSystemResource.Location rdf:resource="#_B79A9136-7703-4115-93ED-4130EF3EC99F"/>
</cim:TransformerTank>
<cim:Location rdf:ID="_B79A9136-7703-4115-93ED-4130EF3EC99F">
  <cim:IdentifiedObject.mRID>_B79A9136-7703-4115-93ED-4130EF3EC99F</cim:IdentifiedObject.mRID>
  <cim:IdentifiedObject.name>t1_Loc</cim:IdentifiedObject.name>
  <cim:Location.CoordinateSystem rdf:resource="#_1A2BB769-BD9F-4FE2-B0BE-85C5FA1881C6"/>
</cim:Location>
<cim:PositionPoint rdf:ID="_24D61BC2-4E0A-411F-AC7D-2CAE2282CAE8">
  <cim:PositionPoint.Location rdf:resource="#_B79A9136-7703-4115-93ED-4130EF3EC99F"/>
  <cim:PositionPoint.sequenceNumber>1</cim:PositionPoint.sequenceNumber>
  <cim:PositionPoint.xPosition>0</cim:PositionPoint.xPosition>
  <cim:PositionPoint.yPosition>0</cim:PositionPoint.yPosition>
</cim:PositionPoint>
<cim:PositionPoint rdf:ID="_8B324434-4FFA-4F1C-9403-48D8D94E731B">
  <cim:PositionPoint.Location rdf:resource="#_B79A9136-7703-4115-93ED-4130EF3EC99F"/>
  <cim:PositionPoint.sequenceNumber>2</cim:PositionPoint.sequenceNumber>
  <cim:PositionPoint.xPosition>0</cim:PositionPoint.xPosition>
  <cim:PositionPoint.yPosition>0</cim:PositionPoint.yPosition>
</cim:PositionPoint>
<cim:PositionPoint rdf:ID="_772D0051-C190-4D1A-9586-8AD24F11A917">
  <cim:PositionPoint.Location rdf:resource="#_B79A9136-7703-4115-93ED-4130EF3EC99F"/>
  <cim:PositionPoint.sequenceNumber>3</cim:PositionPoint.sequenceNumber>
  <cim:PositionPoint.xPosition>0</cim:PositionPoint.xPosition>
  <cim:PositionPoint.yPosition>0</cim:PositionPoint.yPosition>
</cim:PositionPoint>
<cim:TransformerTankEnd rdf:ID="_99922B94-6845-4159-B7A0-FF54C52D59AF">
  <cim:IdentifiedObject.mRID>_99922B94-6845-4159-B7A0-FF54C52D59AF</cim:IdentifiedObject.mRID>
  <cim:IdentifiedObject.name>t1_End_1</cim:IdentifiedObject.name>
  <cim:TransformerTankEnd.phases rdf:resource="http://iec.ch/TC57/CIM100#PhaseCode.C"/>
  <cim:TransformerEnd.grounded>true</cim:TransformerEnd.grounded>
  <cim:TransformerEnd.rground>0</cim:TransformerEnd.rground>
  <cim:TransformerEnd.xground>0</cim:TransformerEnd.xground>
  <cim:TransformerTankEnd.reversed>false</cim:TransformerTankEnd.reversed>
  <cim:TransformerTankEnd.TransformerTank rdf:resource="#_7B5CEE24-3DC5-4DCA-9098-073A3807E627"/>
  <cim:TransformerEnd.endNumber>1</cim:TransformerEnd.endNumber>
  <cim:TransformerEnd.Terminal rdf:resource="#_9815B3B9-2B97-425D-BED3-935BF21611BE"/>
  <cim:TransformerEnd.BaseVoltage rdf:resource="#_C05A0E30-57F7-4A3C-911E-7FCD024E88C9"/>
</cim:TransformerTankEnd>
<cim:Terminal rdf:ID="_9815B3B9-2B97-425D-BED3-935BF21611BE">
  <cim:IdentifiedObject.mRID>_9815B3B9-2B97-425D-BED3-935BF21611BE</cim:IdentifiedObject.mRID>
  <cim:IdentifiedObject.name>t1_T1</cim:IdentifiedObject.name>
  <cim:Terminal.ConductingEquipment rdf:resource="#_40D2D62C-4280-4555-83DB-6DCE44ACD628"/>
  <cim:ACDCTerminal.sequenceNumber>1</cim:ACDCTerminal.sequenceNumber>
  <cim:Terminal.ConnectivityNode rdf:resource="#_AD37BAA5-A685-4C3F-8037-1EC6F7C04311"/>
  <cim:ACDCTerminal.OperationalLimitSet rdf:resource="#_83C80111-76DA-4F5E-903E-B8BFF5EB6A5F"/>
</cim:Terminal>
<cim:TransformerTankEnd rdf:ID="_428F81DE-DF88-4862-8AAD-0C3B22CB553F">
  <cim:IdentifiedObject.mRID>_428F81DE-DF88-4862-8AAD-0C3B22CB553F</cim:IdentifiedObject.mRID>
  <cim:IdentifiedObject.name>t1_End_2</cim:IdentifiedObject.name>
  <cim:TransformerTankEnd.phases rdf:resource="http://iec.ch/TC57/CIM100#PhaseCode.s1"/>
  <cim:TransformerEnd.grounded>true</cim:TransformerEnd.grounded>
  <cim:TransformerEnd.rground>0</cim:TransformerEnd.rground>
  <cim:TransformerEnd.xground>0</cim:TransformerEnd.xground>
  <cim:TransformerTankEnd.reversed>false</cim:TransformerTankEnd.reversed>
  <cim:TransformerTankEnd.TransformerTank rdf:resource="#_7B5CEE24-3DC5-4DCA-9098-073A3807E627"/>
  <cim:TransformerEnd.endNumber>2</cim:TransformerEnd.endNumber>
  <cim:TransformerEnd.Terminal rdf:resource="#_E356470B-87E4-4833-86C8-9A57B1DCD9F7"/>
  <cim:TransformerEnd.BaseVoltage rdf:resource="#_3757D581-4FBC-47C4-898E-E0F4C40B25EA"/>
</cim:TransformerTankEnd>
<cim:Terminal rdf:ID="_E356470B-87E4-4833-86C8-9A57B1DCD9F7">
  <cim:IdentifiedObject.mRID>_E356470B-87E4-4833-86C8-9A57B1DCD9F7</cim:IdentifiedObject.mRID>
  <cim:IdentifiedObject.name>t1_T2</cim:IdentifiedObject.name>
  <cim:Terminal.ConductingEquipment rdf:resource="#_40D2D62C-4280-4555-83DB-6DCE44ACD628"/>
  <cim:ACDCTerminal.sequenceNumber>2</cim:ACDCTerminal.sequenceNumber>
  <cim:Terminal.ConnectivityNode rdf:resource="#_C75AB3E9-4715-49D7-B9C6-10E585D1A89A"/>
</cim:Terminal>
<cim:TransformerTankEnd rdf:ID="_C33C1C1E-7B18-45E2-A0E0-4239CE74C308">
  <cim:IdentifiedObject.mRID>_C33C1C1E-7B18-45E2-A0E0-4239CE74C308</cim:IdentifiedObject.mRID>
  <cim:IdentifiedObject.name>t1_End_3</cim:IdentifiedObject.name>
  <cim:TransformerTankEnd.phases rdf:resource="http://iec.ch/TC57/CIM100#PhaseCode.s2"/>
  <cim:TransformerEnd.grounded>true</cim:TransformerEnd.grounded>
  <cim:TransformerEnd.rground>0</cim:TransformerEnd.rground>
  <cim:TransformerEnd.xground>0</cim:TransformerEnd.xground>
  <cim:TransformerTankEnd.reversed>true</cim:TransformerTankEnd.reversed>
  <cim:TransformerTankEnd.TransformerTank rdf:resource="#_7B5CEE24-3DC5-4DCA-9098-073A3807E627"/>
  <cim:TransformerEnd.endNumber>3</cim:TransformerEnd.endNumber>
  <cim:TransformerEnd.Terminal rdf:resource="#_04F9B312-1289-4748-B5A0-13AA4D6D7283"/>
  <cim:TransformerEnd.BaseVoltage rdf:resource="#_3757D581-4FBC-47C4-898E-E0F4C40B25EA"/>
</cim:TransformerTankEnd>
<cim:Terminal rdf:ID="_04F9B312-1289-4748-B5A0-13AA4D6D7283">
  <cim:IdentifiedObject.mRID>_04F9B312-1289-4748-B5A0-13AA4D6D7283</cim:IdentifiedObject.mRID>
  <cim:IdentifiedObject.name>t1_T3</cim:IdentifiedObject.name>
  <cim:Terminal.ConductingEquipment rdf:resource="#_40D2D62C-4280-4555-83DB-6DCE44ACD628"/>
  <cim:ACDCTerminal.sequenceNumber>3</cim:ACDCTerminal.sequenceNumber>
  <cim:Terminal.ConnectivityNode rdf:resource="#_C75AB3E9-4715-49D7-B9C6-10E585D1A89A"/>
</cim:Terminal>
<cim:PowerTransformer rdf:ID="_40D2D62C-4280-4555-83DB-6DCE44ACD628">
  <cim:IdentifiedObject.mRID>_40D2D62C-4280-4555-83DB-6DCE44ACD628</cim:IdentifiedObject.mRID>
  <cim:IdentifiedObject.name>t1</cim:IdentifiedObject.name>
  <cim:Equipment.EquipmentContainer rdf:resource="#_AA782F4B-C424-4D54-AE39-9E6B108A7E0A"/>
  <cim:PowerTransformer.vectorGroup>Iii</cim:PowerTransformer.vectorGroup>
  <cim:PowerSystemResource.Location rdf:resource="#_B79A9136-7703-4115-93ED-4130EF3EC99F"/>
</cim:PowerTransformer>
<cim:ACLineSegment rdf:ID="_49BD0C4B-5E28-44A2-A9C9-B3E70A06CE09">
  <cim:IdentifiedObject.mRID>_49BD0C4B-5E28-44A2-A9C9-B3E70A06CE09</cim:IdentifiedObject.mRID>
  <cim:IdentifiedObject.name>line1</cim:IdentifiedObject.name>
  <cim:Equipment.EquipmentContainer rdf:resource="#_AA782F4B-C424-4D54-AE39-9E6B108A7E0A"/>
  <cim:ConductingEquipment.BaseVoltage rdf:resource="#_C05A0E30-57F7-4A3C-911E-7FCD024E88C9"/>
  <cim:Conductor.length>609.6</cim:Conductor.length>
  <cim:ACLineSegment.WireSpacingInfo rdf:resource="#_F81EEC46-FC5C-428B-B21D-2105BFE90EBC"/>
  <cim:PowerSystemResource.Location rdf:resource="#_AC649A1E-5910-441C-B77C-77D7C1AAF130"/>
</cim:ACLineSegment>
<cim:ACLineSegmentPhase rdf:ID="_B2B522B8-7DE6-4EFF-9300-30F80D6468D8">
  <cim:IdentifiedObject.mRID>_B2B522B8-7DE6-4EFF-9300-30F80D6468D8</cim:IdentifiedObject.mRID>
  <cim:IdentifiedObject.name>line1_A</cim:IdentifiedObject.name>
  <cim:ACLineSegmentPhase.phase rdf:resource="http://iec.ch/TC57/CIM100#SinglePhaseKind.A"/>
  <cim:ACLineSegmentPhase.sequenceNumber>1</cim:ACLineSegmentPhase.sequenceNumber>
  <cim:ACLineSegmentPhase.WireInfo rdf:resource="#_BF75669D-348B-4C6B-AE2D-3734CA88BC7F"/>
  <cim:ACLineSegmentPhase.ACLineSegment rdf:resource="#_49BD0C4B-5E28-44A2-A9C9-B3E70A06CE09"/>
  <cim:PowerSystemResource.Location rdf:resource="#_AC649A1E-5910-441C-B77C-77D7C1AAF130"/>
</cim:ACLineSegmentPhase>
<cim:ACLineSegmentPhase rdf:ID="_84D4B620-AE52-4017-902F-14D6F3E03249">
  <cim:IdentifiedObject.mRID>_84D4B620-AE52-4017-902F-14D6F3E03249</cim:IdentifiedObject.mRID>
  <cim:IdentifiedObject.name>line1_B</cim:IdentifiedObject.name>
  <cim:ACLineSegmentPhase.phase rdf:resource="http://iec.ch/TC57/CIM100#SinglePhaseKind.B"/>
  <cim:ACLineSegmentPhase.sequenceNumber>2</cim:ACLineSegmentPhase.sequenceNumber>
  <cim:ACLineSegmentPhase.WireInfo rdf:resource="#_BF75669D-348B-4C6B-AE2D-3734CA88BC7F"/>
  <cim:ACLineSegmentPhase.ACLineSegment rdf:resource="#_49BD0C4B-5E28-44A2-A9C9-B3E70A06CE09"/>
  <cim:PowerSystemResource.Location rdf:resource="#_AC649A1E-5910-441C-B77C-77D7C1AAF130"/>
</cim:ACLineSegmentPhase>
<cim:ACLineSegmentPhase rdf:ID="_6DD1A79B-BFE1-4D0C-9E83-52456753F273">
  <cim:IdentifiedObject.mRID>_6DD1A79B-BFE1-4D0C-9E83-52456753F273</cim:IdentifiedObject.mRID>
  <cim:IdentifiedObject.name>line1_C</cim:IdentifiedObject.name>
  <cim:ACLineSegmentPhase.phase rdf:resource="http://iec.ch/TC57/CIM100#SinglePhaseKind.C"/>
  <cim:ACLineSegmentPhase.sequenceNumber>3</cim:ACLineSegmentPhase.sequenceNumber>
  <cim:ACLineSegmentPhase.WireInfo rdf:resource="#_BF75669D-348B-4C6B-AE2D-3734CA88BC7F"/>
  <cim:ACLineSegmentPhase.ACLineSegment rdf:resource="#_49BD0C4B-5E28-44A2-A9C9-B3E70A06CE09"/>
  <cim:PowerSystemResource.Location rdf:resource="#_AC649A1E-5910-441C-B77C-77D7C1AAF130"/>
</cim:ACLineSegmentPhase>
<cim:ACLineSegmentPhase rdf:ID="_47E7D12C-CEA0-46F3-8094-31022D996A45">
  <cim:IdentifiedObject.mRID>_47E7D12C-CEA0-46F3-8094-31022D996A45</cim:IdentifiedObject.mRID>
  <cim:IdentifiedObject.name>line1_N</cim:IdentifiedObject.name>
  <cim:ACLineSegmentPhase.phase rdf:resource="http://iec.ch/TC57/CIM100#SinglePhaseKind.N"/>
  <cim:ACLineSegmentPhase.sequenceNumber>4</cim:ACLineSegmentPhase.sequenceNumber>
  <cim:ACLineSegmentPhase.WireInfo rdf:resource="#_E57B4309-1F97-48CA-BBC3-A732DC80E393"/>
  <cim:ACLineSegmentPhase.ACLineSegment rdf:resource="#_49BD0C4B-5E28-44A2-A9C9-B3E70A06CE09"/>
  <cim:PowerSystemResource.Location rdf:resource="#_AC649A1E-5910-441C-B77C-77D7C1AAF130"/>
</cim:ACLineSegmentPhase>
<cim:Terminal rdf:ID="_731038D9-6FD7-48A3-9E7B-8556D245C4C4">
  <cim:IdentifiedObject.mRID>_731038D9-6FD7-48A3-9E7B-8556D245C4C4</cim:IdentifiedObject.mRID>
  <cim:IdentifiedObject.name>line1_T1</cim:IdentifiedObject.name>
  <cim:Terminal.ConductingEquipment rdf:resource="#_49BD0C4B-5E28-44A2-A9C9-B3E70A06CE09"/>
  <cim:ACDCTerminal.sequenceNumber>1</cim:ACDCTerminal.sequenceNumber>
  <cim:Terminal.ConnectivityNode rdf:resource="#_B2DC31F2-D523-4FE8-8BB2-76E9E222753D"/>
</cim:Terminal>
<cim:Terminal rdf:ID="_62B191DA-513D-43EF-BA76-2FC9BE581B66">
  <cim:IdentifiedObject.mRID>_62B191DA-513D-43EF-BA76-2FC9BE581B66</cim:IdentifiedObject.mRID>
  <cim:IdentifiedObject.name>line1_T2</cim:IdentifiedObject.name>
  <cim:Terminal.ConductingEquipment rdf:resource="#_49BD0C4B-5E28-44A2-A9C9-B3E70A06CE09"/>
  <cim:ACDCTerminal.sequenceNumber>2</cim:ACDCTerminal.sequenceNumber>
  <cim:Terminal.ConnectivityNode rdf:resource="#_AD37BAA5-A685-4C3F-8037-1EC6F7C04311"/>
</cim:Terminal>
<cim:Location rdf:ID="_AC649A1E-5910-441C-B77C-77D7C1AAF130">
  <cim:IdentifiedObject.mRID>_AC649A1E-5910-441C-B77C-77D7C1AAF130</cim:IdentifiedObject.mRID>
  <cim:IdentifiedObject.name>line1_Loc</cim:IdentifiedObject.name>
  <cim:Location.CoordinateSystem rdf:resource="#_1A2BB769-BD9F-4FE2-B0BE-85C5FA1881C6"/>
</cim:Location>
<cim:PositionPoint rdf:ID="_DAE5DE11-FBB0-4E38-97F1-E9A5E6BA9EA4">
  <cim:PositionPoint.Location rdf:resource="#_AC649A1E-5910-441C-B77C-77D7C1AAF130"/>
  <cim:PositionPoint.sequenceNumber>1</cim:PositionPoint.sequenceNumber>
  <cim:PositionPoint.xPosition>0</cim:PositionPoint.xPosition>
  <cim:PositionPoint.yPosition>0</cim:PositionPoint.yPosition>
</cim:PositionPoint>
<cim:PositionPoint rdf:ID="_8FC0D8F7-4683-45B9-A57B-C60B49BA1DB9">
  <cim:PositionPoint.Location rdf:resource="#_AC649A1E-5910-441C-B77C-77D7C1AAF130"/>
  <cim:PositionPoint.sequenceNumber>2</cim:PositionPoint.sequenceNumber>
  <cim:PositionPoint.xPosition>0</cim:PositionPoint.xPosition>
  <cim:PositionPoint.yPosition>0</cim:PositionPoint.yPosition>
</cim:PositionPoint>
<cim:LoadResponseCharacteristic rdf:ID="_62BC1968-7F74-4527-ABBA-62F318E6548A">
  <cim:IdentifiedObject.mRID>_62BC1968-7F74-4527-ABBA-62F318E6548A</cim:IdentifiedObject.mRID>
  <cim:IdentifiedObject.name>Constant kVA</cim:IdentifiedObject.name>
  <cim:LoadResponseCharacteristic.exponentModel>false</cim:LoadResponseCharacteristic.exponentModel>
  <cim:LoadResponseCharacteristic.pConstantImpedance>0</cim:LoadResponseCharacteristic.pConstantImpedance>
  <cim:LoadResponseCharacteristic.pConstantCurrent>0</cim:LoadResponseCharacteristic.pConstantCurrent>
  <cim:LoadResponseCharacteristic.pConstantPower>100</cim:LoadResponseCharacteristic.pConstantPower>
  <cim:LoadResponseCharacteristic.qConstantImpedance>0</cim:LoadResponseCharacteristic.qConstantImpedance>
  <cim:LoadResponseCharacteristic.qConstantCurrent>0</cim:LoadResponseCharacteristic.qConstantCurrent>
  <cim:LoadResponseCharacteristic.qConstantPower>100</cim:LoadResponseCharacteristic.qConstantPower>
  <cim:LoadResponseCharacteristic.pVoltageExponent>0</cim:LoadResponseCharacteristic.pVoltageExponent>
  <cim:LoadResponseCharacteristic.qVoltageExponent>0</cim:LoadResponseCharacteristic.qVoltageExponent>
  <cim:LoadResponseCharacteristic.pFrequencyExponent>0</cim:LoadResponseCharacteristic.pFrequencyExponent>
  <cim:LoadResponseCharacteristic.qFrequencyExponent>0</cim:LoadResponseCharacteristic.qFrequencyExponent>
</cim:LoadResponseCharacteristic>
<cim:LoadResponseCharacteristic rdf:ID="_47AB1CB1-2A18-4AF3-9D87-7300969945D5">
  <cim:IdentifiedObject.mRID>_47AB1CB1-2A18-4AF3-9D87-7300969945D5</cim:IdentifiedObject.mRID>
  <cim:IdentifiedObject.name>Constant Z</cim:IdentifiedObject.name>
  <cim:LoadResponseCharacteristic.exponentModel>false</cim:LoadResponseCharacteristic.exponentModel>
  <cim:LoadResponseCharacteristic.pConstantImpedance>100</cim:LoadResponseCharacteristic.pConstantImpedance>
  <cim:LoadResponseCharacteristic.pConstantCurrent>0</cim:LoadResponseCharacteristic.pConstantCurrent>
  <cim:LoadResponseCharacteristic.pConstantPower>0</cim:LoadResponseCharacteristic.pConstantPower>
  <cim:LoadResponseCharacteristic.qConstantImpedance>100</cim:LoadResponseCharacteristic.qConstantImpedance>
  <cim:LoadResponseCharacteristic.qConstantCurrent>0</cim:LoadResponseCharacteristic.qConstantCurrent>
  <cim:LoadResponseCharacteristic.qConstantPower>0</cim:LoadResponseCharacteristic.qConstantPower>
  <cim:LoadResponseCharacteristic.pVoltageExponent>0</cim:LoadResponseCharacteristic.pVoltageExponent>
  <cim:LoadResponseCharacteristic.qVoltageExponent>0</cim:LoadResponseCharacteristic.qVoltageExponent>
  <cim:LoadResponseCharacteristic.pFrequencyExponent>0</cim:LoadResponseCharacteristic.pFrequencyExponent>
  <cim:LoadResponseCharacteristic.qFrequencyExponent>0</cim:LoadResponseCharacteristic.qFrequencyExponent>
</cim:LoadResponseCharacteristic>
<cim:LoadResponseCharacteristic rdf:ID="_0F2C4010-8354-49BC-9E3A-BA1960DB3787">
  <cim:IdentifiedObject.mRID>_0F2C4010-8354-49BC-9E3A-BA1960DB3787</cim:IdentifiedObject.mRID>
  <cim:IdentifiedObject.name>Motor</cim:IdentifiedObject.name>
  <cim:LoadResponseCharacteristic.exponentModel>false</cim:LoadResponseCharacteristic.exponentModel>
  <cim:LoadResponseCharacteristic.pConstantImpedance>0</cim:LoadResponseCharacteristic.pConstantImpedance>
  <cim:LoadResponseCharacteristic.pConstantCurrent>0</cim:LoadResponseCharacteristic.pConstantCurrent>
  <cim:LoadResponseCharacteristic.pConstantPower>100</cim:LoadResponseCharacteristic.pConstantPower>
  <cim:LoadResponseCharacteristic.qConstantImpedance>100</cim:LoadResponseCharacteristic.qConstantImpedance>
  <cim:LoadResponseCharacteristic.qConstantCurrent>0</cim:LoadResponseCharacteristic.qConstantCurrent>
  <cim:LoadResponseCharacteristic.qConstantPower>0</cim:LoadResponseCharacteristic.qConstantPower>
  <cim:LoadResponseCharacteristic.pVoltageExponent>0</cim:LoadResponseCharacteristic.pVoltageExponent>
  <cim:LoadResponseCharacteristic.qVoltageExponent>0</cim:LoadResponseCharacteristic.qVoltageExponent>
  <cim:LoadResponseCharacteristic.pFrequencyExponent>0</cim:LoadResponseCharacteristic.pFrequencyExponent>
  <cim:LoadResponseCharacteristic.qFrequencyExponent>0</cim:LoadResponseCharacteristic.qFrequencyExponent>
</cim:LoadResponseCharacteristic>
<cim:LoadResponseCharacteristic rdf:ID="_97ABE319-54AE-48CD-A2DE-761A90ECABDE">
  <cim:IdentifiedObject.mRID>_97ABE319-54AE-48CD-A2DE-761A90ECABDE</cim:IdentifiedObject.mRID>
  <cim:IdentifiedObject.name>Mix Motor/Res</cim:IdentifiedObject.name>
  <cim:LoadResponseCharacteristic.exponentModel>true</cim:LoadResponseCharacteristic.exponentModel>
  <cim:LoadResponseCharacteristic.pConstantImpedance>0</cim:LoadResponseCharacteristic.pConstantImpedance>
  <cim:LoadResponseCharacteristic.pConstantCurrent>0</cim:LoadResponseCharacteristic.pConstantCurrent>
  <cim:LoadResponseCharacteristic.pConstantPower>0</cim:LoadResponseCharacteristic.pConstantPower>
  <cim:LoadResponseCharacteristic.qConstantImpedance>0</cim:LoadResponseCharacteristic.qConstantImpedance>
  <cim:LoadResponseCharacteristic.qConstantCurrent>0</cim:LoadResponseCharacteristic.qConstantCurrent>
  <cim:LoadResponseCharacteristic.qConstantPower>0</cim:LoadResponseCharacteristic.qConstantPower>
  <cim:LoadResponseCharacteristic.pVoltageExponent>1</cim:LoadResponseCharacteristic.pVoltageExponent>
  <cim:LoadResponseCharacteristic.qVoltageExponent>2</cim:LoadResponseCharacteristic.qVoltageExponent>
  <cim:LoadResponseCharacteristic.pFrequencyExponent>0</cim:LoadResponseCharacteristic.pFrequencyExponent>
  <cim:LoadResponseCharacteristic.qFrequencyExponent>0</cim:LoadResponseCharacteristic.qFrequencyExponent>
</cim:LoadResponseCharacteristic>
<cim:LoadResponseCharacteristic rdf:ID="_D4522FA9-2C70-4833-AD5D-840294152F86">
  <cim:IdentifiedObject.mRID>_D4522FA9-2C70-4833-AD5D-840294152F86</cim:IdentifiedObject.mRID>
  <cim:IdentifiedObject.name>Constant I</cim:IdentifiedObject.name>
  <cim:LoadResponseCharacteristic.exponentModel>false</cim:LoadResponseCharacteristic.exponentModel>
  <cim:LoadResponseCharacteristic.pConstantImpedance>0</cim:LoadResponseCharacteristic.pConstantImpedance>
  <cim:LoadResponseCharacteristic.pConstantCurrent>100</cim:LoadResponseCharacteristic.pConstantCurrent>
  <cim:LoadResponseCharacteristic.pConstantPower>0</cim:LoadResponseCharacteristic.pConstantPower>
  <cim:LoadResponseCharacteristic.qConstantImpedance>0</cim:LoadResponseCharacteristic.qConstantImpedance>
  <cim:LoadResponseCharacteristic.qConstantCurrent>100</cim:LoadResponseCharacteristic.qConstantCurrent>
  <cim:LoadResponseCharacteristic.qConstantPower>0</cim:LoadResponseCharacteristic.qConstantPower>
  <cim:LoadResponseCharacteristic.pVoltageExponent>0</cim:LoadResponseCharacteristic.pVoltageExponent>
  <cim:LoadResponseCharacteristic.qVoltageExponent>0</cim:LoadResponseCharacteristic.qVoltageExponent>
  <cim:LoadResponseCharacteristic.pFrequencyExponent>0</cim:LoadResponseCharacteristic.pFrequencyExponent>
  <cim:LoadResponseCharacteristic.qFrequencyExponent>0</cim:LoadResponseCharacteristic.qFrequencyExponent>
</cim:LoadResponseCharacteristic>
<cim:LoadResponseCharacteristic rdf:ID="_4434A466-8C6D-448A-A159-3EE0CEA7432E">
  <cim:IdentifiedObject.mRID>_4434A466-8C6D-448A-A159-3EE0CEA7432E</cim:IdentifiedObject.mRID>
  <cim:IdentifiedObject.name>Variable P, Fixed Q</cim:IdentifiedObject.name>
  <cim:LoadResponseCharacteristic.exponentModel>false</cim:LoadResponseCharacteristic.exponentModel>
  <cim:LoadResponseCharacteristic.pConstantImpedance>0</cim:LoadResponseCharacteristic.pConstantImpedance>
  <cim:LoadResponseCharacteristic.pConstantCurrent>0</cim:LoadResponseCharacteristic.pConstantCurrent>
  <cim:LoadResponseCharacteristic.pConstantPower>100</cim:LoadResponseCharacteristic.pConstantPower>
  <cim:LoadResponseCharacteristic.qConstantImpedance>0</cim:LoadResponseCharacteristic.qConstantImpedance>
  <cim:LoadResponseCharacteristic.qConstantCurrent>0</cim:LoadResponseCharacteristic.qConstantCurrent>
  <cim:LoadResponseCharacteristic.qConstantPower>100</cim:LoadResponseCharacteristic.qConstantPower>
  <cim:LoadResponseCharacteristic.pVoltageExponent>0</cim:LoadResponseCharacteristic.pVoltageExponent>
  <cim:LoadResponseCharacteristic.qVoltageExponent>0</cim:LoadResponseCharacteristic.qVoltageExponent>
  <cim:LoadResponseCharacteristic.pFrequencyExponent>0</cim:LoadResponseCharacteristic.pFrequencyExponent>
  <cim:LoadResponseCharacteristic.qFrequencyExponent>0</cim:LoadResponseCharacteristic.qFrequencyExponent>
</cim:LoadResponseCharacteristic>
<cim:LoadResponseCharacteristic rdf:ID="_B9162BC4-7234-414A-8A53-1B998D0C55FD">
  <cim:IdentifiedObject.mRID>_B9162BC4-7234-414A-8A53-1B998D0C55FD</cim:IdentifiedObject.mRID>
  <cim:IdentifiedObject.name>Variable P, Fixed X</cim:IdentifiedObject.name>
  <cim:LoadResponseCharacteristic.exponentModel>false</cim:LoadResponseCharacteristic.exponentModel>
  <cim:LoadResponseCharacteristic.pConstantImpedance>0</cim:LoadResponseCharacteristic.pConstantImpedance>
  <cim:LoadResponseCharacteristic.pConstantCurrent>0</cim:LoadResponseCharacteristic.pConstantCurrent>
  <cim:LoadResponseCharacteristic.pConstantPower>100</cim:LoadResponseCharacteristic.pConstantPower>
  <cim:LoadResponseCharacteristic.qConstantImpedance>100</cim:LoadResponseCharacteristic.qConstantImpedance>
  <cim:LoadResponseCharacteristic.qConstantCurrent>0</cim:LoadResponseCharacteristic.qConstantCurrent>
  <cim:LoadResponseCharacteristic.qConstantPower>0</cim:LoadResponseCharacteristic.qConstantPower>
  <cim:LoadResponseCharacteristic.pVoltageExponent>0</cim:LoadResponseCharacteristic.pVoltageExponent>
  <cim:LoadResponseCharacteristic.qVoltageExponent>0</cim:LoadResponseCharacteristic.qVoltageExponent>
  <cim:LoadResponseCharacteristic.pFrequencyExponent>0</cim:LoadResponseCharacteristic.pFrequencyExponent>
  <cim:LoadResponseCharacteristic.qFrequencyExponent>0</cim:LoadResponseCharacteristic.qFrequencyExponent>
</cim:LoadResponseCharacteristic>
<cim:EnergyConsumer rdf:ID="_20F05EA3-D754-4591-A9E1-8356137F669A">
  <cim:IdentifiedObject.mRID>_20F05EA3-D754-4591-A9E1-8356137F669A</cim:IdentifiedObject.mRID>
  <cim:IdentifiedObject.name>house1</cim:IdentifiedObject.name>
  <cim:Equipment.EquipmentContainer rdf:resource="#_AA782F4B-C424-4D54-AE39-9E6B108A7E0A"/>
  <cim:ConductingEquipment.BaseVoltage rdf:resource="#_3757D581-4FBC-47C4-898E-E0F4C40B25EA"/>
  <cim:EnergyConsumer.LoadResponse rdf:resource="#_47AB1CB1-2A18-4AF3-9D87-7300969945D5"/>
  <cim:EnergyConsumer.p>1000000</cim:EnergyConsumer.p>
  <cim:EnergyConsumer.q>484322.1</cim:EnergyConsumer.q>
  <cim:EnergyConsumer.customerCount>1</cim:EnergyConsumer.customerCount>
  <cim:EnergyConsumer.phaseConnection rdf:resource="http://iec.ch/TC57/CIM100#PhaseShuntConnectionKind.Y"/>
  <cim:EnergyConsumer.grounded>true</cim:EnergyConsumer.grounded>
  <cim:PowerSystemResource.Location rdf:resource="#_EAB8A5FC-23A3-43CC-B88F-0AD1BF5CEC2E"/>
</cim:EnergyConsumer>
<cim:EnergyConsumerPhase rdf:ID="_743BDC72-1468-4464-8294-020A8508F870">
  <cim:IdentifiedObject.mRID>_743BDC72-1468-4464-8294-020A8508F870</cim:IdentifiedObject.mRID>
  <cim:IdentifiedObject.name>house1_s1</cim:IdentifiedObject.name>
  <cim:EnergyConsumerPhase.phase rdf:resource="http://iec.ch/TC57/CIM100#SinglePhaseKind.s1"/>
  <cim:EnergyConsumerPhase.p>1000000</cim:EnergyConsumerPhase.p>
  <cim:EnergyConsumerPhase.q>484322.1</cim:EnergyConsumerPhase.q>
  <cim:EnergyConsumerPhase.EnergyConsumer rdf:resource="#_20F05EA3-D754-4591-A9E1-8356137F669A"/>
  <cim:PowerSystemResource.Location rdf:resource="#_EAB8A5FC-23A3-43CC-B88F-0AD1BF5CEC2E"/>
</cim:EnergyConsumerPhase>
<cim:Terminal rdf:ID="_F121A784-A482-4D8F-9CB6-6F8D26A757B9">
  <cim:IdentifiedObject.mRID>_F121A784-A482-4D8F-9CB6-6F8D26A757B9</cim:IdentifiedObject.mRID>
  <cim:IdentifiedObject.name>house1_T1</cim:IdentifiedObject.name>
  <cim:Terminal.ConductingEquipment rdf:resource="#_20F05EA3-D754-4591-A9E1-8356137F669A"/>
  <cim:ACDCTerminal.sequenceNumber>1</cim:ACDCTerminal.sequenceNumber>
  <cim:Terminal.ConnectivityNode rdf:resource="#_C75AB3E9-4715-49D7-B9C6-10E585D1A89A"/>
</cim:Terminal>
<cim:Location rdf:ID="_EAB8A5FC-23A3-43CC-B88F-0AD1BF5CEC2E">
  <cim:IdentifiedObject.mRID>_EAB8A5FC-23A3-43CC-B88F-0AD1BF5CEC2E</cim:IdentifiedObject.mRID>
  <cim:IdentifiedObject.name>house1_Loc</cim:IdentifiedObject.name>
  <cim:Location.CoordinateSystem rdf:resource="#_1A2BB769-BD9F-4FE2-B0BE-85C5FA1881C6"/>
</cim:Location>
<cim:PositionPoint rdf:ID="_29CDC2D7-7DD3-418C-A4D2-9869B6AA7C16">
  <cim:PositionPoint.Location rdf:resource="#_EAB8A5FC-23A3-43CC-B88F-0AD1BF5CEC2E"/>
  <cim:PositionPoint.sequenceNumber>1</cim:PositionPoint.sequenceNumber>
  <cim:PositionPoint.xPosition>0</cim:PositionPoint.xPosition>
  <cim:PositionPoint.yPosition>0</cim:PositionPoint.yPosition>
</cim:PositionPoint>
<cim:EnergyConsumer rdf:ID="_E0C97F1F-379E-4171-9ED1-D1653B8BEBAA">
  <cim:IdentifiedObject.mRID>_E0C97F1F-379E-4171-9ED1-D1653B8BEBAA</cim:IdentifiedObject.mRID>
  <cim:IdentifiedObject.name>house2</cim:IdentifiedObject.name>
  <cim:Equipment.EquipmentContainer rdf:resource="#_AA782F4B-C424-4D54-AE39-9E6B108A7E0A"/>
  <cim:ConductingEquipment.BaseVoltage rdf:resource="#_3757D581-4FBC-47C4-898E-E0F4C40B25EA"/>
  <cim:EnergyConsumer.LoadResponse rdf:resource="#_47AB1CB1-2A18-4AF3-9D87-7300969945D5"/>
  <cim:EnergyConsumer.p>800000</cim:EnergyConsumer.p>
  <cim:EnergyConsumer.q>387457.68</cim:EnergyConsumer.q>
  <cim:EnergyConsumer.customerCount>1</cim:EnergyConsumer.customerCount>
  <cim:EnergyConsumer.phaseConnection rdf:resource="http://iec.ch/TC57/CIM100#PhaseShuntConnectionKind.Y"/>
  <cim:EnergyConsumer.grounded>true</cim:EnergyConsumer.grounded>
  <cim:PowerSystemResource.Location rdf:resource="#_834765C8-1283-44D2-9F64-7B5240A9F118"/>
</cim:EnergyConsumer>
<cim:EnergyConsumerPhase rdf:ID="_FC1AC5DA-AB13-4502-B0B3-1151AE10C959">
  <cim:IdentifiedObject.mRID>_FC1AC5DA-AB13-4502-B0B3-1151AE10C959</cim:IdentifiedObject.mRID>
  <cim:IdentifiedObject.name>house2_s2</cim:IdentifiedObject.name>
  <cim:EnergyConsumerPhase.phase rdf:resource="http://iec.ch/TC57/CIM100#SinglePhaseKind.s2"/>
  <cim:EnergyConsumerPhase.p>800000</cim:EnergyConsumerPhase.p>
  <cim:EnergyConsumerPhase.q>387457.68</cim:EnergyConsumerPhase.q>
  <cim:EnergyConsumerPhase.EnergyConsumer rdf:resource="#_E0C97F1F-379E-4171-9ED1-D1653B8BEBAA"/>
  <cim:PowerSystemResource.Location rdf:resource="#_834765C8-1283-44D2-9F64-7B5240A9F118"/>
</cim:EnergyConsumerPhase>
<cim:Terminal rdf:ID="_CE9126B8-9BC2-48C2-B8C4-CEAED51231B3">
  <cim:IdentifiedObject.mRID>_CE9126B8-9BC2-48C2-B8C4-CEAED51231B3</cim:IdentifiedObject.mRID>
  <cim:IdentifiedObject.name>house2_T1</cim:IdentifiedObject.name>
  <cim:Terminal.ConductingEquipment rdf:resource="#_E0C97F1F-379E-4171-9ED1-D1653B8BEBAA"/>
  <cim:ACDCTerminal.sequenceNumber>1</cim:ACDCTerminal.sequenceNumber>
  <cim:Terminal.ConnectivityNode rdf:resource="#_C75AB3E9-4715-49D7-B9C6-10E585D1A89A"/>
</cim:Terminal>
<cim:Location rdf:ID="_834765C8-1283-44D2-9F64-7B5240A9F118">
  <cim:IdentifiedObject.mRID>_834765C8-1283-44D2-9F64-7B5240A9F118</cim:IdentifiedObject.mRID>
  <cim:IdentifiedObject.name>house2_Loc</cim:IdentifiedObject.name>
  <cim:Location.CoordinateSystem rdf:resource="#_1A2BB769-BD9F-4FE2-B0BE-85C5FA1881C6"/>
</cim:Location>
<cim:PositionPoint rdf:ID="_6DD6DBAC-1DEE-428D-B0FD-A1E186A2268D">
  <cim:PositionPoint.Location rdf:resource="#_834765C8-1283-44D2-9F64-7B5240A9F118"/>
  <cim:PositionPoint.sequenceNumber>1</cim:PositionPoint.sequenceNumber>
  <cim:PositionPoint.xPosition>0</cim:PositionPoint.xPosition>
  <cim:PositionPoint.yPosition>0</cim:PositionPoint.yPosition>
</cim:PositionPoint>
<cim:OverheadWireInfo rdf:ID="_BF75669D-348B-4C6B-AE2D-3734CA88BC7F">
  <cim:IdentifiedObject.mRID>_BF75669D-348B-4C6B-AE2D-3734CA88BC7F</cim:IdentifiedObject.mRID>
  <cim:IdentifiedObject.name>conductor</cim:IdentifiedObject.name>
  <cim:WireInfo.sizeDescription>WireData_conductor</cim:WireInfo.sizeDescription>
  <cim:WireInfo.gmr>0.00743712</cim:WireInfo.gmr>
  <cim:WireInfo.radius>0.0091567</cim:WireInfo.radius>
  <cim:WireInfo.rDC20>0.00018641136</cim:WireInfo.rDC20>
  <cim:WireInfo.rAC25>0.00019013958</cim:WireInfo.rAC25>
  <cim:WireInfo.rAC50>0.00019013958</cim:WireInfo.rAC50>
  <cim:WireInfo.rAC75>0.00019013958</cim:WireInfo.rAC75>
  <cim:WireInfo.ratedCurrent>0</cim:WireInfo.ratedCurrent>
  <cim:WireInfo.strandCount>0</cim:WireInfo.strandCount>
  <cim:WireInfo.coreStrandCount>0</cim:WireInfo.coreStrandCount>
  <cim:WireInfo.coreRadius>0</cim:WireInfo.coreRadius>
  <cim:WireInfo.insulated>false</cim:WireInfo.insulated>
</cim:OverheadWireInfo>
<cim:OverheadWireInfo rdf:ID="_E57B4309-1F97-48CA-BBC3-A732DC80E393">
  <cim:IdentifiedObject.mRID>_E57B4309-1F97-48CA-BBC3-A732DC80E393</cim:IdentifiedObject.mRID>
  <cim:IdentifiedObject.name>neutral</cim:IdentifiedObject.name>
  <cim:WireInfo.sizeDescription>WireData_neutral</cim:WireInfo.sizeDescription>
  <cim:WireInfo.gmr>0.002481072</cim:WireInfo.gmr>
  <cim:WireInfo.radius>0.0071501</cim:WireInfo.radius>
  <cim:WireInfo.rDC20>0.00036063897</cim:WireInfo.rDC20>
  <cim:WireInfo.rAC25>0.00036785175</cim:WireInfo.rAC25>
  <cim:WireInfo.rAC50>0.00036785175</cim:WireInfo.rAC50>
  <cim:WireInfo.rAC75>0.00036785175</cim:WireInfo.rAC75>
  <cim:WireInfo.ratedCurrent>0</cim:WireInfo.ratedCurrent>
  <cim:WireInfo.strandCount>0</cim:WireInfo.strandCount>
  <cim:WireInfo.coreStrandCount>0</cim:WireInfo.coreStrandCount>
  <cim:WireInfo.coreRadius>0</cim:WireInfo.coreRadius>
  <cim:WireInfo.insulated>false</cim:WireInfo.insulated>
</cim:OverheadWireInfo>
<cim:WireSpacingInfo rdf:ID="_F81EEC46-FC5C-428B-B21D-2105BFE90EBC">
  <cim:IdentifiedObject.mRID>_F81EEC46-FC5C-428B-B21D-2105BFE90EBC</cim:IdentifiedObject.mRID>
  <cim:IdentifiedObject.name>4wire</cim:IdentifiedObject.name>
  <cim:WireSpacingInfo.usage rdf:resource="http://iec.ch/TC57/CIM100#WireUsageKind.distribution"/>
  <cim:WireSpacingInfo.phaseWireCount>1</cim:WireSpacingInfo.phaseWireCount>
  <cim:WireSpacingInfo.phaseWireSpacing>0</cim:WireSpacingInfo.phaseWireSpacing>
  <cim:WireSpacingInfo.isCable>false</cim:WireSpacingInfo.isCable>
</cim:WireSpacingInfo>
<cim:WirePosition rdf:ID="_C85770E8-A6FD-42D2-BB07-E31F99B4EF60">
  <cim:IdentifiedObject.mRID>_C85770E8-A6FD-42D2-BB07-E31F99B4EF60</cim:IdentifiedObject.mRID>
  <cim:IdentifiedObject.name>WP_4wire_1</cim:IdentifiedObject.name>
  <cim:WirePosition.WireSpacingInfo rdf:resource="#_F81EEC46-FC5C-428B-B21D-2105BFE90EBC"/>
  <cim:WirePosition.sequenceNumber>1</cim:WirePosition.sequenceNumber>
  <cim:WirePosition.xCoord>-1.2192</cim:WirePosition.xCoord>
  <cim:WirePosition.yCoord>8.5344</cim:WirePosition.yCoord>
</cim:WirePosition>
<cim:WirePosition rdf:ID="_37FF46B7-6ECE-46FB-9BF5-FC754DBF90E0">
  <cim:IdentifiedObject.mRID>_37FF46B7-6ECE-46FB-9BF5-FC754DBF90E0</cim:IdentifiedObject.mRID>
  <cim:IdentifiedObject.name>WP_4wire_2</cim:IdentifiedObject.name>
  <cim:WirePosition.WireSpacingInfo rdf:resource="#_F81EEC46-FC5C-428B-B21D-2105BFE90EBC"/>
  <cim:WirePosition.sequenceNumber>2</cim:WirePosition.sequenceNumber>
  <cim:WirePosition.xCoord>-0.4572</cim:WirePosition.xCoord>
  <cim:WirePosition.yCoord>8.5344</cim:WirePosition.yCoord>
</cim:WirePosition>
<cim:WirePosition rdf:ID="_E7989993-79D9-4EF8-88DB-53A3A382E2AA">
  <cim:IdentifiedObject.mRID>_E7989993-79D9-4EF8-88DB-53A3A382E2AA</cim:IdentifiedObject.mRID>
  <cim:IdentifiedObject.name>WP_4wire_3</cim:IdentifiedObject.name>
  <cim:WirePosition.WireSpacingInfo rdf:resource="#_F81EEC46-FC5C-428B-B21D-2105BFE90EBC"/>
  <cim:WirePosition.sequenceNumber>3</cim:WirePosition.sequenceNumber>
  <cim:WirePosition.xCoord>0.9144</cim:WirePosition.xCoord>
  <cim:WirePosition.yCoord>8.5344</cim:WirePosition.yCoord>
</cim:WirePosition>
<cim:WirePosition rdf:ID="_7D6094C7-D15E-477B-AA95-B5F48D6192F2">
  <cim:IdentifiedObject.mRID>_7D6094C7-D15E-477B-AA95-B5F48D6192F2</cim:IdentifiedObject.mRID>
  <cim:IdentifiedObject.name>WP_4wire_4</cim:IdentifiedObject.name>
  <cim:WirePosition.WireSpacingInfo rdf:resource="#_F81EEC46-FC5C-428B-B21D-2105BFE90EBC"/>
  <cim:WirePosition.sequenceNumber>4</cim:WirePosition.sequenceNumber>
  <cim:WirePosition.xCoord>0</cim:WirePosition.xCoord>
  <cim:WirePosition.yCoord>7.3152</cim:WirePosition.yCoord>
</cim:WirePosition>
<cim:OperationalLimitSet rdf:ID="_83C80111-76DA-4F5E-903E-B8BFF5EB6A5F">
  <cim:IdentifiedObject.mRID>_83C80111-76DA-4F5E-903E-B8BFF5EB6A5F</cim:IdentifiedObject.mRID>
  <cim:IdentifiedObject.name>OpLimI_305.6_416.7</cim:IdentifiedObject.name>
</cim:OperationalLimitSet>
<cim:CurrentLimit rdf:ID="_4BEC39A4-7C20-45B6-A27E-D7AAC5F681BD">
  <cim:IdentifiedObject.mRID>_4BEC39A4-7C20-45B6-A27E-D7AAC5F681BD</cim:IdentifiedObject.mRID>
  <cim:IdentifiedObject.name>OpLimI_305.6_416.7_Norm</cim:IdentifiedObject.name>
  <cim:OperationalLimit.OperationalLimitSet rdf:resource="#_83C80111-76DA-4F5E-903E-B8BFF5EB6A5F"/>
  <cim:OperationalLimit.OperationalLimitType rdf:resource="#_320FCE51-2B63-48EF-A6C9-92805B46F509"/>
  <cim:CurrentLimit.value>305.55556</cim:CurrentLimit.value>
</cim:CurrentLimit>
<cim:CurrentLimit rdf:ID="_639D6E12-EE09-46ED-9578-77B66656E001">
  <cim:IdentifiedObject.mRID>_639D6E12-EE09-46ED-9578-77B66656E001</cim:IdentifiedObject.mRID>
  <cim:IdentifiedObject.name>OpLimI_305.6_416.7_Emerg</cim:IdentifiedObject.name>
  <cim:OperationalLimit.OperationalLimitSet rdf:resource="#_83C80111-76DA-4F5E-903E-B8BFF5EB6A5F"/>
  <cim:OperationalLimit.OperationalLimitType rdf:resource="#_D0513229-5E56-4EB7-94BC-5E7F3D7CCC27"/>
  <cim:CurrentLimit.value>416.66667</cim:CurrentLimit.value>
</cim:CurrentLimit>
</rdf:RDF>
