<?xml version="1.0" encoding="utf-8"?>
<!-- un-comment this line to enable validation
-->
<rdf:RDF xmlns:cim="http://iec.ch/TC57/CIM100#" xmlns:rdf="http://www.w3.org/1999/02/22-rdf-syntax-ns#">
<!--
-->
<cim:IEC61970CIMVersion rdf:ID="_B789C000-7085-454A-A99F-7169BE1DC2CE">
  <cim:IEC61970CIMVersion.version>IEC61970CIM100</cim:IEC61970CIMVersion.version>
  <cim:IEC61970CIMVersion.date>2019-04-01</cim:IEC61970CIMVersion.date>
</cim:IEC61970CIMVersion>
<cim:CoordinateSystem rdf:ID="_D1C06DF3-ECAD-426E-8CCE-BA093649C24E">
  <cim:IdentifiedObject.mRID>_D1C06DF3-ECAD-426E-8CCE-BA093649C24E</cim:IdentifiedObject.mRID>
  <cim:IdentifiedObject.name>yybal_CrsUrn</cim:IdentifiedObject.name>
  <cim:CoordinateSystem.crsUrn>OpenDSSLocalBusCoordinates</cim:CoordinateSystem.crsUrn>
</cim:CoordinateSystem>
<cim:GeographicalRegion rdf:ID="_6E7ABB5B-622A-4C9E-BF23-ED26D5FBB9FF">
  <cim:IdentifiedObject.mRID>_6E7ABB5B-622A-4C9E-BF23-ED26D5FBB9FF</cim:IdentifiedObject.mRID>
  <cim:IdentifiedObject.name>geo1</cim:IdentifiedObject.name>
</cim:GeographicalRegion>
<cim:SubGeographicalRegion rdf:ID="_4C1C7E05-6988-4AD0-877F-177E28303F99">
  <cim:IdentifiedObject.mRID>_4C1C7E05-6988-4AD0-877F-177E28303F99</cim:IdentifiedObject.mRID>
  <cim:IdentifiedObject.name>subgeo1</cim:IdentifiedObject.name>
  <cim:SubGeographicalRegion.Region rdf:resource="#_6E7ABB5B-622A-4C9E-BF23-ED26D5FBB9FF"/>
</cim:SubGeographicalRegion>
<cim:Substation rdf:ID="_B841CDD3-2DD1-4D66-97E8-A3B089621CDA">
  <cim:IdentifiedObject.mRID>_B841CDD3-2DD1-4D66-97E8-A3B089621CDA</cim:IdentifiedObject.mRID>
  <cim:IdentifiedObject.name>sub1</cim:IdentifiedObject.name>
  <cim:Substation.Region rdf:resource="#_4C1C7E05-6988-4AD0-877F-177E28303F99"/>
</cim:Substation>
<cim:Location rdf:ID="_9450DE2E-A136-4DDE-B1F3-5AC4BC209217">
  <cim:IdentifiedObject.mRID>_9450DE2E-A136-4DDE-B1F3-5AC4BC209217</cim:IdentifiedObject.mRID>
  <cim:IdentifiedObject.name>yybal_Location</cim:IdentifiedObject.name>
  <cim:Location.CoordinateSystem rdf:resource="#_D1C06DF3-ECAD-426E-8CCE-BA093649C24E"/>
</cim:Location>
<cim:Feeder rdf:ID="_AA782F4B-C424-4D54-AE39-9E6B108A7E0A">
  <cim:IdentifiedObject.mRID>_AA782F4B-C424-4D54-AE39-9E6B108A7E0A</cim:IdentifiedObject.mRID>
  <cim:IdentifiedObject.name>yybal</cim:IdentifiedObject.name>
  <cim:Feeder.NormalEnergizingSubstation rdf:resource="#_B841CDD3-2DD1-4D66-97E8-A3B089621CDA"/>
  <cim:PowerSystemResource.Location rdf:resource="#_9450DE2E-A136-4DDE-B1F3-5AC4BC209217"/>
</cim:Feeder>
<cim:OperationalLimitType rdf:ID="_1D1550BB-94C6-45B7-BFBE-3AA244C8252E">
  <cim:IdentifiedObject.mRID>_1D1550BB-94C6-45B7-BFBE-3AA244C8252E</cim:IdentifiedObject.mRID>
  <cim:IdentifiedObject.name>yybal_NormAmpsType</cim:IdentifiedObject.name>
  <cim:OperationalLimitType.acceptableDuration>5E9</cim:OperationalLimitType.acceptableDuration>
  <cim:OperationalLimitType.direction rdf:resource="http://iec.ch/TC57/CIM100#OperationalLimitDirectionKind.absoluteValue"/>
</cim:OperationalLimitType>
<cim:OperationalLimitType rdf:ID="_9557110C-79C0-4296-88BC-BBF96CDED523">
  <cim:IdentifiedObject.mRID>_9557110C-79C0-4296-88BC-BBF96CDED523</cim:IdentifiedObject.mRID>
  <cim:IdentifiedObject.name>yybal_EmergencyAmpsType</cim:IdentifiedObject.name>
  <cim:OperationalLimitType.acceptableDuration>7200</cim:OperationalLimitType.acceptableDuration>
  <cim:OperationalLimitType.direction rdf:resource="http://iec.ch/TC57/CIM100#OperationalLimitDirectionKind.absoluteValue"/>
</cim:OperationalLimitType>
<cim:OperationalLimitType rdf:ID="_3D0F1121-39EC-4FBA-8F9A-D10743D669C0">
  <cim:IdentifiedObject.mRID>_3D0F1121-39EC-4FBA-8F9A-D10743D669C0</cim:IdentifiedObject.mRID>
  <cim:IdentifiedObject.name>yybal_RangeAHiType</cim:IdentifiedObject.name>
  <cim:OperationalLimitType.acceptableDuration>5E9</cim:OperationalLimitType.acceptableDuration>
  <cim:OperationalLimitType.direction rdf:resource="http://iec.ch/TC57/CIM100#OperationalLimitDirectionKind.high"/>
</cim:OperationalLimitType>
<cim:OperationalLimitType rdf:ID="_F593AE38-1859-457E-A284-DE50AEEE1332">
  <cim:IdentifiedObject.mRID>_F593AE38-1859-457E-A284-DE50AEEE1332</cim:IdentifiedObject.mRID>
  <cim:IdentifiedObject.name>yybal_RangeALoType</cim:IdentifiedObject.name>
  <cim:OperationalLimitType.acceptableDuration>5E9</cim:OperationalLimitType.acceptableDuration>
  <cim:OperationalLimitType.direction rdf:resource="http://iec.ch/TC57/CIM100#OperationalLimitDirectionKind.low"/>
</cim:OperationalLimitType>
<cim:OperationalLimitType rdf:ID="_CFC645FD-0885-49F2-AA37-ECDD55DB6337">
  <cim:IdentifiedObject.mRID>_CFC645FD-0885-49F2-AA37-ECDD55DB6337</cim:IdentifiedObject.mRID>
  <cim:IdentifiedObject.name>yybal_RangeBHiType</cim:IdentifiedObject.name>
  <cim:OperationalLimitType.acceptableDuration>86400</cim:OperationalLimitType.acceptableDuration>
  <cim:OperationalLimitType.direction rdf:resource="http://iec.ch/TC57/CIM100#OperationalLimitDirectionKind.high"/>
</cim:OperationalLimitType>
<cim:OperationalLimitType rdf:ID="_7609BC56-EAAA-4656-9CFD-F5798DF98167">
  <cim:IdentifiedObject.mRID>_7609BC56-EAAA-4656-9CFD-F5798DF98167</cim:IdentifiedObject.mRID>
  <cim:IdentifiedObject.name>yybal_RangeBLoType</cim:IdentifiedObject.name>
  <cim:OperationalLimitType.acceptableDuration>86400</cim:OperationalLimitType.acceptableDuration>
  <cim:OperationalLimitType.direction rdf:resource="http://iec.ch/TC57/CIM100#OperationalLimitDirectionKind.low"/>
</cim:OperationalLimitType>
<cim:BaseVoltage rdf:ID="_C61590DD-EFF2-4850-95BB-D1967853EF95">
  <cim:IdentifiedObject.mRID>_C61590DD-EFF2-4850-95BB-D1967853EF95</cim:IdentifiedObject.mRID>
  <cim:IdentifiedObject.name>BaseV_12.4700</cim:IdentifiedObject.name>
  <cim:BaseVoltage.nominalVoltage>12470</cim:BaseVoltage.nominalVoltage>
</cim:BaseVoltage>
<cim:OperationalLimitSet rdf:ID="_0ADD3857-08ED-4609-A899-D3DC18602827">
  <cim:IdentifiedObject.mRID>_0ADD3857-08ED-4609-A899-D3DC18602827</cim:IdentifiedObject.mRID>
  <cim:IdentifiedObject.name>OpLimV_12.4700</cim:IdentifiedObject.name>
</cim:OperationalLimitSet>
<cim:VoltageLimit rdf:ID="_99124976-F1D7-46C9-A1AA-FAAEC2F97714">
  <cim:IdentifiedObject.mRID>_99124976-F1D7-46C9-A1AA-FAAEC2F97714</cim:IdentifiedObject.mRID>
  <cim:IdentifiedObject.name>OpLimV_12.4700_RangeAHi</cim:IdentifiedObject.name>
  <cim:OperationalLimit.OperationalLimitSet rdf:resource="#_0ADD3857-08ED-4609-A899-D3DC18602827"/>
  <cim:OperationalLimit.OperationalLimitType rdf:resource="#_3D0F1121-39EC-4FBA-8F9A-D10743D669C0"/>
  <cim:VoltageLimit.value>13093.5</cim:VoltageLimit.value>
</cim:VoltageLimit>
<cim:VoltageLimit rdf:ID="_DA794F67-DECB-47BB-90E5-0A0FBD24F0F8">
  <cim:IdentifiedObject.mRID>_DA794F67-DECB-47BB-90E5-0A0FBD24F0F8</cim:IdentifiedObject.mRID>
  <cim:IdentifiedObject.name>OpLimV_12.4700_RangeALo</cim:IdentifiedObject.name>
  <cim:OperationalLimit.OperationalLimitSet rdf:resource="#_0ADD3857-08ED-4609-A899-D3DC18602827"/>
  <cim:OperationalLimit.OperationalLimitType rdf:resource="#_F593AE38-1859-457E-A284-DE50AEEE1332"/>
  <cim:VoltageLimit.value>11846.5</cim:VoltageLimit.value>
</cim:VoltageLimit>
<cim:VoltageLimit rdf:ID="_707191EF-0DDE-4451-BDB0-EBF43757200A">
  <cim:IdentifiedObject.mRID>_707191EF-0DDE-4451-BDB0-EBF43757200A</cim:IdentifiedObject.mRID>
  <cim:IdentifiedObject.name>OpLimV_12.4700_RangeBHi</cim:IdentifiedObject.name>
  <cim:OperationalLimit.OperationalLimitSet rdf:resource="#_0ADD3857-08ED-4609-A899-D3DC18602827"/>
  <cim:OperationalLimit.OperationalLimitType rdf:resource="#_CFC645FD-0885-49F2-AA37-ECDD55DB6337"/>
  <cim:VoltageLimit.value>13197.416</cim:VoltageLimit.value>
</cim:VoltageLimit>
<cim:VoltageLimit rdf:ID="_6A420287-C140-46BB-9890-0A6881ECF6FD">
  <cim:IdentifiedObject.mRID>_6A420287-C140-46BB-9890-0A6881ECF6FD</cim:IdentifiedObject.mRID>
  <cim:IdentifiedObject.name>OpLimV_12.4700_RangeBLo</cim:IdentifiedObject.name>
  <cim:OperationalLimit.OperationalLimitSet rdf:resource="#_0ADD3857-08ED-4609-A899-D3DC18602827"/>
  <cim:OperationalLimit.OperationalLimitType rdf:resource="#_7609BC56-EAAA-4656-9CFD-F5798DF98167"/>
  <cim:VoltageLimit.value>11430.834</cim:VoltageLimit.value>
</cim:VoltageLimit>
<cim:BaseVoltage rdf:ID="_9F934563-0E56-40A6-8785-8033CC59E2FC">
  <cim:IdentifiedObject.mRID>_9F934563-0E56-40A6-8785-8033CC59E2FC</cim:IdentifiedObject.mRID>
  <cim:IdentifiedObject.name>BaseV_0.2080</cim:IdentifiedObject.name>
  <cim:BaseVoltage.nominalVoltage>208</cim:BaseVoltage.nominalVoltage>
</cim:BaseVoltage>
<cim:OperationalLimitSet rdf:ID="_48F15108-09EE-4A4C-B8C4-012D6468DF68">
  <cim:IdentifiedObject.mRID>_48F15108-09EE-4A4C-B8C4-012D6468DF68</cim:IdentifiedObject.mRID>
  <cim:IdentifiedObject.name>OpLimV_0.2080</cim:IdentifiedObject.name>
</cim:OperationalLimitSet>
<cim:VoltageLimit rdf:ID="_92742EFA-42F4-4E36-902A-01BD0A08852D">
  <cim:IdentifiedObject.mRID>_92742EFA-42F4-4E36-902A-01BD0A08852D</cim:IdentifiedObject.mRID>
  <cim:IdentifiedObject.name>OpLimV_0.2080_RangeAHi</cim:IdentifiedObject.name>
  <cim:OperationalLimit.OperationalLimitSet rdf:resource="#_48F15108-09EE-4A4C-B8C4-012D6468DF68"/>
  <cim:OperationalLimit.OperationalLimitType rdf:resource="#_3D0F1121-39EC-4FBA-8F9A-D10743D669C0"/>
  <cim:VoltageLimit.value>218.4</cim:VoltageLimit.value>
</cim:VoltageLimit>
<cim:VoltageLimit rdf:ID="_E971B588-2443-42C3-ABD3-7B3C1CC4DA5F">
  <cim:IdentifiedObject.mRID>_E971B588-2443-42C3-ABD3-7B3C1CC4DA5F</cim:IdentifiedObject.mRID>
  <cim:IdentifiedObject.name>OpLimV_0.2080_RangeALo</cim:IdentifiedObject.name>
  <cim:OperationalLimit.OperationalLimitSet rdf:resource="#_48F15108-09EE-4A4C-B8C4-012D6468DF68"/>
  <cim:OperationalLimit.OperationalLimitType rdf:resource="#_F593AE38-1859-457E-A284-DE50AEEE1332"/>
  <cim:VoltageLimit.value>197.6</cim:VoltageLimit.value>
</cim:VoltageLimit>
<cim:VoltageLimit rdf:ID="_DB3B10CA-F255-4FC0-A1D4-5B58785CF732">
  <cim:IdentifiedObject.mRID>_DB3B10CA-F255-4FC0-A1D4-5B58785CF732</cim:IdentifiedObject.mRID>
  <cim:IdentifiedObject.name>OpLimV_0.2080_RangeBHi</cim:IdentifiedObject.name>
  <cim:OperationalLimit.OperationalLimitSet rdf:resource="#_48F15108-09EE-4A4C-B8C4-012D6468DF68"/>
  <cim:OperationalLimit.OperationalLimitType rdf:resource="#_CFC645FD-0885-49F2-AA37-ECDD55DB6337"/>
  <cim:VoltageLimit.value>220.13333</cim:VoltageLimit.value>
</cim:VoltageLimit>
<cim:VoltageLimit rdf:ID="_760DCDCE-9305-4904-987F-809DBA535718">
  <cim:IdentifiedObject.mRID>_760DCDCE-9305-4904-987F-809DBA535718</cim:IdentifiedObject.mRID>
  <cim:IdentifiedObject.name>OpLimV_0.2080_RangeBLo</cim:IdentifiedObject.name>
  <cim:OperationalLimit.OperationalLimitSet rdf:resource="#_48F15108-09EE-4A4C-B8C4-012D6468DF68"/>
  <cim:OperationalLimit.OperationalLimitType rdf:resource="#_7609BC56-EAAA-4656-9CFD-F5798DF98167"/>
  <cim:VoltageLimit.value>190.66667</cim:VoltageLimit.value>
</cim:VoltageLimit>
<cim:TopologicalNode rdf:ID="_F8681556-F34F-4DEF-99B2-3CF56A17BD25">
  <cim:IdentifiedObject.mRID>_F8681556-F34F-4DEF-99B2-3CF56A17BD25</cim:IdentifiedObject.mRID>
  <cim:IdentifiedObject.name>sourcebus</cim:IdentifiedObject.name>
  <cim:TopologicalNode.TopologicalIsland rdf:resource="#_D61F7620-3BC7-4583-A0C3-17F16C0EE5C2"/>
</cim:TopologicalNode>
<cim:ConnectivityNode rdf:ID="_CFF18195-895C-4CC1-BBE9-9785DD239597">
  <cim:IdentifiedObject.mRID>_CFF18195-895C-4CC1-BBE9-9785DD239597</cim:IdentifiedObject.mRID>
  <cim:IdentifiedObject.name>sourcebus</cim:IdentifiedObject.name>
  <cim:ConnectivityNode.TopologicalNode rdf:resource="#_F8681556-F34F-4DEF-99B2-3CF56A17BD25"/>
  <cim:ConnectivityNode.OperationalLimitSet rdf:resource="#_0ADD3857-08ED-4609-A899-D3DC18602827"/>
  <cim:ConnectivityNode.ConnectivityNodeContainer rdf:resource="#_AA782F4B-C424-4D54-AE39-9E6B108A7E0A"/>
</cim:ConnectivityNode>
<cim:TopologicalNode rdf:ID="_83584B9F-698F-42BF-9E51-9E0A67A1F0E5">
  <cim:IdentifiedObject.mRID>_83584B9F-698F-42BF-9E51-9E0A67A1F0E5</cim:IdentifiedObject.mRID>
  <cim:IdentifiedObject.name>n2</cim:IdentifiedObject.name>
  <cim:TopologicalNode.TopologicalIsland rdf:resource="#_D61F7620-3BC7-4583-A0C3-17F16C0EE5C2"/>
</cim:TopologicalNode>
<cim:ConnectivityNode rdf:ID="_F673A22C-4BA6-4771-927C-E6A6BF6E4420">
  <cim:IdentifiedObject.mRID>_F673A22C-4BA6-4771-927C-E6A6BF6E4420</cim:IdentifiedObject.mRID>
  <cim:IdentifiedObject.name>n2</cim:IdentifiedObject.name>
  <cim:ConnectivityNode.TopologicalNode rdf:resource="#_83584B9F-698F-42BF-9E51-9E0A67A1F0E5"/>
  <cim:ConnectivityNode.OperationalLimitSet rdf:resource="#_0ADD3857-08ED-4609-A899-D3DC18602827"/>
  <cim:ConnectivityNode.ConnectivityNodeContainer rdf:resource="#_AA782F4B-C424-4D54-AE39-9E6B108A7E0A"/>
</cim:ConnectivityNode>
<cim:TopologicalNode rdf:ID="_42E73E8E-B134-415C-80EB-03A301A0E9D5">
  <cim:IdentifiedObject.mRID>_42E73E8E-B134-415C-80EB-03A301A0E9D5</cim:IdentifiedObject.mRID>
  <cim:IdentifiedObject.name>house</cim:IdentifiedObject.name>
  <cim:TopologicalNode.TopologicalIsland rdf:resource="#_D61F7620-3BC7-4583-A0C3-17F16C0EE5C2"/>
</cim:TopologicalNode>
<cim:ConnectivityNode rdf:ID="_61E667F6-8F79-4DCA-A095-74F467EA36DC">
  <cim:IdentifiedObject.mRID>_61E667F6-8F79-4DCA-A095-74F467EA36DC</cim:IdentifiedObject.mRID>
  <cim:IdentifiedObject.name>house</cim:IdentifiedObject.name>
  <cim:ConnectivityNode.TopologicalNode rdf:resource="#_42E73E8E-B134-415C-80EB-03A301A0E9D5"/>
  <cim:ConnectivityNode.OperationalLimitSet rdf:resource="#_48F15108-09EE-4A4C-B8C4-012D6468DF68"/>
  <cim:ConnectivityNode.ConnectivityNodeContainer rdf:resource="#_AA782F4B-C424-4D54-AE39-9E6B108A7E0A"/>
</cim:ConnectivityNode>
<cim:TopologicalIsland rdf:ID="_D61F7620-3BC7-4583-A0C3-17F16C0EE5C2">
  <cim:IdentifiedObject.mRID>_D61F7620-3BC7-4583-A0C3-17F16C0EE5C2</cim:IdentifiedObject.mRID>
  <cim:IdentifiedObject.name>yybal_Island</cim:IdentifiedObject.name>
  <cim:TopologicalIsland.AngleRefTopologicalNode rdf:resource="#_F8681556-F34F-4DEF-99B2-3CF56A17BD25"/>
</cim:TopologicalIsland>
<cim:EnergySource rdf:ID="_16687E07-E910-42C1-92B7-BDDE4208FC14">
  <cim:IdentifiedObject.mRID>_16687E07-E910-42C1-92B7-BDDE4208FC14</cim:IdentifiedObject.mRID>
  <cim:IdentifiedObject.name>source</cim:IdentifiedObject.name>
  <cim:Equipment.EquipmentContainer rdf:resource="#_AA782F4B-C424-4D54-AE39-9E6B108A7E0A"/>
  <cim:ConductingEquipment.BaseVoltage rdf:resource="#_C61590DD-EFF2-4850-95BB-D1967853EF95"/>
  <cim:EnergySource.nominalVoltage>12470</cim:EnergySource.nominalVoltage>
  <cim:EnergySource.voltageMagnitude>12470</cim:EnergySource.voltageMagnitude>
  <cim:EnergySource.voltageAngle>0</cim:EnergySource.voltageAngle>
  <cim:EnergySource.r>0.00018857254</cim:EnergySource.r>
  <cim:EnergySource.x>0.00075429016</cim:EnergySource.x>
  <cim:EnergySource.r0>0.00024635211</cim:EnergySource.r0>
  <cim:EnergySource.x0>0.00073905633</cim:EnergySource.x0>
  <cim:PowerSystemResource.Location rdf:resource="#_39B3BE9F-768D-4852-806C-13D55F4BCCC7"/>
</cim:EnergySource>
<cim:Terminal rdf:ID="_9685B2CF-B4E0-4903-9BA0-0B42B6186354">
  <cim:IdentifiedObject.mRID>_9685B2CF-B4E0-4903-9BA0-0B42B6186354</cim:IdentifiedObject.mRID>
  <cim:IdentifiedObject.name>source_T1</cim:IdentifiedObject.name>
  <cim:Terminal.ConductingEquipment rdf:resource="#_16687E07-E910-42C1-92B7-BDDE4208FC14"/>
  <cim:ACDCTerminal.sequenceNumber>1</cim:ACDCTerminal.sequenceNumber>
  <cim:Terminal.ConnectivityNode rdf:resource="#_CFF18195-895C-4CC1-BBE9-9785DD239597"/>
</cim:Terminal>
<cim:Location rdf:ID="_39B3BE9F-768D-4852-806C-13D55F4BCCC7">
  <cim:IdentifiedObject.mRID>_39B3BE9F-768D-4852-806C-13D55F4BCCC7</cim:IdentifiedObject.mRID>
  <cim:IdentifiedObject.name>source_Loc</cim:IdentifiedObject.name>
  <cim:Location.CoordinateSystem rdf:resource="#_D1C06DF3-ECAD-426E-8CCE-BA093649C24E"/>
</cim:Location>
<cim:PositionPoint rdf:ID="_3F485BCC-8044-4CC0-8015-A900F08A2E3D">
  <cim:PositionPoint.Location rdf:resource="#_39B3BE9F-768D-4852-806C-13D55F4BCCC7"/>
  <cim:PositionPoint.sequenceNumber>1</cim:PositionPoint.sequenceNumber>
  <cim:PositionPoint.xPosition>0</cim:PositionPoint.xPosition>
  <cim:PositionPoint.yPosition>0</cim:PositionPoint.yPosition>
</cim:PositionPoint>
<cim:PowerTransformerInfo rdf:ID="_30F28E11-4A4A-4B17-9FBC-E519DE5FD5DA">
  <cim:IdentifiedObject.mRID>_30F28E11-4A4A-4B17-9FBC-E519DE5FD5DA</cim:IdentifiedObject.mRID>
  <cim:IdentifiedObject.name>ct2000_PowerXfInfo</cim:IdentifiedObject.name>
</cim:PowerTransformerInfo>
<cim:TransformerTankInfo rdf:ID="_F9D8F0A2-32F2-4722-889E-DA1E8489AFF5">
  <cim:IdentifiedObject.mRID>_F9D8F0A2-32F2-4722-889E-DA1E8489AFF5</cim:IdentifiedObject.mRID>
  <cim:IdentifiedObject.name>ct2000</cim:IdentifiedObject.name>
  <cim:TransformerTankInfo.PowerTransformerInfo rdf:resource="#_30F28E11-4A4A-4B17-9FBC-E519DE5FD5DA"/>
</cim:TransformerTankInfo>
<cim:TransformerEndInfo rdf:ID="_2EA1039A-0F57-4A11-A1E9-2C1657AFEFEE">
  <cim:IdentifiedObject.mRID>_2EA1039A-0F57-4A11-A1E9-2C1657AFEFEE</cim:IdentifiedObject.mRID>
  <cim:IdentifiedObject.name>ct2000_1</cim:IdentifiedObject.name>
  <cim:TransformerEndInfo.TransformerTankInfo rdf:resource="#_F9D8F0A2-32F2-4722-889E-DA1E8489AFF5"/>
  <cim:TransformerEndInfo.endNumber>1</cim:TransformerEndInfo.endNumber>
  <cim:TransformerEndInfo.connectionKind rdf:resource="http://iec.ch/TC57/CIM100#WindingConnection.I"/>
  <cim:TransformerEndInfo.phaseAngleClock>0</cim:TransformerEndInfo.phaseAngleClock>
  <cim:TransformerEndInfo.ratedU>7200</cim:TransformerEndInfo.ratedU>
  <cim:TransformerEndInfo.ratedS>2000000</cim:TransformerEndInfo.ratedS>
  <cim:TransformerEndInfo.shortTermS>2200000</cim:TransformerEndInfo.shortTermS>
  <cim:TransformerEndInfo.emergencyS>3000000</cim:TransformerEndInfo.emergencyS>
  <cim:TransformerEndInfo.r>0.15552</cim:TransformerEndInfo.r>
  <cim:TransformerEndInfo.insulationU>0</cim:TransformerEndInfo.insulationU>
</cim:TransformerEndInfo>
<cim:TransformerEndInfo rdf:ID="_10EDD095-E476-4297-88C1-F3F5CAB58484">
  <cim:IdentifiedObject.mRID>_10EDD095-E476-4297-88C1-F3F5CAB58484</cim:IdentifiedObject.mRID>
  <cim:IdentifiedObject.name>ct2000_2</cim:IdentifiedObject.name>
  <cim:TransformerEndInfo.TransformerTankInfo rdf:resource="#_F9D8F0A2-32F2-4722-889E-DA1E8489AFF5"/>
  <cim:TransformerEndInfo.endNumber>2</cim:TransformerEndInfo.endNumber>
  <cim:TransformerEndInfo.connectionKind rdf:resource="http://iec.ch/TC57/CIM100#WindingConnection.I"/>
  <cim:TransformerEndInfo.phaseAngleClock>0</cim:TransformerEndInfo.phaseAngleClock>
  <cim:TransformerEndInfo.ratedU>120</cim:TransformerEndInfo.ratedU>
  <cim:TransformerEndInfo.ratedS>2000000</cim:TransformerEndInfo.ratedS>
  <cim:TransformerEndInfo.shortTermS>2200000</cim:TransformerEndInfo.shortTermS>
  <cim:TransformerEndInfo.emergencyS>3000000</cim:TransformerEndInfo.emergencyS>
  <cim:TransformerEndInfo.r>0.0000864</cim:TransformerEndInfo.r>
  <cim:TransformerEndInfo.insulationU>0</cim:TransformerEndInfo.insulationU>
</cim:TransformerEndInfo>
<cim:TransformerEndInfo rdf:ID="_2554301E-7332-4250-BCA3-46BF66708D29">
  <cim:IdentifiedObject.mRID>_2554301E-7332-4250-BCA3-46BF66708D29</cim:IdentifiedObject.mRID>
  <cim:IdentifiedObject.name>ct2000_3</cim:IdentifiedObject.name>
  <cim:TransformerEndInfo.TransformerTankInfo rdf:resource="#_F9D8F0A2-32F2-4722-889E-DA1E8489AFF5"/>
  <cim:TransformerEndInfo.endNumber>3</cim:TransformerEndInfo.endNumber>
  <cim:TransformerEndInfo.connectionKind rdf:resource="http://iec.ch/TC57/CIM100#WindingConnection.I"/>
  <cim:TransformerEndInfo.phaseAngleClock>6</cim:TransformerEndInfo.phaseAngleClock>
  <cim:TransformerEndInfo.ratedU>120</cim:TransformerEndInfo.ratedU>
  <cim:TransformerEndInfo.ratedS>2000000</cim:TransformerEndInfo.ratedS>
  <cim:TransformerEndInfo.shortTermS>2200000</cim:TransformerEndInfo.shortTermS>
  <cim:TransformerEndInfo.emergencyS>3000000</cim:TransformerEndInfo.emergencyS>
  <cim:TransformerEndInfo.r>0.0000864</cim:TransformerEndInfo.r>
  <cim:TransformerEndInfo.insulationU>0</cim:TransformerEndInfo.insulationU>
</cim:TransformerEndInfo>
<cim:NoLoadTest rdf:ID="_070164BE-746F-4787-A420-9727C171A211">
  <cim:IdentifiedObject.mRID>_070164BE-746F-4787-A420-9727C171A211</cim:IdentifiedObject.mRID>
  <cim:IdentifiedObject.name>ct2000_1</cim:IdentifiedObject.name>
  <cim:NoLoadTest.EnergisedEnd rdf:resource="#_2EA1039A-0F57-4A11-A1E9-2C1657AFEFEE"/>
  <cim:NoLoadTest.energisedEndVoltage>7200</cim:NoLoadTest.energisedEndVoltage>
  <cim:NoLoadTest.excitingCurrent>0.5</cim:NoLoadTest.excitingCurrent>
  <cim:NoLoadTest.excitingCurrentZero>0.5</cim:NoLoadTest.excitingCurrentZero>
  <cim:NoLoadTest.loss>4</cim:NoLoadTest.loss>
  <cim:NoLoadTest.lossZero>4</cim:NoLoadTest.lossZero>
  <cim:TransformerTest.basePower>2000000</cim:TransformerTest.basePower>
  <cim:TransformerTest.temperature>50</cim:TransformerTest.temperature>
</cim:NoLoadTest>
<cim:ShortCircuitTest rdf:ID="_BA3A8611-8AE0-457E-8F62-F0C974BCA32F">
  <cim:IdentifiedObject.mRID>_BA3A8611-8AE0-457E-8F62-F0C974BCA32F</cim:IdentifiedObject.mRID>
  <cim:IdentifiedObject.name>ct2000_1</cim:IdentifiedObject.name>
  <cim:ShortCircuitTest.EnergisedEnd rdf:resource="#_2EA1039A-0F57-4A11-A1E9-2C1657AFEFEE"/>
  <cim:ShortCircuitTest.GroundedEnds rdf:resource="#_10EDD095-E476-4297-88C1-F3F5CAB58484"/>
  <cim:ShortCircuitTest.energisedEndStep>16</cim:ShortCircuitTest.energisedEndStep>
  <cim:ShortCircuitTest.groundedEndStep>16</cim:ShortCircuitTest.groundedEndStep>
  <cim:ShortCircuitTest.leakageImpedance>0.528768</cim:ShortCircuitTest.leakageImpedance>
  <cim:ShortCircuitTest.leakageImpedanceZero>0.528768</cim:ShortCircuitTest.leakageImpedanceZero>
  <cim:ShortCircuitTest.loss>36</cim:ShortCircuitTest.loss>
  <cim:ShortCircuitTest.lossZero>36</cim:ShortCircuitTest.lossZero>
  <cim:TransformerTest.basePower>2000000</cim:TransformerTest.basePower>
  <cim:TransformerTest.temperature>50</cim:TransformerTest.temperature>
</cim:ShortCircuitTest>
<cim:ShortCircuitTest rdf:ID="_A59B97DC-9674-417D-9EB4-E1D00561A486">
  <cim:IdentifiedObject.mRID>_A59B97DC-9674-417D-9EB4-E1D00561A486</cim:IdentifiedObject.mRID>
  <cim:IdentifiedObject.name>ct2000_2</cim:IdentifiedObject.name>
  <cim:ShortCircuitTest.EnergisedEnd rdf:resource="#_2EA1039A-0F57-4A11-A1E9-2C1657AFEFEE"/>
  <cim:ShortCircuitTest.GroundedEnds rdf:resource="#_2554301E-7332-4250-BCA3-46BF66708D29"/>
  <cim:ShortCircuitTest.energisedEndStep>16</cim:ShortCircuitTest.energisedEndStep>
  <cim:ShortCircuitTest.groundedEndStep>16</cim:ShortCircuitTest.groundedEndStep>
  <cim:ShortCircuitTest.leakageImpedance>0.528768</cim:ShortCircuitTest.leakageImpedance>
  <cim:ShortCircuitTest.leakageImpedanceZero>0.528768</cim:ShortCircuitTest.leakageImpedanceZero>
  <cim:ShortCircuitTest.loss>0</cim:ShortCircuitTest.loss>
  <cim:ShortCircuitTest.lossZero>0</cim:ShortCircuitTest.lossZero>
  <cim:TransformerTest.basePower>2000000</cim:TransformerTest.basePower>
  <cim:TransformerTest.temperature>50</cim:TransformerTest.temperature>
</cim:ShortCircuitTest>
<cim:ShortCircuitTest rdf:ID="_D8740729-E142-4DA4-9DBF-F0E05F7211B3">
  <cim:IdentifiedObject.mRID>_D8740729-E142-4DA4-9DBF-F0E05F7211B3</cim:IdentifiedObject.mRID>
  <cim:IdentifiedObject.name>ct2000_3</cim:IdentifiedObject.name>
  <cim:ShortCircuitTest.EnergisedEnd rdf:resource="#_10EDD095-E476-4297-88C1-F3F5CAB58484"/>
  <cim:ShortCircuitTest.GroundedEnds rdf:resource="#_2554301E-7332-4250-BCA3-46BF66708D29"/>
  <cim:ShortCircuitTest.energisedEndStep>16</cim:ShortCircuitTest.energisedEndStep>
  <cim:ShortCircuitTest.groundedEndStep>16</cim:ShortCircuitTest.groundedEndStep>
  <cim:ShortCircuitTest.leakageImpedance>0.00009792</cim:ShortCircuitTest.leakageImpedance>
  <cim:ShortCircuitTest.leakageImpedanceZero>0.00009792</cim:ShortCircuitTest.leakageImpedanceZero>
  <cim:ShortCircuitTest.loss>0</cim:ShortCircuitTest.loss>
  <cim:ShortCircuitTest.lossZero>0</cim:ShortCircuitTest.lossZero>
  <cim:TransformerTest.basePower>2000000</cim:TransformerTest.basePower>
  <cim:TransformerTest.temperature>50</cim:TransformerTest.temperature>
</cim:ShortCircuitTest>
<cim:Asset rdf:ID="_8B925A2C-DE10-456A-8DBC-C6CEFB7CEAD2">
  <cim:IdentifiedObject.mRID>_8B925A2C-DE10-456A-8DBC-C6CEFB7CEAD2</cim:IdentifiedObject.mRID>
  <cim:IdentifiedObject.name>TankAsset_ct2000</cim:IdentifiedObject.name>
  <cim:Asset.AssetInfo rdf:resource="#_F9D8F0A2-32F2-4722-889E-DA1E8489AFF5"/>
  <cim:Asset.PowerSystemResources rdf:resource="#_0B26C212-F91F-4900-B6CE-F35793422108"/>
</cim:Asset>
<cim:TransformerTank rdf:ID="_0B26C212-F91F-4900-B6CE-F35793422108">
  <cim:IdentifiedObject.mRID>_0B26C212-F91F-4900-B6CE-F35793422108</cim:IdentifiedObject.mRID>
  <cim:IdentifiedObject.name>t1</cim:IdentifiedObject.name>
  <cim:Equipment.EquipmentContainer rdf:resource="#_AA782F4B-C424-4D54-AE39-9E6B108A7E0A"/>
  <cim:TransformerTank.PowerTransformer rdf:resource="#_2E0F5530-FF10-4C8E-BB16-7C68118450D1"/>
  <cim:PowerSystemResource.Location rdf:resource="#_1169965E-0633-4120-974D-D9D17C27AE32"/>
</cim:TransformerTank>
<cim:Location rdf:ID="_1169965E-0633-4120-974D-D9D17C27AE32">
  <cim:IdentifiedObject.mRID>_1169965E-0633-4120-974D-D9D17C27AE32</cim:IdentifiedObject.mRID>
  <cim:IdentifiedObject.name>t1_Loc</cim:IdentifiedObject.name>
  <cim:Location.CoordinateSystem rdf:resource="#_D1C06DF3-ECAD-426E-8CCE-BA093649C24E"/>
</cim:Location>
<cim:PositionPoint rdf:ID="_A0B633EC-EC92-4EE5-8DE6-D53DD99CFC5A">
  <cim:PositionPoint.Location rdf:resource="#_1169965E-0633-4120-974D-D9D17C27AE32"/>
  <cim:PositionPoint.sequenceNumber>1</cim:PositionPoint.sequenceNumber>
  <cim:PositionPoint.xPosition>0</cim:PositionPoint.xPosition>
  <cim:PositionPoint.yPosition>0</cim:PositionPoint.yPosition>
</cim:PositionPoint>
<cim:PositionPoint rdf:ID="_BA058C34-7C71-4540-B37C-3FBBF28E7A15">
  <cim:PositionPoint.Location rdf:resource="#_1169965E-0633-4120-974D-D9D17C27AE32"/>
  <cim:PositionPoint.sequenceNumber>2</cim:PositionPoint.sequenceNumber>
  <cim:PositionPoint.xPosition>0</cim:PositionPoint.xPosition>
  <cim:PositionPoint.yPosition>0</cim:PositionPoint.yPosition>
</cim:PositionPoint>
<cim:PositionPoint rdf:ID="_98B4C3D0-5034-4A7B-B08A-CABCB2FA3BEF">
  <cim:PositionPoint.Location rdf:resource="#_1169965E-0633-4120-974D-D9D17C27AE32"/>
  <cim:PositionPoint.sequenceNumber>3</cim:PositionPoint.sequenceNumber>
  <cim:PositionPoint.xPosition>0</cim:PositionPoint.xPosition>
  <cim:PositionPoint.yPosition>0</cim:PositionPoint.yPosition>
</cim:PositionPoint>
<cim:TransformerTankEnd rdf:ID="_8D3AFC43-8C0D-49A3-8F9A-CC5C88E96099">
  <cim:IdentifiedObject.mRID>_8D3AFC43-8C0D-49A3-8F9A-CC5C88E96099</cim:IdentifiedObject.mRID>
  <cim:IdentifiedObject.name>t1_End_1</cim:IdentifiedObject.name>
  <cim:TransformerTankEnd.phases rdf:resource="http://iec.ch/TC57/CIM100#PhaseCode.C"/>
  <cim:TransformerEnd.grounded>true</cim:TransformerEnd.grounded>
  <cim:TransformerEnd.rground>0</cim:TransformerEnd.rground>
  <cim:TransformerEnd.xground>0</cim:TransformerEnd.xground>
  <cim:TransformerTankEnd.reversed>false</cim:TransformerTankEnd.reversed>
  <cim:TransformerTankEnd.TransformerTank rdf:resource="#_0B26C212-F91F-4900-B6CE-F35793422108"/>
  <cim:TransformerEnd.endNumber>1</cim:TransformerEnd.endNumber>
  <cim:TransformerEnd.Terminal rdf:resource="#_83ADC71A-798F-4CE6-9C14-A95CE9D0388E"/>
  <cim:TransformerEnd.BaseVoltage rdf:resource="#_C61590DD-EFF2-4850-95BB-D1967853EF95"/>
</cim:TransformerTankEnd>
<cim:Terminal rdf:ID="_83ADC71A-798F-4CE6-9C14-A95CE9D0388E">
  <cim:IdentifiedObject.mRID>_83ADC71A-798F-4CE6-9C14-A95CE9D0388E</cim:IdentifiedObject.mRID>
  <cim:IdentifiedObject.name>t1_T1</cim:IdentifiedObject.name>
  <cim:Terminal.ConductingEquipment rdf:resource="#_2E0F5530-FF10-4C8E-BB16-7C68118450D1"/>
  <cim:ACDCTerminal.sequenceNumber>1</cim:ACDCTerminal.sequenceNumber>
  <cim:Terminal.ConnectivityNode rdf:resource="#_F673A22C-4BA6-4771-927C-E6A6BF6E4420"/>
  <cim:ACDCTerminal.OperationalLimitSet rdf:resource="#_E4EC596C-7BC2-43B7-8689-D167DD57E605"/>
</cim:Terminal>
<cim:TransformerTankEnd rdf:ID="_87537DD4-1771-4D0D-8BE2-2023361E4198">
  <cim:IdentifiedObject.mRID>_87537DD4-1771-4D0D-8BE2-2023361E4198</cim:IdentifiedObject.mRID>
  <cim:IdentifiedObject.name>t1_End_2</cim:IdentifiedObject.name>
  <cim:TransformerTankEnd.phases rdf:resource="http://iec.ch/TC57/CIM100#PhaseCode.s1"/>
  <cim:TransformerEnd.grounded>true</cim:TransformerEnd.grounded>
  <cim:TransformerEnd.rground>0</cim:TransformerEnd.rground>
  <cim:TransformerEnd.xground>0</cim:TransformerEnd.xground>
  <cim:TransformerTankEnd.reversed>false</cim:TransformerTankEnd.reversed>
  <cim:TransformerTankEnd.TransformerTank rdf:resource="#_0B26C212-F91F-4900-B6CE-F35793422108"/>
  <cim:TransformerEnd.endNumber>2</cim:TransformerEnd.endNumber>
  <cim:TransformerEnd.Terminal rdf:resource="#_33BE6400-5ABA-4D44-BBF7-FF657E0D3B04"/>
  <cim:TransformerEnd.BaseVoltage rdf:resource="#_9F934563-0E56-40A6-8785-8033CC59E2FC"/>
</cim:TransformerTankEnd>
<cim:Terminal rdf:ID="_33BE6400-5ABA-4D44-BBF7-FF657E0D3B04">
  <cim:IdentifiedObject.mRID>_33BE6400-5ABA-4D44-BBF7-FF657E0D3B04</cim:IdentifiedObject.mRID>
  <cim:IdentifiedObject.name>t1_T2</cim:IdentifiedObject.name>
  <cim:Terminal.ConductingEquipment rdf:resource="#_2E0F5530-FF10-4C8E-BB16-7C68118450D1"/>
  <cim:ACDCTerminal.sequenceNumber>2</cim:ACDCTerminal.sequenceNumber>
  <cim:Terminal.ConnectivityNode rdf:resource="#_61E667F6-8F79-4DCA-A095-74F467EA36DC"/>
</cim:Terminal>
<cim:TransformerTankEnd rdf:ID="_E69F90EA-AB41-4439-B001-FE9D685F0364">
  <cim:IdentifiedObject.mRID>_E69F90EA-AB41-4439-B001-FE9D685F0364</cim:IdentifiedObject.mRID>
  <cim:IdentifiedObject.name>t1_End_3</cim:IdentifiedObject.name>
  <cim:TransformerTankEnd.phases rdf:resource="http://iec.ch/TC57/CIM100#PhaseCode.s2"/>
  <cim:TransformerEnd.grounded>true</cim:TransformerEnd.grounded>
  <cim:TransformerEnd.rground>0</cim:TransformerEnd.rground>
  <cim:TransformerEnd.xground>0</cim:TransformerEnd.xground>
  <cim:TransformerTankEnd.reversed>true</cim:TransformerTankEnd.reversed>
  <cim:TransformerTankEnd.TransformerTank rdf:resource="#_0B26C212-F91F-4900-B6CE-F35793422108"/>
  <cim:TransformerEnd.endNumber>3</cim:TransformerEnd.endNumber>
  <cim:TransformerEnd.Terminal rdf:resource="#_D88ECE32-39EA-47F0-BE8B-E46228D58B73"/>
  <cim:TransformerEnd.BaseVoltage rdf:resource="#_9F934563-0E56-40A6-8785-8033CC59E2FC"/>
</cim:TransformerTankEnd>
<cim:Terminal rdf:ID="_D88ECE32-39EA-47F0-BE8B-E46228D58B73">
  <cim:IdentifiedObject.mRID>_D88ECE32-39EA-47F0-BE8B-E46228D58B73</cim:IdentifiedObject.mRID>
  <cim:IdentifiedObject.name>t1_T3</cim:IdentifiedObject.name>
  <cim:Terminal.ConductingEquipment rdf:resource="#_2E0F5530-FF10-4C8E-BB16-7C68118450D1"/>
  <cim:ACDCTerminal.sequenceNumber>3</cim:ACDCTerminal.sequenceNumber>
  <cim:Terminal.ConnectivityNode rdf:resource="#_61E667F6-8F79-4DCA-A095-74F467EA36DC"/>
</cim:Terminal>
<cim:PowerTransformer rdf:ID="_2E0F5530-FF10-4C8E-BB16-7C68118450D1">
  <cim:IdentifiedObject.mRID>_2E0F5530-FF10-4C8E-BB16-7C68118450D1</cim:IdentifiedObject.mRID>
  <cim:IdentifiedObject.name>t1</cim:IdentifiedObject.name>
  <cim:Equipment.EquipmentContainer rdf:resource="#_AA782F4B-C424-4D54-AE39-9E6B108A7E0A"/>
  <cim:PowerTransformer.vectorGroup>Iii</cim:PowerTransformer.vectorGroup>
  <cim:PowerSystemResource.Location rdf:resource="#_1169965E-0633-4120-974D-D9D17C27AE32"/>
</cim:PowerTransformer>
<cim:ACLineSegment rdf:ID="_5BF0E72D-71BE-43BB-B066-42243D40EF24">
  <cim:IdentifiedObject.mRID>_5BF0E72D-71BE-43BB-B066-42243D40EF24</cim:IdentifiedObject.mRID>
  <cim:IdentifiedObject.name>line1</cim:IdentifiedObject.name>
  <cim:Equipment.EquipmentContainer rdf:resource="#_AA782F4B-C424-4D54-AE39-9E6B108A7E0A"/>
  <cim:ConductingEquipment.BaseVoltage rdf:resource="#_C61590DD-EFF2-4850-95BB-D1967853EF95"/>
  <cim:Conductor.length>609.6</cim:Conductor.length>
  <cim:ACLineSegment.WireSpacingInfo rdf:resource="#_B6C28BF9-41A8-4717-8280-D75DFEE5B3CC"/>
  <cim:PowerSystemResource.Location rdf:resource="#_5E1F80A0-E532-47C7-B852-8C82D010A4E6"/>
</cim:ACLineSegment>
<cim:ACLineSegmentPhase rdf:ID="_37336C70-75D6-4041-907A-6E8D8344E119">
  <cim:IdentifiedObject.mRID>_37336C70-75D6-4041-907A-6E8D8344E119</cim:IdentifiedObject.mRID>
  <cim:IdentifiedObject.name>line1_A</cim:IdentifiedObject.name>
  <cim:ACLineSegmentPhase.phase rdf:resource="http://iec.ch/TC57/CIM100#SinglePhaseKind.A"/>
  <cim:ACLineSegmentPhase.sequenceNumber>1</cim:ACLineSegmentPhase.sequenceNumber>
  <cim:ACLineSegmentPhase.WireInfo rdf:resource="#_1104C156-6432-4BBD-9DE9-DE3E0EE52FFE"/>
  <cim:ACLineSegmentPhase.ACLineSegment rdf:resource="#_5BF0E72D-71BE-43BB-B066-42243D40EF24"/>
  <cim:PowerSystemResource.Location rdf:resource="#_5E1F80A0-E532-47C7-B852-8C82D010A4E6"/>
</cim:ACLineSegmentPhase>
<cim:ACLineSegmentPhase rdf:ID="_0307F8BE-9814-470A-A97F-F85181623069">
  <cim:IdentifiedObject.mRID>_0307F8BE-9814-470A-A97F-F85181623069</cim:IdentifiedObject.mRID>
  <cim:IdentifiedObject.name>line1_B</cim:IdentifiedObject.name>
  <cim:ACLineSegmentPhase.phase rdf:resource="http://iec.ch/TC57/CIM100#SinglePhaseKind.B"/>
  <cim:ACLineSegmentPhase.sequenceNumber>2</cim:ACLineSegmentPhase.sequenceNumber>
  <cim:ACLineSegmentPhase.WireInfo rdf:resource="#_1104C156-6432-4BBD-9DE9-DE3E0EE52FFE"/>
  <cim:ACLineSegmentPhase.ACLineSegment rdf:resource="#_5BF0E72D-71BE-43BB-B066-42243D40EF24"/>
  <cim:PowerSystemResource.Location rdf:resource="#_5E1F80A0-E532-47C7-B852-8C82D010A4E6"/>
</cim:ACLineSegmentPhase>
<cim:ACLineSegmentPhase rdf:ID="_8ADD8987-4F44-4B82-A38F-865C030CF72D">
  <cim:IdentifiedObject.mRID>_8ADD8987-4F44-4B82-A38F-865C030CF72D</cim:IdentifiedObject.mRID>
  <cim:IdentifiedObject.name>line1_C</cim:IdentifiedObject.name>
  <cim:ACLineSegmentPhase.phase rdf:resource="http://iec.ch/TC57/CIM100#SinglePhaseKind.C"/>
  <cim:ACLineSegmentPhase.sequenceNumber>3</cim:ACLineSegmentPhase.sequenceNumber>
  <cim:ACLineSegmentPhase.WireInfo rdf:resource="#_1104C156-6432-4BBD-9DE9-DE3E0EE52FFE"/>
  <cim:ACLineSegmentPhase.ACLineSegment rdf:resource="#_5BF0E72D-71BE-43BB-B066-42243D40EF24"/>
  <cim:PowerSystemResource.Location rdf:resource="#_5E1F80A0-E532-47C7-B852-8C82D010A4E6"/>
</cim:ACLineSegmentPhase>
<cim:ACLineSegmentPhase rdf:ID="_6DCE96A6-3D83-4EE4-9ECC-366C4052EEAB">
  <cim:IdentifiedObject.mRID>_6DCE96A6-3D83-4EE4-9ECC-366C4052EEAB</cim:IdentifiedObject.mRID>
  <cim:IdentifiedObject.name>line1_N</cim:IdentifiedObject.name>
  <cim:ACLineSegmentPhase.phase rdf:resource="http://iec.ch/TC57/CIM100#SinglePhaseKind.N"/>
  <cim:ACLineSegmentPhase.sequenceNumber>4</cim:ACLineSegmentPhase.sequenceNumber>
  <cim:ACLineSegmentPhase.WireInfo rdf:resource="#_9B560141-8114-47C4-8C9D-7AB0327763F2"/>
  <cim:ACLineSegmentPhase.ACLineSegment rdf:resource="#_5BF0E72D-71BE-43BB-B066-42243D40EF24"/>
  <cim:PowerSystemResource.Location rdf:resource="#_5E1F80A0-E532-47C7-B852-8C82D010A4E6"/>
</cim:ACLineSegmentPhase>
<cim:Terminal rdf:ID="_A937C13D-0AC1-41A8-B192-51499E3F0FDF">
  <cim:IdentifiedObject.mRID>_A937C13D-0AC1-41A8-B192-51499E3F0FDF</cim:IdentifiedObject.mRID>
  <cim:IdentifiedObject.name>line1_T1</cim:IdentifiedObject.name>
  <cim:Terminal.ConductingEquipment rdf:resource="#_5BF0E72D-71BE-43BB-B066-42243D40EF24"/>
  <cim:ACDCTerminal.sequenceNumber>1</cim:ACDCTerminal.sequenceNumber>
  <cim:Terminal.ConnectivityNode rdf:resource="#_CFF18195-895C-4CC1-BBE9-9785DD239597"/>
</cim:Terminal>
<cim:Terminal rdf:ID="_3136E0EC-C077-4C4F-BD10-83E6FC43D443">
  <cim:IdentifiedObject.mRID>_3136E0EC-C077-4C4F-BD10-83E6FC43D443</cim:IdentifiedObject.mRID>
  <cim:IdentifiedObject.name>line1_T2</cim:IdentifiedObject.name>
  <cim:Terminal.ConductingEquipment rdf:resource="#_5BF0E72D-71BE-43BB-B066-42243D40EF24"/>
  <cim:ACDCTerminal.sequenceNumber>2</cim:ACDCTerminal.sequenceNumber>
  <cim:Terminal.ConnectivityNode rdf:resource="#_F673A22C-4BA6-4771-927C-E6A6BF6E4420"/>
</cim:Terminal>
<cim:Location rdf:ID="_5E1F80A0-E532-47C7-B852-8C82D010A4E6">
  <cim:IdentifiedObject.mRID>_5E1F80A0-E532-47C7-B852-8C82D010A4E6</cim:IdentifiedObject.mRID>
  <cim:IdentifiedObject.name>line1_Loc</cim:IdentifiedObject.name>
  <cim:Location.CoordinateSystem rdf:resource="#_D1C06DF3-ECAD-426E-8CCE-BA093649C24E"/>
</cim:Location>
<cim:PositionPoint rdf:ID="_2CEF5322-E62D-47F2-997C-CE9940DD97CA">
  <cim:PositionPoint.Location rdf:resource="#_5E1F80A0-E532-47C7-B852-8C82D010A4E6"/>
  <cim:PositionPoint.sequenceNumber>1</cim:PositionPoint.sequenceNumber>
  <cim:PositionPoint.xPosition>0</cim:PositionPoint.xPosition>
  <cim:PositionPoint.yPosition>0</cim:PositionPoint.yPosition>
</cim:PositionPoint>
<cim:PositionPoint rdf:ID="_519EAD0B-FE7D-4CAF-96E9-2B6E167FCAA7">
  <cim:PositionPoint.Location rdf:resource="#_5E1F80A0-E532-47C7-B852-8C82D010A4E6"/>
  <cim:PositionPoint.sequenceNumber>2</cim:PositionPoint.sequenceNumber>
  <cim:PositionPoint.xPosition>0</cim:PositionPoint.xPosition>
  <cim:PositionPoint.yPosition>0</cim:PositionPoint.yPosition>
</cim:PositionPoint>
<cim:LoadResponseCharacteristic rdf:ID="_18CE2D59-8DE7-4C4B-A86F-22650770C74C">
  <cim:IdentifiedObject.mRID>_18CE2D59-8DE7-4C4B-A86F-22650770C74C</cim:IdentifiedObject.mRID>
  <cim:IdentifiedObject.name>Constant kVA</cim:IdentifiedObject.name>
  <cim:LoadResponseCharacteristic.exponentModel>false</cim:LoadResponseCharacteristic.exponentModel>
  <cim:LoadResponseCharacteristic.pConstantImpedance>0</cim:LoadResponseCharacteristic.pConstantImpedance>
  <cim:LoadResponseCharacteristic.pConstantCurrent>0</cim:LoadResponseCharacteristic.pConstantCurrent>
  <cim:LoadResponseCharacteristic.pConstantPower>100</cim:LoadResponseCharacteristic.pConstantPower>
  <cim:LoadResponseCharacteristic.qConstantImpedance>0</cim:LoadResponseCharacteristic.qConstantImpedance>
  <cim:LoadResponseCharacteristic.qConstantCurrent>0</cim:LoadResponseCharacteristic.qConstantCurrent>
  <cim:LoadResponseCharacteristic.qConstantPower>100</cim:LoadResponseCharacteristic.qConstantPower>
  <cim:LoadResponseCharacteristic.pVoltageExponent>0</cim:LoadResponseCharacteristic.pVoltageExponent>
  <cim:LoadResponseCharacteristic.qVoltageExponent>0</cim:LoadResponseCharacteristic.qVoltageExponent>
  <cim:LoadResponseCharacteristic.pFrequencyExponent>0</cim:LoadResponseCharacteristic.pFrequencyExponent>
  <cim:LoadResponseCharacteristic.qFrequencyExponent>0</cim:LoadResponseCharacteristic.qFrequencyExponent>
</cim:LoadResponseCharacteristic>
<cim:LoadResponseCharacteristic rdf:ID="_D4AEDB32-0B61-426B-8F2C-DB89F182D609">
  <cim:IdentifiedObject.mRID>_D4AEDB32-0B61-426B-8F2C-DB89F182D609</cim:IdentifiedObject.mRID>
  <cim:IdentifiedObject.name>Constant Z</cim:IdentifiedObject.name>
  <cim:LoadResponseCharacteristic.exponentModel>false</cim:LoadResponseCharacteristic.exponentModel>
  <cim:LoadResponseCharacteristic.pConstantImpedance>100</cim:LoadResponseCharacteristic.pConstantImpedance>
  <cim:LoadResponseCharacteristic.pConstantCurrent>0</cim:LoadResponseCharacteristic.pConstantCurrent>
  <cim:LoadResponseCharacteristic.pConstantPower>0</cim:LoadResponseCharacteristic.pConstantPower>
  <cim:LoadResponseCharacteristic.qConstantImpedance>100</cim:LoadResponseCharacteristic.qConstantImpedance>
  <cim:LoadResponseCharacteristic.qConstantCurrent>0</cim:LoadResponseCharacteristic.qConstantCurrent>
  <cim:LoadResponseCharacteristic.qConstantPower>0</cim:LoadResponseCharacteristic.qConstantPower>
  <cim:LoadResponseCharacteristic.pVoltageExponent>0</cim:LoadResponseCharacteristic.pVoltageExponent>
  <cim:LoadResponseCharacteristic.qVoltageExponent>0</cim:LoadResponseCharacteristic.qVoltageExponent>
  <cim:LoadResponseCharacteristic.pFrequencyExponent>0</cim:LoadResponseCharacteristic.pFrequencyExponent>
  <cim:LoadResponseCharacteristic.qFrequencyExponent>0</cim:LoadResponseCharacteristic.qFrequencyExponent>
</cim:LoadResponseCharacteristic>
<cim:LoadResponseCharacteristic rdf:ID="_B641D463-0345-4713-BC3C-C9DC8A940322">
  <cim:IdentifiedObject.mRID>_B641D463-0345-4713-BC3C-C9DC8A940322</cim:IdentifiedObject.mRID>
  <cim:IdentifiedObject.name>Motor</cim:IdentifiedObject.name>
  <cim:LoadResponseCharacteristic.exponentModel>false</cim:LoadResponseCharacteristic.exponentModel>
  <cim:LoadResponseCharacteristic.pConstantImpedance>0</cim:LoadResponseCharacteristic.pConstantImpedance>
  <cim:LoadResponseCharacteristic.pConstantCurrent>0</cim:LoadResponseCharacteristic.pConstantCurrent>
  <cim:LoadResponseCharacteristic.pConstantPower>100</cim:LoadResponseCharacteristic.pConstantPower>
  <cim:LoadResponseCharacteristic.qConstantImpedance>100</cim:LoadResponseCharacteristic.qConstantImpedance>
  <cim:LoadResponseCharacteristic.qConstantCurrent>0</cim:LoadResponseCharacteristic.qConstantCurrent>
  <cim:LoadResponseCharacteristic.qConstantPower>0</cim:LoadResponseCharacteristic.qConstantPower>
  <cim:LoadResponseCharacteristic.pVoltageExponent>0</cim:LoadResponseCharacteristic.pVoltageExponent>
  <cim:LoadResponseCharacteristic.qVoltageExponent>0</cim:LoadResponseCharacteristic.qVoltageExponent>
  <cim:LoadResponseCharacteristic.pFrequencyExponent>0</cim:LoadResponseCharacteristic.pFrequencyExponent>
  <cim:LoadResponseCharacteristic.qFrequencyExponent>0</cim:LoadResponseCharacteristic.qFrequencyExponent>
</cim:LoadResponseCharacteristic>
<cim:LoadResponseCharacteristic rdf:ID="_512FEE50-8D13-45CA-8440-93050DA8F435">
  <cim:IdentifiedObject.mRID>_512FEE50-8D13-45CA-8440-93050DA8F435</cim:IdentifiedObject.mRID>
  <cim:IdentifiedObject.name>Mix Motor/Res</cim:IdentifiedObject.name>
  <cim:LoadResponseCharacteristic.exponentModel>true</cim:LoadResponseCharacteristic.exponentModel>
  <cim:LoadResponseCharacteristic.pConstantImpedance>0</cim:LoadResponseCharacteristic.pConstantImpedance>
  <cim:LoadResponseCharacteristic.pConstantCurrent>0</cim:LoadResponseCharacteristic.pConstantCurrent>
  <cim:LoadResponseCharacteristic.pConstantPower>0</cim:LoadResponseCharacteristic.pConstantPower>
  <cim:LoadResponseCharacteristic.qConstantImpedance>0</cim:LoadResponseCharacteristic.qConstantImpedance>
  <cim:LoadResponseCharacteristic.qConstantCurrent>0</cim:LoadResponseCharacteristic.qConstantCurrent>
  <cim:LoadResponseCharacteristic.qConstantPower>0</cim:LoadResponseCharacteristic.qConstantPower>
  <cim:LoadResponseCharacteristic.pVoltageExponent>1</cim:LoadResponseCharacteristic.pVoltageExponent>
  <cim:LoadResponseCharacteristic.qVoltageExponent>2</cim:LoadResponseCharacteristic.qVoltageExponent>
  <cim:LoadResponseCharacteristic.pFrequencyExponent>0</cim:LoadResponseCharacteristic.pFrequencyExponent>
  <cim:LoadResponseCharacteristic.qFrequencyExponent>0</cim:LoadResponseCharacteristic.qFrequencyExponent>
</cim:LoadResponseCharacteristic>
<cim:LoadResponseCharacteristic rdf:ID="_E5532CE6-411F-4EF0-8F8E-2B4D68FDB33C">
  <cim:IdentifiedObject.mRID>_E5532CE6-411F-4EF0-8F8E-2B4D68FDB33C</cim:IdentifiedObject.mRID>
  <cim:IdentifiedObject.name>Constant I</cim:IdentifiedObject.name>
  <cim:LoadResponseCharacteristic.exponentModel>false</cim:LoadResponseCharacteristic.exponentModel>
  <cim:LoadResponseCharacteristic.pConstantImpedance>0</cim:LoadResponseCharacteristic.pConstantImpedance>
  <cim:LoadResponseCharacteristic.pConstantCurrent>100</cim:LoadResponseCharacteristic.pConstantCurrent>
  <cim:LoadResponseCharacteristic.pConstantPower>0</cim:LoadResponseCharacteristic.pConstantPower>
  <cim:LoadResponseCharacteristic.qConstantImpedance>0</cim:LoadResponseCharacteristic.qConstantImpedance>
  <cim:LoadResponseCharacteristic.qConstantCurrent>100</cim:LoadResponseCharacteristic.qConstantCurrent>
  <cim:LoadResponseCharacteristic.qConstantPower>0</cim:LoadResponseCharacteristic.qConstantPower>
  <cim:LoadResponseCharacteristic.pVoltageExponent>0</cim:LoadResponseCharacteristic.pVoltageExponent>
  <cim:LoadResponseCharacteristic.qVoltageExponent>0</cim:LoadResponseCharacteristic.qVoltageExponent>
  <cim:LoadResponseCharacteristic.pFrequencyExponent>0</cim:LoadResponseCharacteristic.pFrequencyExponent>
  <cim:LoadResponseCharacteristic.qFrequencyExponent>0</cim:LoadResponseCharacteristic.qFrequencyExponent>
</cim:LoadResponseCharacteristic>
<cim:LoadResponseCharacteristic rdf:ID="_57FE89B2-23C6-4E92-9A6F-0B34B07EA136">
  <cim:IdentifiedObject.mRID>_57FE89B2-23C6-4E92-9A6F-0B34B07EA136</cim:IdentifiedObject.mRID>
  <cim:IdentifiedObject.name>Variable P, Fixed Q</cim:IdentifiedObject.name>
  <cim:LoadResponseCharacteristic.exponentModel>false</cim:LoadResponseCharacteristic.exponentModel>
  <cim:LoadResponseCharacteristic.pConstantImpedance>0</cim:LoadResponseCharacteristic.pConstantImpedance>
  <cim:LoadResponseCharacteristic.pConstantCurrent>0</cim:LoadResponseCharacteristic.pConstantCurrent>
  <cim:LoadResponseCharacteristic.pConstantPower>100</cim:LoadResponseCharacteristic.pConstantPower>
  <cim:LoadResponseCharacteristic.qConstantImpedance>0</cim:LoadResponseCharacteristic.qConstantImpedance>
  <cim:LoadResponseCharacteristic.qConstantCurrent>0</cim:LoadResponseCharacteristic.qConstantCurrent>
  <cim:LoadResponseCharacteristic.qConstantPower>100</cim:LoadResponseCharacteristic.qConstantPower>
  <cim:LoadResponseCharacteristic.pVoltageExponent>0</cim:LoadResponseCharacteristic.pVoltageExponent>
  <cim:LoadResponseCharacteristic.qVoltageExponent>0</cim:LoadResponseCharacteristic.qVoltageExponent>
  <cim:LoadResponseCharacteristic.pFrequencyExponent>0</cim:LoadResponseCharacteristic.pFrequencyExponent>
  <cim:LoadResponseCharacteristic.qFrequencyExponent>0</cim:LoadResponseCharacteristic.qFrequencyExponent>
</cim:LoadResponseCharacteristic>
<cim:LoadResponseCharacteristic rdf:ID="_9FEA71D4-9004-4893-B873-8F7A034F9C7F">
  <cim:IdentifiedObject.mRID>_9FEA71D4-9004-4893-B873-8F7A034F9C7F</cim:IdentifiedObject.mRID>
  <cim:IdentifiedObject.name>Variable P, Fixed X</cim:IdentifiedObject.name>
  <cim:LoadResponseCharacteristic.exponentModel>false</cim:LoadResponseCharacteristic.exponentModel>
  <cim:LoadResponseCharacteristic.pConstantImpedance>0</cim:LoadResponseCharacteristic.pConstantImpedance>
  <cim:LoadResponseCharacteristic.pConstantCurrent>0</cim:LoadResponseCharacteristic.pConstantCurrent>
  <cim:LoadResponseCharacteristic.pConstantPower>100</cim:LoadResponseCharacteristic.pConstantPower>
  <cim:LoadResponseCharacteristic.qConstantImpedance>100</cim:LoadResponseCharacteristic.qConstantImpedance>
  <cim:LoadResponseCharacteristic.qConstantCurrent>0</cim:LoadResponseCharacteristic.qConstantCurrent>
  <cim:LoadResponseCharacteristic.qConstantPower>0</cim:LoadResponseCharacteristic.qConstantPower>
  <cim:LoadResponseCharacteristic.pVoltageExponent>0</cim:LoadResponseCharacteristic.pVoltageExponent>
  <cim:LoadResponseCharacteristic.qVoltageExponent>0</cim:LoadResponseCharacteristic.qVoltageExponent>
  <cim:LoadResponseCharacteristic.pFrequencyExponent>0</cim:LoadResponseCharacteristic.pFrequencyExponent>
  <cim:LoadResponseCharacteristic.qFrequencyExponent>0</cim:LoadResponseCharacteristic.qFrequencyExponent>
</cim:LoadResponseCharacteristic>
<cim:EnergyConsumer rdf:ID="_7BCB25DD-4092-4222-83DF-560FE9615E91">
  <cim:IdentifiedObject.mRID>_7BCB25DD-4092-4222-83DF-560FE9615E91</cim:IdentifiedObject.mRID>
  <cim:IdentifiedObject.name>house1</cim:IdentifiedObject.name>
  <cim:Equipment.EquipmentContainer rdf:resource="#_AA782F4B-C424-4D54-AE39-9E6B108A7E0A"/>
  <cim:ConductingEquipment.BaseVoltage rdf:resource="#_9F934563-0E56-40A6-8785-8033CC59E2FC"/>
  <cim:EnergyConsumer.LoadResponse rdf:resource="#_D4AEDB32-0B61-426B-8F2C-DB89F182D609"/>
  <cim:EnergyConsumer.p>1000000</cim:EnergyConsumer.p>
  <cim:EnergyConsumer.q>484322.1</cim:EnergyConsumer.q>
  <cim:EnergyConsumer.customerCount>1</cim:EnergyConsumer.customerCount>
  <cim:EnergyConsumer.phaseConnection rdf:resource="http://iec.ch/TC57/CIM100#PhaseShuntConnectionKind.Y"/>
  <cim:EnergyConsumer.grounded>true</cim:EnergyConsumer.grounded>
  <cim:PowerSystemResource.Location rdf:resource="#_B28BE58A-EC91-4225-982D-028BF6D86ED5"/>
</cim:EnergyConsumer>
<cim:EnergyConsumerPhase rdf:ID="_CC9B8BDD-AB1D-4892-80DD-30440782AE18">
  <cim:IdentifiedObject.mRID>_CC9B8BDD-AB1D-4892-80DD-30440782AE18</cim:IdentifiedObject.mRID>
  <cim:IdentifiedObject.name>house1_s1</cim:IdentifiedObject.name>
  <cim:EnergyConsumerPhase.phase rdf:resource="http://iec.ch/TC57/CIM100#SinglePhaseKind.s1"/>
  <cim:EnergyConsumerPhase.p>1000000</cim:EnergyConsumerPhase.p>
  <cim:EnergyConsumerPhase.q>484322.1</cim:EnergyConsumerPhase.q>
  <cim:EnergyConsumerPhase.EnergyConsumer rdf:resource="#_7BCB25DD-4092-4222-83DF-560FE9615E91"/>
  <cim:PowerSystemResource.Location rdf:resource="#_B28BE58A-EC91-4225-982D-028BF6D86ED5"/>
</cim:EnergyConsumerPhase>
<cim:Terminal rdf:ID="_3CD9CE42-AD88-40BD-A28F-8A6BBFD3F447">
  <cim:IdentifiedObject.mRID>_3CD9CE42-AD88-40BD-A28F-8A6BBFD3F447</cim:IdentifiedObject.mRID>
  <cim:IdentifiedObject.name>house1_T1</cim:IdentifiedObject.name>
  <cim:Terminal.ConductingEquipment rdf:resource="#_7BCB25DD-4092-4222-83DF-560FE9615E91"/>
  <cim:ACDCTerminal.sequenceNumber>1</cim:ACDCTerminal.sequenceNumber>
  <cim:Terminal.ConnectivityNode rdf:resource="#_61E667F6-8F79-4DCA-A095-74F467EA36DC"/>
</cim:Terminal>
<cim:Location rdf:ID="_B28BE58A-EC91-4225-982D-028BF6D86ED5">
  <cim:IdentifiedObject.mRID>_B28BE58A-EC91-4225-982D-028BF6D86ED5</cim:IdentifiedObject.mRID>
  <cim:IdentifiedObject.name>house1_Loc</cim:IdentifiedObject.name>
  <cim:Location.CoordinateSystem rdf:resource="#_D1C06DF3-ECAD-426E-8CCE-BA093649C24E"/>
</cim:Location>
<cim:PositionPoint rdf:ID="_1ADDCF3D-BEAB-4FB1-9F94-C0F6D7D2CDA9">
  <cim:PositionPoint.Location rdf:resource="#_B28BE58A-EC91-4225-982D-028BF6D86ED5"/>
  <cim:PositionPoint.sequenceNumber>1</cim:PositionPoint.sequenceNumber>
  <cim:PositionPoint.xPosition>0</cim:PositionPoint.xPosition>
  <cim:PositionPoint.yPosition>0</cim:PositionPoint.yPosition>
</cim:PositionPoint>
<cim:EnergyConsumer rdf:ID="_548DF97B-4E15-4CF6-8E85-AA268AEEE1DC">
  <cim:IdentifiedObject.mRID>_548DF97B-4E15-4CF6-8E85-AA268AEEE1DC</cim:IdentifiedObject.mRID>
  <cim:IdentifiedObject.name>house2</cim:IdentifiedObject.name>
  <cim:Equipment.EquipmentContainer rdf:resource="#_AA782F4B-C424-4D54-AE39-9E6B108A7E0A"/>
  <cim:ConductingEquipment.BaseVoltage rdf:resource="#_9F934563-0E56-40A6-8785-8033CC59E2FC"/>
  <cim:EnergyConsumer.LoadResponse rdf:resource="#_D4AEDB32-0B61-426B-8F2C-DB89F182D609"/>
  <cim:EnergyConsumer.p>800000</cim:EnergyConsumer.p>
  <cim:EnergyConsumer.q>387457.68</cim:EnergyConsumer.q>
  <cim:EnergyConsumer.customerCount>1</cim:EnergyConsumer.customerCount>
  <cim:EnergyConsumer.phaseConnection rdf:resource="http://iec.ch/TC57/CIM100#PhaseShuntConnectionKind.Y"/>
  <cim:EnergyConsumer.grounded>true</cim:EnergyConsumer.grounded>
  <cim:PowerSystemResource.Location rdf:resource="#_25F2D1E9-440C-4331-BCC9-28D49FA54A22"/>
</cim:EnergyConsumer>
<cim:EnergyConsumerPhase rdf:ID="_89BB902F-54E6-48EE-932F-76392AFE9257">
  <cim:IdentifiedObject.mRID>_89BB902F-54E6-48EE-932F-76392AFE9257</cim:IdentifiedObject.mRID>
  <cim:IdentifiedObject.name>house2_s2</cim:IdentifiedObject.name>
  <cim:EnergyConsumerPhase.phase rdf:resource="http://iec.ch/TC57/CIM100#SinglePhaseKind.s2"/>
  <cim:EnergyConsumerPhase.p>800000</cim:EnergyConsumerPhase.p>
  <cim:EnergyConsumerPhase.q>387457.68</cim:EnergyConsumerPhase.q>
  <cim:EnergyConsumerPhase.EnergyConsumer rdf:resource="#_548DF97B-4E15-4CF6-8E85-AA268AEEE1DC"/>
  <cim:PowerSystemResource.Location rdf:resource="#_25F2D1E9-440C-4331-BCC9-28D49FA54A22"/>
</cim:EnergyConsumerPhase>
<cim:Terminal rdf:ID="_EEDA7831-CD56-437A-8AC6-919A5FBED728">
  <cim:IdentifiedObject.mRID>_EEDA7831-CD56-437A-8AC6-919A5FBED728</cim:IdentifiedObject.mRID>
  <cim:IdentifiedObject.name>house2_T1</cim:IdentifiedObject.name>
  <cim:Terminal.ConductingEquipment rdf:resource="#_548DF97B-4E15-4CF6-8E85-AA268AEEE1DC"/>
  <cim:ACDCTerminal.sequenceNumber>1</cim:ACDCTerminal.sequenceNumber>
  <cim:Terminal.ConnectivityNode rdf:resource="#_61E667F6-8F79-4DCA-A095-74F467EA36DC"/>
</cim:Terminal>
<cim:Location rdf:ID="_25F2D1E9-440C-4331-BCC9-28D49FA54A22">
  <cim:IdentifiedObject.mRID>_25F2D1E9-440C-4331-BCC9-28D49FA54A22</cim:IdentifiedObject.mRID>
  <cim:IdentifiedObject.name>house2_Loc</cim:IdentifiedObject.name>
  <cim:Location.CoordinateSystem rdf:resource="#_D1C06DF3-ECAD-426E-8CCE-BA093649C24E"/>
</cim:Location>
<cim:PositionPoint rdf:ID="_0945C6E3-B534-4094-85FF-FE52BF87A6C9">
  <cim:PositionPoint.Location rdf:resource="#_25F2D1E9-440C-4331-BCC9-28D49FA54A22"/>
  <cim:PositionPoint.sequenceNumber>1</cim:PositionPoint.sequenceNumber>
  <cim:PositionPoint.xPosition>0</cim:PositionPoint.xPosition>
  <cim:PositionPoint.yPosition>0</cim:PositionPoint.yPosition>
</cim:PositionPoint>
<cim:OverheadWireInfo rdf:ID="_1104C156-6432-4BBD-9DE9-DE3E0EE52FFE">
  <cim:IdentifiedObject.mRID>_1104C156-6432-4BBD-9DE9-DE3E0EE52FFE</cim:IdentifiedObject.mRID>
  <cim:IdentifiedObject.name>conductor</cim:IdentifiedObject.name>
  <cim:WireInfo.sizeDescription>WireData_conductor</cim:WireInfo.sizeDescription>
  <cim:WireInfo.gmr>0.00743712</cim:WireInfo.gmr>
  <cim:WireInfo.radius>0.0091567</cim:WireInfo.radius>
  <cim:WireInfo.rDC20>0.00018641136</cim:WireInfo.rDC20>
  <cim:WireInfo.rAC25>0.00019013958</cim:WireInfo.rAC25>
  <cim:WireInfo.rAC50>0.00019013958</cim:WireInfo.rAC50>
  <cim:WireInfo.rAC75>0.00019013958</cim:WireInfo.rAC75>
  <cim:WireInfo.ratedCurrent>0</cim:WireInfo.ratedCurrent>
  <cim:WireInfo.strandCount>0</cim:WireInfo.strandCount>
  <cim:WireInfo.coreStrandCount>0</cim:WireInfo.coreStrandCount>
  <cim:WireInfo.coreRadius>0</cim:WireInfo.coreRadius>
  <cim:WireInfo.insulated>false</cim:WireInfo.insulated>
</cim:OverheadWireInfo>
<cim:OverheadWireInfo rdf:ID="_9B560141-8114-47C4-8C9D-7AB0327763F2">
  <cim:IdentifiedObject.mRID>_9B560141-8114-47C4-8C9D-7AB0327763F2</cim:IdentifiedObject.mRID>
  <cim:IdentifiedObject.name>neutral</cim:IdentifiedObject.name>
  <cim:WireInfo.sizeDescription>WireData_neutral</cim:WireInfo.sizeDescription>
  <cim:WireInfo.gmr>0.002481072</cim:WireInfo.gmr>
  <cim:WireInfo.radius>0.0071501</cim:WireInfo.radius>
  <cim:WireInfo.rDC20>0.00036063897</cim:WireInfo.rDC20>
  <cim:WireInfo.rAC25>0.00036785175</cim:WireInfo.rAC25>
  <cim:WireInfo.rAC50>0.00036785175</cim:WireInfo.rAC50>
  <cim:WireInfo.rAC75>0.00036785175</cim:WireInfo.rAC75>
  <cim:WireInfo.ratedCurrent>0</cim:WireInfo.ratedCurrent>
  <cim:WireInfo.strandCount>0</cim:WireInfo.strandCount>
  <cim:WireInfo.coreStrandCount>0</cim:WireInfo.coreStrandCount>
  <cim:WireInfo.coreRadius>0</cim:WireInfo.coreRadius>
  <cim:WireInfo.insulated>false</cim:WireInfo.insulated>
</cim:OverheadWireInfo>
<cim:WireSpacingInfo rdf:ID="_B6C28BF9-41A8-4717-8280-D75DFEE5B3CC">
  <cim:IdentifiedObject.mRID>_B6C28BF9-41A8-4717-8280-D75DFEE5B3CC</cim:IdentifiedObject.mRID>
  <cim:IdentifiedObject.name>4wire</cim:IdentifiedObject.name>
  <cim:WireSpacingInfo.usage rdf:resource="http://iec.ch/TC57/CIM100#WireUsageKind.distribution"/>
  <cim:WireSpacingInfo.phaseWireCount>1</cim:WireSpacingInfo.phaseWireCount>
  <cim:WireSpacingInfo.phaseWireSpacing>0</cim:WireSpacingInfo.phaseWireSpacing>
  <cim:WireSpacingInfo.isCable>false</cim:WireSpacingInfo.isCable>
</cim:WireSpacingInfo>
<cim:WirePosition rdf:ID="_459DCAB4-A299-4949-81B7-015EDF942CD6">
  <cim:IdentifiedObject.mRID>_459DCAB4-A299-4949-81B7-015EDF942CD6</cim:IdentifiedObject.mRID>
  <cim:IdentifiedObject.name>WP_4wire_1</cim:IdentifiedObject.name>
  <cim:WirePosition.WireSpacingInfo rdf:resource="#_B6C28BF9-41A8-4717-8280-D75DFEE5B3CC"/>
  <cim:WirePosition.sequenceNumber>1</cim:WirePosition.sequenceNumber>
  <cim:WirePosition.xCoord>-1.2192</cim:WirePosition.xCoord>
  <cim:WirePosition.yCoord>8.5344</cim:WirePosition.yCoord>
</cim:WirePosition>
<cim:WirePosition rdf:ID="_81AAC7F2-ECE5-4406-A7FE-CF7CAA19E9DF">
  <cim:IdentifiedObject.mRID>_81AAC7F2-ECE5-4406-A7FE-CF7CAA19E9DF</cim:IdentifiedObject.mRID>
  <cim:IdentifiedObject.name>WP_4wire_2</cim:IdentifiedObject.name>
  <cim:WirePosition.WireSpacingInfo rdf:resource="#_B6C28BF9-41A8-4717-8280-D75DFEE5B3CC"/>
  <cim:WirePosition.sequenceNumber>2</cim:WirePosition.sequenceNumber>
  <cim:WirePosition.xCoord>-0.4572</cim:WirePosition.xCoord>
  <cim:WirePosition.yCoord>8.5344</cim:WirePosition.yCoord>
</cim:WirePosition>
<cim:WirePosition rdf:ID="_EEDE46B7-C444-43A4-BAA8-07665C14197C">
  <cim:IdentifiedObject.mRID>_EEDE46B7-C444-43A4-BAA8-07665C14197C</cim:IdentifiedObject.mRID>
  <cim:IdentifiedObject.name>WP_4wire_3</cim:IdentifiedObject.name>
  <cim:WirePosition.WireSpacingInfo rdf:resource="#_B6C28BF9-41A8-4717-8280-D75DFEE5B3CC"/>
  <cim:WirePosition.sequenceNumber>3</cim:WirePosition.sequenceNumber>
  <cim:WirePosition.xCoord>0.9144</cim:WirePosition.xCoord>
  <cim:WirePosition.yCoord>8.5344</cim:WirePosition.yCoord>
</cim:WirePosition>
<cim:WirePosition rdf:ID="_B15F76F2-C9D7-4CB1-82A4-7A5D5BECC33E">
  <cim:IdentifiedObject.mRID>_B15F76F2-C9D7-4CB1-82A4-7A5D5BECC33E</cim:IdentifiedObject.mRID>
  <cim:IdentifiedObject.name>WP_4wire_4</cim:IdentifiedObject.name>
  <cim:WirePosition.WireSpacingInfo rdf:resource="#_B6C28BF9-41A8-4717-8280-D75DFEE5B3CC"/>
  <cim:WirePosition.sequenceNumber>4</cim:WirePosition.sequenceNumber>
  <cim:WirePosition.xCoord>0</cim:WirePosition.xCoord>
  <cim:WirePosition.yCoord>7.3152</cim:WirePosition.yCoord>
</cim:WirePosition>
<cim:OperationalLimitSet rdf:ID="_E4EC596C-7BC2-43B7-8689-D167DD57E605">
  <cim:IdentifiedObject.mRID>_E4EC596C-7BC2-43B7-8689-D167DD57E605</cim:IdentifiedObject.mRID>
  <cim:IdentifiedObject.name>OpLimI_305.6_416.7</cim:IdentifiedObject.name>
</cim:OperationalLimitSet>
<cim:CurrentLimit rdf:ID="_D237C805-AD9D-4237-A37F-688CD15B1332">
  <cim:IdentifiedObject.mRID>_D237C805-AD9D-4237-A37F-688CD15B1332</cim:IdentifiedObject.mRID>
  <cim:IdentifiedObject.name>OpLimI_305.6_416.7_Norm</cim:IdentifiedObject.name>
  <cim:OperationalLimit.OperationalLimitSet rdf:resource="#_E4EC596C-7BC2-43B7-8689-D167DD57E605"/>
  <cim:OperationalLimit.OperationalLimitType rdf:resource="#_1D1550BB-94C6-45B7-BFBE-3AA244C8252E"/>
  <cim:CurrentLimit.value>305.55556</cim:CurrentLimit.value>
</cim:CurrentLimit>
<cim:CurrentLimit rdf:ID="_7173A296-2BF3-4F90-AEC2-BC58CAED378C">
  <cim:IdentifiedObject.mRID>_7173A296-2BF3-4F90-AEC2-BC58CAED378C</cim:IdentifiedObject.mRID>
  <cim:IdentifiedObject.name>OpLimI_305.6_416.7_Emerg</cim:IdentifiedObject.name>
  <cim:OperationalLimit.OperationalLimitSet rdf:resource="#_E4EC596C-7BC2-43B7-8689-D167DD57E605"/>
  <cim:OperationalLimit.OperationalLimitType rdf:resource="#_9557110C-79C0-4296-88BC-BBF96CDED523"/>
  <cim:CurrentLimit.value>416.66667</cim:CurrentLimit.value>
</cim:CurrentLimit>
</rdf:RDF>
