<?xml version="1.0" encoding="utf-8"?>
<!-- un-comment this line to enable validation
-->
<rdf:RDF xmlns:cim="http://iec.ch/TC57/CIM100#" xmlns:rdf="http://www.w3.org/1999/02/22-rdf-syntax-ns#">
<!--
-->
<cim:IEC61970CIMVersion rdf:about="urn:uuid:AE407BCF-739E-4BE2-AD44-A4E00D6564D1">
  <cim:IEC61970CIMVersion.version>IEC61970CIM100</cim:IEC61970CIMVersion.version>
  <cim:IEC61970CIMVersion.date>2019-04-01</cim:IEC61970CIMVersion.date>
</cim:IEC61970CIMVersion>
<cim:CoordinateSystem rdf:about="urn:uuid:8765A434-0CD6-4420-8E94-1EE4BB438B31">
  <cim:IdentifiedObject.mRID>8765A434-0CD6-4420-8E94-1EE4BB438B31</cim:IdentifiedObject.mRID>
  <cim:IdentifiedObject.name>ydbal_CrsUrn</cim:IdentifiedObject.name>
  <cim:CoordinateSystem.crsUrn>OpenDSSLocalBusCoordinates</cim:CoordinateSystem.crsUrn>
</cim:CoordinateSystem>
<cim:GeographicalRegion rdf:about="urn:uuid:98B34A0E-EBEF-478C-A0ED-B5B1992C2067">
  <cim:IdentifiedObject.mRID>98B34A0E-EBEF-478C-A0ED-B5B1992C2067</cim:IdentifiedObject.mRID>
  <cim:IdentifiedObject.name>geo1</cim:IdentifiedObject.name>
</cim:GeographicalRegion>
<cim:SubGeographicalRegion rdf:about="urn:uuid:B87B888A-0428-40C1-8259-BD0614E22999">
  <cim:IdentifiedObject.mRID>B87B888A-0428-40C1-8259-BD0614E22999</cim:IdentifiedObject.mRID>
  <cim:IdentifiedObject.name>subgeo1</cim:IdentifiedObject.name>
  <cim:SubGeographicalRegion.Region rdf:resource="urn:uuid:98B34A0E-EBEF-478C-A0ED-B5B1992C2067"/>
</cim:SubGeographicalRegion>
<cim:Substation rdf:about="urn:uuid:309950AD-CB44-437F-AA91-4FC3240EEA51">
  <cim:IdentifiedObject.mRID>309950AD-CB44-437F-AA91-4FC3240EEA51</cim:IdentifiedObject.mRID>
  <cim:IdentifiedObject.name>sub1</cim:IdentifiedObject.name>
  <cim:Substation.Region rdf:resource="urn:uuid:B87B888A-0428-40C1-8259-BD0614E22999"/>
</cim:Substation>
<cim:Location rdf:about="urn:uuid:8B30495F-8CF3-4620-B9E9-C423C716AA5C">
  <cim:IdentifiedObject.mRID>8B30495F-8CF3-4620-B9E9-C423C716AA5C</cim:IdentifiedObject.mRID>
  <cim:IdentifiedObject.name>ydbal_Location</cim:IdentifiedObject.name>
  <cim:Location.CoordinateSystem rdf:resource="urn:uuid:8765A434-0CD6-4420-8E94-1EE4BB438B31"/>
</cim:Location>
<cim:Feeder rdf:about="urn:uuid:D09B6037-6236-42CA-AA11-811FE941AF5B">
  <cim:IdentifiedObject.mRID>D09B6037-6236-42CA-AA11-811FE941AF5B</cim:IdentifiedObject.mRID>
  <cim:IdentifiedObject.name>ydbal</cim:IdentifiedObject.name>
  <cim:Feeder.NormalEnergizingSubstation rdf:resource="urn:uuid:309950AD-CB44-437F-AA91-4FC3240EEA51"/>
  <cim:PowerSystemResource.Location rdf:resource="urn:uuid:8B30495F-8CF3-4620-B9E9-C423C716AA5C"/>
</cim:Feeder>
<cim:OperationalLimitType rdf:about="urn:uuid:CE21C7C4-2426-4D05-B8DF-09CFCD8B00B6">
  <cim:IdentifiedObject.mRID>CE21C7C4-2426-4D05-B8DF-09CFCD8B00B6</cim:IdentifiedObject.mRID>
  <cim:IdentifiedObject.name>ydbal_NormAmpsType</cim:IdentifiedObject.name>
  <cim:OperationalLimitType.acceptableDuration>5E9</cim:OperationalLimitType.acceptableDuration>
  <cim:OperationalLimitType.direction rdf:resource="http://iec.ch/TC57/CIM100#OperationalLimitDirectionKind.absoluteValue"/>
</cim:OperationalLimitType>
<cim:OperationalLimitType rdf:about="urn:uuid:BA624F14-DB5F-490E-BE09-2DE428C232B6">
  <cim:IdentifiedObject.mRID>BA624F14-DB5F-490E-BE09-2DE428C232B6</cim:IdentifiedObject.mRID>
  <cim:IdentifiedObject.name>ydbal_EmergencyAmpsType</cim:IdentifiedObject.name>
  <cim:OperationalLimitType.acceptableDuration>7200</cim:OperationalLimitType.acceptableDuration>
  <cim:OperationalLimitType.direction rdf:resource="http://iec.ch/TC57/CIM100#OperationalLimitDirectionKind.absoluteValue"/>
</cim:OperationalLimitType>
<cim:OperationalLimitType rdf:about="urn:uuid:1D26D28C-884A-4498-8479-F42A8995B367">
  <cim:IdentifiedObject.mRID>1D26D28C-884A-4498-8479-F42A8995B367</cim:IdentifiedObject.mRID>
  <cim:IdentifiedObject.name>ydbal_RangeAHiType</cim:IdentifiedObject.name>
  <cim:OperationalLimitType.acceptableDuration>5E9</cim:OperationalLimitType.acceptableDuration>
  <cim:OperationalLimitType.direction rdf:resource="http://iec.ch/TC57/CIM100#OperationalLimitDirectionKind.high"/>
</cim:OperationalLimitType>
<cim:OperationalLimitType rdf:about="urn:uuid:A6C10D6F-B627-42B3-9A2A-67D0BA30AC1F">
  <cim:IdentifiedObject.mRID>A6C10D6F-B627-42B3-9A2A-67D0BA30AC1F</cim:IdentifiedObject.mRID>
  <cim:IdentifiedObject.name>ydbal_RangeALoType</cim:IdentifiedObject.name>
  <cim:OperationalLimitType.acceptableDuration>5E9</cim:OperationalLimitType.acceptableDuration>
  <cim:OperationalLimitType.direction rdf:resource="http://iec.ch/TC57/CIM100#OperationalLimitDirectionKind.low"/>
</cim:OperationalLimitType>
<cim:OperationalLimitType rdf:about="urn:uuid:69E2D4C2-1E1C-49F2-8B67-3D9CABE90D0A">
  <cim:IdentifiedObject.mRID>69E2D4C2-1E1C-49F2-8B67-3D9CABE90D0A</cim:IdentifiedObject.mRID>
  <cim:IdentifiedObject.name>ydbal_RangeBHiType</cim:IdentifiedObject.name>
  <cim:OperationalLimitType.acceptableDuration>86400</cim:OperationalLimitType.acceptableDuration>
  <cim:OperationalLimitType.direction rdf:resource="http://iec.ch/TC57/CIM100#OperationalLimitDirectionKind.high"/>
</cim:OperationalLimitType>
<cim:OperationalLimitType rdf:about="urn:uuid:BC9A27C7-67E1-4A98-9B74-D3158749A0D5">
  <cim:IdentifiedObject.mRID>BC9A27C7-67E1-4A98-9B74-D3158749A0D5</cim:IdentifiedObject.mRID>
  <cim:IdentifiedObject.name>ydbal_RangeBLoType</cim:IdentifiedObject.name>
  <cim:OperationalLimitType.acceptableDuration>86400</cim:OperationalLimitType.acceptableDuration>
  <cim:OperationalLimitType.direction rdf:resource="http://iec.ch/TC57/CIM100#OperationalLimitDirectionKind.low"/>
</cim:OperationalLimitType>
<cim:BaseVoltage rdf:about="urn:uuid:71142844-C492-49FD-A83C-2CE768078C37">
  <cim:IdentifiedObject.mRID>71142844-C492-49FD-A83C-2CE768078C37</cim:IdentifiedObject.mRID>
  <cim:IdentifiedObject.name>BaseV_12.4700</cim:IdentifiedObject.name>
  <cim:BaseVoltage.nominalVoltage>12470</cim:BaseVoltage.nominalVoltage>
</cim:BaseVoltage>
<cim:OperationalLimitSet rdf:about="urn:uuid:E7EB5A09-B412-4AD2-A97A-AF611958910D">
  <cim:IdentifiedObject.mRID>E7EB5A09-B412-4AD2-A97A-AF611958910D</cim:IdentifiedObject.mRID>
  <cim:IdentifiedObject.name>OpLimV_12.4700</cim:IdentifiedObject.name>
</cim:OperationalLimitSet>
<cim:VoltageLimit rdf:about="urn:uuid:CA8D141A-588F-4ACF-B3FC-4F0A3C0A777D">
  <cim:IdentifiedObject.mRID>CA8D141A-588F-4ACF-B3FC-4F0A3C0A777D</cim:IdentifiedObject.mRID>
  <cim:IdentifiedObject.name>OpLimV_12.4700_RangeAHi</cim:IdentifiedObject.name>
  <cim:OperationalLimit.OperationalLimitSet rdf:resource="urn:uuid:E7EB5A09-B412-4AD2-A97A-AF611958910D"/>
  <cim:OperationalLimit.OperationalLimitType rdf:resource="urn:uuid:1D26D28C-884A-4498-8479-F42A8995B367"/>
  <cim:VoltageLimit.value>13093.5</cim:VoltageLimit.value>
</cim:VoltageLimit>
<cim:VoltageLimit rdf:about="urn:uuid:C0211BC3-A0A1-4F33-BF62-B4CDF12A2D9C">
  <cim:IdentifiedObject.mRID>C0211BC3-A0A1-4F33-BF62-B4CDF12A2D9C</cim:IdentifiedObject.mRID>
  <cim:IdentifiedObject.name>OpLimV_12.4700_RangeALo</cim:IdentifiedObject.name>
  <cim:OperationalLimit.OperationalLimitSet rdf:resource="urn:uuid:E7EB5A09-B412-4AD2-A97A-AF611958910D"/>
  <cim:OperationalLimit.OperationalLimitType rdf:resource="urn:uuid:A6C10D6F-B627-42B3-9A2A-67D0BA30AC1F"/>
  <cim:VoltageLimit.value>11846.5</cim:VoltageLimit.value>
</cim:VoltageLimit>
<cim:VoltageLimit rdf:about="urn:uuid:80EF512E-A34F-4554-A937-7CD21E7BC02E">
  <cim:IdentifiedObject.mRID>80EF512E-A34F-4554-A937-7CD21E7BC02E</cim:IdentifiedObject.mRID>
  <cim:IdentifiedObject.name>OpLimV_12.4700_RangeBHi</cim:IdentifiedObject.name>
  <cim:OperationalLimit.OperationalLimitSet rdf:resource="urn:uuid:E7EB5A09-B412-4AD2-A97A-AF611958910D"/>
  <cim:OperationalLimit.OperationalLimitType rdf:resource="urn:uuid:69E2D4C2-1E1C-49F2-8B67-3D9CABE90D0A"/>
  <cim:VoltageLimit.value>13197.416</cim:VoltageLimit.value>
</cim:VoltageLimit>
<cim:VoltageLimit rdf:about="urn:uuid:2003F95D-7D77-49DA-9B5D-D949BBDE37F4">
  <cim:IdentifiedObject.mRID>2003F95D-7D77-49DA-9B5D-D949BBDE37F4</cim:IdentifiedObject.mRID>
  <cim:IdentifiedObject.name>OpLimV_12.4700_RangeBLo</cim:IdentifiedObject.name>
  <cim:OperationalLimit.OperationalLimitSet rdf:resource="urn:uuid:E7EB5A09-B412-4AD2-A97A-AF611958910D"/>
  <cim:OperationalLimit.OperationalLimitType rdf:resource="urn:uuid:BC9A27C7-67E1-4A98-9B74-D3158749A0D5"/>
  <cim:VoltageLimit.value>11430.834</cim:VoltageLimit.value>
</cim:VoltageLimit>
<cim:BaseVoltage rdf:about="urn:uuid:D0ECB651-6262-4517-973D-BDBC19A6E87F">
  <cim:IdentifiedObject.mRID>D0ECB651-6262-4517-973D-BDBC19A6E87F</cim:IdentifiedObject.mRID>
  <cim:IdentifiedObject.name>BaseV_4.1600</cim:IdentifiedObject.name>
  <cim:BaseVoltage.nominalVoltage>4160</cim:BaseVoltage.nominalVoltage>
</cim:BaseVoltage>
<cim:OperationalLimitSet rdf:about="urn:uuid:1F9AF138-D3F7-4C14-BCB7-8737C699064C">
  <cim:IdentifiedObject.mRID>1F9AF138-D3F7-4C14-BCB7-8737C699064C</cim:IdentifiedObject.mRID>
  <cim:IdentifiedObject.name>OpLimV_4.1600</cim:IdentifiedObject.name>
</cim:OperationalLimitSet>
<cim:VoltageLimit rdf:about="urn:uuid:E9AA96F6-80F6-41B0-8E72-BFA645F42808">
  <cim:IdentifiedObject.mRID>E9AA96F6-80F6-41B0-8E72-BFA645F42808</cim:IdentifiedObject.mRID>
  <cim:IdentifiedObject.name>OpLimV_4.1600_RangeAHi</cim:IdentifiedObject.name>
  <cim:OperationalLimit.OperationalLimitSet rdf:resource="urn:uuid:1F9AF138-D3F7-4C14-BCB7-8737C699064C"/>
  <cim:OperationalLimit.OperationalLimitType rdf:resource="urn:uuid:1D26D28C-884A-4498-8479-F42A8995B367"/>
  <cim:VoltageLimit.value>4368</cim:VoltageLimit.value>
</cim:VoltageLimit>
<cim:VoltageLimit rdf:about="urn:uuid:A7E1FBEB-B3BC-4D0F-A100-9CA8AAEB34A2">
  <cim:IdentifiedObject.mRID>A7E1FBEB-B3BC-4D0F-A100-9CA8AAEB34A2</cim:IdentifiedObject.mRID>
  <cim:IdentifiedObject.name>OpLimV_4.1600_RangeALo</cim:IdentifiedObject.name>
  <cim:OperationalLimit.OperationalLimitSet rdf:resource="urn:uuid:1F9AF138-D3F7-4C14-BCB7-8737C699064C"/>
  <cim:OperationalLimit.OperationalLimitType rdf:resource="urn:uuid:A6C10D6F-B627-42B3-9A2A-67D0BA30AC1F"/>
  <cim:VoltageLimit.value>3952</cim:VoltageLimit.value>
</cim:VoltageLimit>
<cim:VoltageLimit rdf:about="urn:uuid:2EF82F39-51AF-4D36-AD3A-69AB501635E4">
  <cim:IdentifiedObject.mRID>2EF82F39-51AF-4D36-AD3A-69AB501635E4</cim:IdentifiedObject.mRID>
  <cim:IdentifiedObject.name>OpLimV_4.1600_RangeBHi</cim:IdentifiedObject.name>
  <cim:OperationalLimit.OperationalLimitSet rdf:resource="urn:uuid:1F9AF138-D3F7-4C14-BCB7-8737C699064C"/>
  <cim:OperationalLimit.OperationalLimitType rdf:resource="urn:uuid:69E2D4C2-1E1C-49F2-8B67-3D9CABE90D0A"/>
  <cim:VoltageLimit.value>4402.6665</cim:VoltageLimit.value>
</cim:VoltageLimit>
<cim:VoltageLimit rdf:about="urn:uuid:5586FB79-E885-4E54-9856-6B51E5CEC99A">
  <cim:IdentifiedObject.mRID>5586FB79-E885-4E54-9856-6B51E5CEC99A</cim:IdentifiedObject.mRID>
  <cim:IdentifiedObject.name>OpLimV_4.1600_RangeBLo</cim:IdentifiedObject.name>
  <cim:OperationalLimit.OperationalLimitSet rdf:resource="urn:uuid:1F9AF138-D3F7-4C14-BCB7-8737C699064C"/>
  <cim:OperationalLimit.OperationalLimitType rdf:resource="urn:uuid:BC9A27C7-67E1-4A98-9B74-D3158749A0D5"/>
  <cim:VoltageLimit.value>3813.3335</cim:VoltageLimit.value>
</cim:VoltageLimit>
<cim:TopologicalNode rdf:about="urn:uuid:8F39ED20-4F15-48A7-A4B1-D821D9AC0152">
  <cim:IdentifiedObject.mRID>8F39ED20-4F15-48A7-A4B1-D821D9AC0152</cim:IdentifiedObject.mRID>
  <cim:IdentifiedObject.name>sourcebus</cim:IdentifiedObject.name>
  <cim:TopologicalNode.TopologicalIsland rdf:resource="urn:uuid:084B58EA-65D2-4471-8957-DAA51435FE35"/>
</cim:TopologicalNode>
<cim:ConnectivityNode rdf:about="urn:uuid:13F9B09D-026B-464F-9F44-C1DD2B684680">
  <cim:IdentifiedObject.mRID>13F9B09D-026B-464F-9F44-C1DD2B684680</cim:IdentifiedObject.mRID>
  <cim:IdentifiedObject.name>sourcebus</cim:IdentifiedObject.name>
  <cim:ConnectivityNode.TopologicalNode rdf:resource="urn:uuid:8F39ED20-4F15-48A7-A4B1-D821D9AC0152"/>
  <cim:ConnectivityNode.OperationalLimitSet rdf:resource="urn:uuid:E7EB5A09-B412-4AD2-A97A-AF611958910D"/>
  <cim:ConnectivityNode.ConnectivityNodeContainer rdf:resource="urn:uuid:D09B6037-6236-42CA-AA11-811FE941AF5B"/>
</cim:ConnectivityNode>
<cim:TopologicalNode rdf:about="urn:uuid:82899E00-2FA6-415A-97AD-B42608FF6773">
  <cim:IdentifiedObject.mRID>82899E00-2FA6-415A-97AD-B42608FF6773</cim:IdentifiedObject.mRID>
  <cim:IdentifiedObject.name>n2</cim:IdentifiedObject.name>
  <cim:TopologicalNode.TopologicalIsland rdf:resource="urn:uuid:084B58EA-65D2-4471-8957-DAA51435FE35"/>
</cim:TopologicalNode>
<cim:ConnectivityNode rdf:about="urn:uuid:89F4434D-0812-4CF8-BBE6-000F542E4F9C">
  <cim:IdentifiedObject.mRID>89F4434D-0812-4CF8-BBE6-000F542E4F9C</cim:IdentifiedObject.mRID>
  <cim:IdentifiedObject.name>n2</cim:IdentifiedObject.name>
  <cim:ConnectivityNode.TopologicalNode rdf:resource="urn:uuid:82899E00-2FA6-415A-97AD-B42608FF6773"/>
  <cim:ConnectivityNode.OperationalLimitSet rdf:resource="urn:uuid:E7EB5A09-B412-4AD2-A97A-AF611958910D"/>
  <cim:ConnectivityNode.ConnectivityNodeContainer rdf:resource="urn:uuid:D09B6037-6236-42CA-AA11-811FE941AF5B"/>
</cim:ConnectivityNode>
<cim:TopologicalNode rdf:about="urn:uuid:5F8847B6-56B5-4ADF-A0B1-28353D19ABC9">
  <cim:IdentifiedObject.mRID>5F8847B6-56B5-4ADF-A0B1-28353D19ABC9</cim:IdentifiedObject.mRID>
  <cim:IdentifiedObject.name>n3</cim:IdentifiedObject.name>
  <cim:TopologicalNode.TopologicalIsland rdf:resource="urn:uuid:084B58EA-65D2-4471-8957-DAA51435FE35"/>
</cim:TopologicalNode>
<cim:ConnectivityNode rdf:about="urn:uuid:6A1AC55F-EC9A-4D51-998C-242F177B29BA">
  <cim:IdentifiedObject.mRID>6A1AC55F-EC9A-4D51-998C-242F177B29BA</cim:IdentifiedObject.mRID>
  <cim:IdentifiedObject.name>n3</cim:IdentifiedObject.name>
  <cim:ConnectivityNode.TopologicalNode rdf:resource="urn:uuid:5F8847B6-56B5-4ADF-A0B1-28353D19ABC9"/>
  <cim:ConnectivityNode.OperationalLimitSet rdf:resource="urn:uuid:1F9AF138-D3F7-4C14-BCB7-8737C699064C"/>
  <cim:ConnectivityNode.ConnectivityNodeContainer rdf:resource="urn:uuid:D09B6037-6236-42CA-AA11-811FE941AF5B"/>
</cim:ConnectivityNode>
<cim:TopologicalNode rdf:about="urn:uuid:DCB25411-A996-468F-909E-AC923A0468AB">
  <cim:IdentifiedObject.mRID>DCB25411-A996-468F-909E-AC923A0468AB</cim:IdentifiedObject.mRID>
  <cim:IdentifiedObject.name>n4</cim:IdentifiedObject.name>
  <cim:TopologicalNode.TopologicalIsland rdf:resource="urn:uuid:084B58EA-65D2-4471-8957-DAA51435FE35"/>
</cim:TopologicalNode>
<cim:ConnectivityNode rdf:about="urn:uuid:903F0FD7-6567-4203-A71B-26DDA6282FE0">
  <cim:IdentifiedObject.mRID>903F0FD7-6567-4203-A71B-26DDA6282FE0</cim:IdentifiedObject.mRID>
  <cim:IdentifiedObject.name>n4</cim:IdentifiedObject.name>
  <cim:ConnectivityNode.TopologicalNode rdf:resource="urn:uuid:DCB25411-A996-468F-909E-AC923A0468AB"/>
  <cim:ConnectivityNode.OperationalLimitSet rdf:resource="urn:uuid:1F9AF138-D3F7-4C14-BCB7-8737C699064C"/>
  <cim:ConnectivityNode.ConnectivityNodeContainer rdf:resource="urn:uuid:D09B6037-6236-42CA-AA11-811FE941AF5B"/>
</cim:ConnectivityNode>
<cim:TopologicalIsland rdf:about="urn:uuid:084B58EA-65D2-4471-8957-DAA51435FE35">
  <cim:IdentifiedObject.mRID>084B58EA-65D2-4471-8957-DAA51435FE35</cim:IdentifiedObject.mRID>
  <cim:IdentifiedObject.name>ydbal_Island</cim:IdentifiedObject.name>
  <cim:TopologicalIsland.AngleRefTopologicalNode rdf:resource="urn:uuid:8F39ED20-4F15-48A7-A4B1-D821D9AC0152"/>
</cim:TopologicalIsland>
<cim:EnergySource rdf:about="urn:uuid:65A3CEC8-80BB-40F8-A9F0-9369E1FDB3B0">
  <cim:IdentifiedObject.mRID>65A3CEC8-80BB-40F8-A9F0-9369E1FDB3B0</cim:IdentifiedObject.mRID>
  <cim:IdentifiedObject.name>source</cim:IdentifiedObject.name>
  <cim:Equipment.EquipmentContainer rdf:resource="urn:uuid:D09B6037-6236-42CA-AA11-811FE941AF5B"/>
  <cim:ConductingEquipment.BaseVoltage rdf:resource="urn:uuid:71142844-C492-49FD-A83C-2CE768078C37"/>
  <cim:EnergySource.nominalVoltage>12470</cim:EnergySource.nominalVoltage>
  <cim:EnergySource.voltageMagnitude>12470</cim:EnergySource.voltageMagnitude>
  <cim:EnergySource.voltageAngle>0</cim:EnergySource.voltageAngle>
  <cim:EnergySource.r>0.00018857254</cim:EnergySource.r>
  <cim:EnergySource.x>0.00075429016</cim:EnergySource.x>
  <cim:EnergySource.r0>0.00024635211</cim:EnergySource.r0>
  <cim:EnergySource.x0>0.00073905633</cim:EnergySource.x0>
  <cim:PowerSystemResource.Location rdf:resource="urn:uuid:EBAED6D5-1EE9-4ADF-96B8-5C2013FFEBB6"/>
</cim:EnergySource>
<cim:Terminal rdf:about="urn:uuid:7E6DA890-0082-49B7-9819-804070CC6638">
  <cim:IdentifiedObject.mRID>7E6DA890-0082-49B7-9819-804070CC6638</cim:IdentifiedObject.mRID>
  <cim:IdentifiedObject.name>source_T1</cim:IdentifiedObject.name>
  <cim:Terminal.ConductingEquipment rdf:resource="urn:uuid:65A3CEC8-80BB-40F8-A9F0-9369E1FDB3B0"/>
  <cim:ACDCTerminal.sequenceNumber>1</cim:ACDCTerminal.sequenceNumber>
  <cim:Terminal.ConnectivityNode rdf:resource="urn:uuid:13F9B09D-026B-464F-9F44-C1DD2B684680"/>
</cim:Terminal>
<cim:Location rdf:about="urn:uuid:EBAED6D5-1EE9-4ADF-96B8-5C2013FFEBB6">
  <cim:IdentifiedObject.mRID>EBAED6D5-1EE9-4ADF-96B8-5C2013FFEBB6</cim:IdentifiedObject.mRID>
  <cim:IdentifiedObject.name>source_Loc</cim:IdentifiedObject.name>
  <cim:Location.CoordinateSystem rdf:resource="urn:uuid:8765A434-0CD6-4420-8E94-1EE4BB438B31"/>
</cim:Location>
<cim:PositionPoint rdf:about="urn:uuid:EE0C2031-A49A-4616-AD84-BD6DD2D54A8E">
  <cim:PositionPoint.Location rdf:resource="urn:uuid:EBAED6D5-1EE9-4ADF-96B8-5C2013FFEBB6"/>
  <cim:PositionPoint.sequenceNumber>1</cim:PositionPoint.sequenceNumber>
  <cim:PositionPoint.xPosition>0</cim:PositionPoint.xPosition>
  <cim:PositionPoint.yPosition>0</cim:PositionPoint.yPosition>
</cim:PositionPoint>
<cim:Location rdf:about="urn:uuid:3EC8CAC9-856E-4973-A75E-757545C40374">
  <cim:IdentifiedObject.mRID>3EC8CAC9-856E-4973-A75E-757545C40374</cim:IdentifiedObject.mRID>
  <cim:IdentifiedObject.name>t1_Loc</cim:IdentifiedObject.name>
  <cim:Location.CoordinateSystem rdf:resource="urn:uuid:8765A434-0CD6-4420-8E94-1EE4BB438B31"/>
</cim:Location>
<cim:PositionPoint rdf:about="urn:uuid:9C5FD228-1112-41D1-B2FD-2A256A747AEA">
  <cim:PositionPoint.Location rdf:resource="urn:uuid:3EC8CAC9-856E-4973-A75E-757545C40374"/>
  <cim:PositionPoint.sequenceNumber>1</cim:PositionPoint.sequenceNumber>
  <cim:PositionPoint.xPosition>0</cim:PositionPoint.xPosition>
  <cim:PositionPoint.yPosition>0</cim:PositionPoint.yPosition>
</cim:PositionPoint>
<cim:PositionPoint rdf:about="urn:uuid:B93A6EC8-3E72-4AAA-9A5C-86EFBD4FB70D">
  <cim:PositionPoint.Location rdf:resource="urn:uuid:3EC8CAC9-856E-4973-A75E-757545C40374"/>
  <cim:PositionPoint.sequenceNumber>2</cim:PositionPoint.sequenceNumber>
  <cim:PositionPoint.xPosition>0</cim:PositionPoint.xPosition>
  <cim:PositionPoint.yPosition>0</cim:PositionPoint.yPosition>
</cim:PositionPoint>
<cim:TransformerCoreAdmittance rdf:about="urn:uuid:BEB7F50F-0AAC-4A16-A0E9-BE4538DBD8A5">
  <cim:IdentifiedObject.mRID>BEB7F50F-0AAC-4A16-A0E9-BE4538DBD8A5</cim:IdentifiedObject.mRID>
  <cim:IdentifiedObject.name>t1_Yc</cim:IdentifiedObject.name>
  <cim:TransformerCoreAdmittance.g>0</cim:TransformerCoreAdmittance.g>
  <cim:TransformerCoreAdmittance.g0>0</cim:TransformerCoreAdmittance.g0>
  <cim:TransformerCoreAdmittance.b>0</cim:TransformerCoreAdmittance.b>
  <cim:TransformerCoreAdmittance.b0>0</cim:TransformerCoreAdmittance.b0>
  <cim:TransformerCoreAdmittance.TransformerEnd rdf:resource="urn:uuid:DC558BBF-CF2E-48B8-8EA5-A3A8E981D542"/>
</cim:TransformerCoreAdmittance>
<cim:TransformerMeshImpedance rdf:about="urn:uuid:4CDEEAEB-AE14-41EA-8B64-13A0C963F454">
  <cim:IdentifiedObject.mRID>4CDEEAEB-AE14-41EA-8B64-13A0C963F454</cim:IdentifiedObject.mRID>
  <cim:IdentifiedObject.name>t1_Zsc_1</cim:IdentifiedObject.name>
  <cim:TransformerMeshImpedance.r>0.25916817</cim:TransformerMeshImpedance.r>
  <cim:TransformerMeshImpedance.r0>0.25916817</cim:TransformerMeshImpedance.r0>
  <cim:TransformerMeshImpedance.x>1.555009</cim:TransformerMeshImpedance.x>
  <cim:TransformerMeshImpedance.x0>1.555009</cim:TransformerMeshImpedance.x0>
  <cim:TransformerMeshImpedance.FromTransformerEnd rdf:resource="urn:uuid:DC558BBF-CF2E-48B8-8EA5-A3A8E981D542"/>
  <cim:TransformerMeshImpedance.ToTransformerEnd rdf:resource="urn:uuid:1D3F9971-534A-4E2A-B8CD-8FEDE4D7BB1C"/>
</cim:TransformerMeshImpedance>
<cim:PowerTransformerEnd rdf:about="urn:uuid:DC558BBF-CF2E-48B8-8EA5-A3A8E981D542">
  <cim:IdentifiedObject.mRID>DC558BBF-CF2E-48B8-8EA5-A3A8E981D542</cim:IdentifiedObject.mRID>
  <cim:IdentifiedObject.name>t1_End_1</cim:IdentifiedObject.name>
  <cim:PowerTransformerEnd.PowerTransformer rdf:resource="urn:uuid:FA330067-6831-4D13-857B-FFDE2D840917"/>
  <cim:PowerTransformerEnd.ratedS>6000000</cim:PowerTransformerEnd.ratedS>
  <cim:PowerTransformerEnd.ratedU>12470</cim:PowerTransformerEnd.ratedU>
  <cim:PowerTransformerEnd.r>0.12958408</cim:PowerTransformerEnd.r>
  <cim:PowerTransformerEnd.connectionKind rdf:resource="http://iec.ch/TC57/CIM100#WindingConnection.Y"/>
  <cim:PowerTransformerEnd.phaseAngleClock>0</cim:PowerTransformerEnd.phaseAngleClock>
  <cim:TransformerEnd.grounded>false</cim:TransformerEnd.grounded>
  <cim:TransformerEnd.endNumber>1</cim:TransformerEnd.endNumber>
  <cim:TransformerEnd.Terminal rdf:resource="urn:uuid:48246F4B-8037-4188-9CD6-C79314E90DE2"/>
  <cim:TransformerEnd.BaseVoltage rdf:resource="urn:uuid:71142844-C492-49FD-A83C-2CE768078C37"/>
</cim:PowerTransformerEnd>
<cim:Terminal rdf:about="urn:uuid:48246F4B-8037-4188-9CD6-C79314E90DE2">
  <cim:IdentifiedObject.mRID>48246F4B-8037-4188-9CD6-C79314E90DE2</cim:IdentifiedObject.mRID>
  <cim:IdentifiedObject.name>t1_T1</cim:IdentifiedObject.name>
  <cim:Terminal.ConductingEquipment rdf:resource="urn:uuid:FA330067-6831-4D13-857B-FFDE2D840917"/>
  <cim:ACDCTerminal.sequenceNumber>1</cim:ACDCTerminal.sequenceNumber>
  <cim:Terminal.ConnectivityNode rdf:resource="urn:uuid:89F4434D-0812-4CF8-BBE6-000F542E4F9C"/>
  <cim:ACDCTerminal.OperationalLimitSet rdf:resource="urn:uuid:F6424E86-D70E-41ED-B71F-3125C8F5FB23"/>
</cim:Terminal>
<cim:PowerTransformerEnd rdf:about="urn:uuid:1D3F9971-534A-4E2A-B8CD-8FEDE4D7BB1C">
  <cim:IdentifiedObject.mRID>1D3F9971-534A-4E2A-B8CD-8FEDE4D7BB1C</cim:IdentifiedObject.mRID>
  <cim:IdentifiedObject.name>t1_End_2</cim:IdentifiedObject.name>
  <cim:PowerTransformerEnd.PowerTransformer rdf:resource="urn:uuid:FA330067-6831-4D13-857B-FFDE2D840917"/>
  <cim:PowerTransformerEnd.ratedS>6000000</cim:PowerTransformerEnd.ratedS>
  <cim:PowerTransformerEnd.ratedU>4160</cim:PowerTransformerEnd.ratedU>
  <cim:PowerTransformerEnd.r>0.014421333</cim:PowerTransformerEnd.r>
  <cim:PowerTransformerEnd.connectionKind rdf:resource="http://iec.ch/TC57/CIM100#WindingConnection.D"/>
  <cim:PowerTransformerEnd.phaseAngleClock>1</cim:PowerTransformerEnd.phaseAngleClock>
  <cim:TransformerEnd.grounded>false</cim:TransformerEnd.grounded>
  <cim:TransformerEnd.endNumber>2</cim:TransformerEnd.endNumber>
  <cim:TransformerEnd.Terminal rdf:resource="urn:uuid:89E742A7-A61F-40DE-A809-03F821523FC4"/>
  <cim:TransformerEnd.BaseVoltage rdf:resource="urn:uuid:D0ECB651-6262-4517-973D-BDBC19A6E87F"/>
</cim:PowerTransformerEnd>
<cim:Terminal rdf:about="urn:uuid:89E742A7-A61F-40DE-A809-03F821523FC4">
  <cim:IdentifiedObject.mRID>89E742A7-A61F-40DE-A809-03F821523FC4</cim:IdentifiedObject.mRID>
  <cim:IdentifiedObject.name>t1_T2</cim:IdentifiedObject.name>
  <cim:Terminal.ConductingEquipment rdf:resource="urn:uuid:FA330067-6831-4D13-857B-FFDE2D840917"/>
  <cim:ACDCTerminal.sequenceNumber>2</cim:ACDCTerminal.sequenceNumber>
  <cim:Terminal.ConnectivityNode rdf:resource="urn:uuid:6A1AC55F-EC9A-4D51-998C-242F177B29BA"/>
</cim:Terminal>
<cim:PowerTransformer rdf:about="urn:uuid:FA330067-6831-4D13-857B-FFDE2D840917">
  <cim:IdentifiedObject.mRID>FA330067-6831-4D13-857B-FFDE2D840917</cim:IdentifiedObject.mRID>
  <cim:IdentifiedObject.name>t1</cim:IdentifiedObject.name>
  <cim:Equipment.EquipmentContainer rdf:resource="urn:uuid:D09B6037-6236-42CA-AA11-811FE941AF5B"/>
  <cim:PowerTransformer.vectorGroup>Yd1</cim:PowerTransformer.vectorGroup>
  <cim:PowerSystemResource.Location rdf:resource="urn:uuid:3EC8CAC9-856E-4973-A75E-757545C40374"/>
</cim:PowerTransformer>
<cim:ACLineSegment rdf:about="urn:uuid:F9C396AA-1291-4B97-A459-E0F7592B21C8">
  <cim:IdentifiedObject.mRID>F9C396AA-1291-4B97-A459-E0F7592B21C8</cim:IdentifiedObject.mRID>
  <cim:IdentifiedObject.name>line1</cim:IdentifiedObject.name>
  <cim:Equipment.EquipmentContainer rdf:resource="urn:uuid:D09B6037-6236-42CA-AA11-811FE941AF5B"/>
  <cim:ConductingEquipment.BaseVoltage rdf:resource="urn:uuid:71142844-C492-49FD-A83C-2CE768078C37"/>
  <cim:Conductor.length>609.6</cim:Conductor.length>
  <cim:ACLineSegment.WireSpacingInfo rdf:resource="urn:uuid:466E6815-2FD8-4E04-A075-0B7E14B32272"/>
  <cim:PowerSystemResource.Location rdf:resource="urn:uuid:2A1B81A6-0161-44D9-9E0A-4379D3743534"/>
</cim:ACLineSegment>
<cim:ACLineSegmentPhase rdf:about="urn:uuid:BFE10480-349F-4267-BB52-3DAE3AEDCDD1">
  <cim:IdentifiedObject.mRID>BFE10480-349F-4267-BB52-3DAE3AEDCDD1</cim:IdentifiedObject.mRID>
  <cim:IdentifiedObject.name>line1_A</cim:IdentifiedObject.name>
  <cim:ACLineSegmentPhase.phase rdf:resource="http://iec.ch/TC57/CIM100#SinglePhaseKind.A"/>
  <cim:ACLineSegmentPhase.sequenceNumber>1</cim:ACLineSegmentPhase.sequenceNumber>
  <cim:ACLineSegmentPhase.WireInfo rdf:resource="urn:uuid:AA892AAC-7525-466E-AD58-B7BFF0638274"/>
  <cim:ACLineSegmentPhase.ACLineSegment rdf:resource="urn:uuid:F9C396AA-1291-4B97-A459-E0F7592B21C8"/>
  <cim:PowerSystemResource.Location rdf:resource="urn:uuid:2A1B81A6-0161-44D9-9E0A-4379D3743534"/>
</cim:ACLineSegmentPhase>
<cim:ACLineSegmentPhase rdf:about="urn:uuid:534F4121-6A03-4995-9EC5-A72E91F6BC45">
  <cim:IdentifiedObject.mRID>534F4121-6A03-4995-9EC5-A72E91F6BC45</cim:IdentifiedObject.mRID>
  <cim:IdentifiedObject.name>line1_B</cim:IdentifiedObject.name>
  <cim:ACLineSegmentPhase.phase rdf:resource="http://iec.ch/TC57/CIM100#SinglePhaseKind.B"/>
  <cim:ACLineSegmentPhase.sequenceNumber>2</cim:ACLineSegmentPhase.sequenceNumber>
  <cim:ACLineSegmentPhase.WireInfo rdf:resource="urn:uuid:AA892AAC-7525-466E-AD58-B7BFF0638274"/>
  <cim:ACLineSegmentPhase.ACLineSegment rdf:resource="urn:uuid:F9C396AA-1291-4B97-A459-E0F7592B21C8"/>
  <cim:PowerSystemResource.Location rdf:resource="urn:uuid:2A1B81A6-0161-44D9-9E0A-4379D3743534"/>
</cim:ACLineSegmentPhase>
<cim:ACLineSegmentPhase rdf:about="urn:uuid:27BD92E9-2EBD-44B8-952F-B65BB81DE414">
  <cim:IdentifiedObject.mRID>27BD92E9-2EBD-44B8-952F-B65BB81DE414</cim:IdentifiedObject.mRID>
  <cim:IdentifiedObject.name>line1_C</cim:IdentifiedObject.name>
  <cim:ACLineSegmentPhase.phase rdf:resource="http://iec.ch/TC57/CIM100#SinglePhaseKind.C"/>
  <cim:ACLineSegmentPhase.sequenceNumber>3</cim:ACLineSegmentPhase.sequenceNumber>
  <cim:ACLineSegmentPhase.WireInfo rdf:resource="urn:uuid:AA892AAC-7525-466E-AD58-B7BFF0638274"/>
  <cim:ACLineSegmentPhase.ACLineSegment rdf:resource="urn:uuid:F9C396AA-1291-4B97-A459-E0F7592B21C8"/>
  <cim:PowerSystemResource.Location rdf:resource="urn:uuid:2A1B81A6-0161-44D9-9E0A-4379D3743534"/>
</cim:ACLineSegmentPhase>
<cim:ACLineSegmentPhase rdf:about="urn:uuid:CDAC778D-F3EA-40F9-9F86-78449A1402DA">
  <cim:IdentifiedObject.mRID>CDAC778D-F3EA-40F9-9F86-78449A1402DA</cim:IdentifiedObject.mRID>
  <cim:IdentifiedObject.name>line1_N</cim:IdentifiedObject.name>
  <cim:ACLineSegmentPhase.phase rdf:resource="http://iec.ch/TC57/CIM100#SinglePhaseKind.N"/>
  <cim:ACLineSegmentPhase.sequenceNumber>4</cim:ACLineSegmentPhase.sequenceNumber>
  <cim:ACLineSegmentPhase.WireInfo rdf:resource="urn:uuid:4699E1CB-E3B5-4680-A351-8E7E9A69ABA1"/>
  <cim:ACLineSegmentPhase.ACLineSegment rdf:resource="urn:uuid:F9C396AA-1291-4B97-A459-E0F7592B21C8"/>
  <cim:PowerSystemResource.Location rdf:resource="urn:uuid:2A1B81A6-0161-44D9-9E0A-4379D3743534"/>
</cim:ACLineSegmentPhase>
<cim:Terminal rdf:about="urn:uuid:41A93629-9E02-4DDF-ABCC-4E32B6398054">
  <cim:IdentifiedObject.mRID>41A93629-9E02-4DDF-ABCC-4E32B6398054</cim:IdentifiedObject.mRID>
  <cim:IdentifiedObject.name>line1_T1</cim:IdentifiedObject.name>
  <cim:Terminal.ConductingEquipment rdf:resource="urn:uuid:F9C396AA-1291-4B97-A459-E0F7592B21C8"/>
  <cim:ACDCTerminal.sequenceNumber>1</cim:ACDCTerminal.sequenceNumber>
  <cim:Terminal.ConnectivityNode rdf:resource="urn:uuid:13F9B09D-026B-464F-9F44-C1DD2B684680"/>
</cim:Terminal>
<cim:Terminal rdf:about="urn:uuid:AD04182E-BF67-4B18-BE62-03A9F667DEE3">
  <cim:IdentifiedObject.mRID>AD04182E-BF67-4B18-BE62-03A9F667DEE3</cim:IdentifiedObject.mRID>
  <cim:IdentifiedObject.name>line1_T2</cim:IdentifiedObject.name>
  <cim:Terminal.ConductingEquipment rdf:resource="urn:uuid:F9C396AA-1291-4B97-A459-E0F7592B21C8"/>
  <cim:ACDCTerminal.sequenceNumber>2</cim:ACDCTerminal.sequenceNumber>
  <cim:Terminal.ConnectivityNode rdf:resource="urn:uuid:89F4434D-0812-4CF8-BBE6-000F542E4F9C"/>
</cim:Terminal>
<cim:Location rdf:about="urn:uuid:2A1B81A6-0161-44D9-9E0A-4379D3743534">
  <cim:IdentifiedObject.mRID>2A1B81A6-0161-44D9-9E0A-4379D3743534</cim:IdentifiedObject.mRID>
  <cim:IdentifiedObject.name>line1_Loc</cim:IdentifiedObject.name>
  <cim:Location.CoordinateSystem rdf:resource="urn:uuid:8765A434-0CD6-4420-8E94-1EE4BB438B31"/>
</cim:Location>
<cim:PositionPoint rdf:about="urn:uuid:12A80472-7738-4916-9E47-DD4FB07742F7">
  <cim:PositionPoint.Location rdf:resource="urn:uuid:2A1B81A6-0161-44D9-9E0A-4379D3743534"/>
  <cim:PositionPoint.sequenceNumber>1</cim:PositionPoint.sequenceNumber>
  <cim:PositionPoint.xPosition>0</cim:PositionPoint.xPosition>
  <cim:PositionPoint.yPosition>0</cim:PositionPoint.yPosition>
</cim:PositionPoint>
<cim:PositionPoint rdf:about="urn:uuid:98561F5E-22E6-4AC8-9310-81FF32844DA9">
  <cim:PositionPoint.Location rdf:resource="urn:uuid:2A1B81A6-0161-44D9-9E0A-4379D3743534"/>
  <cim:PositionPoint.sequenceNumber>2</cim:PositionPoint.sequenceNumber>
  <cim:PositionPoint.xPosition>0</cim:PositionPoint.xPosition>
  <cim:PositionPoint.yPosition>0</cim:PositionPoint.yPosition>
</cim:PositionPoint>
<cim:ACLineSegment rdf:about="urn:uuid:3378AA62-ACB1-43D6-B120-FEA9552CD98C">
  <cim:IdentifiedObject.mRID>3378AA62-ACB1-43D6-B120-FEA9552CD98C</cim:IdentifiedObject.mRID>
  <cim:IdentifiedObject.name>line2</cim:IdentifiedObject.name>
  <cim:Equipment.EquipmentContainer rdf:resource="urn:uuid:D09B6037-6236-42CA-AA11-811FE941AF5B"/>
  <cim:ConductingEquipment.BaseVoltage rdf:resource="urn:uuid:D0ECB651-6262-4517-973D-BDBC19A6E87F"/>
  <cim:Conductor.length>762</cim:Conductor.length>
  <cim:ACLineSegment.WireSpacingInfo rdf:resource="urn:uuid:967C77DF-B126-4E89-9DA1-E666DC77E5F6"/>
  <cim:PowerSystemResource.Location rdf:resource="urn:uuid:BD11ADE8-9EF4-4013-BBBD-853DCFE54987"/>
</cim:ACLineSegment>
<cim:ACLineSegmentPhase rdf:about="urn:uuid:23CB664C-3D0B-4385-B0DE-BC87D5C337D1">
  <cim:IdentifiedObject.mRID>23CB664C-3D0B-4385-B0DE-BC87D5C337D1</cim:IdentifiedObject.mRID>
  <cim:IdentifiedObject.name>line2_A</cim:IdentifiedObject.name>
  <cim:ACLineSegmentPhase.phase rdf:resource="http://iec.ch/TC57/CIM100#SinglePhaseKind.A"/>
  <cim:ACLineSegmentPhase.sequenceNumber>1</cim:ACLineSegmentPhase.sequenceNumber>
  <cim:ACLineSegmentPhase.WireInfo rdf:resource="urn:uuid:AA892AAC-7525-466E-AD58-B7BFF0638274"/>
  <cim:ACLineSegmentPhase.ACLineSegment rdf:resource="urn:uuid:3378AA62-ACB1-43D6-B120-FEA9552CD98C"/>
  <cim:PowerSystemResource.Location rdf:resource="urn:uuid:BD11ADE8-9EF4-4013-BBBD-853DCFE54987"/>
</cim:ACLineSegmentPhase>
<cim:ACLineSegmentPhase rdf:about="urn:uuid:76339BA2-A9C7-4B68-B9F8-EB320D20A94F">
  <cim:IdentifiedObject.mRID>76339BA2-A9C7-4B68-B9F8-EB320D20A94F</cim:IdentifiedObject.mRID>
  <cim:IdentifiedObject.name>line2_B</cim:IdentifiedObject.name>
  <cim:ACLineSegmentPhase.phase rdf:resource="http://iec.ch/TC57/CIM100#SinglePhaseKind.B"/>
  <cim:ACLineSegmentPhase.sequenceNumber>2</cim:ACLineSegmentPhase.sequenceNumber>
  <cim:ACLineSegmentPhase.WireInfo rdf:resource="urn:uuid:AA892AAC-7525-466E-AD58-B7BFF0638274"/>
  <cim:ACLineSegmentPhase.ACLineSegment rdf:resource="urn:uuid:3378AA62-ACB1-43D6-B120-FEA9552CD98C"/>
  <cim:PowerSystemResource.Location rdf:resource="urn:uuid:BD11ADE8-9EF4-4013-BBBD-853DCFE54987"/>
</cim:ACLineSegmentPhase>
<cim:ACLineSegmentPhase rdf:about="urn:uuid:6B3D54B4-4681-4CCE-A715-DD8EF86F2CC7">
  <cim:IdentifiedObject.mRID>6B3D54B4-4681-4CCE-A715-DD8EF86F2CC7</cim:IdentifiedObject.mRID>
  <cim:IdentifiedObject.name>line2_C</cim:IdentifiedObject.name>
  <cim:ACLineSegmentPhase.phase rdf:resource="http://iec.ch/TC57/CIM100#SinglePhaseKind.C"/>
  <cim:ACLineSegmentPhase.sequenceNumber>3</cim:ACLineSegmentPhase.sequenceNumber>
  <cim:ACLineSegmentPhase.WireInfo rdf:resource="urn:uuid:AA892AAC-7525-466E-AD58-B7BFF0638274"/>
  <cim:ACLineSegmentPhase.ACLineSegment rdf:resource="urn:uuid:3378AA62-ACB1-43D6-B120-FEA9552CD98C"/>
  <cim:PowerSystemResource.Location rdf:resource="urn:uuid:BD11ADE8-9EF4-4013-BBBD-853DCFE54987"/>
</cim:ACLineSegmentPhase>
<cim:Terminal rdf:about="urn:uuid:21C6D846-7B19-4414-957A-2A76E6FE4FEE">
  <cim:IdentifiedObject.mRID>21C6D846-7B19-4414-957A-2A76E6FE4FEE</cim:IdentifiedObject.mRID>
  <cim:IdentifiedObject.name>line2_T1</cim:IdentifiedObject.name>
  <cim:Terminal.ConductingEquipment rdf:resource="urn:uuid:3378AA62-ACB1-43D6-B120-FEA9552CD98C"/>
  <cim:ACDCTerminal.sequenceNumber>1</cim:ACDCTerminal.sequenceNumber>
  <cim:Terminal.ConnectivityNode rdf:resource="urn:uuid:6A1AC55F-EC9A-4D51-998C-242F177B29BA"/>
</cim:Terminal>
<cim:Terminal rdf:about="urn:uuid:12F4B17A-496D-47D7-8C0B-508994BD8D5A">
  <cim:IdentifiedObject.mRID>12F4B17A-496D-47D7-8C0B-508994BD8D5A</cim:IdentifiedObject.mRID>
  <cim:IdentifiedObject.name>line2_T2</cim:IdentifiedObject.name>
  <cim:Terminal.ConductingEquipment rdf:resource="urn:uuid:3378AA62-ACB1-43D6-B120-FEA9552CD98C"/>
  <cim:ACDCTerminal.sequenceNumber>2</cim:ACDCTerminal.sequenceNumber>
  <cim:Terminal.ConnectivityNode rdf:resource="urn:uuid:903F0FD7-6567-4203-A71B-26DDA6282FE0"/>
</cim:Terminal>
<cim:Location rdf:about="urn:uuid:BD11ADE8-9EF4-4013-BBBD-853DCFE54987">
  <cim:IdentifiedObject.mRID>BD11ADE8-9EF4-4013-BBBD-853DCFE54987</cim:IdentifiedObject.mRID>
  <cim:IdentifiedObject.name>line2_Loc</cim:IdentifiedObject.name>
  <cim:Location.CoordinateSystem rdf:resource="urn:uuid:8765A434-0CD6-4420-8E94-1EE4BB438B31"/>
</cim:Location>
<cim:PositionPoint rdf:about="urn:uuid:70225857-2F96-453B-9586-772174C421F6">
  <cim:PositionPoint.Location rdf:resource="urn:uuid:BD11ADE8-9EF4-4013-BBBD-853DCFE54987"/>
  <cim:PositionPoint.sequenceNumber>1</cim:PositionPoint.sequenceNumber>
  <cim:PositionPoint.xPosition>0</cim:PositionPoint.xPosition>
  <cim:PositionPoint.yPosition>0</cim:PositionPoint.yPosition>
</cim:PositionPoint>
<cim:PositionPoint rdf:about="urn:uuid:F0456D24-5304-4E1F-BA17-5D44984FBB2F">
  <cim:PositionPoint.Location rdf:resource="urn:uuid:BD11ADE8-9EF4-4013-BBBD-853DCFE54987"/>
  <cim:PositionPoint.sequenceNumber>2</cim:PositionPoint.sequenceNumber>
  <cim:PositionPoint.xPosition>0</cim:PositionPoint.xPosition>
  <cim:PositionPoint.yPosition>0</cim:PositionPoint.yPosition>
</cim:PositionPoint>
<cim:LoadResponseCharacteristic rdf:about="urn:uuid:43D8C14C-0022-4092-97E0-5666E7E7F9B7">
  <cim:IdentifiedObject.mRID>43D8C14C-0022-4092-97E0-5666E7E7F9B7</cim:IdentifiedObject.mRID>
  <cim:IdentifiedObject.name>Constant kVA</cim:IdentifiedObject.name>
  <cim:LoadResponseCharacteristic.exponentModel>false</cim:LoadResponseCharacteristic.exponentModel>
  <cim:LoadResponseCharacteristic.pConstantImpedance>0</cim:LoadResponseCharacteristic.pConstantImpedance>
  <cim:LoadResponseCharacteristic.pConstantCurrent>0</cim:LoadResponseCharacteristic.pConstantCurrent>
  <cim:LoadResponseCharacteristic.pConstantPower>100</cim:LoadResponseCharacteristic.pConstantPower>
  <cim:LoadResponseCharacteristic.qConstantImpedance>0</cim:LoadResponseCharacteristic.qConstantImpedance>
  <cim:LoadResponseCharacteristic.qConstantCurrent>0</cim:LoadResponseCharacteristic.qConstantCurrent>
  <cim:LoadResponseCharacteristic.qConstantPower>100</cim:LoadResponseCharacteristic.qConstantPower>
  <cim:LoadResponseCharacteristic.pVoltageExponent>0</cim:LoadResponseCharacteristic.pVoltageExponent>
  <cim:LoadResponseCharacteristic.qVoltageExponent>0</cim:LoadResponseCharacteristic.qVoltageExponent>
  <cim:LoadResponseCharacteristic.pFrequencyExponent>0</cim:LoadResponseCharacteristic.pFrequencyExponent>
  <cim:LoadResponseCharacteristic.qFrequencyExponent>0</cim:LoadResponseCharacteristic.qFrequencyExponent>
</cim:LoadResponseCharacteristic>
<cim:LoadResponseCharacteristic rdf:about="urn:uuid:49E8A2C3-8834-42CC-90CB-97F33448A517">
  <cim:IdentifiedObject.mRID>49E8A2C3-8834-42CC-90CB-97F33448A517</cim:IdentifiedObject.mRID>
  <cim:IdentifiedObject.name>Constant Z</cim:IdentifiedObject.name>
  <cim:LoadResponseCharacteristic.exponentModel>false</cim:LoadResponseCharacteristic.exponentModel>
  <cim:LoadResponseCharacteristic.pConstantImpedance>100</cim:LoadResponseCharacteristic.pConstantImpedance>
  <cim:LoadResponseCharacteristic.pConstantCurrent>0</cim:LoadResponseCharacteristic.pConstantCurrent>
  <cim:LoadResponseCharacteristic.pConstantPower>0</cim:LoadResponseCharacteristic.pConstantPower>
  <cim:LoadResponseCharacteristic.qConstantImpedance>100</cim:LoadResponseCharacteristic.qConstantImpedance>
  <cim:LoadResponseCharacteristic.qConstantCurrent>0</cim:LoadResponseCharacteristic.qConstantCurrent>
  <cim:LoadResponseCharacteristic.qConstantPower>0</cim:LoadResponseCharacteristic.qConstantPower>
  <cim:LoadResponseCharacteristic.pVoltageExponent>0</cim:LoadResponseCharacteristic.pVoltageExponent>
  <cim:LoadResponseCharacteristic.qVoltageExponent>0</cim:LoadResponseCharacteristic.qVoltageExponent>
  <cim:LoadResponseCharacteristic.pFrequencyExponent>0</cim:LoadResponseCharacteristic.pFrequencyExponent>
  <cim:LoadResponseCharacteristic.qFrequencyExponent>0</cim:LoadResponseCharacteristic.qFrequencyExponent>
</cim:LoadResponseCharacteristic>
<cim:LoadResponseCharacteristic rdf:about="urn:uuid:88CB94C2-91D4-4F7C-90FF-7DF52EB3EBA2">
  <cim:IdentifiedObject.mRID>88CB94C2-91D4-4F7C-90FF-7DF52EB3EBA2</cim:IdentifiedObject.mRID>
  <cim:IdentifiedObject.name>Motor</cim:IdentifiedObject.name>
  <cim:LoadResponseCharacteristic.exponentModel>false</cim:LoadResponseCharacteristic.exponentModel>
  <cim:LoadResponseCharacteristic.pConstantImpedance>0</cim:LoadResponseCharacteristic.pConstantImpedance>
  <cim:LoadResponseCharacteristic.pConstantCurrent>0</cim:LoadResponseCharacteristic.pConstantCurrent>
  <cim:LoadResponseCharacteristic.pConstantPower>100</cim:LoadResponseCharacteristic.pConstantPower>
  <cim:LoadResponseCharacteristic.qConstantImpedance>100</cim:LoadResponseCharacteristic.qConstantImpedance>
  <cim:LoadResponseCharacteristic.qConstantCurrent>0</cim:LoadResponseCharacteristic.qConstantCurrent>
  <cim:LoadResponseCharacteristic.qConstantPower>0</cim:LoadResponseCharacteristic.qConstantPower>
  <cim:LoadResponseCharacteristic.pVoltageExponent>0</cim:LoadResponseCharacteristic.pVoltageExponent>
  <cim:LoadResponseCharacteristic.qVoltageExponent>0</cim:LoadResponseCharacteristic.qVoltageExponent>
  <cim:LoadResponseCharacteristic.pFrequencyExponent>0</cim:LoadResponseCharacteristic.pFrequencyExponent>
  <cim:LoadResponseCharacteristic.qFrequencyExponent>0</cim:LoadResponseCharacteristic.qFrequencyExponent>
</cim:LoadResponseCharacteristic>
<cim:LoadResponseCharacteristic rdf:about="urn:uuid:9CB8D3B5-EE2E-44E1-9612-18F00F1AF5DB">
  <cim:IdentifiedObject.mRID>9CB8D3B5-EE2E-44E1-9612-18F00F1AF5DB</cim:IdentifiedObject.mRID>
  <cim:IdentifiedObject.name>Mix Motor/Res</cim:IdentifiedObject.name>
  <cim:LoadResponseCharacteristic.exponentModel>true</cim:LoadResponseCharacteristic.exponentModel>
  <cim:LoadResponseCharacteristic.pConstantImpedance>0</cim:LoadResponseCharacteristic.pConstantImpedance>
  <cim:LoadResponseCharacteristic.pConstantCurrent>0</cim:LoadResponseCharacteristic.pConstantCurrent>
  <cim:LoadResponseCharacteristic.pConstantPower>0</cim:LoadResponseCharacteristic.pConstantPower>
  <cim:LoadResponseCharacteristic.qConstantImpedance>0</cim:LoadResponseCharacteristic.qConstantImpedance>
  <cim:LoadResponseCharacteristic.qConstantCurrent>0</cim:LoadResponseCharacteristic.qConstantCurrent>
  <cim:LoadResponseCharacteristic.qConstantPower>0</cim:LoadResponseCharacteristic.qConstantPower>
  <cim:LoadResponseCharacteristic.pVoltageExponent>1</cim:LoadResponseCharacteristic.pVoltageExponent>
  <cim:LoadResponseCharacteristic.qVoltageExponent>2</cim:LoadResponseCharacteristic.qVoltageExponent>
  <cim:LoadResponseCharacteristic.pFrequencyExponent>0</cim:LoadResponseCharacteristic.pFrequencyExponent>
  <cim:LoadResponseCharacteristic.qFrequencyExponent>0</cim:LoadResponseCharacteristic.qFrequencyExponent>
</cim:LoadResponseCharacteristic>
<cim:LoadResponseCharacteristic rdf:about="urn:uuid:ED1478A4-5A0B-4F20-85C6-E4AF82B21EFC">
  <cim:IdentifiedObject.mRID>ED1478A4-5A0B-4F20-85C6-E4AF82B21EFC</cim:IdentifiedObject.mRID>
  <cim:IdentifiedObject.name>Constant I</cim:IdentifiedObject.name>
  <cim:LoadResponseCharacteristic.exponentModel>false</cim:LoadResponseCharacteristic.exponentModel>
  <cim:LoadResponseCharacteristic.pConstantImpedance>0</cim:LoadResponseCharacteristic.pConstantImpedance>
  <cim:LoadResponseCharacteristic.pConstantCurrent>100</cim:LoadResponseCharacteristic.pConstantCurrent>
  <cim:LoadResponseCharacteristic.pConstantPower>0</cim:LoadResponseCharacteristic.pConstantPower>
  <cim:LoadResponseCharacteristic.qConstantImpedance>0</cim:LoadResponseCharacteristic.qConstantImpedance>
  <cim:LoadResponseCharacteristic.qConstantCurrent>100</cim:LoadResponseCharacteristic.qConstantCurrent>
  <cim:LoadResponseCharacteristic.qConstantPower>0</cim:LoadResponseCharacteristic.qConstantPower>
  <cim:LoadResponseCharacteristic.pVoltageExponent>0</cim:LoadResponseCharacteristic.pVoltageExponent>
  <cim:LoadResponseCharacteristic.qVoltageExponent>0</cim:LoadResponseCharacteristic.qVoltageExponent>
  <cim:LoadResponseCharacteristic.pFrequencyExponent>0</cim:LoadResponseCharacteristic.pFrequencyExponent>
  <cim:LoadResponseCharacteristic.qFrequencyExponent>0</cim:LoadResponseCharacteristic.qFrequencyExponent>
</cim:LoadResponseCharacteristic>
<cim:LoadResponseCharacteristic rdf:about="urn:uuid:3FF5F2C7-E655-4151-BB72-5A6BB202E3A8">
  <cim:IdentifiedObject.mRID>3FF5F2C7-E655-4151-BB72-5A6BB202E3A8</cim:IdentifiedObject.mRID>
  <cim:IdentifiedObject.name>Variable P, Fixed Q</cim:IdentifiedObject.name>
  <cim:LoadResponseCharacteristic.exponentModel>false</cim:LoadResponseCharacteristic.exponentModel>
  <cim:LoadResponseCharacteristic.pConstantImpedance>0</cim:LoadResponseCharacteristic.pConstantImpedance>
  <cim:LoadResponseCharacteristic.pConstantCurrent>0</cim:LoadResponseCharacteristic.pConstantCurrent>
  <cim:LoadResponseCharacteristic.pConstantPower>100</cim:LoadResponseCharacteristic.pConstantPower>
  <cim:LoadResponseCharacteristic.qConstantImpedance>0</cim:LoadResponseCharacteristic.qConstantImpedance>
  <cim:LoadResponseCharacteristic.qConstantCurrent>0</cim:LoadResponseCharacteristic.qConstantCurrent>
  <cim:LoadResponseCharacteristic.qConstantPower>100</cim:LoadResponseCharacteristic.qConstantPower>
  <cim:LoadResponseCharacteristic.pVoltageExponent>0</cim:LoadResponseCharacteristic.pVoltageExponent>
  <cim:LoadResponseCharacteristic.qVoltageExponent>0</cim:LoadResponseCharacteristic.qVoltageExponent>
  <cim:LoadResponseCharacteristic.pFrequencyExponent>0</cim:LoadResponseCharacteristic.pFrequencyExponent>
  <cim:LoadResponseCharacteristic.qFrequencyExponent>0</cim:LoadResponseCharacteristic.qFrequencyExponent>
</cim:LoadResponseCharacteristic>
<cim:LoadResponseCharacteristic rdf:about="urn:uuid:E8666E79-0937-4021-AC76-807F971C9BC1">
  <cim:IdentifiedObject.mRID>E8666E79-0937-4021-AC76-807F971C9BC1</cim:IdentifiedObject.mRID>
  <cim:IdentifiedObject.name>Variable P, Fixed X</cim:IdentifiedObject.name>
  <cim:LoadResponseCharacteristic.exponentModel>false</cim:LoadResponseCharacteristic.exponentModel>
  <cim:LoadResponseCharacteristic.pConstantImpedance>0</cim:LoadResponseCharacteristic.pConstantImpedance>
  <cim:LoadResponseCharacteristic.pConstantCurrent>0</cim:LoadResponseCharacteristic.pConstantCurrent>
  <cim:LoadResponseCharacteristic.pConstantPower>100</cim:LoadResponseCharacteristic.pConstantPower>
  <cim:LoadResponseCharacteristic.qConstantImpedance>100</cim:LoadResponseCharacteristic.qConstantImpedance>
  <cim:LoadResponseCharacteristic.qConstantCurrent>0</cim:LoadResponseCharacteristic.qConstantCurrent>
  <cim:LoadResponseCharacteristic.qConstantPower>0</cim:LoadResponseCharacteristic.qConstantPower>
  <cim:LoadResponseCharacteristic.pVoltageExponent>0</cim:LoadResponseCharacteristic.pVoltageExponent>
  <cim:LoadResponseCharacteristic.qVoltageExponent>0</cim:LoadResponseCharacteristic.qVoltageExponent>
  <cim:LoadResponseCharacteristic.pFrequencyExponent>0</cim:LoadResponseCharacteristic.pFrequencyExponent>
  <cim:LoadResponseCharacteristic.qFrequencyExponent>0</cim:LoadResponseCharacteristic.qFrequencyExponent>
</cim:LoadResponseCharacteristic>
<cim:EnergyConsumer rdf:about="urn:uuid:F6BCFD0C-BCEC-4C21-AB7E-28F7CA0614F8">
  <cim:IdentifiedObject.mRID>F6BCFD0C-BCEC-4C21-AB7E-28F7CA0614F8</cim:IdentifiedObject.mRID>
  <cim:IdentifiedObject.name>load1</cim:IdentifiedObject.name>
  <cim:Equipment.EquipmentContainer rdf:resource="urn:uuid:D09B6037-6236-42CA-AA11-811FE941AF5B"/>
  <cim:ConductingEquipment.BaseVoltage rdf:resource="urn:uuid:D0ECB651-6262-4517-973D-BDBC19A6E87F"/>
  <cim:EnergyConsumer.LoadResponse rdf:resource="urn:uuid:49E8A2C3-8834-42CC-90CB-97F33448A517"/>
  <cim:EnergyConsumer.p>5400000</cim:EnergyConsumer.p>
  <cim:EnergyConsumer.q>2615339.4</cim:EnergyConsumer.q>
  <cim:EnergyConsumer.customerCount>1</cim:EnergyConsumer.customerCount>
  <cim:EnergyConsumer.phaseConnection rdf:resource="http://iec.ch/TC57/CIM100#PhaseShuntConnectionKind.D"/>
  <cim:EnergyConsumer.grounded>false</cim:EnergyConsumer.grounded>
  <cim:PowerSystemResource.Location rdf:resource="urn:uuid:C01625C1-7330-4CE9-80C7-1D41E3681243"/>
</cim:EnergyConsumer>
<cim:Terminal rdf:about="urn:uuid:E5A0BB47-7EDD-4BAE-A912-9959990FB647">
  <cim:IdentifiedObject.mRID>E5A0BB47-7EDD-4BAE-A912-9959990FB647</cim:IdentifiedObject.mRID>
  <cim:IdentifiedObject.name>load1_T1</cim:IdentifiedObject.name>
  <cim:Terminal.ConductingEquipment rdf:resource="urn:uuid:F6BCFD0C-BCEC-4C21-AB7E-28F7CA0614F8"/>
  <cim:ACDCTerminal.sequenceNumber>1</cim:ACDCTerminal.sequenceNumber>
  <cim:Terminal.ConnectivityNode rdf:resource="urn:uuid:903F0FD7-6567-4203-A71B-26DDA6282FE0"/>
</cim:Terminal>
<cim:Location rdf:about="urn:uuid:C01625C1-7330-4CE9-80C7-1D41E3681243">
  <cim:IdentifiedObject.mRID>C01625C1-7330-4CE9-80C7-1D41E3681243</cim:IdentifiedObject.mRID>
  <cim:IdentifiedObject.name>load1_Loc</cim:IdentifiedObject.name>
  <cim:Location.CoordinateSystem rdf:resource="urn:uuid:8765A434-0CD6-4420-8E94-1EE4BB438B31"/>
</cim:Location>
<cim:PositionPoint rdf:about="urn:uuid:CA424D42-D956-45DC-A6D5-A12C3645321B">
  <cim:PositionPoint.Location rdf:resource="urn:uuid:C01625C1-7330-4CE9-80C7-1D41E3681243"/>
  <cim:PositionPoint.sequenceNumber>1</cim:PositionPoint.sequenceNumber>
  <cim:PositionPoint.xPosition>0</cim:PositionPoint.xPosition>
  <cim:PositionPoint.yPosition>0</cim:PositionPoint.yPosition>
</cim:PositionPoint>
<cim:OverheadWireInfo rdf:about="urn:uuid:AA892AAC-7525-466E-AD58-B7BFF0638274">
  <cim:IdentifiedObject.mRID>AA892AAC-7525-466E-AD58-B7BFF0638274</cim:IdentifiedObject.mRID>
  <cim:IdentifiedObject.name>conductor</cim:IdentifiedObject.name>
  <cim:WireInfo.sizeDescription>WireData_conductor</cim:WireInfo.sizeDescription>
  <cim:WireInfo.gmr>0.00743712</cim:WireInfo.gmr>
  <cim:WireInfo.radius>0.0091567</cim:WireInfo.radius>
  <cim:WireInfo.rDC20>0.00018641136</cim:WireInfo.rDC20>
  <cim:WireInfo.rAC25>0.00019013958</cim:WireInfo.rAC25>
  <cim:WireInfo.rAC50>0.00019013958</cim:WireInfo.rAC50>
  <cim:WireInfo.rAC75>0.00019013958</cim:WireInfo.rAC75>
  <cim:WireInfo.ratedCurrent>0</cim:WireInfo.ratedCurrent>
  <cim:WireInfo.strandCount>0</cim:WireInfo.strandCount>
  <cim:WireInfo.coreStrandCount>0</cim:WireInfo.coreStrandCount>
  <cim:WireInfo.coreRadius>0</cim:WireInfo.coreRadius>
  <cim:WireInfo.insulated>false</cim:WireInfo.insulated>
</cim:OverheadWireInfo>
<cim:OverheadWireInfo rdf:about="urn:uuid:4699E1CB-E3B5-4680-A351-8E7E9A69ABA1">
  <cim:IdentifiedObject.mRID>4699E1CB-E3B5-4680-A351-8E7E9A69ABA1</cim:IdentifiedObject.mRID>
  <cim:IdentifiedObject.name>neutral</cim:IdentifiedObject.name>
  <cim:WireInfo.sizeDescription>WireData_neutral</cim:WireInfo.sizeDescription>
  <cim:WireInfo.gmr>0.002481072</cim:WireInfo.gmr>
  <cim:WireInfo.radius>0.0071501</cim:WireInfo.radius>
  <cim:WireInfo.rDC20>0.00036063897</cim:WireInfo.rDC20>
  <cim:WireInfo.rAC25>0.00036785175</cim:WireInfo.rAC25>
  <cim:WireInfo.rAC50>0.00036785175</cim:WireInfo.rAC50>
  <cim:WireInfo.rAC75>0.00036785175</cim:WireInfo.rAC75>
  <cim:WireInfo.ratedCurrent>0</cim:WireInfo.ratedCurrent>
  <cim:WireInfo.strandCount>0</cim:WireInfo.strandCount>
  <cim:WireInfo.coreStrandCount>0</cim:WireInfo.coreStrandCount>
  <cim:WireInfo.coreRadius>0</cim:WireInfo.coreRadius>
  <cim:WireInfo.insulated>false</cim:WireInfo.insulated>
</cim:OverheadWireInfo>
<cim:WireSpacingInfo rdf:about="urn:uuid:466E6815-2FD8-4E04-A075-0B7E14B32272">
  <cim:IdentifiedObject.mRID>466E6815-2FD8-4E04-A075-0B7E14B32272</cim:IdentifiedObject.mRID>
  <cim:IdentifiedObject.name>4wire</cim:IdentifiedObject.name>
  <cim:WireSpacingInfo.usage rdf:resource="http://iec.ch/TC57/CIM100#WireUsageKind.distribution"/>
  <cim:WireSpacingInfo.phaseWireCount>1</cim:WireSpacingInfo.phaseWireCount>
  <cim:WireSpacingInfo.phaseWireSpacing>0</cim:WireSpacingInfo.phaseWireSpacing>
  <cim:WireSpacingInfo.isCable>false</cim:WireSpacingInfo.isCable>
</cim:WireSpacingInfo>
<cim:WirePosition rdf:about="urn:uuid:DA81DD41-C39A-448E-83A3-687E2678FBB6">
  <cim:IdentifiedObject.mRID>DA81DD41-C39A-448E-83A3-687E2678FBB6</cim:IdentifiedObject.mRID>
  <cim:IdentifiedObject.name>WP_4wire_1</cim:IdentifiedObject.name>
  <cim:WirePosition.WireSpacingInfo rdf:resource="urn:uuid:466E6815-2FD8-4E04-A075-0B7E14B32272"/>
  <cim:WirePosition.sequenceNumber>1</cim:WirePosition.sequenceNumber>
  <cim:WirePosition.xCoord>-1.2192</cim:WirePosition.xCoord>
  <cim:WirePosition.yCoord>8.5344</cim:WirePosition.yCoord>
</cim:WirePosition>
<cim:WirePosition rdf:about="urn:uuid:CE3DE9F9-05D2-495D-9A47-D45B600F49CB">
  <cim:IdentifiedObject.mRID>CE3DE9F9-05D2-495D-9A47-D45B600F49CB</cim:IdentifiedObject.mRID>
  <cim:IdentifiedObject.name>WP_4wire_2</cim:IdentifiedObject.name>
  <cim:WirePosition.WireSpacingInfo rdf:resource="urn:uuid:466E6815-2FD8-4E04-A075-0B7E14B32272"/>
  <cim:WirePosition.sequenceNumber>2</cim:WirePosition.sequenceNumber>
  <cim:WirePosition.xCoord>-0.4572</cim:WirePosition.xCoord>
  <cim:WirePosition.yCoord>8.5344</cim:WirePosition.yCoord>
</cim:WirePosition>
<cim:WirePosition rdf:about="urn:uuid:54A4214E-95E5-4E9E-99B1-1A7C08EA576A">
  <cim:IdentifiedObject.mRID>54A4214E-95E5-4E9E-99B1-1A7C08EA576A</cim:IdentifiedObject.mRID>
  <cim:IdentifiedObject.name>WP_4wire_3</cim:IdentifiedObject.name>
  <cim:WirePosition.WireSpacingInfo rdf:resource="urn:uuid:466E6815-2FD8-4E04-A075-0B7E14B32272"/>
  <cim:WirePosition.sequenceNumber>3</cim:WirePosition.sequenceNumber>
  <cim:WirePosition.xCoord>0.9144</cim:WirePosition.xCoord>
  <cim:WirePosition.yCoord>8.5344</cim:WirePosition.yCoord>
</cim:WirePosition>
<cim:WirePosition rdf:about="urn:uuid:642D772D-B695-4931-85C3-A0F7239B4121">
  <cim:IdentifiedObject.mRID>642D772D-B695-4931-85C3-A0F7239B4121</cim:IdentifiedObject.mRID>
  <cim:IdentifiedObject.name>WP_4wire_4</cim:IdentifiedObject.name>
  <cim:WirePosition.WireSpacingInfo rdf:resource="urn:uuid:466E6815-2FD8-4E04-A075-0B7E14B32272"/>
  <cim:WirePosition.sequenceNumber>4</cim:WirePosition.sequenceNumber>
  <cim:WirePosition.xCoord>0</cim:WirePosition.xCoord>
  <cim:WirePosition.yCoord>7.3152</cim:WirePosition.yCoord>
</cim:WirePosition>
<cim:WireSpacingInfo rdf:about="urn:uuid:967C77DF-B126-4E89-9DA1-E666DC77E5F6">
  <cim:IdentifiedObject.mRID>967C77DF-B126-4E89-9DA1-E666DC77E5F6</cim:IdentifiedObject.mRID>
  <cim:IdentifiedObject.name>3wire</cim:IdentifiedObject.name>
  <cim:WireSpacingInfo.usage rdf:resource="http://iec.ch/TC57/CIM100#WireUsageKind.distribution"/>
  <cim:WireSpacingInfo.phaseWireCount>1</cim:WireSpacingInfo.phaseWireCount>
  <cim:WireSpacingInfo.phaseWireSpacing>0</cim:WireSpacingInfo.phaseWireSpacing>
  <cim:WireSpacingInfo.isCable>false</cim:WireSpacingInfo.isCable>
</cim:WireSpacingInfo>
<cim:WirePosition rdf:about="urn:uuid:8F56D8AC-03A4-43A7-8D0F-811CE502FE72">
  <cim:IdentifiedObject.mRID>8F56D8AC-03A4-43A7-8D0F-811CE502FE72</cim:IdentifiedObject.mRID>
  <cim:IdentifiedObject.name>WP_3wire_1</cim:IdentifiedObject.name>
  <cim:WirePosition.WireSpacingInfo rdf:resource="urn:uuid:967C77DF-B126-4E89-9DA1-E666DC77E5F6"/>
  <cim:WirePosition.sequenceNumber>1</cim:WirePosition.sequenceNumber>
  <cim:WirePosition.xCoord>-1.2192</cim:WirePosition.xCoord>
  <cim:WirePosition.yCoord>8.5344</cim:WirePosition.yCoord>
</cim:WirePosition>
<cim:WirePosition rdf:about="urn:uuid:9D47F9DE-B68E-4E79-A316-27E3E8A684CA">
  <cim:IdentifiedObject.mRID>9D47F9DE-B68E-4E79-A316-27E3E8A684CA</cim:IdentifiedObject.mRID>
  <cim:IdentifiedObject.name>WP_3wire_2</cim:IdentifiedObject.name>
  <cim:WirePosition.WireSpacingInfo rdf:resource="urn:uuid:967C77DF-B126-4E89-9DA1-E666DC77E5F6"/>
  <cim:WirePosition.sequenceNumber>2</cim:WirePosition.sequenceNumber>
  <cim:WirePosition.xCoord>-0.4572</cim:WirePosition.xCoord>
  <cim:WirePosition.yCoord>8.5344</cim:WirePosition.yCoord>
</cim:WirePosition>
<cim:WirePosition rdf:about="urn:uuid:553C051F-9DAB-437F-8939-6C7F1A33B68B">
  <cim:IdentifiedObject.mRID>553C051F-9DAB-437F-8939-6C7F1A33B68B</cim:IdentifiedObject.mRID>
  <cim:IdentifiedObject.name>WP_3wire_3</cim:IdentifiedObject.name>
  <cim:WirePosition.WireSpacingInfo rdf:resource="urn:uuid:967C77DF-B126-4E89-9DA1-E666DC77E5F6"/>
  <cim:WirePosition.sequenceNumber>3</cim:WirePosition.sequenceNumber>
  <cim:WirePosition.xCoord>0.9144</cim:WirePosition.xCoord>
  <cim:WirePosition.yCoord>8.5344</cim:WirePosition.yCoord>
</cim:WirePosition>
<cim:OperationalLimitSet rdf:about="urn:uuid:F6424E86-D70E-41ED-B71F-3125C8F5FB23">
  <cim:IdentifiedObject.mRID>F6424E86-D70E-41ED-B71F-3125C8F5FB23</cim:IdentifiedObject.mRID>
  <cim:IdentifiedObject.name>OpLimI_305.6_416.7</cim:IdentifiedObject.name>
</cim:OperationalLimitSet>
<cim:CurrentLimit rdf:about="urn:uuid:B710BAAA-9227-43E5-953E-C3235E8EBE6E">
  <cim:IdentifiedObject.mRID>B710BAAA-9227-43E5-953E-C3235E8EBE6E</cim:IdentifiedObject.mRID>
  <cim:IdentifiedObject.name>OpLimI_305.6_416.7_Norm</cim:IdentifiedObject.name>
  <cim:OperationalLimit.OperationalLimitSet rdf:resource="urn:uuid:F6424E86-D70E-41ED-B71F-3125C8F5FB23"/>
  <cim:OperationalLimit.OperationalLimitType rdf:resource="urn:uuid:CE21C7C4-2426-4D05-B8DF-09CFCD8B00B6"/>
  <cim:CurrentLimit.value>305.57432</cim:CurrentLimit.value>
</cim:CurrentLimit>
<cim:CurrentLimit rdf:about="urn:uuid:9F7DE01A-47D3-424F-B71D-F2BE7F0FEB44">
  <cim:IdentifiedObject.mRID>9F7DE01A-47D3-424F-B71D-F2BE7F0FEB44</cim:IdentifiedObject.mRID>
  <cim:IdentifiedObject.name>OpLimI_305.6_416.7_Emerg</cim:IdentifiedObject.name>
  <cim:OperationalLimit.OperationalLimitSet rdf:resource="urn:uuid:F6424E86-D70E-41ED-B71F-3125C8F5FB23"/>
  <cim:OperationalLimit.OperationalLimitType rdf:resource="urn:uuid:BA624F14-DB5F-490E-BE09-2DE428C232B6"/>
  <cim:CurrentLimit.value>416.69226</cim:CurrentLimit.value>
</cim:CurrentLimit>
</rdf:RDF>
