<?xml version="1.0" encoding="utf-8"?>
<!-- un-comment this line to enable validation
-->
<rdf:RDF xmlns:cim="http://iec.ch/TC57/CIM100#" xmlns:rdf="http://www.w3.org/1999/02/22-rdf-syntax-ns#">
<!--
-->
<cim:IEC61970CIMVersion rdf:about="urn:uuid:D883759E-6CD4-4B93-A979-077CA231A66F">
  <cim:IEC61970CIMVersion.version>IEC61970CIM100</cim:IEC61970CIMVersion.version>
  <cim:IEC61970CIMVersion.date>2019-04-01</cim:IEC61970CIMVersion.date>
</cim:IEC61970CIMVersion>
<cim:CoordinateSystem rdf:about="urn:uuid:C8FDE787-2AE1-4990-AEC3-67E1D7E6D668">
  <cim:IdentifiedObject.mRID>C8FDE787-2AE1-4990-AEC3-67E1D7E6D668</cim:IdentifiedObject.mRID>
  <cim:IdentifiedObject.name>ydbal_CrsUrn</cim:IdentifiedObject.name>
  <cim:CoordinateSystem.crsUrn>OpenDSSLocalBusCoordinates</cim:CoordinateSystem.crsUrn>
</cim:CoordinateSystem>
<cim:GeographicalRegion rdf:about="urn:uuid:E36253B8-5960-46C2-BB6F-1725554D442F">
  <cim:IdentifiedObject.mRID>E36253B8-5960-46C2-BB6F-1725554D442F</cim:IdentifiedObject.mRID>
  <cim:IdentifiedObject.name>geo1</cim:IdentifiedObject.name>
</cim:GeographicalRegion>
<cim:SubGeographicalRegion rdf:about="urn:uuid:32378594-2262-4BF3-8C34-5A66B1B21A0F">
  <cim:IdentifiedObject.mRID>32378594-2262-4BF3-8C34-5A66B1B21A0F</cim:IdentifiedObject.mRID>
  <cim:IdentifiedObject.name>subgeo1</cim:IdentifiedObject.name>
  <cim:SubGeographicalRegion.Region rdf:resource="urn:uuid:E36253B8-5960-46C2-BB6F-1725554D442F"/>
</cim:SubGeographicalRegion>
<cim:Substation rdf:about="urn:uuid:D7899A0B-B608-4FAB-83F5-D09D0E04C9F8">
  <cim:IdentifiedObject.mRID>D7899A0B-B608-4FAB-83F5-D09D0E04C9F8</cim:IdentifiedObject.mRID>
  <cim:IdentifiedObject.name>sub1</cim:IdentifiedObject.name>
  <cim:Substation.Region rdf:resource="urn:uuid:32378594-2262-4BF3-8C34-5A66B1B21A0F"/>
</cim:Substation>
<cim:Location rdf:about="urn:uuid:FE12F8A6-6B0D-4D43-A98F-063C5F76692C">
  <cim:IdentifiedObject.mRID>FE12F8A6-6B0D-4D43-A98F-063C5F76692C</cim:IdentifiedObject.mRID>
  <cim:IdentifiedObject.name>ydbal_Location</cim:IdentifiedObject.name>
  <cim:Location.CoordinateSystem rdf:resource="urn:uuid:C8FDE787-2AE1-4990-AEC3-67E1D7E6D668"/>
</cim:Location>
<cim:Feeder rdf:about="urn:uuid:13A48073-FBD8-42B6-8957-746E3F4FECC9">
  <cim:IdentifiedObject.mRID>13A48073-FBD8-42B6-8957-746E3F4FECC9</cim:IdentifiedObject.mRID>
  <cim:IdentifiedObject.name>ydbal</cim:IdentifiedObject.name>
  <cim:Feeder.NormalEnergizingSubstation rdf:resource="urn:uuid:D7899A0B-B608-4FAB-83F5-D09D0E04C9F8"/>
  <cim:PowerSystemResource.Location rdf:resource="urn:uuid:FE12F8A6-6B0D-4D43-A98F-063C5F76692C"/>
</cim:Feeder>
<cim:OperationalLimitType rdf:about="urn:uuid:3D07B7D5-4387-408D-B472-51CD4FEA6AE6">
  <cim:IdentifiedObject.mRID>3D07B7D5-4387-408D-B472-51CD4FEA6AE6</cim:IdentifiedObject.mRID>
  <cim:IdentifiedObject.name>ydbal_NormAmpsType</cim:IdentifiedObject.name>
  <cim:OperationalLimitType.acceptableDuration>5E9</cim:OperationalLimitType.acceptableDuration>
  <cim:OperationalLimitType.direction rdf:resource="http://iec.ch/TC57/CIM100#OperationalLimitDirectionKind.absoluteValue"/>
</cim:OperationalLimitType>
<cim:OperationalLimitType rdf:about="urn:uuid:81883F7B-1EF1-4537-B64E-66F977E3BD39">
  <cim:IdentifiedObject.mRID>81883F7B-1EF1-4537-B64E-66F977E3BD39</cim:IdentifiedObject.mRID>
  <cim:IdentifiedObject.name>ydbal_EmergencyAmpsType</cim:IdentifiedObject.name>
  <cim:OperationalLimitType.acceptableDuration>7200</cim:OperationalLimitType.acceptableDuration>
  <cim:OperationalLimitType.direction rdf:resource="http://iec.ch/TC57/CIM100#OperationalLimitDirectionKind.absoluteValue"/>
</cim:OperationalLimitType>
<cim:OperationalLimitType rdf:about="urn:uuid:9DEC356D-9266-4942-BDA1-258AD5748D99">
  <cim:IdentifiedObject.mRID>9DEC356D-9266-4942-BDA1-258AD5748D99</cim:IdentifiedObject.mRID>
  <cim:IdentifiedObject.name>ydbal_RangeAHiType</cim:IdentifiedObject.name>
  <cim:OperationalLimitType.acceptableDuration>5E9</cim:OperationalLimitType.acceptableDuration>
  <cim:OperationalLimitType.direction rdf:resource="http://iec.ch/TC57/CIM100#OperationalLimitDirectionKind.high"/>
</cim:OperationalLimitType>
<cim:OperationalLimitType rdf:about="urn:uuid:551F9E25-3453-4148-90FC-DA6DC87C0200">
  <cim:IdentifiedObject.mRID>551F9E25-3453-4148-90FC-DA6DC87C0200</cim:IdentifiedObject.mRID>
  <cim:IdentifiedObject.name>ydbal_RangeALoType</cim:IdentifiedObject.name>
  <cim:OperationalLimitType.acceptableDuration>5E9</cim:OperationalLimitType.acceptableDuration>
  <cim:OperationalLimitType.direction rdf:resource="http://iec.ch/TC57/CIM100#OperationalLimitDirectionKind.low"/>
</cim:OperationalLimitType>
<cim:OperationalLimitType rdf:about="urn:uuid:C9965FCF-0A90-4692-8F9D-53DB48569565">
  <cim:IdentifiedObject.mRID>C9965FCF-0A90-4692-8F9D-53DB48569565</cim:IdentifiedObject.mRID>
  <cim:IdentifiedObject.name>ydbal_RangeBHiType</cim:IdentifiedObject.name>
  <cim:OperationalLimitType.acceptableDuration>86400</cim:OperationalLimitType.acceptableDuration>
  <cim:OperationalLimitType.direction rdf:resource="http://iec.ch/TC57/CIM100#OperationalLimitDirectionKind.high"/>
</cim:OperationalLimitType>
<cim:OperationalLimitType rdf:about="urn:uuid:B1424BA6-084D-4BF3-A88C-1CEDDE8970AC">
  <cim:IdentifiedObject.mRID>B1424BA6-084D-4BF3-A88C-1CEDDE8970AC</cim:IdentifiedObject.mRID>
  <cim:IdentifiedObject.name>ydbal_RangeBLoType</cim:IdentifiedObject.name>
  <cim:OperationalLimitType.acceptableDuration>86400</cim:OperationalLimitType.acceptableDuration>
  <cim:OperationalLimitType.direction rdf:resource="http://iec.ch/TC57/CIM100#OperationalLimitDirectionKind.low"/>
</cim:OperationalLimitType>
<cim:BaseVoltage rdf:about="urn:uuid:945D227C-B274-4C00-B450-EA62FC4020B5">
  <cim:IdentifiedObject.mRID>945D227C-B274-4C00-B450-EA62FC4020B5</cim:IdentifiedObject.mRID>
  <cim:IdentifiedObject.name>BaseV_12.4700</cim:IdentifiedObject.name>
  <cim:BaseVoltage.nominalVoltage>12470</cim:BaseVoltage.nominalVoltage>
</cim:BaseVoltage>
<cim:OperationalLimitSet rdf:about="urn:uuid:3E9E3EFE-C417-4FA8-B80A-9DD8EA1B89DA">
  <cim:IdentifiedObject.mRID>3E9E3EFE-C417-4FA8-B80A-9DD8EA1B89DA</cim:IdentifiedObject.mRID>
  <cim:IdentifiedObject.name>OpLimV_12.4700</cim:IdentifiedObject.name>
</cim:OperationalLimitSet>
<cim:VoltageLimit rdf:about="urn:uuid:576BECF8-ED61-4DFF-83E2-9655F2A70CF0">
  <cim:IdentifiedObject.mRID>576BECF8-ED61-4DFF-83E2-9655F2A70CF0</cim:IdentifiedObject.mRID>
  <cim:IdentifiedObject.name>OpLimV_12.4700_RangeAHi</cim:IdentifiedObject.name>
  <cim:OperationalLimit.OperationalLimitSet rdf:resource="urn:uuid:3E9E3EFE-C417-4FA8-B80A-9DD8EA1B89DA"/>
  <cim:OperationalLimit.OperationalLimitType rdf:resource="urn:uuid:9DEC356D-9266-4942-BDA1-258AD5748D99"/>
  <cim:VoltageLimit.value>13093.5</cim:VoltageLimit.value>
</cim:VoltageLimit>
<cim:VoltageLimit rdf:about="urn:uuid:7E8B4643-6F8D-4ECD-BB70-F6264CB9E3F8">
  <cim:IdentifiedObject.mRID>7E8B4643-6F8D-4ECD-BB70-F6264CB9E3F8</cim:IdentifiedObject.mRID>
  <cim:IdentifiedObject.name>OpLimV_12.4700_RangeALo</cim:IdentifiedObject.name>
  <cim:OperationalLimit.OperationalLimitSet rdf:resource="urn:uuid:3E9E3EFE-C417-4FA8-B80A-9DD8EA1B89DA"/>
  <cim:OperationalLimit.OperationalLimitType rdf:resource="urn:uuid:551F9E25-3453-4148-90FC-DA6DC87C0200"/>
  <cim:VoltageLimit.value>11846.5</cim:VoltageLimit.value>
</cim:VoltageLimit>
<cim:VoltageLimit rdf:about="urn:uuid:1BDCB2BD-9DC7-4335-83BD-82E83C55268A">
  <cim:IdentifiedObject.mRID>1BDCB2BD-9DC7-4335-83BD-82E83C55268A</cim:IdentifiedObject.mRID>
  <cim:IdentifiedObject.name>OpLimV_12.4700_RangeBHi</cim:IdentifiedObject.name>
  <cim:OperationalLimit.OperationalLimitSet rdf:resource="urn:uuid:3E9E3EFE-C417-4FA8-B80A-9DD8EA1B89DA"/>
  <cim:OperationalLimit.OperationalLimitType rdf:resource="urn:uuid:C9965FCF-0A90-4692-8F9D-53DB48569565"/>
  <cim:VoltageLimit.value>13197.416</cim:VoltageLimit.value>
</cim:VoltageLimit>
<cim:VoltageLimit rdf:about="urn:uuid:38FF7117-6CD2-4CF3-9512-68119AF1E16A">
  <cim:IdentifiedObject.mRID>38FF7117-6CD2-4CF3-9512-68119AF1E16A</cim:IdentifiedObject.mRID>
  <cim:IdentifiedObject.name>OpLimV_12.4700_RangeBLo</cim:IdentifiedObject.name>
  <cim:OperationalLimit.OperationalLimitSet rdf:resource="urn:uuid:3E9E3EFE-C417-4FA8-B80A-9DD8EA1B89DA"/>
  <cim:OperationalLimit.OperationalLimitType rdf:resource="urn:uuid:B1424BA6-084D-4BF3-A88C-1CEDDE8970AC"/>
  <cim:VoltageLimit.value>11430.834</cim:VoltageLimit.value>
</cim:VoltageLimit>
<cim:BaseVoltage rdf:about="urn:uuid:6F2D5AD9-EE51-40FE-BB30-5D3852A52852">
  <cim:IdentifiedObject.mRID>6F2D5AD9-EE51-40FE-BB30-5D3852A52852</cim:IdentifiedObject.mRID>
  <cim:IdentifiedObject.name>BaseV_4.1600</cim:IdentifiedObject.name>
  <cim:BaseVoltage.nominalVoltage>4160</cim:BaseVoltage.nominalVoltage>
</cim:BaseVoltage>
<cim:OperationalLimitSet rdf:about="urn:uuid:D420F46E-C0CB-4A81-ADDC-53FF44BD1185">
  <cim:IdentifiedObject.mRID>D420F46E-C0CB-4A81-ADDC-53FF44BD1185</cim:IdentifiedObject.mRID>
  <cim:IdentifiedObject.name>OpLimV_4.1600</cim:IdentifiedObject.name>
</cim:OperationalLimitSet>
<cim:VoltageLimit rdf:about="urn:uuid:84932A53-1E75-46AB-9D17-C1CFB593AB41">
  <cim:IdentifiedObject.mRID>84932A53-1E75-46AB-9D17-C1CFB593AB41</cim:IdentifiedObject.mRID>
  <cim:IdentifiedObject.name>OpLimV_4.1600_RangeAHi</cim:IdentifiedObject.name>
  <cim:OperationalLimit.OperationalLimitSet rdf:resource="urn:uuid:D420F46E-C0CB-4A81-ADDC-53FF44BD1185"/>
  <cim:OperationalLimit.OperationalLimitType rdf:resource="urn:uuid:9DEC356D-9266-4942-BDA1-258AD5748D99"/>
  <cim:VoltageLimit.value>4368</cim:VoltageLimit.value>
</cim:VoltageLimit>
<cim:VoltageLimit rdf:about="urn:uuid:3A7AADD9-A88F-40C5-AF1B-1C055888127F">
  <cim:IdentifiedObject.mRID>3A7AADD9-A88F-40C5-AF1B-1C055888127F</cim:IdentifiedObject.mRID>
  <cim:IdentifiedObject.name>OpLimV_4.1600_RangeALo</cim:IdentifiedObject.name>
  <cim:OperationalLimit.OperationalLimitSet rdf:resource="urn:uuid:D420F46E-C0CB-4A81-ADDC-53FF44BD1185"/>
  <cim:OperationalLimit.OperationalLimitType rdf:resource="urn:uuid:551F9E25-3453-4148-90FC-DA6DC87C0200"/>
  <cim:VoltageLimit.value>3952</cim:VoltageLimit.value>
</cim:VoltageLimit>
<cim:VoltageLimit rdf:about="urn:uuid:A53D8F4C-89A5-416E-B4BD-F3F2D0C467C8">
  <cim:IdentifiedObject.mRID>A53D8F4C-89A5-416E-B4BD-F3F2D0C467C8</cim:IdentifiedObject.mRID>
  <cim:IdentifiedObject.name>OpLimV_4.1600_RangeBHi</cim:IdentifiedObject.name>
  <cim:OperationalLimit.OperationalLimitSet rdf:resource="urn:uuid:D420F46E-C0CB-4A81-ADDC-53FF44BD1185"/>
  <cim:OperationalLimit.OperationalLimitType rdf:resource="urn:uuid:C9965FCF-0A90-4692-8F9D-53DB48569565"/>
  <cim:VoltageLimit.value>4402.6665</cim:VoltageLimit.value>
</cim:VoltageLimit>
<cim:VoltageLimit rdf:about="urn:uuid:046A4429-8EAD-476B-A61D-7E39E3773373">
  <cim:IdentifiedObject.mRID>046A4429-8EAD-476B-A61D-7E39E3773373</cim:IdentifiedObject.mRID>
  <cim:IdentifiedObject.name>OpLimV_4.1600_RangeBLo</cim:IdentifiedObject.name>
  <cim:OperationalLimit.OperationalLimitSet rdf:resource="urn:uuid:D420F46E-C0CB-4A81-ADDC-53FF44BD1185"/>
  <cim:OperationalLimit.OperationalLimitType rdf:resource="urn:uuid:B1424BA6-084D-4BF3-A88C-1CEDDE8970AC"/>
  <cim:VoltageLimit.value>3813.3335</cim:VoltageLimit.value>
</cim:VoltageLimit>
<cim:TopologicalNode rdf:about="urn:uuid:0DAF49C9-15F4-4CF6-83CE-AC7FB530BD79">
  <cim:IdentifiedObject.mRID>0DAF49C9-15F4-4CF6-83CE-AC7FB530BD79</cim:IdentifiedObject.mRID>
  <cim:IdentifiedObject.name>sourcebus</cim:IdentifiedObject.name>
  <cim:TopologicalNode.TopologicalIsland rdf:resource="urn:uuid:CFA74F43-6D71-48E8-BA37-13AE54FCA09B"/>
</cim:TopologicalNode>
<cim:ConnectivityNode rdf:about="urn:uuid:A8876F89-2B2E-4FAD-89B8-524C90B02271">
  <cim:IdentifiedObject.mRID>A8876F89-2B2E-4FAD-89B8-524C90B02271</cim:IdentifiedObject.mRID>
  <cim:IdentifiedObject.name>sourcebus</cim:IdentifiedObject.name>
  <cim:ConnectivityNode.TopologicalNode rdf:resource="urn:uuid:0DAF49C9-15F4-4CF6-83CE-AC7FB530BD79"/>
  <cim:ConnectivityNode.OperationalLimitSet rdf:resource="urn:uuid:3E9E3EFE-C417-4FA8-B80A-9DD8EA1B89DA"/>
  <cim:ConnectivityNode.ConnectivityNodeContainer rdf:resource="urn:uuid:13A48073-FBD8-42B6-8957-746E3F4FECC9"/>
</cim:ConnectivityNode>
<cim:TopologicalNode rdf:about="urn:uuid:A0237BED-5E4A-46AC-934B-6ABFF8396025">
  <cim:IdentifiedObject.mRID>A0237BED-5E4A-46AC-934B-6ABFF8396025</cim:IdentifiedObject.mRID>
  <cim:IdentifiedObject.name>n2</cim:IdentifiedObject.name>
  <cim:TopologicalNode.TopologicalIsland rdf:resource="urn:uuid:CFA74F43-6D71-48E8-BA37-13AE54FCA09B"/>
</cim:TopologicalNode>
<cim:ConnectivityNode rdf:about="urn:uuid:8D470818-4862-4425-99D8-12CC99E6C7CE">
  <cim:IdentifiedObject.mRID>8D470818-4862-4425-99D8-12CC99E6C7CE</cim:IdentifiedObject.mRID>
  <cim:IdentifiedObject.name>n2</cim:IdentifiedObject.name>
  <cim:ConnectivityNode.TopologicalNode rdf:resource="urn:uuid:A0237BED-5E4A-46AC-934B-6ABFF8396025"/>
  <cim:ConnectivityNode.OperationalLimitSet rdf:resource="urn:uuid:3E9E3EFE-C417-4FA8-B80A-9DD8EA1B89DA"/>
  <cim:ConnectivityNode.ConnectivityNodeContainer rdf:resource="urn:uuid:13A48073-FBD8-42B6-8957-746E3F4FECC9"/>
</cim:ConnectivityNode>
<cim:TopologicalNode rdf:about="urn:uuid:24DC0130-66AE-41D5-B287-F618C2FB9D75">
  <cim:IdentifiedObject.mRID>24DC0130-66AE-41D5-B287-F618C2FB9D75</cim:IdentifiedObject.mRID>
  <cim:IdentifiedObject.name>n3</cim:IdentifiedObject.name>
  <cim:TopologicalNode.TopologicalIsland rdf:resource="urn:uuid:CFA74F43-6D71-48E8-BA37-13AE54FCA09B"/>
</cim:TopologicalNode>
<cim:ConnectivityNode rdf:about="urn:uuid:16B18970-B80E-4318-8A83-B4E77299BE86">
  <cim:IdentifiedObject.mRID>16B18970-B80E-4318-8A83-B4E77299BE86</cim:IdentifiedObject.mRID>
  <cim:IdentifiedObject.name>n3</cim:IdentifiedObject.name>
  <cim:ConnectivityNode.TopologicalNode rdf:resource="urn:uuid:24DC0130-66AE-41D5-B287-F618C2FB9D75"/>
  <cim:ConnectivityNode.OperationalLimitSet rdf:resource="urn:uuid:D420F46E-C0CB-4A81-ADDC-53FF44BD1185"/>
  <cim:ConnectivityNode.ConnectivityNodeContainer rdf:resource="urn:uuid:13A48073-FBD8-42B6-8957-746E3F4FECC9"/>
</cim:ConnectivityNode>
<cim:TopologicalNode rdf:about="urn:uuid:D9EA1E54-5110-4C09-B072-0761D2DE7492">
  <cim:IdentifiedObject.mRID>D9EA1E54-5110-4C09-B072-0761D2DE7492</cim:IdentifiedObject.mRID>
  <cim:IdentifiedObject.name>n4</cim:IdentifiedObject.name>
  <cim:TopologicalNode.TopologicalIsland rdf:resource="urn:uuid:CFA74F43-6D71-48E8-BA37-13AE54FCA09B"/>
</cim:TopologicalNode>
<cim:ConnectivityNode rdf:about="urn:uuid:00A08706-0B1D-4F29-852A-FA4E143E4678">
  <cim:IdentifiedObject.mRID>00A08706-0B1D-4F29-852A-FA4E143E4678</cim:IdentifiedObject.mRID>
  <cim:IdentifiedObject.name>n4</cim:IdentifiedObject.name>
  <cim:ConnectivityNode.TopologicalNode rdf:resource="urn:uuid:D9EA1E54-5110-4C09-B072-0761D2DE7492"/>
  <cim:ConnectivityNode.OperationalLimitSet rdf:resource="urn:uuid:D420F46E-C0CB-4A81-ADDC-53FF44BD1185"/>
  <cim:ConnectivityNode.ConnectivityNodeContainer rdf:resource="urn:uuid:13A48073-FBD8-42B6-8957-746E3F4FECC9"/>
</cim:ConnectivityNode>
<cim:TopologicalIsland rdf:about="urn:uuid:CFA74F43-6D71-48E8-BA37-13AE54FCA09B">
  <cim:IdentifiedObject.mRID>CFA74F43-6D71-48E8-BA37-13AE54FCA09B</cim:IdentifiedObject.mRID>
  <cim:IdentifiedObject.name>ydbal_Island</cim:IdentifiedObject.name>
  <cim:TopologicalIsland.AngleRefTopologicalNode rdf:resource="urn:uuid:0DAF49C9-15F4-4CF6-83CE-AC7FB530BD79"/>
</cim:TopologicalIsland>
<cim:EnergySource rdf:about="urn:uuid:302C03D5-27CB-4F7F-9B9E-12B34601F03D">
  <cim:IdentifiedObject.mRID>302C03D5-27CB-4F7F-9B9E-12B34601F03D</cim:IdentifiedObject.mRID>
  <cim:IdentifiedObject.name>source</cim:IdentifiedObject.name>
  <cim:Equipment.EquipmentContainer rdf:resource="urn:uuid:13A48073-FBD8-42B6-8957-746E3F4FECC9"/>
  <cim:ConductingEquipment.BaseVoltage rdf:resource="urn:uuid:945D227C-B274-4C00-B450-EA62FC4020B5"/>
  <cim:EnergySource.nominalVoltage>12470</cim:EnergySource.nominalVoltage>
  <cim:EnergySource.voltageMagnitude>12470</cim:EnergySource.voltageMagnitude>
  <cim:EnergySource.voltageAngle>0</cim:EnergySource.voltageAngle>
  <cim:EnergySource.r>0.00018857254</cim:EnergySource.r>
  <cim:EnergySource.x>0.00075429016</cim:EnergySource.x>
  <cim:EnergySource.r0>0.00024635211</cim:EnergySource.r0>
  <cim:EnergySource.x0>0.00073905633</cim:EnergySource.x0>
  <cim:PowerSystemResource.Location rdf:resource="urn:uuid:4D5626EF-A9C2-457B-8AF5-3998C22DAFB1"/>
</cim:EnergySource>
<cim:Terminal rdf:about="urn:uuid:78FBA332-5028-457C-8957-CBF216D73E40">
  <cim:IdentifiedObject.mRID>78FBA332-5028-457C-8957-CBF216D73E40</cim:IdentifiedObject.mRID>
  <cim:IdentifiedObject.name>source_T1</cim:IdentifiedObject.name>
  <cim:Terminal.ConductingEquipment rdf:resource="urn:uuid:302C03D5-27CB-4F7F-9B9E-12B34601F03D"/>
  <cim:ACDCTerminal.sequenceNumber>1</cim:ACDCTerminal.sequenceNumber>
  <cim:Terminal.ConnectivityNode rdf:resource="urn:uuid:A8876F89-2B2E-4FAD-89B8-524C90B02271"/>
</cim:Terminal>
<cim:Location rdf:about="urn:uuid:4D5626EF-A9C2-457B-8AF5-3998C22DAFB1">
  <cim:IdentifiedObject.mRID>4D5626EF-A9C2-457B-8AF5-3998C22DAFB1</cim:IdentifiedObject.mRID>
  <cim:IdentifiedObject.name>source_Loc</cim:IdentifiedObject.name>
  <cim:Location.CoordinateSystem rdf:resource="urn:uuid:C8FDE787-2AE1-4990-AEC3-67E1D7E6D668"/>
</cim:Location>
<cim:PositionPoint rdf:about="urn:uuid:A347A4B8-80E5-49AA-9DA7-4ACBED7D629A">
  <cim:PositionPoint.Location rdf:resource="urn:uuid:4D5626EF-A9C2-457B-8AF5-3998C22DAFB1"/>
  <cim:PositionPoint.sequenceNumber>1</cim:PositionPoint.sequenceNumber>
  <cim:PositionPoint.xPosition>0</cim:PositionPoint.xPosition>
  <cim:PositionPoint.yPosition>0</cim:PositionPoint.yPosition>
</cim:PositionPoint>
<cim:Location rdf:about="urn:uuid:154ACC13-0FAB-4A42-B2CB-C3F863A47323">
  <cim:IdentifiedObject.mRID>154ACC13-0FAB-4A42-B2CB-C3F863A47323</cim:IdentifiedObject.mRID>
  <cim:IdentifiedObject.name>t1_Loc</cim:IdentifiedObject.name>
  <cim:Location.CoordinateSystem rdf:resource="urn:uuid:C8FDE787-2AE1-4990-AEC3-67E1D7E6D668"/>
</cim:Location>
<cim:PositionPoint rdf:about="urn:uuid:3D5B64BC-1CF0-4239-B18F-2E894F85352A">
  <cim:PositionPoint.Location rdf:resource="urn:uuid:154ACC13-0FAB-4A42-B2CB-C3F863A47323"/>
  <cim:PositionPoint.sequenceNumber>1</cim:PositionPoint.sequenceNumber>
  <cim:PositionPoint.xPosition>0</cim:PositionPoint.xPosition>
  <cim:PositionPoint.yPosition>0</cim:PositionPoint.yPosition>
</cim:PositionPoint>
<cim:PositionPoint rdf:about="urn:uuid:71012485-F051-4E91-8700-9FB46CB0F0CE">
  <cim:PositionPoint.Location rdf:resource="urn:uuid:154ACC13-0FAB-4A42-B2CB-C3F863A47323"/>
  <cim:PositionPoint.sequenceNumber>2</cim:PositionPoint.sequenceNumber>
  <cim:PositionPoint.xPosition>0</cim:PositionPoint.xPosition>
  <cim:PositionPoint.yPosition>0</cim:PositionPoint.yPosition>
</cim:PositionPoint>
<cim:TransformerCoreAdmittance rdf:about="urn:uuid:9A8670F4-D36A-4D8F-982B-48304639031A">
  <cim:IdentifiedObject.mRID>9A8670F4-D36A-4D8F-982B-48304639031A</cim:IdentifiedObject.mRID>
  <cim:IdentifiedObject.name>t1_Yc</cim:IdentifiedObject.name>
  <cim:TransformerCoreAdmittance.g>0</cim:TransformerCoreAdmittance.g>
  <cim:TransformerCoreAdmittance.g0>0</cim:TransformerCoreAdmittance.g0>
  <cim:TransformerCoreAdmittance.b>0</cim:TransformerCoreAdmittance.b>
  <cim:TransformerCoreAdmittance.b0>0</cim:TransformerCoreAdmittance.b0>
  <cim:TransformerCoreAdmittance.TransformerEnd rdf:resource="urn:uuid:60C1D1F1-1447-412A-8F78-F3221BDB8295"/>
</cim:TransformerCoreAdmittance>
<cim:TransformerMeshImpedance rdf:about="urn:uuid:E4284664-BA51-45B2-926F-19AA20C2A976">
  <cim:IdentifiedObject.mRID>E4284664-BA51-45B2-926F-19AA20C2A976</cim:IdentifiedObject.mRID>
  <cim:IdentifiedObject.name>t1_Zsc_1</cim:IdentifiedObject.name>
  <cim:TransformerMeshImpedance.r>0.25916817</cim:TransformerMeshImpedance.r>
  <cim:TransformerMeshImpedance.r0>0.25916817</cim:TransformerMeshImpedance.r0>
  <cim:TransformerMeshImpedance.x>1.555009</cim:TransformerMeshImpedance.x>
  <cim:TransformerMeshImpedance.x0>1.555009</cim:TransformerMeshImpedance.x0>
  <cim:TransformerMeshImpedance.FromTransformerEnd rdf:resource="urn:uuid:60C1D1F1-1447-412A-8F78-F3221BDB8295"/>
  <cim:TransformerMeshImpedance.ToTransformerEnd rdf:resource="urn:uuid:D7A087A4-FBC5-4511-8A14-0210B8A924EE"/>
</cim:TransformerMeshImpedance>
<cim:PowerTransformerEnd rdf:about="urn:uuid:60C1D1F1-1447-412A-8F78-F3221BDB8295">
  <cim:IdentifiedObject.mRID>60C1D1F1-1447-412A-8F78-F3221BDB8295</cim:IdentifiedObject.mRID>
  <cim:IdentifiedObject.name>t1_End_1</cim:IdentifiedObject.name>
  <cim:PowerTransformerEnd.PowerTransformer rdf:resource="urn:uuid:A7F99948-4849-4500-B6B0-E111F05177CB"/>
  <cim:PowerTransformerEnd.ratedS>6000000</cim:PowerTransformerEnd.ratedS>
  <cim:PowerTransformerEnd.ratedU>12470</cim:PowerTransformerEnd.ratedU>
  <cim:PowerTransformerEnd.r>0.12958408</cim:PowerTransformerEnd.r>
  <cim:PowerTransformerEnd.connectionKind rdf:resource="http://iec.ch/TC57/CIM100#WindingConnection.Y"/>
  <cim:PowerTransformerEnd.phaseAngleClock>0</cim:PowerTransformerEnd.phaseAngleClock>
  <cim:TransformerEnd.grounded>false</cim:TransformerEnd.grounded>
  <cim:TransformerEnd.endNumber>1</cim:TransformerEnd.endNumber>
  <cim:TransformerEnd.Terminal rdf:resource="urn:uuid:9A14D40E-4A43-42D8-8346-78647ED3F8BE"/>
  <cim:TransformerEnd.BaseVoltage rdf:resource="urn:uuid:945D227C-B274-4C00-B450-EA62FC4020B5"/>
</cim:PowerTransformerEnd>
<cim:Terminal rdf:about="urn:uuid:9A14D40E-4A43-42D8-8346-78647ED3F8BE">
  <cim:IdentifiedObject.mRID>9A14D40E-4A43-42D8-8346-78647ED3F8BE</cim:IdentifiedObject.mRID>
  <cim:IdentifiedObject.name>t1_T1</cim:IdentifiedObject.name>
  <cim:Terminal.ConductingEquipment rdf:resource="urn:uuid:A7F99948-4849-4500-B6B0-E111F05177CB"/>
  <cim:ACDCTerminal.sequenceNumber>1</cim:ACDCTerminal.sequenceNumber>
  <cim:Terminal.ConnectivityNode rdf:resource="urn:uuid:8D470818-4862-4425-99D8-12CC99E6C7CE"/>
  <cim:ACDCTerminal.OperationalLimitSet rdf:resource="urn:uuid:1A27F14C-673A-48E3-ABD6-A530FA4EB3D9"/>
</cim:Terminal>
<cim:PowerTransformerEnd rdf:about="urn:uuid:D7A087A4-FBC5-4511-8A14-0210B8A924EE">
  <cim:IdentifiedObject.mRID>D7A087A4-FBC5-4511-8A14-0210B8A924EE</cim:IdentifiedObject.mRID>
  <cim:IdentifiedObject.name>t1_End_2</cim:IdentifiedObject.name>
  <cim:PowerTransformerEnd.PowerTransformer rdf:resource="urn:uuid:A7F99948-4849-4500-B6B0-E111F05177CB"/>
  <cim:PowerTransformerEnd.ratedS>6000000</cim:PowerTransformerEnd.ratedS>
  <cim:PowerTransformerEnd.ratedU>4160</cim:PowerTransformerEnd.ratedU>
  <cim:PowerTransformerEnd.r>0.014421333</cim:PowerTransformerEnd.r>
  <cim:PowerTransformerEnd.connectionKind rdf:resource="http://iec.ch/TC57/CIM100#WindingConnection.D"/>
  <cim:PowerTransformerEnd.phaseAngleClock>1</cim:PowerTransformerEnd.phaseAngleClock>
  <cim:TransformerEnd.grounded>false</cim:TransformerEnd.grounded>
  <cim:TransformerEnd.endNumber>2</cim:TransformerEnd.endNumber>
  <cim:TransformerEnd.Terminal rdf:resource="urn:uuid:FC722C52-1088-47DA-B789-8961A4A57339"/>
  <cim:TransformerEnd.BaseVoltage rdf:resource="urn:uuid:6F2D5AD9-EE51-40FE-BB30-5D3852A52852"/>
</cim:PowerTransformerEnd>
<cim:Terminal rdf:about="urn:uuid:FC722C52-1088-47DA-B789-8961A4A57339">
  <cim:IdentifiedObject.mRID>FC722C52-1088-47DA-B789-8961A4A57339</cim:IdentifiedObject.mRID>
  <cim:IdentifiedObject.name>t1_T2</cim:IdentifiedObject.name>
  <cim:Terminal.ConductingEquipment rdf:resource="urn:uuid:A7F99948-4849-4500-B6B0-E111F05177CB"/>
  <cim:ACDCTerminal.sequenceNumber>2</cim:ACDCTerminal.sequenceNumber>
  <cim:Terminal.ConnectivityNode rdf:resource="urn:uuid:16B18970-B80E-4318-8A83-B4E77299BE86"/>
</cim:Terminal>
<cim:PowerTransformer rdf:about="urn:uuid:A7F99948-4849-4500-B6B0-E111F05177CB">
  <cim:IdentifiedObject.mRID>A7F99948-4849-4500-B6B0-E111F05177CB</cim:IdentifiedObject.mRID>
  <cim:IdentifiedObject.name>t1</cim:IdentifiedObject.name>
  <cim:Equipment.EquipmentContainer rdf:resource="urn:uuid:13A48073-FBD8-42B6-8957-746E3F4FECC9"/>
  <cim:PowerTransformer.vectorGroup>Yd1</cim:PowerTransformer.vectorGroup>
  <cim:PowerSystemResource.Location rdf:resource="urn:uuid:154ACC13-0FAB-4A42-B2CB-C3F863A47323"/>
</cim:PowerTransformer>
<cim:ACLineSegment rdf:about="urn:uuid:35358A51-9F52-4DFA-A8F7-9CE526B04129">
  <cim:IdentifiedObject.mRID>35358A51-9F52-4DFA-A8F7-9CE526B04129</cim:IdentifiedObject.mRID>
  <cim:IdentifiedObject.name>line1</cim:IdentifiedObject.name>
  <cim:Equipment.EquipmentContainer rdf:resource="urn:uuid:13A48073-FBD8-42B6-8957-746E3F4FECC9"/>
  <cim:ConductingEquipment.BaseVoltage rdf:resource="urn:uuid:945D227C-B274-4C00-B450-EA62FC4020B5"/>
  <cim:Conductor.length>609.6</cim:Conductor.length>
  <cim:ACLineSegment.WireSpacingInfo rdf:resource="urn:uuid:8B84C7CD-88AB-4D19-9195-051E8E5F9401"/>
  <cim:PowerSystemResource.Location rdf:resource="urn:uuid:298587F4-633F-45E5-A945-0C3A99141CC4"/>
</cim:ACLineSegment>
<cim:ACLineSegmentPhase rdf:about="urn:uuid:F3A24D70-373C-48A5-8618-9FF44832ABA1">
  <cim:IdentifiedObject.mRID>F3A24D70-373C-48A5-8618-9FF44832ABA1</cim:IdentifiedObject.mRID>
  <cim:IdentifiedObject.name>line1_A</cim:IdentifiedObject.name>
  <cim:ACLineSegmentPhase.phase rdf:resource="http://iec.ch/TC57/CIM100#SinglePhaseKind.A"/>
  <cim:ACLineSegmentPhase.sequenceNumber>1</cim:ACLineSegmentPhase.sequenceNumber>
  <cim:ACLineSegmentPhase.WireInfo rdf:resource="urn:uuid:B77B2685-AC10-4A92-BADC-387BD078F28F"/>
  <cim:ACLineSegmentPhase.ACLineSegment rdf:resource="urn:uuid:35358A51-9F52-4DFA-A8F7-9CE526B04129"/>
  <cim:PowerSystemResource.Location rdf:resource="urn:uuid:298587F4-633F-45E5-A945-0C3A99141CC4"/>
</cim:ACLineSegmentPhase>
<cim:ACLineSegmentPhase rdf:about="urn:uuid:A3941385-B291-4AB1-A80E-20470E17CA17">
  <cim:IdentifiedObject.mRID>A3941385-B291-4AB1-A80E-20470E17CA17</cim:IdentifiedObject.mRID>
  <cim:IdentifiedObject.name>line1_B</cim:IdentifiedObject.name>
  <cim:ACLineSegmentPhase.phase rdf:resource="http://iec.ch/TC57/CIM100#SinglePhaseKind.B"/>
  <cim:ACLineSegmentPhase.sequenceNumber>2</cim:ACLineSegmentPhase.sequenceNumber>
  <cim:ACLineSegmentPhase.WireInfo rdf:resource="urn:uuid:B77B2685-AC10-4A92-BADC-387BD078F28F"/>
  <cim:ACLineSegmentPhase.ACLineSegment rdf:resource="urn:uuid:35358A51-9F52-4DFA-A8F7-9CE526B04129"/>
  <cim:PowerSystemResource.Location rdf:resource="urn:uuid:298587F4-633F-45E5-A945-0C3A99141CC4"/>
</cim:ACLineSegmentPhase>
<cim:ACLineSegmentPhase rdf:about="urn:uuid:0C72A91B-9532-4977-9107-478F2836DA6A">
  <cim:IdentifiedObject.mRID>0C72A91B-9532-4977-9107-478F2836DA6A</cim:IdentifiedObject.mRID>
  <cim:IdentifiedObject.name>line1_C</cim:IdentifiedObject.name>
  <cim:ACLineSegmentPhase.phase rdf:resource="http://iec.ch/TC57/CIM100#SinglePhaseKind.C"/>
  <cim:ACLineSegmentPhase.sequenceNumber>3</cim:ACLineSegmentPhase.sequenceNumber>
  <cim:ACLineSegmentPhase.WireInfo rdf:resource="urn:uuid:B77B2685-AC10-4A92-BADC-387BD078F28F"/>
  <cim:ACLineSegmentPhase.ACLineSegment rdf:resource="urn:uuid:35358A51-9F52-4DFA-A8F7-9CE526B04129"/>
  <cim:PowerSystemResource.Location rdf:resource="urn:uuid:298587F4-633F-45E5-A945-0C3A99141CC4"/>
</cim:ACLineSegmentPhase>
<cim:ACLineSegmentPhase rdf:about="urn:uuid:DA97EA66-ACB9-4F72-966D-65FFEFC8368F">
  <cim:IdentifiedObject.mRID>DA97EA66-ACB9-4F72-966D-65FFEFC8368F</cim:IdentifiedObject.mRID>
  <cim:IdentifiedObject.name>line1_N</cim:IdentifiedObject.name>
  <cim:ACLineSegmentPhase.phase rdf:resource="http://iec.ch/TC57/CIM100#SinglePhaseKind.N"/>
  <cim:ACLineSegmentPhase.sequenceNumber>4</cim:ACLineSegmentPhase.sequenceNumber>
  <cim:ACLineSegmentPhase.WireInfo rdf:resource="urn:uuid:98453D26-28C1-4AA0-ABBB-01F8A491B983"/>
  <cim:ACLineSegmentPhase.ACLineSegment rdf:resource="urn:uuid:35358A51-9F52-4DFA-A8F7-9CE526B04129"/>
  <cim:PowerSystemResource.Location rdf:resource="urn:uuid:298587F4-633F-45E5-A945-0C3A99141CC4"/>
</cim:ACLineSegmentPhase>
<cim:Terminal rdf:about="urn:uuid:3C83BD5F-7DD7-4B1D-8AD3-D36094CA52B8">
  <cim:IdentifiedObject.mRID>3C83BD5F-7DD7-4B1D-8AD3-D36094CA52B8</cim:IdentifiedObject.mRID>
  <cim:IdentifiedObject.name>line1_T1</cim:IdentifiedObject.name>
  <cim:Terminal.ConductingEquipment rdf:resource="urn:uuid:35358A51-9F52-4DFA-A8F7-9CE526B04129"/>
  <cim:ACDCTerminal.sequenceNumber>1</cim:ACDCTerminal.sequenceNumber>
  <cim:Terminal.ConnectivityNode rdf:resource="urn:uuid:A8876F89-2B2E-4FAD-89B8-524C90B02271"/>
</cim:Terminal>
<cim:Terminal rdf:about="urn:uuid:9C63F801-E983-4572-989C-6EBD41B50560">
  <cim:IdentifiedObject.mRID>9C63F801-E983-4572-989C-6EBD41B50560</cim:IdentifiedObject.mRID>
  <cim:IdentifiedObject.name>line1_T2</cim:IdentifiedObject.name>
  <cim:Terminal.ConductingEquipment rdf:resource="urn:uuid:35358A51-9F52-4DFA-A8F7-9CE526B04129"/>
  <cim:ACDCTerminal.sequenceNumber>2</cim:ACDCTerminal.sequenceNumber>
  <cim:Terminal.ConnectivityNode rdf:resource="urn:uuid:8D470818-4862-4425-99D8-12CC99E6C7CE"/>
</cim:Terminal>
<cim:Location rdf:about="urn:uuid:298587F4-633F-45E5-A945-0C3A99141CC4">
  <cim:IdentifiedObject.mRID>298587F4-633F-45E5-A945-0C3A99141CC4</cim:IdentifiedObject.mRID>
  <cim:IdentifiedObject.name>line1_Loc</cim:IdentifiedObject.name>
  <cim:Location.CoordinateSystem rdf:resource="urn:uuid:C8FDE787-2AE1-4990-AEC3-67E1D7E6D668"/>
</cim:Location>
<cim:PositionPoint rdf:about="urn:uuid:00EE6DFC-B004-481D-B082-0A6D4B842A0E">
  <cim:PositionPoint.Location rdf:resource="urn:uuid:298587F4-633F-45E5-A945-0C3A99141CC4"/>
  <cim:PositionPoint.sequenceNumber>1</cim:PositionPoint.sequenceNumber>
  <cim:PositionPoint.xPosition>0</cim:PositionPoint.xPosition>
  <cim:PositionPoint.yPosition>0</cim:PositionPoint.yPosition>
</cim:PositionPoint>
<cim:PositionPoint rdf:about="urn:uuid:4CE1ED39-C3B5-4278-9C47-62B04292484A">
  <cim:PositionPoint.Location rdf:resource="urn:uuid:298587F4-633F-45E5-A945-0C3A99141CC4"/>
  <cim:PositionPoint.sequenceNumber>2</cim:PositionPoint.sequenceNumber>
  <cim:PositionPoint.xPosition>0</cim:PositionPoint.xPosition>
  <cim:PositionPoint.yPosition>0</cim:PositionPoint.yPosition>
</cim:PositionPoint>
<cim:ACLineSegment rdf:about="urn:uuid:99956D52-D028-456C-A8E6-A4D30BCCE29D">
  <cim:IdentifiedObject.mRID>99956D52-D028-456C-A8E6-A4D30BCCE29D</cim:IdentifiedObject.mRID>
  <cim:IdentifiedObject.name>line2</cim:IdentifiedObject.name>
  <cim:Equipment.EquipmentContainer rdf:resource="urn:uuid:13A48073-FBD8-42B6-8957-746E3F4FECC9"/>
  <cim:ConductingEquipment.BaseVoltage rdf:resource="urn:uuid:6F2D5AD9-EE51-40FE-BB30-5D3852A52852"/>
  <cim:Conductor.length>762</cim:Conductor.length>
  <cim:ACLineSegment.WireSpacingInfo rdf:resource="urn:uuid:98CD2D26-9D68-4B3D-9B82-00D995AE3540"/>
  <cim:PowerSystemResource.Location rdf:resource="urn:uuid:79F9949D-3F54-486D-8A84-D0D9EB23F5FA"/>
</cim:ACLineSegment>
<cim:ACLineSegmentPhase rdf:about="urn:uuid:C171019C-8DCB-469F-A8B3-D95273BFF671">
  <cim:IdentifiedObject.mRID>C171019C-8DCB-469F-A8B3-D95273BFF671</cim:IdentifiedObject.mRID>
  <cim:IdentifiedObject.name>line2_A</cim:IdentifiedObject.name>
  <cim:ACLineSegmentPhase.phase rdf:resource="http://iec.ch/TC57/CIM100#SinglePhaseKind.A"/>
  <cim:ACLineSegmentPhase.sequenceNumber>1</cim:ACLineSegmentPhase.sequenceNumber>
  <cim:ACLineSegmentPhase.WireInfo rdf:resource="urn:uuid:B77B2685-AC10-4A92-BADC-387BD078F28F"/>
  <cim:ACLineSegmentPhase.ACLineSegment rdf:resource="urn:uuid:99956D52-D028-456C-A8E6-A4D30BCCE29D"/>
  <cim:PowerSystemResource.Location rdf:resource="urn:uuid:79F9949D-3F54-486D-8A84-D0D9EB23F5FA"/>
</cim:ACLineSegmentPhase>
<cim:ACLineSegmentPhase rdf:about="urn:uuid:18AE5829-6EB8-4478-A201-66B90B0230FF">
  <cim:IdentifiedObject.mRID>18AE5829-6EB8-4478-A201-66B90B0230FF</cim:IdentifiedObject.mRID>
  <cim:IdentifiedObject.name>line2_B</cim:IdentifiedObject.name>
  <cim:ACLineSegmentPhase.phase rdf:resource="http://iec.ch/TC57/CIM100#SinglePhaseKind.B"/>
  <cim:ACLineSegmentPhase.sequenceNumber>2</cim:ACLineSegmentPhase.sequenceNumber>
  <cim:ACLineSegmentPhase.WireInfo rdf:resource="urn:uuid:B77B2685-AC10-4A92-BADC-387BD078F28F"/>
  <cim:ACLineSegmentPhase.ACLineSegment rdf:resource="urn:uuid:99956D52-D028-456C-A8E6-A4D30BCCE29D"/>
  <cim:PowerSystemResource.Location rdf:resource="urn:uuid:79F9949D-3F54-486D-8A84-D0D9EB23F5FA"/>
</cim:ACLineSegmentPhase>
<cim:ACLineSegmentPhase rdf:about="urn:uuid:BBEC0406-710A-46B9-8862-8A5B6C2323FF">
  <cim:IdentifiedObject.mRID>BBEC0406-710A-46B9-8862-8A5B6C2323FF</cim:IdentifiedObject.mRID>
  <cim:IdentifiedObject.name>line2_C</cim:IdentifiedObject.name>
  <cim:ACLineSegmentPhase.phase rdf:resource="http://iec.ch/TC57/CIM100#SinglePhaseKind.C"/>
  <cim:ACLineSegmentPhase.sequenceNumber>3</cim:ACLineSegmentPhase.sequenceNumber>
  <cim:ACLineSegmentPhase.WireInfo rdf:resource="urn:uuid:B77B2685-AC10-4A92-BADC-387BD078F28F"/>
  <cim:ACLineSegmentPhase.ACLineSegment rdf:resource="urn:uuid:99956D52-D028-456C-A8E6-A4D30BCCE29D"/>
  <cim:PowerSystemResource.Location rdf:resource="urn:uuid:79F9949D-3F54-486D-8A84-D0D9EB23F5FA"/>
</cim:ACLineSegmentPhase>
<cim:Terminal rdf:about="urn:uuid:93F3EFB0-C09C-48F0-AE3D-0EE7DC512E7D">
  <cim:IdentifiedObject.mRID>93F3EFB0-C09C-48F0-AE3D-0EE7DC512E7D</cim:IdentifiedObject.mRID>
  <cim:IdentifiedObject.name>line2_T1</cim:IdentifiedObject.name>
  <cim:Terminal.ConductingEquipment rdf:resource="urn:uuid:99956D52-D028-456C-A8E6-A4D30BCCE29D"/>
  <cim:ACDCTerminal.sequenceNumber>1</cim:ACDCTerminal.sequenceNumber>
  <cim:Terminal.ConnectivityNode rdf:resource="urn:uuid:16B18970-B80E-4318-8A83-B4E77299BE86"/>
</cim:Terminal>
<cim:Terminal rdf:about="urn:uuid:44EF2DA8-4127-4A5E-BD20-3BDFE9A86806">
  <cim:IdentifiedObject.mRID>44EF2DA8-4127-4A5E-BD20-3BDFE9A86806</cim:IdentifiedObject.mRID>
  <cim:IdentifiedObject.name>line2_T2</cim:IdentifiedObject.name>
  <cim:Terminal.ConductingEquipment rdf:resource="urn:uuid:99956D52-D028-456C-A8E6-A4D30BCCE29D"/>
  <cim:ACDCTerminal.sequenceNumber>2</cim:ACDCTerminal.sequenceNumber>
  <cim:Terminal.ConnectivityNode rdf:resource="urn:uuid:00A08706-0B1D-4F29-852A-FA4E143E4678"/>
</cim:Terminal>
<cim:Location rdf:about="urn:uuid:79F9949D-3F54-486D-8A84-D0D9EB23F5FA">
  <cim:IdentifiedObject.mRID>79F9949D-3F54-486D-8A84-D0D9EB23F5FA</cim:IdentifiedObject.mRID>
  <cim:IdentifiedObject.name>line2_Loc</cim:IdentifiedObject.name>
  <cim:Location.CoordinateSystem rdf:resource="urn:uuid:C8FDE787-2AE1-4990-AEC3-67E1D7E6D668"/>
</cim:Location>
<cim:PositionPoint rdf:about="urn:uuid:22765D86-C7C5-4AD4-8311-F91875B95115">
  <cim:PositionPoint.Location rdf:resource="urn:uuid:79F9949D-3F54-486D-8A84-D0D9EB23F5FA"/>
  <cim:PositionPoint.sequenceNumber>1</cim:PositionPoint.sequenceNumber>
  <cim:PositionPoint.xPosition>0</cim:PositionPoint.xPosition>
  <cim:PositionPoint.yPosition>0</cim:PositionPoint.yPosition>
</cim:PositionPoint>
<cim:PositionPoint rdf:about="urn:uuid:F3F00FCB-AD32-41F6-B49A-10326F50C7B3">
  <cim:PositionPoint.Location rdf:resource="urn:uuid:79F9949D-3F54-486D-8A84-D0D9EB23F5FA"/>
  <cim:PositionPoint.sequenceNumber>2</cim:PositionPoint.sequenceNumber>
  <cim:PositionPoint.xPosition>0</cim:PositionPoint.xPosition>
  <cim:PositionPoint.yPosition>0</cim:PositionPoint.yPosition>
</cim:PositionPoint>
<cim:LoadResponseCharacteristic rdf:about="urn:uuid:E2F5062B-EF12-4D20-BC70-9F150AC3825A">
  <cim:IdentifiedObject.mRID>E2F5062B-EF12-4D20-BC70-9F150AC3825A</cim:IdentifiedObject.mRID>
  <cim:IdentifiedObject.name>Constant kVA</cim:IdentifiedObject.name>
  <cim:LoadResponseCharacteristic.exponentModel>false</cim:LoadResponseCharacteristic.exponentModel>
  <cim:LoadResponseCharacteristic.pConstantImpedance>0</cim:LoadResponseCharacteristic.pConstantImpedance>
  <cim:LoadResponseCharacteristic.pConstantCurrent>0</cim:LoadResponseCharacteristic.pConstantCurrent>
  <cim:LoadResponseCharacteristic.pConstantPower>100</cim:LoadResponseCharacteristic.pConstantPower>
  <cim:LoadResponseCharacteristic.qConstantImpedance>0</cim:LoadResponseCharacteristic.qConstantImpedance>
  <cim:LoadResponseCharacteristic.qConstantCurrent>0</cim:LoadResponseCharacteristic.qConstantCurrent>
  <cim:LoadResponseCharacteristic.qConstantPower>100</cim:LoadResponseCharacteristic.qConstantPower>
  <cim:LoadResponseCharacteristic.pVoltageExponent>0</cim:LoadResponseCharacteristic.pVoltageExponent>
  <cim:LoadResponseCharacteristic.qVoltageExponent>0</cim:LoadResponseCharacteristic.qVoltageExponent>
  <cim:LoadResponseCharacteristic.pFrequencyExponent>0</cim:LoadResponseCharacteristic.pFrequencyExponent>
  <cim:LoadResponseCharacteristic.qFrequencyExponent>0</cim:LoadResponseCharacteristic.qFrequencyExponent>
</cim:LoadResponseCharacteristic>
<cim:LoadResponseCharacteristic rdf:about="urn:uuid:8A1E71A2-E56A-499D-8954-6E3052020BBE">
  <cim:IdentifiedObject.mRID>8A1E71A2-E56A-499D-8954-6E3052020BBE</cim:IdentifiedObject.mRID>
  <cim:IdentifiedObject.name>Constant Z</cim:IdentifiedObject.name>
  <cim:LoadResponseCharacteristic.exponentModel>false</cim:LoadResponseCharacteristic.exponentModel>
  <cim:LoadResponseCharacteristic.pConstantImpedance>100</cim:LoadResponseCharacteristic.pConstantImpedance>
  <cim:LoadResponseCharacteristic.pConstantCurrent>0</cim:LoadResponseCharacteristic.pConstantCurrent>
  <cim:LoadResponseCharacteristic.pConstantPower>0</cim:LoadResponseCharacteristic.pConstantPower>
  <cim:LoadResponseCharacteristic.qConstantImpedance>100</cim:LoadResponseCharacteristic.qConstantImpedance>
  <cim:LoadResponseCharacteristic.qConstantCurrent>0</cim:LoadResponseCharacteristic.qConstantCurrent>
  <cim:LoadResponseCharacteristic.qConstantPower>0</cim:LoadResponseCharacteristic.qConstantPower>
  <cim:LoadResponseCharacteristic.pVoltageExponent>0</cim:LoadResponseCharacteristic.pVoltageExponent>
  <cim:LoadResponseCharacteristic.qVoltageExponent>0</cim:LoadResponseCharacteristic.qVoltageExponent>
  <cim:LoadResponseCharacteristic.pFrequencyExponent>0</cim:LoadResponseCharacteristic.pFrequencyExponent>
  <cim:LoadResponseCharacteristic.qFrequencyExponent>0</cim:LoadResponseCharacteristic.qFrequencyExponent>
</cim:LoadResponseCharacteristic>
<cim:LoadResponseCharacteristic rdf:about="urn:uuid:4F81E6C0-80E2-4032-911A-15CD5EF0F477">
  <cim:IdentifiedObject.mRID>4F81E6C0-80E2-4032-911A-15CD5EF0F477</cim:IdentifiedObject.mRID>
  <cim:IdentifiedObject.name>Motor</cim:IdentifiedObject.name>
  <cim:LoadResponseCharacteristic.exponentModel>false</cim:LoadResponseCharacteristic.exponentModel>
  <cim:LoadResponseCharacteristic.pConstantImpedance>0</cim:LoadResponseCharacteristic.pConstantImpedance>
  <cim:LoadResponseCharacteristic.pConstantCurrent>0</cim:LoadResponseCharacteristic.pConstantCurrent>
  <cim:LoadResponseCharacteristic.pConstantPower>100</cim:LoadResponseCharacteristic.pConstantPower>
  <cim:LoadResponseCharacteristic.qConstantImpedance>100</cim:LoadResponseCharacteristic.qConstantImpedance>
  <cim:LoadResponseCharacteristic.qConstantCurrent>0</cim:LoadResponseCharacteristic.qConstantCurrent>
  <cim:LoadResponseCharacteristic.qConstantPower>0</cim:LoadResponseCharacteristic.qConstantPower>
  <cim:LoadResponseCharacteristic.pVoltageExponent>0</cim:LoadResponseCharacteristic.pVoltageExponent>
  <cim:LoadResponseCharacteristic.qVoltageExponent>0</cim:LoadResponseCharacteristic.qVoltageExponent>
  <cim:LoadResponseCharacteristic.pFrequencyExponent>0</cim:LoadResponseCharacteristic.pFrequencyExponent>
  <cim:LoadResponseCharacteristic.qFrequencyExponent>0</cim:LoadResponseCharacteristic.qFrequencyExponent>
</cim:LoadResponseCharacteristic>
<cim:LoadResponseCharacteristic rdf:about="urn:uuid:CD7AD7E7-ECCD-4A34-8077-3F00FC762141">
  <cim:IdentifiedObject.mRID>CD7AD7E7-ECCD-4A34-8077-3F00FC762141</cim:IdentifiedObject.mRID>
  <cim:IdentifiedObject.name>Mix Motor/Res</cim:IdentifiedObject.name>
  <cim:LoadResponseCharacteristic.exponentModel>true</cim:LoadResponseCharacteristic.exponentModel>
  <cim:LoadResponseCharacteristic.pConstantImpedance>0</cim:LoadResponseCharacteristic.pConstantImpedance>
  <cim:LoadResponseCharacteristic.pConstantCurrent>0</cim:LoadResponseCharacteristic.pConstantCurrent>
  <cim:LoadResponseCharacteristic.pConstantPower>0</cim:LoadResponseCharacteristic.pConstantPower>
  <cim:LoadResponseCharacteristic.qConstantImpedance>0</cim:LoadResponseCharacteristic.qConstantImpedance>
  <cim:LoadResponseCharacteristic.qConstantCurrent>0</cim:LoadResponseCharacteristic.qConstantCurrent>
  <cim:LoadResponseCharacteristic.qConstantPower>0</cim:LoadResponseCharacteristic.qConstantPower>
  <cim:LoadResponseCharacteristic.pVoltageExponent>1</cim:LoadResponseCharacteristic.pVoltageExponent>
  <cim:LoadResponseCharacteristic.qVoltageExponent>2</cim:LoadResponseCharacteristic.qVoltageExponent>
  <cim:LoadResponseCharacteristic.pFrequencyExponent>0</cim:LoadResponseCharacteristic.pFrequencyExponent>
  <cim:LoadResponseCharacteristic.qFrequencyExponent>0</cim:LoadResponseCharacteristic.qFrequencyExponent>
</cim:LoadResponseCharacteristic>
<cim:LoadResponseCharacteristic rdf:about="urn:uuid:6F901844-5B74-4301-A04D-449FD362D9DD">
  <cim:IdentifiedObject.mRID>6F901844-5B74-4301-A04D-449FD362D9DD</cim:IdentifiedObject.mRID>
  <cim:IdentifiedObject.name>Constant I</cim:IdentifiedObject.name>
  <cim:LoadResponseCharacteristic.exponentModel>false</cim:LoadResponseCharacteristic.exponentModel>
  <cim:LoadResponseCharacteristic.pConstantImpedance>0</cim:LoadResponseCharacteristic.pConstantImpedance>
  <cim:LoadResponseCharacteristic.pConstantCurrent>100</cim:LoadResponseCharacteristic.pConstantCurrent>
  <cim:LoadResponseCharacteristic.pConstantPower>0</cim:LoadResponseCharacteristic.pConstantPower>
  <cim:LoadResponseCharacteristic.qConstantImpedance>0</cim:LoadResponseCharacteristic.qConstantImpedance>
  <cim:LoadResponseCharacteristic.qConstantCurrent>100</cim:LoadResponseCharacteristic.qConstantCurrent>
  <cim:LoadResponseCharacteristic.qConstantPower>0</cim:LoadResponseCharacteristic.qConstantPower>
  <cim:LoadResponseCharacteristic.pVoltageExponent>0</cim:LoadResponseCharacteristic.pVoltageExponent>
  <cim:LoadResponseCharacteristic.qVoltageExponent>0</cim:LoadResponseCharacteristic.qVoltageExponent>
  <cim:LoadResponseCharacteristic.pFrequencyExponent>0</cim:LoadResponseCharacteristic.pFrequencyExponent>
  <cim:LoadResponseCharacteristic.qFrequencyExponent>0</cim:LoadResponseCharacteristic.qFrequencyExponent>
</cim:LoadResponseCharacteristic>
<cim:LoadResponseCharacteristic rdf:about="urn:uuid:4C3175B7-C99F-4DCB-AA4F-218A58C783C7">
  <cim:IdentifiedObject.mRID>4C3175B7-C99F-4DCB-AA4F-218A58C783C7</cim:IdentifiedObject.mRID>
  <cim:IdentifiedObject.name>Variable P, Fixed Q</cim:IdentifiedObject.name>
  <cim:LoadResponseCharacteristic.exponentModel>false</cim:LoadResponseCharacteristic.exponentModel>
  <cim:LoadResponseCharacteristic.pConstantImpedance>0</cim:LoadResponseCharacteristic.pConstantImpedance>
  <cim:LoadResponseCharacteristic.pConstantCurrent>0</cim:LoadResponseCharacteristic.pConstantCurrent>
  <cim:LoadResponseCharacteristic.pConstantPower>100</cim:LoadResponseCharacteristic.pConstantPower>
  <cim:LoadResponseCharacteristic.qConstantImpedance>0</cim:LoadResponseCharacteristic.qConstantImpedance>
  <cim:LoadResponseCharacteristic.qConstantCurrent>0</cim:LoadResponseCharacteristic.qConstantCurrent>
  <cim:LoadResponseCharacteristic.qConstantPower>100</cim:LoadResponseCharacteristic.qConstantPower>
  <cim:LoadResponseCharacteristic.pVoltageExponent>0</cim:LoadResponseCharacteristic.pVoltageExponent>
  <cim:LoadResponseCharacteristic.qVoltageExponent>0</cim:LoadResponseCharacteristic.qVoltageExponent>
  <cim:LoadResponseCharacteristic.pFrequencyExponent>0</cim:LoadResponseCharacteristic.pFrequencyExponent>
  <cim:LoadResponseCharacteristic.qFrequencyExponent>0</cim:LoadResponseCharacteristic.qFrequencyExponent>
</cim:LoadResponseCharacteristic>
<cim:LoadResponseCharacteristic rdf:about="urn:uuid:63794900-A050-4ED0-B86F-0960B01D2574">
  <cim:IdentifiedObject.mRID>63794900-A050-4ED0-B86F-0960B01D2574</cim:IdentifiedObject.mRID>
  <cim:IdentifiedObject.name>Variable P, Fixed X</cim:IdentifiedObject.name>
  <cim:LoadResponseCharacteristic.exponentModel>false</cim:LoadResponseCharacteristic.exponentModel>
  <cim:LoadResponseCharacteristic.pConstantImpedance>0</cim:LoadResponseCharacteristic.pConstantImpedance>
  <cim:LoadResponseCharacteristic.pConstantCurrent>0</cim:LoadResponseCharacteristic.pConstantCurrent>
  <cim:LoadResponseCharacteristic.pConstantPower>100</cim:LoadResponseCharacteristic.pConstantPower>
  <cim:LoadResponseCharacteristic.qConstantImpedance>100</cim:LoadResponseCharacteristic.qConstantImpedance>
  <cim:LoadResponseCharacteristic.qConstantCurrent>0</cim:LoadResponseCharacteristic.qConstantCurrent>
  <cim:LoadResponseCharacteristic.qConstantPower>0</cim:LoadResponseCharacteristic.qConstantPower>
  <cim:LoadResponseCharacteristic.pVoltageExponent>0</cim:LoadResponseCharacteristic.pVoltageExponent>
  <cim:LoadResponseCharacteristic.qVoltageExponent>0</cim:LoadResponseCharacteristic.qVoltageExponent>
  <cim:LoadResponseCharacteristic.pFrequencyExponent>0</cim:LoadResponseCharacteristic.pFrequencyExponent>
  <cim:LoadResponseCharacteristic.qFrequencyExponent>0</cim:LoadResponseCharacteristic.qFrequencyExponent>
</cim:LoadResponseCharacteristic>
<cim:EnergyConsumer rdf:about="urn:uuid:31CD726B-EE52-47A4-A949-73C481568E69">
  <cim:IdentifiedObject.mRID>31CD726B-EE52-47A4-A949-73C481568E69</cim:IdentifiedObject.mRID>
  <cim:IdentifiedObject.name>load1a</cim:IdentifiedObject.name>
  <cim:Equipment.EquipmentContainer rdf:resource="urn:uuid:13A48073-FBD8-42B6-8957-746E3F4FECC9"/>
  <cim:ConductingEquipment.BaseVoltage rdf:resource="urn:uuid:6F2D5AD9-EE51-40FE-BB30-5D3852A52852"/>
  <cim:EnergyConsumer.LoadResponse rdf:resource="urn:uuid:8A1E71A2-E56A-499D-8954-6E3052020BBE"/>
  <cim:EnergyConsumer.p>850000</cim:EnergyConsumer.p>
  <cim:EnergyConsumer.q>526782.69</cim:EnergyConsumer.q>
  <cim:EnergyConsumer.customerCount>1</cim:EnergyConsumer.customerCount>
  <cim:EnergyConsumer.phaseConnection rdf:resource="http://iec.ch/TC57/CIM100#PhaseShuntConnectionKind.D"/>
  <cim:EnergyConsumer.grounded>false</cim:EnergyConsumer.grounded>
  <cim:PowerSystemResource.Location rdf:resource="urn:uuid:526611F8-7FAA-41FD-AC52-5E588DE0E722"/>
</cim:EnergyConsumer>
<cim:EnergyConsumerPhase rdf:about="urn:uuid:EA970421-EC26-4B12-8A6C-4F996684EB97">
  <cim:IdentifiedObject.mRID>EA970421-EC26-4B12-8A6C-4F996684EB97</cim:IdentifiedObject.mRID>
  <cim:IdentifiedObject.name>load1a_A</cim:IdentifiedObject.name>
  <cim:EnergyConsumerPhase.phase rdf:resource="http://iec.ch/TC57/CIM100#SinglePhaseKind.A"/>
  <cim:EnergyConsumerPhase.p>850000</cim:EnergyConsumerPhase.p>
  <cim:EnergyConsumerPhase.q>526782.69</cim:EnergyConsumerPhase.q>
  <cim:EnergyConsumerPhase.EnergyConsumer rdf:resource="urn:uuid:31CD726B-EE52-47A4-A949-73C481568E69"/>
  <cim:PowerSystemResource.Location rdf:resource="urn:uuid:526611F8-7FAA-41FD-AC52-5E588DE0E722"/>
</cim:EnergyConsumerPhase>
<cim:Terminal rdf:about="urn:uuid:788584B9-0F26-4B51-B34C-49A1AD847474">
  <cim:IdentifiedObject.mRID>788584B9-0F26-4B51-B34C-49A1AD847474</cim:IdentifiedObject.mRID>
  <cim:IdentifiedObject.name>load1a_T1</cim:IdentifiedObject.name>
  <cim:Terminal.ConductingEquipment rdf:resource="urn:uuid:31CD726B-EE52-47A4-A949-73C481568E69"/>
  <cim:ACDCTerminal.sequenceNumber>1</cim:ACDCTerminal.sequenceNumber>
  <cim:Terminal.ConnectivityNode rdf:resource="urn:uuid:00A08706-0B1D-4F29-852A-FA4E143E4678"/>
</cim:Terminal>
<cim:Location rdf:about="urn:uuid:526611F8-7FAA-41FD-AC52-5E588DE0E722">
  <cim:IdentifiedObject.mRID>526611F8-7FAA-41FD-AC52-5E588DE0E722</cim:IdentifiedObject.mRID>
  <cim:IdentifiedObject.name>load1a_Loc</cim:IdentifiedObject.name>
  <cim:Location.CoordinateSystem rdf:resource="urn:uuid:C8FDE787-2AE1-4990-AEC3-67E1D7E6D668"/>
</cim:Location>
<cim:PositionPoint rdf:about="urn:uuid:607DE6BC-ED7D-4ECA-931A-F649CE79C208">
  <cim:PositionPoint.Location rdf:resource="urn:uuid:526611F8-7FAA-41FD-AC52-5E588DE0E722"/>
  <cim:PositionPoint.sequenceNumber>1</cim:PositionPoint.sequenceNumber>
  <cim:PositionPoint.xPosition>0</cim:PositionPoint.xPosition>
  <cim:PositionPoint.yPosition>0</cim:PositionPoint.yPosition>
</cim:PositionPoint>
<cim:EnergyConsumer rdf:about="urn:uuid:0D04FD39-C9CA-4661-9547-54180650515F">
  <cim:IdentifiedObject.mRID>0D04FD39-C9CA-4661-9547-54180650515F</cim:IdentifiedObject.mRID>
  <cim:IdentifiedObject.name>load1b</cim:IdentifiedObject.name>
  <cim:Equipment.EquipmentContainer rdf:resource="urn:uuid:13A48073-FBD8-42B6-8957-746E3F4FECC9"/>
  <cim:ConductingEquipment.BaseVoltage rdf:resource="urn:uuid:6F2D5AD9-EE51-40FE-BB30-5D3852A52852"/>
  <cim:EnergyConsumer.LoadResponse rdf:resource="urn:uuid:8A1E71A2-E56A-499D-8954-6E3052020BBE"/>
  <cim:EnergyConsumer.p>1200000</cim:EnergyConsumer.p>
  <cim:EnergyConsumer.q>581186.53</cim:EnergyConsumer.q>
  <cim:EnergyConsumer.customerCount>1</cim:EnergyConsumer.customerCount>
  <cim:EnergyConsumer.phaseConnection rdf:resource="http://iec.ch/TC57/CIM100#PhaseShuntConnectionKind.D"/>
  <cim:EnergyConsumer.grounded>false</cim:EnergyConsumer.grounded>
  <cim:PowerSystemResource.Location rdf:resource="urn:uuid:06DECE15-F376-43D0-A2DB-B156D4CF707E"/>
</cim:EnergyConsumer>
<cim:EnergyConsumerPhase rdf:about="urn:uuid:B96FF05A-AE2E-4297-970E-CF3E89EE0676">
  <cim:IdentifiedObject.mRID>B96FF05A-AE2E-4297-970E-CF3E89EE0676</cim:IdentifiedObject.mRID>
  <cim:IdentifiedObject.name>load1b_B</cim:IdentifiedObject.name>
  <cim:EnergyConsumerPhase.phase rdf:resource="http://iec.ch/TC57/CIM100#SinglePhaseKind.B"/>
  <cim:EnergyConsumerPhase.p>1200000</cim:EnergyConsumerPhase.p>
  <cim:EnergyConsumerPhase.q>581186.53</cim:EnergyConsumerPhase.q>
  <cim:EnergyConsumerPhase.EnergyConsumer rdf:resource="urn:uuid:0D04FD39-C9CA-4661-9547-54180650515F"/>
  <cim:PowerSystemResource.Location rdf:resource="urn:uuid:06DECE15-F376-43D0-A2DB-B156D4CF707E"/>
</cim:EnergyConsumerPhase>
<cim:Terminal rdf:about="urn:uuid:CDEAA09F-C0FB-4AB2-9089-E87EB80F5B8B">
  <cim:IdentifiedObject.mRID>CDEAA09F-C0FB-4AB2-9089-E87EB80F5B8B</cim:IdentifiedObject.mRID>
  <cim:IdentifiedObject.name>load1b_T1</cim:IdentifiedObject.name>
  <cim:Terminal.ConductingEquipment rdf:resource="urn:uuid:0D04FD39-C9CA-4661-9547-54180650515F"/>
  <cim:ACDCTerminal.sequenceNumber>1</cim:ACDCTerminal.sequenceNumber>
  <cim:Terminal.ConnectivityNode rdf:resource="urn:uuid:00A08706-0B1D-4F29-852A-FA4E143E4678"/>
</cim:Terminal>
<cim:Location rdf:about="urn:uuid:06DECE15-F376-43D0-A2DB-B156D4CF707E">
  <cim:IdentifiedObject.mRID>06DECE15-F376-43D0-A2DB-B156D4CF707E</cim:IdentifiedObject.mRID>
  <cim:IdentifiedObject.name>load1b_Loc</cim:IdentifiedObject.name>
  <cim:Location.CoordinateSystem rdf:resource="urn:uuid:C8FDE787-2AE1-4990-AEC3-67E1D7E6D668"/>
</cim:Location>
<cim:PositionPoint rdf:about="urn:uuid:7A2C24BA-0DE9-466D-8AB0-983A0309551B">
  <cim:PositionPoint.Location rdf:resource="urn:uuid:06DECE15-F376-43D0-A2DB-B156D4CF707E"/>
  <cim:PositionPoint.sequenceNumber>1</cim:PositionPoint.sequenceNumber>
  <cim:PositionPoint.xPosition>0</cim:PositionPoint.xPosition>
  <cim:PositionPoint.yPosition>0</cim:PositionPoint.yPosition>
</cim:PositionPoint>
<cim:EnergyConsumer rdf:about="urn:uuid:4F1ED55F-3E15-4C97-A78B-C37F7893588D">
  <cim:IdentifiedObject.mRID>4F1ED55F-3E15-4C97-A78B-C37F7893588D</cim:IdentifiedObject.mRID>
  <cim:IdentifiedObject.name>load1c</cim:IdentifiedObject.name>
  <cim:Equipment.EquipmentContainer rdf:resource="urn:uuid:13A48073-FBD8-42B6-8957-746E3F4FECC9"/>
  <cim:ConductingEquipment.BaseVoltage rdf:resource="urn:uuid:6F2D5AD9-EE51-40FE-BB30-5D3852A52852"/>
  <cim:EnergyConsumer.LoadResponse rdf:resource="urn:uuid:8A1E71A2-E56A-499D-8954-6E3052020BBE"/>
  <cim:EnergyConsumer.p>1583330</cim:EnergyConsumer.p>
  <cim:EnergyConsumer.q>520415.4</cim:EnergyConsumer.q>
  <cim:EnergyConsumer.customerCount>1</cim:EnergyConsumer.customerCount>
  <cim:EnergyConsumer.phaseConnection rdf:resource="http://iec.ch/TC57/CIM100#PhaseShuntConnectionKind.D"/>
  <cim:EnergyConsumer.grounded>false</cim:EnergyConsumer.grounded>
  <cim:PowerSystemResource.Location rdf:resource="urn:uuid:8809D5C8-3126-41EB-A498-0B6E166A726B"/>
</cim:EnergyConsumer>
<cim:EnergyConsumerPhase rdf:about="urn:uuid:600E7AE7-9457-4FC6-9A41-F3059B519CA2">
  <cim:IdentifiedObject.mRID>600E7AE7-9457-4FC6-9A41-F3059B519CA2</cim:IdentifiedObject.mRID>
  <cim:IdentifiedObject.name>load1c_C</cim:IdentifiedObject.name>
  <cim:EnergyConsumerPhase.phase rdf:resource="http://iec.ch/TC57/CIM100#SinglePhaseKind.C"/>
  <cim:EnergyConsumerPhase.p>1583330</cim:EnergyConsumerPhase.p>
  <cim:EnergyConsumerPhase.q>520415.4</cim:EnergyConsumerPhase.q>
  <cim:EnergyConsumerPhase.EnergyConsumer rdf:resource="urn:uuid:4F1ED55F-3E15-4C97-A78B-C37F7893588D"/>
  <cim:PowerSystemResource.Location rdf:resource="urn:uuid:8809D5C8-3126-41EB-A498-0B6E166A726B"/>
</cim:EnergyConsumerPhase>
<cim:Terminal rdf:about="urn:uuid:316B98B2-2E7C-4537-8C9E-EEC7D2CDF030">
  <cim:IdentifiedObject.mRID>316B98B2-2E7C-4537-8C9E-EEC7D2CDF030</cim:IdentifiedObject.mRID>
  <cim:IdentifiedObject.name>load1c_T1</cim:IdentifiedObject.name>
  <cim:Terminal.ConductingEquipment rdf:resource="urn:uuid:4F1ED55F-3E15-4C97-A78B-C37F7893588D"/>
  <cim:ACDCTerminal.sequenceNumber>1</cim:ACDCTerminal.sequenceNumber>
  <cim:Terminal.ConnectivityNode rdf:resource="urn:uuid:00A08706-0B1D-4F29-852A-FA4E143E4678"/>
</cim:Terminal>
<cim:Location rdf:about="urn:uuid:8809D5C8-3126-41EB-A498-0B6E166A726B">
  <cim:IdentifiedObject.mRID>8809D5C8-3126-41EB-A498-0B6E166A726B</cim:IdentifiedObject.mRID>
  <cim:IdentifiedObject.name>load1c_Loc</cim:IdentifiedObject.name>
  <cim:Location.CoordinateSystem rdf:resource="urn:uuid:C8FDE787-2AE1-4990-AEC3-67E1D7E6D668"/>
</cim:Location>
<cim:PositionPoint rdf:about="urn:uuid:164AEEAB-6129-4685-BC30-AAB1037F1B53">
  <cim:PositionPoint.Location rdf:resource="urn:uuid:8809D5C8-3126-41EB-A498-0B6E166A726B"/>
  <cim:PositionPoint.sequenceNumber>1</cim:PositionPoint.sequenceNumber>
  <cim:PositionPoint.xPosition>0</cim:PositionPoint.xPosition>
  <cim:PositionPoint.yPosition>0</cim:PositionPoint.yPosition>
</cim:PositionPoint>
<cim:OverheadWireInfo rdf:about="urn:uuid:B77B2685-AC10-4A92-BADC-387BD078F28F">
  <cim:IdentifiedObject.mRID>B77B2685-AC10-4A92-BADC-387BD078F28F</cim:IdentifiedObject.mRID>
  <cim:IdentifiedObject.name>conductor</cim:IdentifiedObject.name>
  <cim:WireInfo.sizeDescription>WireData_conductor</cim:WireInfo.sizeDescription>
  <cim:WireInfo.gmr>0.00743712</cim:WireInfo.gmr>
  <cim:WireInfo.radius>0.0091567</cim:WireInfo.radius>
  <cim:WireInfo.rDC20>0.00018641136</cim:WireInfo.rDC20>
  <cim:WireInfo.rAC25>0.00019013958</cim:WireInfo.rAC25>
  <cim:WireInfo.rAC50>0.00019013958</cim:WireInfo.rAC50>
  <cim:WireInfo.rAC75>0.00019013958</cim:WireInfo.rAC75>
  <cim:WireInfo.ratedCurrent>0</cim:WireInfo.ratedCurrent>
  <cim:WireInfo.strandCount>0</cim:WireInfo.strandCount>
  <cim:WireInfo.coreStrandCount>0</cim:WireInfo.coreStrandCount>
  <cim:WireInfo.coreRadius>0</cim:WireInfo.coreRadius>
  <cim:WireInfo.insulated>false</cim:WireInfo.insulated>
</cim:OverheadWireInfo>
<cim:OverheadWireInfo rdf:about="urn:uuid:98453D26-28C1-4AA0-ABBB-01F8A491B983">
  <cim:IdentifiedObject.mRID>98453D26-28C1-4AA0-ABBB-01F8A491B983</cim:IdentifiedObject.mRID>
  <cim:IdentifiedObject.name>neutral</cim:IdentifiedObject.name>
  <cim:WireInfo.sizeDescription>WireData_neutral</cim:WireInfo.sizeDescription>
  <cim:WireInfo.gmr>0.002481072</cim:WireInfo.gmr>
  <cim:WireInfo.radius>0.0071501</cim:WireInfo.radius>
  <cim:WireInfo.rDC20>0.00036063897</cim:WireInfo.rDC20>
  <cim:WireInfo.rAC25>0.00036785175</cim:WireInfo.rAC25>
  <cim:WireInfo.rAC50>0.00036785175</cim:WireInfo.rAC50>
  <cim:WireInfo.rAC75>0.00036785175</cim:WireInfo.rAC75>
  <cim:WireInfo.ratedCurrent>0</cim:WireInfo.ratedCurrent>
  <cim:WireInfo.strandCount>0</cim:WireInfo.strandCount>
  <cim:WireInfo.coreStrandCount>0</cim:WireInfo.coreStrandCount>
  <cim:WireInfo.coreRadius>0</cim:WireInfo.coreRadius>
  <cim:WireInfo.insulated>false</cim:WireInfo.insulated>
</cim:OverheadWireInfo>
<cim:WireSpacingInfo rdf:about="urn:uuid:8B84C7CD-88AB-4D19-9195-051E8E5F9401">
  <cim:IdentifiedObject.mRID>8B84C7CD-88AB-4D19-9195-051E8E5F9401</cim:IdentifiedObject.mRID>
  <cim:IdentifiedObject.name>4wire</cim:IdentifiedObject.name>
  <cim:WireSpacingInfo.usage rdf:resource="http://iec.ch/TC57/CIM100#WireUsageKind.distribution"/>
  <cim:WireSpacingInfo.phaseWireCount>1</cim:WireSpacingInfo.phaseWireCount>
  <cim:WireSpacingInfo.phaseWireSpacing>0</cim:WireSpacingInfo.phaseWireSpacing>
  <cim:WireSpacingInfo.isCable>false</cim:WireSpacingInfo.isCable>
</cim:WireSpacingInfo>
<cim:WirePosition rdf:about="urn:uuid:00891F0F-7F54-48B6-BEC7-78E93C163754">
  <cim:IdentifiedObject.mRID>00891F0F-7F54-48B6-BEC7-78E93C163754</cim:IdentifiedObject.mRID>
  <cim:IdentifiedObject.name>WP_4wire_1</cim:IdentifiedObject.name>
  <cim:WirePosition.WireSpacingInfo rdf:resource="urn:uuid:8B84C7CD-88AB-4D19-9195-051E8E5F9401"/>
  <cim:WirePosition.sequenceNumber>1</cim:WirePosition.sequenceNumber>
  <cim:WirePosition.xCoord>-1.2192</cim:WirePosition.xCoord>
  <cim:WirePosition.yCoord>8.5344</cim:WirePosition.yCoord>
</cim:WirePosition>
<cim:WirePosition rdf:about="urn:uuid:1F05488A-77BF-4AC9-BE2A-377B4F41664D">
  <cim:IdentifiedObject.mRID>1F05488A-77BF-4AC9-BE2A-377B4F41664D</cim:IdentifiedObject.mRID>
  <cim:IdentifiedObject.name>WP_4wire_2</cim:IdentifiedObject.name>
  <cim:WirePosition.WireSpacingInfo rdf:resource="urn:uuid:8B84C7CD-88AB-4D19-9195-051E8E5F9401"/>
  <cim:WirePosition.sequenceNumber>2</cim:WirePosition.sequenceNumber>
  <cim:WirePosition.xCoord>-0.4572</cim:WirePosition.xCoord>
  <cim:WirePosition.yCoord>8.5344</cim:WirePosition.yCoord>
</cim:WirePosition>
<cim:WirePosition rdf:about="urn:uuid:919B82A1-BAD2-4841-B126-F371AD3B8119">
  <cim:IdentifiedObject.mRID>919B82A1-BAD2-4841-B126-F371AD3B8119</cim:IdentifiedObject.mRID>
  <cim:IdentifiedObject.name>WP_4wire_3</cim:IdentifiedObject.name>
  <cim:WirePosition.WireSpacingInfo rdf:resource="urn:uuid:8B84C7CD-88AB-4D19-9195-051E8E5F9401"/>
  <cim:WirePosition.sequenceNumber>3</cim:WirePosition.sequenceNumber>
  <cim:WirePosition.xCoord>0.9144</cim:WirePosition.xCoord>
  <cim:WirePosition.yCoord>8.5344</cim:WirePosition.yCoord>
</cim:WirePosition>
<cim:WirePosition rdf:about="urn:uuid:803974D4-D3B7-4389-B327-E5989598B1FE">
  <cim:IdentifiedObject.mRID>803974D4-D3B7-4389-B327-E5989598B1FE</cim:IdentifiedObject.mRID>
  <cim:IdentifiedObject.name>WP_4wire_4</cim:IdentifiedObject.name>
  <cim:WirePosition.WireSpacingInfo rdf:resource="urn:uuid:8B84C7CD-88AB-4D19-9195-051E8E5F9401"/>
  <cim:WirePosition.sequenceNumber>4</cim:WirePosition.sequenceNumber>
  <cim:WirePosition.xCoord>0</cim:WirePosition.xCoord>
  <cim:WirePosition.yCoord>7.3152</cim:WirePosition.yCoord>
</cim:WirePosition>
<cim:WireSpacingInfo rdf:about="urn:uuid:98CD2D26-9D68-4B3D-9B82-00D995AE3540">
  <cim:IdentifiedObject.mRID>98CD2D26-9D68-4B3D-9B82-00D995AE3540</cim:IdentifiedObject.mRID>
  <cim:IdentifiedObject.name>3wire</cim:IdentifiedObject.name>
  <cim:WireSpacingInfo.usage rdf:resource="http://iec.ch/TC57/CIM100#WireUsageKind.distribution"/>
  <cim:WireSpacingInfo.phaseWireCount>1</cim:WireSpacingInfo.phaseWireCount>
  <cim:WireSpacingInfo.phaseWireSpacing>0</cim:WireSpacingInfo.phaseWireSpacing>
  <cim:WireSpacingInfo.isCable>false</cim:WireSpacingInfo.isCable>
</cim:WireSpacingInfo>
<cim:WirePosition rdf:about="urn:uuid:BE727252-D1BC-4FE1-8CDB-3BB11EA2D58E">
  <cim:IdentifiedObject.mRID>BE727252-D1BC-4FE1-8CDB-3BB11EA2D58E</cim:IdentifiedObject.mRID>
  <cim:IdentifiedObject.name>WP_3wire_1</cim:IdentifiedObject.name>
  <cim:WirePosition.WireSpacingInfo rdf:resource="urn:uuid:98CD2D26-9D68-4B3D-9B82-00D995AE3540"/>
  <cim:WirePosition.sequenceNumber>1</cim:WirePosition.sequenceNumber>
  <cim:WirePosition.xCoord>-1.2192</cim:WirePosition.xCoord>
  <cim:WirePosition.yCoord>8.5344</cim:WirePosition.yCoord>
</cim:WirePosition>
<cim:WirePosition rdf:about="urn:uuid:5CA98C34-245D-4D9A-B095-6AFFFB918037">
  <cim:IdentifiedObject.mRID>5CA98C34-245D-4D9A-B095-6AFFFB918037</cim:IdentifiedObject.mRID>
  <cim:IdentifiedObject.name>WP_3wire_2</cim:IdentifiedObject.name>
  <cim:WirePosition.WireSpacingInfo rdf:resource="urn:uuid:98CD2D26-9D68-4B3D-9B82-00D995AE3540"/>
  <cim:WirePosition.sequenceNumber>2</cim:WirePosition.sequenceNumber>
  <cim:WirePosition.xCoord>-0.4572</cim:WirePosition.xCoord>
  <cim:WirePosition.yCoord>8.5344</cim:WirePosition.yCoord>
</cim:WirePosition>
<cim:WirePosition rdf:about="urn:uuid:7C676D54-3C4E-4E18-8E47-541E37DE08C5">
  <cim:IdentifiedObject.mRID>7C676D54-3C4E-4E18-8E47-541E37DE08C5</cim:IdentifiedObject.mRID>
  <cim:IdentifiedObject.name>WP_3wire_3</cim:IdentifiedObject.name>
  <cim:WirePosition.WireSpacingInfo rdf:resource="urn:uuid:98CD2D26-9D68-4B3D-9B82-00D995AE3540"/>
  <cim:WirePosition.sequenceNumber>3</cim:WirePosition.sequenceNumber>
  <cim:WirePosition.xCoord>0.9144</cim:WirePosition.xCoord>
  <cim:WirePosition.yCoord>8.5344</cim:WirePosition.yCoord>
</cim:WirePosition>
<cim:OperationalLimitSet rdf:about="urn:uuid:1A27F14C-673A-48E3-ABD6-A530FA4EB3D9">
  <cim:IdentifiedObject.mRID>1A27F14C-673A-48E3-ABD6-A530FA4EB3D9</cim:IdentifiedObject.mRID>
  <cim:IdentifiedObject.name>OpLimI_305.6_416.7</cim:IdentifiedObject.name>
</cim:OperationalLimitSet>
<cim:CurrentLimit rdf:about="urn:uuid:1F1BDE84-60F5-4E0C-8415-DCD811CF0372">
  <cim:IdentifiedObject.mRID>1F1BDE84-60F5-4E0C-8415-DCD811CF0372</cim:IdentifiedObject.mRID>
  <cim:IdentifiedObject.name>OpLimI_305.6_416.7_Norm</cim:IdentifiedObject.name>
  <cim:OperationalLimit.OperationalLimitSet rdf:resource="urn:uuid:1A27F14C-673A-48E3-ABD6-A530FA4EB3D9"/>
  <cim:OperationalLimit.OperationalLimitType rdf:resource="urn:uuid:3D07B7D5-4387-408D-B472-51CD4FEA6AE6"/>
  <cim:CurrentLimit.value>305.57432</cim:CurrentLimit.value>
</cim:CurrentLimit>
<cim:CurrentLimit rdf:about="urn:uuid:A738496B-8B32-49FE-ADA4-E27021317D22">
  <cim:IdentifiedObject.mRID>A738496B-8B32-49FE-ADA4-E27021317D22</cim:IdentifiedObject.mRID>
  <cim:IdentifiedObject.name>OpLimI_305.6_416.7_Emerg</cim:IdentifiedObject.name>
  <cim:OperationalLimit.OperationalLimitSet rdf:resource="urn:uuid:1A27F14C-673A-48E3-ABD6-A530FA4EB3D9"/>
  <cim:OperationalLimit.OperationalLimitType rdf:resource="urn:uuid:81883F7B-1EF1-4537-B64E-66F977E3BD39"/>
  <cim:CurrentLimit.value>416.69226</cim:CurrentLimit.value>
</cim:CurrentLimit>
</rdf:RDF>
