<?xml version="1.0" encoding="utf-8"?>
<!-- un-comment this line to enable validation
-->
<rdf:RDF xmlns:cim="http://iec.ch/TC57/CIM100#" xmlns:rdf="http://www.w3.org/1999/02/22-rdf-syntax-ns#">
<!--
-->
<cim:IEC61970CIMVersion rdf:ID="_8785533A-90A9-4471-B768-16637AACD188">
  <cim:IEC61970CIMVersion.version>IEC61970CIM100</cim:IEC61970CIMVersion.version>
  <cim:IEC61970CIMVersion.date>2019-04-01</cim:IEC61970CIMVersion.date>
</cim:IEC61970CIMVersion>
<cim:CoordinateSystem rdf:ID="_3BA3F5F1-B216-420B-9EC8-366133AB3505">
  <cim:IdentifiedObject.mRID>_3BA3F5F1-B216-420B-9EC8-366133AB3505</cim:IdentifiedObject.mRID>
  <cim:IdentifiedObject.name>yybal_CrsUrn</cim:IdentifiedObject.name>
  <cim:CoordinateSystem.crsUrn>OpenDSSLocalBusCoordinates</cim:CoordinateSystem.crsUrn>
</cim:CoordinateSystem>
<cim:GeographicalRegion rdf:ID="_9F6E6EC2-1D2E-41A1-AB95-A5A0E4BB4800">
  <cim:IdentifiedObject.mRID>_9F6E6EC2-1D2E-41A1-AB95-A5A0E4BB4800</cim:IdentifiedObject.mRID>
  <cim:IdentifiedObject.name>geo1</cim:IdentifiedObject.name>
</cim:GeographicalRegion>
<cim:SubGeographicalRegion rdf:ID="_CF945E61-DA92-4189-9F16-EF8AA2121F25">
  <cim:IdentifiedObject.mRID>_CF945E61-DA92-4189-9F16-EF8AA2121F25</cim:IdentifiedObject.mRID>
  <cim:IdentifiedObject.name>subgeo1</cim:IdentifiedObject.name>
  <cim:SubGeographicalRegion.Region rdf:resource="#_9F6E6EC2-1D2E-41A1-AB95-A5A0E4BB4800"/>
</cim:SubGeographicalRegion>
<cim:Substation rdf:ID="_A82154EB-EB9C-4221-8BB1-699C4A33950B">
  <cim:IdentifiedObject.mRID>_A82154EB-EB9C-4221-8BB1-699C4A33950B</cim:IdentifiedObject.mRID>
  <cim:IdentifiedObject.name>sub1</cim:IdentifiedObject.name>
  <cim:Substation.Region rdf:resource="#_CF945E61-DA92-4189-9F16-EF8AA2121F25"/>
</cim:Substation>
<cim:Location rdf:ID="_E66796E0-F5B7-45FE-988C-56A61C001CC5">
  <cim:IdentifiedObject.mRID>_E66796E0-F5B7-45FE-988C-56A61C001CC5</cim:IdentifiedObject.mRID>
  <cim:IdentifiedObject.name>yybal_Location</cim:IdentifiedObject.name>
  <cim:Location.CoordinateSystem rdf:resource="#_3BA3F5F1-B216-420B-9EC8-366133AB3505"/>
</cim:Location>
<cim:Feeder rdf:ID="_161B1872-2B5C-4CBF-9ED0-7193495CBE79">
  <cim:IdentifiedObject.mRID>_161B1872-2B5C-4CBF-9ED0-7193495CBE79</cim:IdentifiedObject.mRID>
  <cim:IdentifiedObject.name>yybal</cim:IdentifiedObject.name>
  <cim:Feeder.NormalEnergizingSubstation rdf:resource="#_A82154EB-EB9C-4221-8BB1-699C4A33950B"/>
  <cim:PowerSystemResource.Location rdf:resource="#_E66796E0-F5B7-45FE-988C-56A61C001CC5"/>
</cim:Feeder>
<cim:OperationalLimitType rdf:ID="_46EFF1CB-F719-43CF-A8E2-F5462F17CF6C">
  <cim:IdentifiedObject.mRID>_46EFF1CB-F719-43CF-A8E2-F5462F17CF6C</cim:IdentifiedObject.mRID>
  <cim:IdentifiedObject.name>yybal_NormAmpsType</cim:IdentifiedObject.name>
  <cim:OperationalLimitType.acceptableDuration>5E9</cim:OperationalLimitType.acceptableDuration>
  <cim:OperationalLimitType.direction rdf:resource="http://iec.ch/TC57/CIM100#OperationalLimitDirectionKind.absoluteValue"/>
</cim:OperationalLimitType>
<cim:OperationalLimitType rdf:ID="_AF5A0BBF-FF92-4083-AFFF-563F8D923B71">
  <cim:IdentifiedObject.mRID>_AF5A0BBF-FF92-4083-AFFF-563F8D923B71</cim:IdentifiedObject.mRID>
  <cim:IdentifiedObject.name>yybal_EmergencyAmpsType</cim:IdentifiedObject.name>
  <cim:OperationalLimitType.acceptableDuration>7200</cim:OperationalLimitType.acceptableDuration>
  <cim:OperationalLimitType.direction rdf:resource="http://iec.ch/TC57/CIM100#OperationalLimitDirectionKind.absoluteValue"/>
</cim:OperationalLimitType>
<cim:OperationalLimitType rdf:ID="_040098CD-D630-4292-A041-6584E6B436B0">
  <cim:IdentifiedObject.mRID>_040098CD-D630-4292-A041-6584E6B436B0</cim:IdentifiedObject.mRID>
  <cim:IdentifiedObject.name>yybal_RangeAHiType</cim:IdentifiedObject.name>
  <cim:OperationalLimitType.acceptableDuration>5E9</cim:OperationalLimitType.acceptableDuration>
  <cim:OperationalLimitType.direction rdf:resource="http://iec.ch/TC57/CIM100#OperationalLimitDirectionKind.high"/>
</cim:OperationalLimitType>
<cim:OperationalLimitType rdf:ID="_124231AA-AC2B-4A3C-BD00-FC44225776FC">
  <cim:IdentifiedObject.mRID>_124231AA-AC2B-4A3C-BD00-FC44225776FC</cim:IdentifiedObject.mRID>
  <cim:IdentifiedObject.name>yybal_RangeALoType</cim:IdentifiedObject.name>
  <cim:OperationalLimitType.acceptableDuration>5E9</cim:OperationalLimitType.acceptableDuration>
  <cim:OperationalLimitType.direction rdf:resource="http://iec.ch/TC57/CIM100#OperationalLimitDirectionKind.low"/>
</cim:OperationalLimitType>
<cim:OperationalLimitType rdf:ID="_3246C2F4-A16E-44DD-BED9-98DCDA148279">
  <cim:IdentifiedObject.mRID>_3246C2F4-A16E-44DD-BED9-98DCDA148279</cim:IdentifiedObject.mRID>
  <cim:IdentifiedObject.name>yybal_RangeBHiType</cim:IdentifiedObject.name>
  <cim:OperationalLimitType.acceptableDuration>86400</cim:OperationalLimitType.acceptableDuration>
  <cim:OperationalLimitType.direction rdf:resource="http://iec.ch/TC57/CIM100#OperationalLimitDirectionKind.high"/>
</cim:OperationalLimitType>
<cim:OperationalLimitType rdf:ID="_430FD275-ED6B-4ADA-AD54-C45A61E2331E">
  <cim:IdentifiedObject.mRID>_430FD275-ED6B-4ADA-AD54-C45A61E2331E</cim:IdentifiedObject.mRID>
  <cim:IdentifiedObject.name>yybal_RangeBLoType</cim:IdentifiedObject.name>
  <cim:OperationalLimitType.acceptableDuration>86400</cim:OperationalLimitType.acceptableDuration>
  <cim:OperationalLimitType.direction rdf:resource="http://iec.ch/TC57/CIM100#OperationalLimitDirectionKind.low"/>
</cim:OperationalLimitType>
<cim:BaseVoltage rdf:ID="_DD13A9D7-FDC3-4DE6-BB09-7F1CEE0C702C">
  <cim:IdentifiedObject.mRID>_DD13A9D7-FDC3-4DE6-BB09-7F1CEE0C702C</cim:IdentifiedObject.mRID>
  <cim:IdentifiedObject.name>BaseV_12.4700</cim:IdentifiedObject.name>
  <cim:BaseVoltage.nominalVoltage>12470</cim:BaseVoltage.nominalVoltage>
</cim:BaseVoltage>
<cim:OperationalLimitSet rdf:ID="_A2731817-C867-491B-8249-B2084E203A11">
  <cim:IdentifiedObject.mRID>_A2731817-C867-491B-8249-B2084E203A11</cim:IdentifiedObject.mRID>
  <cim:IdentifiedObject.name>OpLimV_12.4700</cim:IdentifiedObject.name>
</cim:OperationalLimitSet>
<cim:VoltageLimit rdf:ID="_E89AE74A-844D-4D99-A203-CE08B21D8F5B">
  <cim:IdentifiedObject.mRID>_E89AE74A-844D-4D99-A203-CE08B21D8F5B</cim:IdentifiedObject.mRID>
  <cim:IdentifiedObject.name>OpLimV_12.4700_RangeAHi</cim:IdentifiedObject.name>
  <cim:OperationalLimit.OperationalLimitSet rdf:resource="#_A2731817-C867-491B-8249-B2084E203A11"/>
  <cim:OperationalLimit.OperationalLimitType rdf:resource="#_040098CD-D630-4292-A041-6584E6B436B0"/>
  <cim:VoltageLimit.value>13093.5</cim:VoltageLimit.value>
</cim:VoltageLimit>
<cim:VoltageLimit rdf:ID="_3E6F9BE3-8DAC-4395-94CB-68B4D5C145E5">
  <cim:IdentifiedObject.mRID>_3E6F9BE3-8DAC-4395-94CB-68B4D5C145E5</cim:IdentifiedObject.mRID>
  <cim:IdentifiedObject.name>OpLimV_12.4700_RangeALo</cim:IdentifiedObject.name>
  <cim:OperationalLimit.OperationalLimitSet rdf:resource="#_A2731817-C867-491B-8249-B2084E203A11"/>
  <cim:OperationalLimit.OperationalLimitType rdf:resource="#_124231AA-AC2B-4A3C-BD00-FC44225776FC"/>
  <cim:VoltageLimit.value>11846.5</cim:VoltageLimit.value>
</cim:VoltageLimit>
<cim:VoltageLimit rdf:ID="_0B6EADD1-B6B5-4617-BD3C-11F92D4F4156">
  <cim:IdentifiedObject.mRID>_0B6EADD1-B6B5-4617-BD3C-11F92D4F4156</cim:IdentifiedObject.mRID>
  <cim:IdentifiedObject.name>OpLimV_12.4700_RangeBHi</cim:IdentifiedObject.name>
  <cim:OperationalLimit.OperationalLimitSet rdf:resource="#_A2731817-C867-491B-8249-B2084E203A11"/>
  <cim:OperationalLimit.OperationalLimitType rdf:resource="#_3246C2F4-A16E-44DD-BED9-98DCDA148279"/>
  <cim:VoltageLimit.value>13197.416</cim:VoltageLimit.value>
</cim:VoltageLimit>
<cim:VoltageLimit rdf:ID="_E48CDC18-FC33-48D7-BD5D-CB11306CB19A">
  <cim:IdentifiedObject.mRID>_E48CDC18-FC33-48D7-BD5D-CB11306CB19A</cim:IdentifiedObject.mRID>
  <cim:IdentifiedObject.name>OpLimV_12.4700_RangeBLo</cim:IdentifiedObject.name>
  <cim:OperationalLimit.OperationalLimitSet rdf:resource="#_A2731817-C867-491B-8249-B2084E203A11"/>
  <cim:OperationalLimit.OperationalLimitType rdf:resource="#_430FD275-ED6B-4ADA-AD54-C45A61E2331E"/>
  <cim:VoltageLimit.value>11430.834</cim:VoltageLimit.value>
</cim:VoltageLimit>
<cim:BaseVoltage rdf:ID="_4EF5EFD6-3FEE-4223-B341-2E7A16BABDF5">
  <cim:IdentifiedObject.mRID>_4EF5EFD6-3FEE-4223-B341-2E7A16BABDF5</cim:IdentifiedObject.mRID>
  <cim:IdentifiedObject.name>BaseV_4.1600</cim:IdentifiedObject.name>
  <cim:BaseVoltage.nominalVoltage>4160</cim:BaseVoltage.nominalVoltage>
</cim:BaseVoltage>
<cim:OperationalLimitSet rdf:ID="_D0D9DDDA-55EF-4210-A048-8623D39615BE">
  <cim:IdentifiedObject.mRID>_D0D9DDDA-55EF-4210-A048-8623D39615BE</cim:IdentifiedObject.mRID>
  <cim:IdentifiedObject.name>OpLimV_4.1600</cim:IdentifiedObject.name>
</cim:OperationalLimitSet>
<cim:VoltageLimit rdf:ID="_3D36DC60-C4E0-44EF-BF54-74BD9E2F8769">
  <cim:IdentifiedObject.mRID>_3D36DC60-C4E0-44EF-BF54-74BD9E2F8769</cim:IdentifiedObject.mRID>
  <cim:IdentifiedObject.name>OpLimV_4.1600_RangeAHi</cim:IdentifiedObject.name>
  <cim:OperationalLimit.OperationalLimitSet rdf:resource="#_D0D9DDDA-55EF-4210-A048-8623D39615BE"/>
  <cim:OperationalLimit.OperationalLimitType rdf:resource="#_040098CD-D630-4292-A041-6584E6B436B0"/>
  <cim:VoltageLimit.value>4368</cim:VoltageLimit.value>
</cim:VoltageLimit>
<cim:VoltageLimit rdf:ID="_32585220-6A33-40A7-8AC8-C74B7AF1B968">
  <cim:IdentifiedObject.mRID>_32585220-6A33-40A7-8AC8-C74B7AF1B968</cim:IdentifiedObject.mRID>
  <cim:IdentifiedObject.name>OpLimV_4.1600_RangeALo</cim:IdentifiedObject.name>
  <cim:OperationalLimit.OperationalLimitSet rdf:resource="#_D0D9DDDA-55EF-4210-A048-8623D39615BE"/>
  <cim:OperationalLimit.OperationalLimitType rdf:resource="#_124231AA-AC2B-4A3C-BD00-FC44225776FC"/>
  <cim:VoltageLimit.value>3952</cim:VoltageLimit.value>
</cim:VoltageLimit>
<cim:VoltageLimit rdf:ID="_09D3EE25-E9D0-4711-BFCD-2CFB210CB2D9">
  <cim:IdentifiedObject.mRID>_09D3EE25-E9D0-4711-BFCD-2CFB210CB2D9</cim:IdentifiedObject.mRID>
  <cim:IdentifiedObject.name>OpLimV_4.1600_RangeBHi</cim:IdentifiedObject.name>
  <cim:OperationalLimit.OperationalLimitSet rdf:resource="#_D0D9DDDA-55EF-4210-A048-8623D39615BE"/>
  <cim:OperationalLimit.OperationalLimitType rdf:resource="#_3246C2F4-A16E-44DD-BED9-98DCDA148279"/>
  <cim:VoltageLimit.value>4402.6665</cim:VoltageLimit.value>
</cim:VoltageLimit>
<cim:VoltageLimit rdf:ID="_B4C9B332-A222-49D5-858D-9A0D6907E2DD">
  <cim:IdentifiedObject.mRID>_B4C9B332-A222-49D5-858D-9A0D6907E2DD</cim:IdentifiedObject.mRID>
  <cim:IdentifiedObject.name>OpLimV_4.1600_RangeBLo</cim:IdentifiedObject.name>
  <cim:OperationalLimit.OperationalLimitSet rdf:resource="#_D0D9DDDA-55EF-4210-A048-8623D39615BE"/>
  <cim:OperationalLimit.OperationalLimitType rdf:resource="#_430FD275-ED6B-4ADA-AD54-C45A61E2331E"/>
  <cim:VoltageLimit.value>3813.3335</cim:VoltageLimit.value>
</cim:VoltageLimit>
<cim:TopologicalNode rdf:ID="_9842C3AC-5895-4EB1-82C6-897678ED2CC1">
  <cim:IdentifiedObject.mRID>_9842C3AC-5895-4EB1-82C6-897678ED2CC1</cim:IdentifiedObject.mRID>
  <cim:IdentifiedObject.name>sourcebus</cim:IdentifiedObject.name>
  <cim:TopologicalNode.TopologicalIsland rdf:resource="#_0E1D8970-A2A5-4398-AA33-BFF001D25B16"/>
</cim:TopologicalNode>
<cim:ConnectivityNode rdf:ID="_7A81789A-2026-45ED-8DBC-7E1E360665A6">
  <cim:IdentifiedObject.mRID>_7A81789A-2026-45ED-8DBC-7E1E360665A6</cim:IdentifiedObject.mRID>
  <cim:IdentifiedObject.name>sourcebus</cim:IdentifiedObject.name>
  <cim:ConnectivityNode.TopologicalNode rdf:resource="#_9842C3AC-5895-4EB1-82C6-897678ED2CC1"/>
  <cim:ConnectivityNode.OperationalLimitSet rdf:resource="#_A2731817-C867-491B-8249-B2084E203A11"/>
  <cim:ConnectivityNode.ConnectivityNodeContainer rdf:resource="#_161B1872-2B5C-4CBF-9ED0-7193495CBE79"/>
</cim:ConnectivityNode>
<cim:TopologicalNode rdf:ID="_7B2D2D9D-9184-45B8-A107-BB6E9D09DB4C">
  <cim:IdentifiedObject.mRID>_7B2D2D9D-9184-45B8-A107-BB6E9D09DB4C</cim:IdentifiedObject.mRID>
  <cim:IdentifiedObject.name>n2</cim:IdentifiedObject.name>
  <cim:TopologicalNode.TopologicalIsland rdf:resource="#_0E1D8970-A2A5-4398-AA33-BFF001D25B16"/>
</cim:TopologicalNode>
<cim:ConnectivityNode rdf:ID="_1295706B-93F9-45A2-A43F-2D5A9A07D24F">
  <cim:IdentifiedObject.mRID>_1295706B-93F9-45A2-A43F-2D5A9A07D24F</cim:IdentifiedObject.mRID>
  <cim:IdentifiedObject.name>n2</cim:IdentifiedObject.name>
  <cim:ConnectivityNode.TopologicalNode rdf:resource="#_7B2D2D9D-9184-45B8-A107-BB6E9D09DB4C"/>
  <cim:ConnectivityNode.OperationalLimitSet rdf:resource="#_A2731817-C867-491B-8249-B2084E203A11"/>
  <cim:ConnectivityNode.ConnectivityNodeContainer rdf:resource="#_161B1872-2B5C-4CBF-9ED0-7193495CBE79"/>
</cim:ConnectivityNode>
<cim:TopologicalNode rdf:ID="_40EDFD5B-2ECB-465C-8D0D-17DF7890EAF6">
  <cim:IdentifiedObject.mRID>_40EDFD5B-2ECB-465C-8D0D-17DF7890EAF6</cim:IdentifiedObject.mRID>
  <cim:IdentifiedObject.name>n3</cim:IdentifiedObject.name>
  <cim:TopologicalNode.TopologicalIsland rdf:resource="#_0E1D8970-A2A5-4398-AA33-BFF001D25B16"/>
</cim:TopologicalNode>
<cim:ConnectivityNode rdf:ID="_3988F53F-50DB-478C-BAEF-5A11A64E162D">
  <cim:IdentifiedObject.mRID>_3988F53F-50DB-478C-BAEF-5A11A64E162D</cim:IdentifiedObject.mRID>
  <cim:IdentifiedObject.name>n3</cim:IdentifiedObject.name>
  <cim:ConnectivityNode.TopologicalNode rdf:resource="#_40EDFD5B-2ECB-465C-8D0D-17DF7890EAF6"/>
  <cim:ConnectivityNode.OperationalLimitSet rdf:resource="#_D0D9DDDA-55EF-4210-A048-8623D39615BE"/>
  <cim:ConnectivityNode.ConnectivityNodeContainer rdf:resource="#_161B1872-2B5C-4CBF-9ED0-7193495CBE79"/>
</cim:ConnectivityNode>
<cim:TopologicalNode rdf:ID="_46EE707A-1A71-4894-992F-FCA08C77EDEB">
  <cim:IdentifiedObject.mRID>_46EE707A-1A71-4894-992F-FCA08C77EDEB</cim:IdentifiedObject.mRID>
  <cim:IdentifiedObject.name>n4</cim:IdentifiedObject.name>
  <cim:TopologicalNode.TopologicalIsland rdf:resource="#_0E1D8970-A2A5-4398-AA33-BFF001D25B16"/>
</cim:TopologicalNode>
<cim:ConnectivityNode rdf:ID="_715EC853-0313-4B2B-8F65-D7C7383D03C0">
  <cim:IdentifiedObject.mRID>_715EC853-0313-4B2B-8F65-D7C7383D03C0</cim:IdentifiedObject.mRID>
  <cim:IdentifiedObject.name>n4</cim:IdentifiedObject.name>
  <cim:ConnectivityNode.TopologicalNode rdf:resource="#_46EE707A-1A71-4894-992F-FCA08C77EDEB"/>
  <cim:ConnectivityNode.OperationalLimitSet rdf:resource="#_D0D9DDDA-55EF-4210-A048-8623D39615BE"/>
  <cim:ConnectivityNode.ConnectivityNodeContainer rdf:resource="#_161B1872-2B5C-4CBF-9ED0-7193495CBE79"/>
</cim:ConnectivityNode>
<cim:TopologicalIsland rdf:ID="_0E1D8970-A2A5-4398-AA33-BFF001D25B16">
  <cim:IdentifiedObject.mRID>_0E1D8970-A2A5-4398-AA33-BFF001D25B16</cim:IdentifiedObject.mRID>
  <cim:IdentifiedObject.name>yybal_Island</cim:IdentifiedObject.name>
  <cim:TopologicalIsland.AngleRefTopologicalNode rdf:resource="#_9842C3AC-5895-4EB1-82C6-897678ED2CC1"/>
</cim:TopologicalIsland>
<cim:EnergySource rdf:ID="_BB36C003-18CB-4318-971B-5F4F542E964D">
  <cim:IdentifiedObject.mRID>_BB36C003-18CB-4318-971B-5F4F542E964D</cim:IdentifiedObject.mRID>
  <cim:IdentifiedObject.name>source</cim:IdentifiedObject.name>
  <cim:Equipment.EquipmentContainer rdf:resource="#_161B1872-2B5C-4CBF-9ED0-7193495CBE79"/>
  <cim:ConductingEquipment.BaseVoltage rdf:resource="#_DD13A9D7-FDC3-4DE6-BB09-7F1CEE0C702C"/>
  <cim:EnergySource.nominalVoltage>12470</cim:EnergySource.nominalVoltage>
  <cim:EnergySource.voltageMagnitude>12470</cim:EnergySource.voltageMagnitude>
  <cim:EnergySource.voltageAngle>0</cim:EnergySource.voltageAngle>
  <cim:EnergySource.r>0.00018857254</cim:EnergySource.r>
  <cim:EnergySource.x>0.00075429016</cim:EnergySource.x>
  <cim:EnergySource.r0>0.00024635211</cim:EnergySource.r0>
  <cim:EnergySource.x0>0.00073905633</cim:EnergySource.x0>
  <cim:PowerSystemResource.Location rdf:resource="#_F42FE385-7427-4CC5-A75C-BEEE3966A533"/>
</cim:EnergySource>
<cim:Terminal rdf:ID="_F2559F51-4D01-479F-AC9C-DF3101A9D5A1">
  <cim:IdentifiedObject.mRID>_F2559F51-4D01-479F-AC9C-DF3101A9D5A1</cim:IdentifiedObject.mRID>
  <cim:IdentifiedObject.name>source_T1</cim:IdentifiedObject.name>
  <cim:Terminal.ConductingEquipment rdf:resource="#_BB36C003-18CB-4318-971B-5F4F542E964D"/>
  <cim:ACDCTerminal.sequenceNumber>1</cim:ACDCTerminal.sequenceNumber>
  <cim:Terminal.ConnectivityNode rdf:resource="#_7A81789A-2026-45ED-8DBC-7E1E360665A6"/>
</cim:Terminal>
<cim:Location rdf:ID="_F42FE385-7427-4CC5-A75C-BEEE3966A533">
  <cim:IdentifiedObject.mRID>_F42FE385-7427-4CC5-A75C-BEEE3966A533</cim:IdentifiedObject.mRID>
  <cim:IdentifiedObject.name>source_Loc</cim:IdentifiedObject.name>
  <cim:Location.CoordinateSystem rdf:resource="#_3BA3F5F1-B216-420B-9EC8-366133AB3505"/>
</cim:Location>
<cim:PositionPoint rdf:ID="_55719DC3-2B62-4DF2-9DD6-43DE805632BD">
  <cim:PositionPoint.Location rdf:resource="#_F42FE385-7427-4CC5-A75C-BEEE3966A533"/>
  <cim:PositionPoint.sequenceNumber>1</cim:PositionPoint.sequenceNumber>
  <cim:PositionPoint.xPosition>0</cim:PositionPoint.xPosition>
  <cim:PositionPoint.yPosition>0</cim:PositionPoint.yPosition>
</cim:PositionPoint>
<cim:Location rdf:ID="_492D3616-D161-422E-B489-ED83503BCC47">
  <cim:IdentifiedObject.mRID>_492D3616-D161-422E-B489-ED83503BCC47</cim:IdentifiedObject.mRID>
  <cim:IdentifiedObject.name>t1_Loc</cim:IdentifiedObject.name>
  <cim:Location.CoordinateSystem rdf:resource="#_3BA3F5F1-B216-420B-9EC8-366133AB3505"/>
</cim:Location>
<cim:PositionPoint rdf:ID="_E7B97118-5D33-4907-9885-A5B6C66A4412">
  <cim:PositionPoint.Location rdf:resource="#_492D3616-D161-422E-B489-ED83503BCC47"/>
  <cim:PositionPoint.sequenceNumber>1</cim:PositionPoint.sequenceNumber>
  <cim:PositionPoint.xPosition>0</cim:PositionPoint.xPosition>
  <cim:PositionPoint.yPosition>0</cim:PositionPoint.yPosition>
</cim:PositionPoint>
<cim:PositionPoint rdf:ID="_B8813CDE-B31D-47DF-AE0D-553B139392C0">
  <cim:PositionPoint.Location rdf:resource="#_492D3616-D161-422E-B489-ED83503BCC47"/>
  <cim:PositionPoint.sequenceNumber>2</cim:PositionPoint.sequenceNumber>
  <cim:PositionPoint.xPosition>0</cim:PositionPoint.xPosition>
  <cim:PositionPoint.yPosition>0</cim:PositionPoint.yPosition>
</cim:PositionPoint>
<cim:TransformerCoreAdmittance rdf:ID="_8E1B3C45-46C8-4EA1-95D3-B52DAB0ECB5D">
  <cim:IdentifiedObject.mRID>_8E1B3C45-46C8-4EA1-95D3-B52DAB0ECB5D</cim:IdentifiedObject.mRID>
  <cim:IdentifiedObject.name>t1_Yc</cim:IdentifiedObject.name>
  <cim:TransformerCoreAdmittance.g>0</cim:TransformerCoreAdmittance.g>
  <cim:TransformerCoreAdmittance.g0>0</cim:TransformerCoreAdmittance.g0>
  <cim:TransformerCoreAdmittance.b>0</cim:TransformerCoreAdmittance.b>
  <cim:TransformerCoreAdmittance.b0>0</cim:TransformerCoreAdmittance.b0>
  <cim:TransformerCoreAdmittance.TransformerEnd rdf:resource="#_1333D24A-E6C2-42A7-864C-63CAC2245AC8"/>
</cim:TransformerCoreAdmittance>
<cim:TransformerMeshImpedance rdf:ID="_8BD9CBED-2D78-4200-A13B-4E58BE6672AD">
  <cim:IdentifiedObject.mRID>_8BD9CBED-2D78-4200-A13B-4E58BE6672AD</cim:IdentifiedObject.mRID>
  <cim:IdentifiedObject.name>t1_Zsc_1</cim:IdentifiedObject.name>
  <cim:TransformerMeshImpedance.r>0.25916817</cim:TransformerMeshImpedance.r>
  <cim:TransformerMeshImpedance.r0>0.25916817</cim:TransformerMeshImpedance.r0>
  <cim:TransformerMeshImpedance.x>1.555009</cim:TransformerMeshImpedance.x>
  <cim:TransformerMeshImpedance.x0>1.555009</cim:TransformerMeshImpedance.x0>
  <cim:TransformerMeshImpedance.FromTransformerEnd rdf:resource="#_1333D24A-E6C2-42A7-864C-63CAC2245AC8"/>
  <cim:TransformerMeshImpedance.ToTransformerEnd rdf:resource="#_795EFB20-2202-42FD-B0DE-9D2AA1B43AC1"/>
</cim:TransformerMeshImpedance>
<cim:PowerTransformerEnd rdf:ID="_1333D24A-E6C2-42A7-864C-63CAC2245AC8">
  <cim:IdentifiedObject.mRID>_1333D24A-E6C2-42A7-864C-63CAC2245AC8</cim:IdentifiedObject.mRID>
  <cim:IdentifiedObject.name>t1_End_1</cim:IdentifiedObject.name>
  <cim:PowerTransformerEnd.PowerTransformer rdf:resource="#_3CC3559B-5061-46D2-9225-2592B724BFE9"/>
  <cim:PowerTransformerEnd.ratedS>6000000</cim:PowerTransformerEnd.ratedS>
  <cim:PowerTransformerEnd.ratedU>12470</cim:PowerTransformerEnd.ratedU>
  <cim:PowerTransformerEnd.r>0.12958408</cim:PowerTransformerEnd.r>
  <cim:PowerTransformerEnd.connectionKind rdf:resource="http://iec.ch/TC57/CIM100#WindingConnection.Y"/>
  <cim:PowerTransformerEnd.phaseAngleClock>0</cim:PowerTransformerEnd.phaseAngleClock>
  <cim:TransformerEnd.grounded>true</cim:TransformerEnd.grounded>
  <cim:TransformerEnd.rground>0</cim:TransformerEnd.rground>
  <cim:TransformerEnd.xground>0</cim:TransformerEnd.xground>
  <cim:TransformerEnd.endNumber>1</cim:TransformerEnd.endNumber>
  <cim:TransformerEnd.Terminal rdf:resource="#_1196E5B0-A765-4F65-B07A-171FDACE55B0"/>
  <cim:TransformerEnd.BaseVoltage rdf:resource="#_DD13A9D7-FDC3-4DE6-BB09-7F1CEE0C702C"/>
</cim:PowerTransformerEnd>
<cim:Terminal rdf:ID="_1196E5B0-A765-4F65-B07A-171FDACE55B0">
  <cim:IdentifiedObject.mRID>_1196E5B0-A765-4F65-B07A-171FDACE55B0</cim:IdentifiedObject.mRID>
  <cim:IdentifiedObject.name>t1_T1</cim:IdentifiedObject.name>
  <cim:Terminal.ConductingEquipment rdf:resource="#_3CC3559B-5061-46D2-9225-2592B724BFE9"/>
  <cim:ACDCTerminal.sequenceNumber>1</cim:ACDCTerminal.sequenceNumber>
  <cim:Terminal.ConnectivityNode rdf:resource="#_1295706B-93F9-45A2-A43F-2D5A9A07D24F"/>
  <cim:ACDCTerminal.OperationalLimitSet rdf:resource="#_841B22F4-CB73-4DFF-B82A-D7224FDD3E78"/>
</cim:Terminal>
<cim:PowerTransformerEnd rdf:ID="_795EFB20-2202-42FD-B0DE-9D2AA1B43AC1">
  <cim:IdentifiedObject.mRID>_795EFB20-2202-42FD-B0DE-9D2AA1B43AC1</cim:IdentifiedObject.mRID>
  <cim:IdentifiedObject.name>t1_End_2</cim:IdentifiedObject.name>
  <cim:PowerTransformerEnd.PowerTransformer rdf:resource="#_3CC3559B-5061-46D2-9225-2592B724BFE9"/>
  <cim:PowerTransformerEnd.ratedS>6000000</cim:PowerTransformerEnd.ratedS>
  <cim:PowerTransformerEnd.ratedU>4160</cim:PowerTransformerEnd.ratedU>
  <cim:PowerTransformerEnd.r>0.014421333</cim:PowerTransformerEnd.r>
  <cim:PowerTransformerEnd.connectionKind rdf:resource="http://iec.ch/TC57/CIM100#WindingConnection.Y"/>
  <cim:PowerTransformerEnd.phaseAngleClock>0</cim:PowerTransformerEnd.phaseAngleClock>
  <cim:TransformerEnd.grounded>true</cim:TransformerEnd.grounded>
  <cim:TransformerEnd.rground>0</cim:TransformerEnd.rground>
  <cim:TransformerEnd.xground>0</cim:TransformerEnd.xground>
  <cim:TransformerEnd.endNumber>2</cim:TransformerEnd.endNumber>
  <cim:TransformerEnd.Terminal rdf:resource="#_661585E4-FBA9-4C93-A2D3-DBF7AD5923C9"/>
  <cim:TransformerEnd.BaseVoltage rdf:resource="#_4EF5EFD6-3FEE-4223-B341-2E7A16BABDF5"/>
</cim:PowerTransformerEnd>
<cim:Terminal rdf:ID="_661585E4-FBA9-4C93-A2D3-DBF7AD5923C9">
  <cim:IdentifiedObject.mRID>_661585E4-FBA9-4C93-A2D3-DBF7AD5923C9</cim:IdentifiedObject.mRID>
  <cim:IdentifiedObject.name>t1_T2</cim:IdentifiedObject.name>
  <cim:Terminal.ConductingEquipment rdf:resource="#_3CC3559B-5061-46D2-9225-2592B724BFE9"/>
  <cim:ACDCTerminal.sequenceNumber>2</cim:ACDCTerminal.sequenceNumber>
  <cim:Terminal.ConnectivityNode rdf:resource="#_3988F53F-50DB-478C-BAEF-5A11A64E162D"/>
</cim:Terminal>
<cim:PowerTransformer rdf:ID="_3CC3559B-5061-46D2-9225-2592B724BFE9">
  <cim:IdentifiedObject.mRID>_3CC3559B-5061-46D2-9225-2592B724BFE9</cim:IdentifiedObject.mRID>
  <cim:IdentifiedObject.name>t1</cim:IdentifiedObject.name>
  <cim:Equipment.EquipmentContainer rdf:resource="#_161B1872-2B5C-4CBF-9ED0-7193495CBE79"/>
  <cim:PowerTransformer.vectorGroup>Yy</cim:PowerTransformer.vectorGroup>
  <cim:PowerSystemResource.Location rdf:resource="#_492D3616-D161-422E-B489-ED83503BCC47"/>
</cim:PowerTransformer>
<cim:ACLineSegment rdf:ID="_7B12786E-8EC0-4BD0-904F-208142369C54">
  <cim:IdentifiedObject.mRID>_7B12786E-8EC0-4BD0-904F-208142369C54</cim:IdentifiedObject.mRID>
  <cim:IdentifiedObject.name>line1</cim:IdentifiedObject.name>
  <cim:Equipment.EquipmentContainer rdf:resource="#_161B1872-2B5C-4CBF-9ED0-7193495CBE79"/>
  <cim:ConductingEquipment.BaseVoltage rdf:resource="#_DD13A9D7-FDC3-4DE6-BB09-7F1CEE0C702C"/>
  <cim:Conductor.length>609.6</cim:Conductor.length>
  <cim:ACLineSegment.WireSpacingInfo rdf:resource="#_914A1536-6B50-4283-8631-A002E5776E84"/>
  <cim:PowerSystemResource.Location rdf:resource="#_7BDA0F22-D078-41E3-A0A7-DCFEC443129B"/>
</cim:ACLineSegment>
<cim:ACLineSegmentPhase rdf:ID="_54BE4461-00EE-417E-AB4D-9B2894228177">
  <cim:IdentifiedObject.mRID>_54BE4461-00EE-417E-AB4D-9B2894228177</cim:IdentifiedObject.mRID>
  <cim:IdentifiedObject.name>line1_A</cim:IdentifiedObject.name>
  <cim:ACLineSegmentPhase.phase rdf:resource="http://iec.ch/TC57/CIM100#SinglePhaseKind.A"/>
  <cim:ACLineSegmentPhase.sequenceNumber>1</cim:ACLineSegmentPhase.sequenceNumber>
  <cim:ACLineSegmentPhase.WireInfo rdf:resource="#_E5C9384A-1049-4004-A667-19FF1A4D1BF3"/>
  <cim:ACLineSegmentPhase.ACLineSegment rdf:resource="#_7B12786E-8EC0-4BD0-904F-208142369C54"/>
  <cim:PowerSystemResource.Location rdf:resource="#_7BDA0F22-D078-41E3-A0A7-DCFEC443129B"/>
</cim:ACLineSegmentPhase>
<cim:ACLineSegmentPhase rdf:ID="_46A6004E-E468-41F9-9CED-571ABFDD683E">
  <cim:IdentifiedObject.mRID>_46A6004E-E468-41F9-9CED-571ABFDD683E</cim:IdentifiedObject.mRID>
  <cim:IdentifiedObject.name>line1_B</cim:IdentifiedObject.name>
  <cim:ACLineSegmentPhase.phase rdf:resource="http://iec.ch/TC57/CIM100#SinglePhaseKind.B"/>
  <cim:ACLineSegmentPhase.sequenceNumber>2</cim:ACLineSegmentPhase.sequenceNumber>
  <cim:ACLineSegmentPhase.WireInfo rdf:resource="#_E5C9384A-1049-4004-A667-19FF1A4D1BF3"/>
  <cim:ACLineSegmentPhase.ACLineSegment rdf:resource="#_7B12786E-8EC0-4BD0-904F-208142369C54"/>
  <cim:PowerSystemResource.Location rdf:resource="#_7BDA0F22-D078-41E3-A0A7-DCFEC443129B"/>
</cim:ACLineSegmentPhase>
<cim:ACLineSegmentPhase rdf:ID="_7144FD16-20D7-48B6-9D49-6F51843F54C1">
  <cim:IdentifiedObject.mRID>_7144FD16-20D7-48B6-9D49-6F51843F54C1</cim:IdentifiedObject.mRID>
  <cim:IdentifiedObject.name>line1_C</cim:IdentifiedObject.name>
  <cim:ACLineSegmentPhase.phase rdf:resource="http://iec.ch/TC57/CIM100#SinglePhaseKind.C"/>
  <cim:ACLineSegmentPhase.sequenceNumber>3</cim:ACLineSegmentPhase.sequenceNumber>
  <cim:ACLineSegmentPhase.WireInfo rdf:resource="#_E5C9384A-1049-4004-A667-19FF1A4D1BF3"/>
  <cim:ACLineSegmentPhase.ACLineSegment rdf:resource="#_7B12786E-8EC0-4BD0-904F-208142369C54"/>
  <cim:PowerSystemResource.Location rdf:resource="#_7BDA0F22-D078-41E3-A0A7-DCFEC443129B"/>
</cim:ACLineSegmentPhase>
<cim:ACLineSegmentPhase rdf:ID="_93B99704-842B-4963-A04E-6C62E2C67D95">
  <cim:IdentifiedObject.mRID>_93B99704-842B-4963-A04E-6C62E2C67D95</cim:IdentifiedObject.mRID>
  <cim:IdentifiedObject.name>line1_N</cim:IdentifiedObject.name>
  <cim:ACLineSegmentPhase.phase rdf:resource="http://iec.ch/TC57/CIM100#SinglePhaseKind.N"/>
  <cim:ACLineSegmentPhase.sequenceNumber>4</cim:ACLineSegmentPhase.sequenceNumber>
  <cim:ACLineSegmentPhase.WireInfo rdf:resource="#_2D8A3323-85E3-4504-B16C-02BE41B9D045"/>
  <cim:ACLineSegmentPhase.ACLineSegment rdf:resource="#_7B12786E-8EC0-4BD0-904F-208142369C54"/>
  <cim:PowerSystemResource.Location rdf:resource="#_7BDA0F22-D078-41E3-A0A7-DCFEC443129B"/>
</cim:ACLineSegmentPhase>
<cim:Terminal rdf:ID="_C44C39AC-44FE-4D8B-BF64-B4864F8514BA">
  <cim:IdentifiedObject.mRID>_C44C39AC-44FE-4D8B-BF64-B4864F8514BA</cim:IdentifiedObject.mRID>
  <cim:IdentifiedObject.name>line1_T1</cim:IdentifiedObject.name>
  <cim:Terminal.ConductingEquipment rdf:resource="#_7B12786E-8EC0-4BD0-904F-208142369C54"/>
  <cim:ACDCTerminal.sequenceNumber>1</cim:ACDCTerminal.sequenceNumber>
  <cim:Terminal.ConnectivityNode rdf:resource="#_7A81789A-2026-45ED-8DBC-7E1E360665A6"/>
</cim:Terminal>
<cim:Terminal rdf:ID="_3FD53959-92B7-4DED-B572-86A039155139">
  <cim:IdentifiedObject.mRID>_3FD53959-92B7-4DED-B572-86A039155139</cim:IdentifiedObject.mRID>
  <cim:IdentifiedObject.name>line1_T2</cim:IdentifiedObject.name>
  <cim:Terminal.ConductingEquipment rdf:resource="#_7B12786E-8EC0-4BD0-904F-208142369C54"/>
  <cim:ACDCTerminal.sequenceNumber>2</cim:ACDCTerminal.sequenceNumber>
  <cim:Terminal.ConnectivityNode rdf:resource="#_1295706B-93F9-45A2-A43F-2D5A9A07D24F"/>
</cim:Terminal>
<cim:Location rdf:ID="_7BDA0F22-D078-41E3-A0A7-DCFEC443129B">
  <cim:IdentifiedObject.mRID>_7BDA0F22-D078-41E3-A0A7-DCFEC443129B</cim:IdentifiedObject.mRID>
  <cim:IdentifiedObject.name>line1_Loc</cim:IdentifiedObject.name>
  <cim:Location.CoordinateSystem rdf:resource="#_3BA3F5F1-B216-420B-9EC8-366133AB3505"/>
</cim:Location>
<cim:PositionPoint rdf:ID="_42680E03-BF0C-4839-8408-B16DE97514C5">
  <cim:PositionPoint.Location rdf:resource="#_7BDA0F22-D078-41E3-A0A7-DCFEC443129B"/>
  <cim:PositionPoint.sequenceNumber>1</cim:PositionPoint.sequenceNumber>
  <cim:PositionPoint.xPosition>0</cim:PositionPoint.xPosition>
  <cim:PositionPoint.yPosition>0</cim:PositionPoint.yPosition>
</cim:PositionPoint>
<cim:PositionPoint rdf:ID="_21193707-0B1E-4F80-8C32-EDC01EB4726F">
  <cim:PositionPoint.Location rdf:resource="#_7BDA0F22-D078-41E3-A0A7-DCFEC443129B"/>
  <cim:PositionPoint.sequenceNumber>2</cim:PositionPoint.sequenceNumber>
  <cim:PositionPoint.xPosition>0</cim:PositionPoint.xPosition>
  <cim:PositionPoint.yPosition>0</cim:PositionPoint.yPosition>
</cim:PositionPoint>
<cim:ACLineSegment rdf:ID="_0CC03F25-357C-4653-A9AB-3760AF63F348">
  <cim:IdentifiedObject.mRID>_0CC03F25-357C-4653-A9AB-3760AF63F348</cim:IdentifiedObject.mRID>
  <cim:IdentifiedObject.name>line2</cim:IdentifiedObject.name>
  <cim:Equipment.EquipmentContainer rdf:resource="#_161B1872-2B5C-4CBF-9ED0-7193495CBE79"/>
  <cim:ConductingEquipment.BaseVoltage rdf:resource="#_4EF5EFD6-3FEE-4223-B341-2E7A16BABDF5"/>
  <cim:Conductor.length>762</cim:Conductor.length>
  <cim:ACLineSegment.WireSpacingInfo rdf:resource="#_914A1536-6B50-4283-8631-A002E5776E84"/>
  <cim:PowerSystemResource.Location rdf:resource="#_7C82F778-D700-4E04-B047-E1A599B905F4"/>
</cim:ACLineSegment>
<cim:ACLineSegmentPhase rdf:ID="_5BEDE7F3-2AAE-4E5E-9657-2413357FA48E">
  <cim:IdentifiedObject.mRID>_5BEDE7F3-2AAE-4E5E-9657-2413357FA48E</cim:IdentifiedObject.mRID>
  <cim:IdentifiedObject.name>line2_A</cim:IdentifiedObject.name>
  <cim:ACLineSegmentPhase.phase rdf:resource="http://iec.ch/TC57/CIM100#SinglePhaseKind.A"/>
  <cim:ACLineSegmentPhase.sequenceNumber>1</cim:ACLineSegmentPhase.sequenceNumber>
  <cim:ACLineSegmentPhase.WireInfo rdf:resource="#_E5C9384A-1049-4004-A667-19FF1A4D1BF3"/>
  <cim:ACLineSegmentPhase.ACLineSegment rdf:resource="#_0CC03F25-357C-4653-A9AB-3760AF63F348"/>
  <cim:PowerSystemResource.Location rdf:resource="#_7C82F778-D700-4E04-B047-E1A599B905F4"/>
</cim:ACLineSegmentPhase>
<cim:ACLineSegmentPhase rdf:ID="_CAAFA0A3-16C7-4C87-84FE-1DCF03ED7F86">
  <cim:IdentifiedObject.mRID>_CAAFA0A3-16C7-4C87-84FE-1DCF03ED7F86</cim:IdentifiedObject.mRID>
  <cim:IdentifiedObject.name>line2_B</cim:IdentifiedObject.name>
  <cim:ACLineSegmentPhase.phase rdf:resource="http://iec.ch/TC57/CIM100#SinglePhaseKind.B"/>
  <cim:ACLineSegmentPhase.sequenceNumber>2</cim:ACLineSegmentPhase.sequenceNumber>
  <cim:ACLineSegmentPhase.WireInfo rdf:resource="#_E5C9384A-1049-4004-A667-19FF1A4D1BF3"/>
  <cim:ACLineSegmentPhase.ACLineSegment rdf:resource="#_0CC03F25-357C-4653-A9AB-3760AF63F348"/>
  <cim:PowerSystemResource.Location rdf:resource="#_7C82F778-D700-4E04-B047-E1A599B905F4"/>
</cim:ACLineSegmentPhase>
<cim:ACLineSegmentPhase rdf:ID="_5EB5DB12-7923-49FE-B22E-5F9E73D74D5F">
  <cim:IdentifiedObject.mRID>_5EB5DB12-7923-49FE-B22E-5F9E73D74D5F</cim:IdentifiedObject.mRID>
  <cim:IdentifiedObject.name>line2_C</cim:IdentifiedObject.name>
  <cim:ACLineSegmentPhase.phase rdf:resource="http://iec.ch/TC57/CIM100#SinglePhaseKind.C"/>
  <cim:ACLineSegmentPhase.sequenceNumber>3</cim:ACLineSegmentPhase.sequenceNumber>
  <cim:ACLineSegmentPhase.WireInfo rdf:resource="#_E5C9384A-1049-4004-A667-19FF1A4D1BF3"/>
  <cim:ACLineSegmentPhase.ACLineSegment rdf:resource="#_0CC03F25-357C-4653-A9AB-3760AF63F348"/>
  <cim:PowerSystemResource.Location rdf:resource="#_7C82F778-D700-4E04-B047-E1A599B905F4"/>
</cim:ACLineSegmentPhase>
<cim:ACLineSegmentPhase rdf:ID="_D34C725B-62AD-4AC5-9905-A3C997CC9548">
  <cim:IdentifiedObject.mRID>_D34C725B-62AD-4AC5-9905-A3C997CC9548</cim:IdentifiedObject.mRID>
  <cim:IdentifiedObject.name>line2_N</cim:IdentifiedObject.name>
  <cim:ACLineSegmentPhase.phase rdf:resource="http://iec.ch/TC57/CIM100#SinglePhaseKind.N"/>
  <cim:ACLineSegmentPhase.sequenceNumber>4</cim:ACLineSegmentPhase.sequenceNumber>
  <cim:ACLineSegmentPhase.WireInfo rdf:resource="#_2D8A3323-85E3-4504-B16C-02BE41B9D045"/>
  <cim:ACLineSegmentPhase.ACLineSegment rdf:resource="#_0CC03F25-357C-4653-A9AB-3760AF63F348"/>
  <cim:PowerSystemResource.Location rdf:resource="#_7C82F778-D700-4E04-B047-E1A599B905F4"/>
</cim:ACLineSegmentPhase>
<cim:Terminal rdf:ID="_97EE9CCD-96E5-468F-8B09-3F7702EBA634">
  <cim:IdentifiedObject.mRID>_97EE9CCD-96E5-468F-8B09-3F7702EBA634</cim:IdentifiedObject.mRID>
  <cim:IdentifiedObject.name>line2_T1</cim:IdentifiedObject.name>
  <cim:Terminal.ConductingEquipment rdf:resource="#_0CC03F25-357C-4653-A9AB-3760AF63F348"/>
  <cim:ACDCTerminal.sequenceNumber>1</cim:ACDCTerminal.sequenceNumber>
  <cim:Terminal.ConnectivityNode rdf:resource="#_3988F53F-50DB-478C-BAEF-5A11A64E162D"/>
</cim:Terminal>
<cim:Terminal rdf:ID="_B1CE995B-AC16-434C-90EA-28D6799553F2">
  <cim:IdentifiedObject.mRID>_B1CE995B-AC16-434C-90EA-28D6799553F2</cim:IdentifiedObject.mRID>
  <cim:IdentifiedObject.name>line2_T2</cim:IdentifiedObject.name>
  <cim:Terminal.ConductingEquipment rdf:resource="#_0CC03F25-357C-4653-A9AB-3760AF63F348"/>
  <cim:ACDCTerminal.sequenceNumber>2</cim:ACDCTerminal.sequenceNumber>
  <cim:Terminal.ConnectivityNode rdf:resource="#_715EC853-0313-4B2B-8F65-D7C7383D03C0"/>
</cim:Terminal>
<cim:Location rdf:ID="_7C82F778-D700-4E04-B047-E1A599B905F4">
  <cim:IdentifiedObject.mRID>_7C82F778-D700-4E04-B047-E1A599B905F4</cim:IdentifiedObject.mRID>
  <cim:IdentifiedObject.name>line2_Loc</cim:IdentifiedObject.name>
  <cim:Location.CoordinateSystem rdf:resource="#_3BA3F5F1-B216-420B-9EC8-366133AB3505"/>
</cim:Location>
<cim:PositionPoint rdf:ID="_6AF18704-96A0-4009-970F-D51221263341">
  <cim:PositionPoint.Location rdf:resource="#_7C82F778-D700-4E04-B047-E1A599B905F4"/>
  <cim:PositionPoint.sequenceNumber>1</cim:PositionPoint.sequenceNumber>
  <cim:PositionPoint.xPosition>0</cim:PositionPoint.xPosition>
  <cim:PositionPoint.yPosition>0</cim:PositionPoint.yPosition>
</cim:PositionPoint>
<cim:PositionPoint rdf:ID="_AC76964D-8536-4E03-884B-7435029AF15E">
  <cim:PositionPoint.Location rdf:resource="#_7C82F778-D700-4E04-B047-E1A599B905F4"/>
  <cim:PositionPoint.sequenceNumber>2</cim:PositionPoint.sequenceNumber>
  <cim:PositionPoint.xPosition>0</cim:PositionPoint.xPosition>
  <cim:PositionPoint.yPosition>0</cim:PositionPoint.yPosition>
</cim:PositionPoint>
<cim:LoadResponseCharacteristic rdf:ID="_181EC8D8-1CEC-48A4-BB3B-84C206111D73">
  <cim:IdentifiedObject.mRID>_181EC8D8-1CEC-48A4-BB3B-84C206111D73</cim:IdentifiedObject.mRID>
  <cim:IdentifiedObject.name>Constant kVA</cim:IdentifiedObject.name>
  <cim:LoadResponseCharacteristic.exponentModel>false</cim:LoadResponseCharacteristic.exponentModel>
  <cim:LoadResponseCharacteristic.pConstantImpedance>0</cim:LoadResponseCharacteristic.pConstantImpedance>
  <cim:LoadResponseCharacteristic.pConstantCurrent>0</cim:LoadResponseCharacteristic.pConstantCurrent>
  <cim:LoadResponseCharacteristic.pConstantPower>100</cim:LoadResponseCharacteristic.pConstantPower>
  <cim:LoadResponseCharacteristic.qConstantImpedance>0</cim:LoadResponseCharacteristic.qConstantImpedance>
  <cim:LoadResponseCharacteristic.qConstantCurrent>0</cim:LoadResponseCharacteristic.qConstantCurrent>
  <cim:LoadResponseCharacteristic.qConstantPower>100</cim:LoadResponseCharacteristic.qConstantPower>
  <cim:LoadResponseCharacteristic.pVoltageExponent>0</cim:LoadResponseCharacteristic.pVoltageExponent>
  <cim:LoadResponseCharacteristic.qVoltageExponent>0</cim:LoadResponseCharacteristic.qVoltageExponent>
  <cim:LoadResponseCharacteristic.pFrequencyExponent>0</cim:LoadResponseCharacteristic.pFrequencyExponent>
  <cim:LoadResponseCharacteristic.qFrequencyExponent>0</cim:LoadResponseCharacteristic.qFrequencyExponent>
</cim:LoadResponseCharacteristic>
<cim:LoadResponseCharacteristic rdf:ID="_484B7F7C-C070-4DD8-B435-4DDE55298225">
  <cim:IdentifiedObject.mRID>_484B7F7C-C070-4DD8-B435-4DDE55298225</cim:IdentifiedObject.mRID>
  <cim:IdentifiedObject.name>Constant Z</cim:IdentifiedObject.name>
  <cim:LoadResponseCharacteristic.exponentModel>false</cim:LoadResponseCharacteristic.exponentModel>
  <cim:LoadResponseCharacteristic.pConstantImpedance>100</cim:LoadResponseCharacteristic.pConstantImpedance>
  <cim:LoadResponseCharacteristic.pConstantCurrent>0</cim:LoadResponseCharacteristic.pConstantCurrent>
  <cim:LoadResponseCharacteristic.pConstantPower>0</cim:LoadResponseCharacteristic.pConstantPower>
  <cim:LoadResponseCharacteristic.qConstantImpedance>100</cim:LoadResponseCharacteristic.qConstantImpedance>
  <cim:LoadResponseCharacteristic.qConstantCurrent>0</cim:LoadResponseCharacteristic.qConstantCurrent>
  <cim:LoadResponseCharacteristic.qConstantPower>0</cim:LoadResponseCharacteristic.qConstantPower>
  <cim:LoadResponseCharacteristic.pVoltageExponent>0</cim:LoadResponseCharacteristic.pVoltageExponent>
  <cim:LoadResponseCharacteristic.qVoltageExponent>0</cim:LoadResponseCharacteristic.qVoltageExponent>
  <cim:LoadResponseCharacteristic.pFrequencyExponent>0</cim:LoadResponseCharacteristic.pFrequencyExponent>
  <cim:LoadResponseCharacteristic.qFrequencyExponent>0</cim:LoadResponseCharacteristic.qFrequencyExponent>
</cim:LoadResponseCharacteristic>
<cim:LoadResponseCharacteristic rdf:ID="_32852F3C-F16A-42A2-AE54-063C4B0CB2BA">
  <cim:IdentifiedObject.mRID>_32852F3C-F16A-42A2-AE54-063C4B0CB2BA</cim:IdentifiedObject.mRID>
  <cim:IdentifiedObject.name>Motor</cim:IdentifiedObject.name>
  <cim:LoadResponseCharacteristic.exponentModel>false</cim:LoadResponseCharacteristic.exponentModel>
  <cim:LoadResponseCharacteristic.pConstantImpedance>0</cim:LoadResponseCharacteristic.pConstantImpedance>
  <cim:LoadResponseCharacteristic.pConstantCurrent>0</cim:LoadResponseCharacteristic.pConstantCurrent>
  <cim:LoadResponseCharacteristic.pConstantPower>100</cim:LoadResponseCharacteristic.pConstantPower>
  <cim:LoadResponseCharacteristic.qConstantImpedance>100</cim:LoadResponseCharacteristic.qConstantImpedance>
  <cim:LoadResponseCharacteristic.qConstantCurrent>0</cim:LoadResponseCharacteristic.qConstantCurrent>
  <cim:LoadResponseCharacteristic.qConstantPower>0</cim:LoadResponseCharacteristic.qConstantPower>
  <cim:LoadResponseCharacteristic.pVoltageExponent>0</cim:LoadResponseCharacteristic.pVoltageExponent>
  <cim:LoadResponseCharacteristic.qVoltageExponent>0</cim:LoadResponseCharacteristic.qVoltageExponent>
  <cim:LoadResponseCharacteristic.pFrequencyExponent>0</cim:LoadResponseCharacteristic.pFrequencyExponent>
  <cim:LoadResponseCharacteristic.qFrequencyExponent>0</cim:LoadResponseCharacteristic.qFrequencyExponent>
</cim:LoadResponseCharacteristic>
<cim:LoadResponseCharacteristic rdf:ID="_10FF4C33-CD4F-4964-8AB9-D6061B094AD2">
  <cim:IdentifiedObject.mRID>_10FF4C33-CD4F-4964-8AB9-D6061B094AD2</cim:IdentifiedObject.mRID>
  <cim:IdentifiedObject.name>Mix Motor/Res</cim:IdentifiedObject.name>
  <cim:LoadResponseCharacteristic.exponentModel>true</cim:LoadResponseCharacteristic.exponentModel>
  <cim:LoadResponseCharacteristic.pConstantImpedance>0</cim:LoadResponseCharacteristic.pConstantImpedance>
  <cim:LoadResponseCharacteristic.pConstantCurrent>0</cim:LoadResponseCharacteristic.pConstantCurrent>
  <cim:LoadResponseCharacteristic.pConstantPower>0</cim:LoadResponseCharacteristic.pConstantPower>
  <cim:LoadResponseCharacteristic.qConstantImpedance>0</cim:LoadResponseCharacteristic.qConstantImpedance>
  <cim:LoadResponseCharacteristic.qConstantCurrent>0</cim:LoadResponseCharacteristic.qConstantCurrent>
  <cim:LoadResponseCharacteristic.qConstantPower>0</cim:LoadResponseCharacteristic.qConstantPower>
  <cim:LoadResponseCharacteristic.pVoltageExponent>1</cim:LoadResponseCharacteristic.pVoltageExponent>
  <cim:LoadResponseCharacteristic.qVoltageExponent>2</cim:LoadResponseCharacteristic.qVoltageExponent>
  <cim:LoadResponseCharacteristic.pFrequencyExponent>0</cim:LoadResponseCharacteristic.pFrequencyExponent>
  <cim:LoadResponseCharacteristic.qFrequencyExponent>0</cim:LoadResponseCharacteristic.qFrequencyExponent>
</cim:LoadResponseCharacteristic>
<cim:LoadResponseCharacteristic rdf:ID="_71EFC0FF-973D-4EDD-9A4C-D1A0174C6DF7">
  <cim:IdentifiedObject.mRID>_71EFC0FF-973D-4EDD-9A4C-D1A0174C6DF7</cim:IdentifiedObject.mRID>
  <cim:IdentifiedObject.name>Constant I</cim:IdentifiedObject.name>
  <cim:LoadResponseCharacteristic.exponentModel>false</cim:LoadResponseCharacteristic.exponentModel>
  <cim:LoadResponseCharacteristic.pConstantImpedance>0</cim:LoadResponseCharacteristic.pConstantImpedance>
  <cim:LoadResponseCharacteristic.pConstantCurrent>100</cim:LoadResponseCharacteristic.pConstantCurrent>
  <cim:LoadResponseCharacteristic.pConstantPower>0</cim:LoadResponseCharacteristic.pConstantPower>
  <cim:LoadResponseCharacteristic.qConstantImpedance>0</cim:LoadResponseCharacteristic.qConstantImpedance>
  <cim:LoadResponseCharacteristic.qConstantCurrent>100</cim:LoadResponseCharacteristic.qConstantCurrent>
  <cim:LoadResponseCharacteristic.qConstantPower>0</cim:LoadResponseCharacteristic.qConstantPower>
  <cim:LoadResponseCharacteristic.pVoltageExponent>0</cim:LoadResponseCharacteristic.pVoltageExponent>
  <cim:LoadResponseCharacteristic.qVoltageExponent>0</cim:LoadResponseCharacteristic.qVoltageExponent>
  <cim:LoadResponseCharacteristic.pFrequencyExponent>0</cim:LoadResponseCharacteristic.pFrequencyExponent>
  <cim:LoadResponseCharacteristic.qFrequencyExponent>0</cim:LoadResponseCharacteristic.qFrequencyExponent>
</cim:LoadResponseCharacteristic>
<cim:LoadResponseCharacteristic rdf:ID="_029DE9FF-63F9-4CB8-BFB2-D911197AE757">
  <cim:IdentifiedObject.mRID>_029DE9FF-63F9-4CB8-BFB2-D911197AE757</cim:IdentifiedObject.mRID>
  <cim:IdentifiedObject.name>Variable P, Fixed Q</cim:IdentifiedObject.name>
  <cim:LoadResponseCharacteristic.exponentModel>false</cim:LoadResponseCharacteristic.exponentModel>
  <cim:LoadResponseCharacteristic.pConstantImpedance>0</cim:LoadResponseCharacteristic.pConstantImpedance>
  <cim:LoadResponseCharacteristic.pConstantCurrent>0</cim:LoadResponseCharacteristic.pConstantCurrent>
  <cim:LoadResponseCharacteristic.pConstantPower>100</cim:LoadResponseCharacteristic.pConstantPower>
  <cim:LoadResponseCharacteristic.qConstantImpedance>0</cim:LoadResponseCharacteristic.qConstantImpedance>
  <cim:LoadResponseCharacteristic.qConstantCurrent>0</cim:LoadResponseCharacteristic.qConstantCurrent>
  <cim:LoadResponseCharacteristic.qConstantPower>100</cim:LoadResponseCharacteristic.qConstantPower>
  <cim:LoadResponseCharacteristic.pVoltageExponent>0</cim:LoadResponseCharacteristic.pVoltageExponent>
  <cim:LoadResponseCharacteristic.qVoltageExponent>0</cim:LoadResponseCharacteristic.qVoltageExponent>
  <cim:LoadResponseCharacteristic.pFrequencyExponent>0</cim:LoadResponseCharacteristic.pFrequencyExponent>
  <cim:LoadResponseCharacteristic.qFrequencyExponent>0</cim:LoadResponseCharacteristic.qFrequencyExponent>
</cim:LoadResponseCharacteristic>
<cim:LoadResponseCharacteristic rdf:ID="_206C3D1D-51DF-4CFC-A5ED-A0D234B62B39">
  <cim:IdentifiedObject.mRID>_206C3D1D-51DF-4CFC-A5ED-A0D234B62B39</cim:IdentifiedObject.mRID>
  <cim:IdentifiedObject.name>Variable P, Fixed X</cim:IdentifiedObject.name>
  <cim:LoadResponseCharacteristic.exponentModel>false</cim:LoadResponseCharacteristic.exponentModel>
  <cim:LoadResponseCharacteristic.pConstantImpedance>0</cim:LoadResponseCharacteristic.pConstantImpedance>
  <cim:LoadResponseCharacteristic.pConstantCurrent>0</cim:LoadResponseCharacteristic.pConstantCurrent>
  <cim:LoadResponseCharacteristic.pConstantPower>100</cim:LoadResponseCharacteristic.pConstantPower>
  <cim:LoadResponseCharacteristic.qConstantImpedance>100</cim:LoadResponseCharacteristic.qConstantImpedance>
  <cim:LoadResponseCharacteristic.qConstantCurrent>0</cim:LoadResponseCharacteristic.qConstantCurrent>
  <cim:LoadResponseCharacteristic.qConstantPower>0</cim:LoadResponseCharacteristic.qConstantPower>
  <cim:LoadResponseCharacteristic.pVoltageExponent>0</cim:LoadResponseCharacteristic.pVoltageExponent>
  <cim:LoadResponseCharacteristic.qVoltageExponent>0</cim:LoadResponseCharacteristic.qVoltageExponent>
  <cim:LoadResponseCharacteristic.pFrequencyExponent>0</cim:LoadResponseCharacteristic.pFrequencyExponent>
  <cim:LoadResponseCharacteristic.qFrequencyExponent>0</cim:LoadResponseCharacteristic.qFrequencyExponent>
</cim:LoadResponseCharacteristic>
<cim:EnergyConsumer rdf:ID="_82722529-D3BD-44AD-A600-3E4B5461FA64">
  <cim:IdentifiedObject.mRID>_82722529-D3BD-44AD-A600-3E4B5461FA64</cim:IdentifiedObject.mRID>
  <cim:IdentifiedObject.name>load1</cim:IdentifiedObject.name>
  <cim:Equipment.EquipmentContainer rdf:resource="#_161B1872-2B5C-4CBF-9ED0-7193495CBE79"/>
  <cim:ConductingEquipment.BaseVoltage rdf:resource="#_4EF5EFD6-3FEE-4223-B341-2E7A16BABDF5"/>
  <cim:EnergyConsumer.LoadResponse rdf:resource="#_484B7F7C-C070-4DD8-B435-4DDE55298225"/>
  <cim:EnergyConsumer.p>5400000</cim:EnergyConsumer.p>
  <cim:EnergyConsumer.q>2615339.4</cim:EnergyConsumer.q>
  <cim:EnergyConsumer.customerCount>1</cim:EnergyConsumer.customerCount>
  <cim:EnergyConsumer.phaseConnection rdf:resource="http://iec.ch/TC57/CIM100#PhaseShuntConnectionKind.Y"/>
  <cim:EnergyConsumer.grounded>true</cim:EnergyConsumer.grounded>
  <cim:PowerSystemResource.Location rdf:resource="#_AEF705B8-2A44-4388-9BB9-1810B3754216"/>
</cim:EnergyConsumer>
<cim:Terminal rdf:ID="_C1A0BE9D-EC13-44DD-AEE8-96D9FEA85795">
  <cim:IdentifiedObject.mRID>_C1A0BE9D-EC13-44DD-AEE8-96D9FEA85795</cim:IdentifiedObject.mRID>
  <cim:IdentifiedObject.name>load1_T1</cim:IdentifiedObject.name>
  <cim:Terminal.ConductingEquipment rdf:resource="#_82722529-D3BD-44AD-A600-3E4B5461FA64"/>
  <cim:ACDCTerminal.sequenceNumber>1</cim:ACDCTerminal.sequenceNumber>
  <cim:Terminal.ConnectivityNode rdf:resource="#_715EC853-0313-4B2B-8F65-D7C7383D03C0"/>
</cim:Terminal>
<cim:Location rdf:ID="_AEF705B8-2A44-4388-9BB9-1810B3754216">
  <cim:IdentifiedObject.mRID>_AEF705B8-2A44-4388-9BB9-1810B3754216</cim:IdentifiedObject.mRID>
  <cim:IdentifiedObject.name>load1_Loc</cim:IdentifiedObject.name>
  <cim:Location.CoordinateSystem rdf:resource="#_3BA3F5F1-B216-420B-9EC8-366133AB3505"/>
</cim:Location>
<cim:PositionPoint rdf:ID="_C9DBD1E1-5DC8-4D0D-B67A-8197E9D2C539">
  <cim:PositionPoint.Location rdf:resource="#_AEF705B8-2A44-4388-9BB9-1810B3754216"/>
  <cim:PositionPoint.sequenceNumber>1</cim:PositionPoint.sequenceNumber>
  <cim:PositionPoint.xPosition>0</cim:PositionPoint.xPosition>
  <cim:PositionPoint.yPosition>0</cim:PositionPoint.yPosition>
</cim:PositionPoint>
<cim:OverheadWireInfo rdf:ID="_E5C9384A-1049-4004-A667-19FF1A4D1BF3">
  <cim:IdentifiedObject.mRID>_E5C9384A-1049-4004-A667-19FF1A4D1BF3</cim:IdentifiedObject.mRID>
  <cim:IdentifiedObject.name>conductor</cim:IdentifiedObject.name>
  <cim:WireInfo.sizeDescription>WireData_conductor</cim:WireInfo.sizeDescription>
  <cim:WireInfo.gmr>0.00743712</cim:WireInfo.gmr>
  <cim:WireInfo.radius>0.0091567</cim:WireInfo.radius>
  <cim:WireInfo.rDC20>0.00018641136</cim:WireInfo.rDC20>
  <cim:WireInfo.rAC25>0.00019013958</cim:WireInfo.rAC25>
  <cim:WireInfo.rAC50>0.00019013958</cim:WireInfo.rAC50>
  <cim:WireInfo.rAC75>0.00019013958</cim:WireInfo.rAC75>
  <cim:WireInfo.ratedCurrent>0</cim:WireInfo.ratedCurrent>
  <cim:WireInfo.strandCount>0</cim:WireInfo.strandCount>
  <cim:WireInfo.coreStrandCount>0</cim:WireInfo.coreStrandCount>
  <cim:WireInfo.coreRadius>0</cim:WireInfo.coreRadius>
  <cim:WireInfo.insulated>false</cim:WireInfo.insulated>
</cim:OverheadWireInfo>
<cim:OverheadWireInfo rdf:ID="_2D8A3323-85E3-4504-B16C-02BE41B9D045">
  <cim:IdentifiedObject.mRID>_2D8A3323-85E3-4504-B16C-02BE41B9D045</cim:IdentifiedObject.mRID>
  <cim:IdentifiedObject.name>neutral</cim:IdentifiedObject.name>
  <cim:WireInfo.sizeDescription>WireData_neutral</cim:WireInfo.sizeDescription>
  <cim:WireInfo.gmr>0.002481072</cim:WireInfo.gmr>
  <cim:WireInfo.radius>0.0071501</cim:WireInfo.radius>
  <cim:WireInfo.rDC20>0.00036063897</cim:WireInfo.rDC20>
  <cim:WireInfo.rAC25>0.00036785175</cim:WireInfo.rAC25>
  <cim:WireInfo.rAC50>0.00036785175</cim:WireInfo.rAC50>
  <cim:WireInfo.rAC75>0.00036785175</cim:WireInfo.rAC75>
  <cim:WireInfo.ratedCurrent>0</cim:WireInfo.ratedCurrent>
  <cim:WireInfo.strandCount>0</cim:WireInfo.strandCount>
  <cim:WireInfo.coreStrandCount>0</cim:WireInfo.coreStrandCount>
  <cim:WireInfo.coreRadius>0</cim:WireInfo.coreRadius>
  <cim:WireInfo.insulated>false</cim:WireInfo.insulated>
</cim:OverheadWireInfo>
<cim:WireSpacingInfo rdf:ID="_914A1536-6B50-4283-8631-A002E5776E84">
  <cim:IdentifiedObject.mRID>_914A1536-6B50-4283-8631-A002E5776E84</cim:IdentifiedObject.mRID>
  <cim:IdentifiedObject.name>4wire</cim:IdentifiedObject.name>
  <cim:WireSpacingInfo.usage rdf:resource="http://iec.ch/TC57/CIM100#WireUsageKind.distribution"/>
  <cim:WireSpacingInfo.phaseWireCount>1</cim:WireSpacingInfo.phaseWireCount>
  <cim:WireSpacingInfo.phaseWireSpacing>0</cim:WireSpacingInfo.phaseWireSpacing>
  <cim:WireSpacingInfo.isCable>false</cim:WireSpacingInfo.isCable>
</cim:WireSpacingInfo>
<cim:WirePosition rdf:ID="_3A84239A-DDDF-453B-812B-AE7B51E66D92">
  <cim:IdentifiedObject.mRID>_3A84239A-DDDF-453B-812B-AE7B51E66D92</cim:IdentifiedObject.mRID>
  <cim:IdentifiedObject.name>WP_4wire_1</cim:IdentifiedObject.name>
  <cim:WirePosition.WireSpacingInfo rdf:resource="#_914A1536-6B50-4283-8631-A002E5776E84"/>
  <cim:WirePosition.sequenceNumber>1</cim:WirePosition.sequenceNumber>
  <cim:WirePosition.xCoord>-1.2192</cim:WirePosition.xCoord>
  <cim:WirePosition.yCoord>8.5344</cim:WirePosition.yCoord>
</cim:WirePosition>
<cim:WirePosition rdf:ID="_862F6EE0-4D85-428D-9E1C-BEE769EC1065">
  <cim:IdentifiedObject.mRID>_862F6EE0-4D85-428D-9E1C-BEE769EC1065</cim:IdentifiedObject.mRID>
  <cim:IdentifiedObject.name>WP_4wire_2</cim:IdentifiedObject.name>
  <cim:WirePosition.WireSpacingInfo rdf:resource="#_914A1536-6B50-4283-8631-A002E5776E84"/>
  <cim:WirePosition.sequenceNumber>2</cim:WirePosition.sequenceNumber>
  <cim:WirePosition.xCoord>-0.4572</cim:WirePosition.xCoord>
  <cim:WirePosition.yCoord>8.5344</cim:WirePosition.yCoord>
</cim:WirePosition>
<cim:WirePosition rdf:ID="_EE138417-17C1-4B23-B7A7-C8B2935918D6">
  <cim:IdentifiedObject.mRID>_EE138417-17C1-4B23-B7A7-C8B2935918D6</cim:IdentifiedObject.mRID>
  <cim:IdentifiedObject.name>WP_4wire_3</cim:IdentifiedObject.name>
  <cim:WirePosition.WireSpacingInfo rdf:resource="#_914A1536-6B50-4283-8631-A002E5776E84"/>
  <cim:WirePosition.sequenceNumber>3</cim:WirePosition.sequenceNumber>
  <cim:WirePosition.xCoord>0.9144</cim:WirePosition.xCoord>
  <cim:WirePosition.yCoord>8.5344</cim:WirePosition.yCoord>
</cim:WirePosition>
<cim:WirePosition rdf:ID="_B93D8E06-109F-48B1-A396-6540DCB87558">
  <cim:IdentifiedObject.mRID>_B93D8E06-109F-48B1-A396-6540DCB87558</cim:IdentifiedObject.mRID>
  <cim:IdentifiedObject.name>WP_4wire_4</cim:IdentifiedObject.name>
  <cim:WirePosition.WireSpacingInfo rdf:resource="#_914A1536-6B50-4283-8631-A002E5776E84"/>
  <cim:WirePosition.sequenceNumber>4</cim:WirePosition.sequenceNumber>
  <cim:WirePosition.xCoord>0</cim:WirePosition.xCoord>
  <cim:WirePosition.yCoord>7.3152</cim:WirePosition.yCoord>
</cim:WirePosition>
<cim:OperationalLimitSet rdf:ID="_841B22F4-CB73-4DFF-B82A-D7224FDD3E78">
  <cim:IdentifiedObject.mRID>_841B22F4-CB73-4DFF-B82A-D7224FDD3E78</cim:IdentifiedObject.mRID>
  <cim:IdentifiedObject.name>OpLimI_305.6_416.7</cim:IdentifiedObject.name>
</cim:OperationalLimitSet>
<cim:CurrentLimit rdf:ID="_8BA40E4C-94DA-4F7D-B567-714C2BEE677C">
  <cim:IdentifiedObject.mRID>_8BA40E4C-94DA-4F7D-B567-714C2BEE677C</cim:IdentifiedObject.mRID>
  <cim:IdentifiedObject.name>OpLimI_305.6_416.7_Norm</cim:IdentifiedObject.name>
  <cim:OperationalLimit.OperationalLimitSet rdf:resource="#_841B22F4-CB73-4DFF-B82A-D7224FDD3E78"/>
  <cim:OperationalLimit.OperationalLimitType rdf:resource="#_46EFF1CB-F719-43CF-A8E2-F5462F17CF6C"/>
  <cim:CurrentLimit.value>305.57432</cim:CurrentLimit.value>
</cim:CurrentLimit>
<cim:CurrentLimit rdf:ID="_B0AE4515-A2DB-4247-A994-BBD68A378EDE">
  <cim:IdentifiedObject.mRID>_B0AE4515-A2DB-4247-A994-BBD68A378EDE</cim:IdentifiedObject.mRID>
  <cim:IdentifiedObject.name>OpLimI_305.6_416.7_Emerg</cim:IdentifiedObject.name>
  <cim:OperationalLimit.OperationalLimitSet rdf:resource="#_841B22F4-CB73-4DFF-B82A-D7224FDD3E78"/>
  <cim:OperationalLimit.OperationalLimitType rdf:resource="#_AF5A0BBF-FF92-4083-AFFF-563F8D923B71"/>
  <cim:CurrentLimit.value>416.69226</cim:CurrentLimit.value>
</cim:CurrentLimit>
</rdf:RDF>
