<?xml version="1.0" encoding="utf-8"?>
<!-- un-comment this line to enable validation
-->
<rdf:RDF xmlns:cim="http://iec.ch/TC57/CIM100#" xmlns:rdf="http://www.w3.org/1999/02/22-rdf-syntax-ns#">
<!--
-->
<cim:IEC61970CIMVersion rdf:ID="_B789C000-7085-454A-A99F-7169BE1DC2CE">
  <cim:IEC61970CIMVersion.version>IEC61970CIM100</cim:IEC61970CIMVersion.version>
  <cim:IEC61970CIMVersion.date>2019-04-01</cim:IEC61970CIMVersion.date>
</cim:IEC61970CIMVersion>
<cim:CoordinateSystem rdf:ID="_D1C06DF3-ECAD-426E-8CCE-BA093649C24E">
  <cim:IdentifiedObject.mRID>_D1C06DF3-ECAD-426E-8CCE-BA093649C24E</cim:IdentifiedObject.mRID>
  <cim:IdentifiedObject.name>yyd_CrsUrn</cim:IdentifiedObject.name>
  <cim:CoordinateSystem.crsUrn>OpenDSSLocalBusCoordinates</cim:CoordinateSystem.crsUrn>
</cim:CoordinateSystem>
<cim:GeographicalRegion rdf:ID="_6E7ABB5B-622A-4C9E-BF23-ED26D5FBB9FF">
  <cim:IdentifiedObject.mRID>_6E7ABB5B-622A-4C9E-BF23-ED26D5FBB9FF</cim:IdentifiedObject.mRID>
  <cim:IdentifiedObject.name>geo1</cim:IdentifiedObject.name>
</cim:GeographicalRegion>
<cim:SubGeographicalRegion rdf:ID="_4C1C7E05-6988-4AD0-877F-177E28303F99">
  <cim:IdentifiedObject.mRID>_4C1C7E05-6988-4AD0-877F-177E28303F99</cim:IdentifiedObject.mRID>
  <cim:IdentifiedObject.name>subgeo1</cim:IdentifiedObject.name>
  <cim:SubGeographicalRegion.Region rdf:resource="#_6E7ABB5B-622A-4C9E-BF23-ED26D5FBB9FF"/>
</cim:SubGeographicalRegion>
<cim:Substation rdf:ID="_B841CDD3-2DD1-4D66-97E8-A3B089621CDA">
  <cim:IdentifiedObject.mRID>_B841CDD3-2DD1-4D66-97E8-A3B089621CDA</cim:IdentifiedObject.mRID>
  <cim:IdentifiedObject.name>sub1</cim:IdentifiedObject.name>
  <cim:Substation.Region rdf:resource="#_4C1C7E05-6988-4AD0-877F-177E28303F99"/>
</cim:Substation>
<cim:Location rdf:ID="_5FC5F383-6F89-484B-8331-DF8B22A9467C">
  <cim:IdentifiedObject.mRID>_5FC5F383-6F89-484B-8331-DF8B22A9467C</cim:IdentifiedObject.mRID>
  <cim:IdentifiedObject.name>yyd_Location</cim:IdentifiedObject.name>
  <cim:Location.CoordinateSystem rdf:resource="#_D1C06DF3-ECAD-426E-8CCE-BA093649C24E"/>
</cim:Location>
<cim:Feeder rdf:ID="_8C63A72C-9B64-42E7-B021-3FD00B4EBCEE">
  <cim:IdentifiedObject.mRID>_8C63A72C-9B64-42E7-B021-3FD00B4EBCEE</cim:IdentifiedObject.mRID>
  <cim:IdentifiedObject.name>yyd</cim:IdentifiedObject.name>
  <cim:Feeder.NormalEnergizingSubstation rdf:resource="#_B841CDD3-2DD1-4D66-97E8-A3B089621CDA"/>
  <cim:PowerSystemResource.Location rdf:resource="#_5FC5F383-6F89-484B-8331-DF8B22A9467C"/>
</cim:Feeder>
<cim:OperationalLimitType rdf:ID="_1D1550BB-94C6-45B7-BFBE-3AA244C8252E">
  <cim:IdentifiedObject.mRID>_1D1550BB-94C6-45B7-BFBE-3AA244C8252E</cim:IdentifiedObject.mRID>
  <cim:IdentifiedObject.name>yyd_NormAmpsType</cim:IdentifiedObject.name>
  <cim:OperationalLimitType.acceptableDuration>5E9</cim:OperationalLimitType.acceptableDuration>
  <cim:OperationalLimitType.direction rdf:resource="http://iec.ch/TC57/CIM100#OperationalLimitDirectionKind.absoluteValue"/>
</cim:OperationalLimitType>
<cim:OperationalLimitType rdf:ID="_9557110C-79C0-4296-88BC-BBF96CDED523">
  <cim:IdentifiedObject.mRID>_9557110C-79C0-4296-88BC-BBF96CDED523</cim:IdentifiedObject.mRID>
  <cim:IdentifiedObject.name>yyd_EmergencyAmpsType</cim:IdentifiedObject.name>
  <cim:OperationalLimitType.acceptableDuration>7200</cim:OperationalLimitType.acceptableDuration>
  <cim:OperationalLimitType.direction rdf:resource="http://iec.ch/TC57/CIM100#OperationalLimitDirectionKind.absoluteValue"/>
</cim:OperationalLimitType>
<cim:OperationalLimitType rdf:ID="_3D0F1121-39EC-4FBA-8F9A-D10743D669C0">
  <cim:IdentifiedObject.mRID>_3D0F1121-39EC-4FBA-8F9A-D10743D669C0</cim:IdentifiedObject.mRID>
  <cim:IdentifiedObject.name>yyd_RangeAHiType</cim:IdentifiedObject.name>
  <cim:OperationalLimitType.acceptableDuration>5E9</cim:OperationalLimitType.acceptableDuration>
  <cim:OperationalLimitType.direction rdf:resource="http://iec.ch/TC57/CIM100#OperationalLimitDirectionKind.high"/>
</cim:OperationalLimitType>
<cim:OperationalLimitType rdf:ID="_F593AE38-1859-457E-A284-DE50AEEE1332">
  <cim:IdentifiedObject.mRID>_F593AE38-1859-457E-A284-DE50AEEE1332</cim:IdentifiedObject.mRID>
  <cim:IdentifiedObject.name>yyd_RangeALoType</cim:IdentifiedObject.name>
  <cim:OperationalLimitType.acceptableDuration>5E9</cim:OperationalLimitType.acceptableDuration>
  <cim:OperationalLimitType.direction rdf:resource="http://iec.ch/TC57/CIM100#OperationalLimitDirectionKind.low"/>
</cim:OperationalLimitType>
<cim:OperationalLimitType rdf:ID="_CFC645FD-0885-49F2-AA37-ECDD55DB6337">
  <cim:IdentifiedObject.mRID>_CFC645FD-0885-49F2-AA37-ECDD55DB6337</cim:IdentifiedObject.mRID>
  <cim:IdentifiedObject.name>yyd_RangeBHiType</cim:IdentifiedObject.name>
  <cim:OperationalLimitType.acceptableDuration>86400</cim:OperationalLimitType.acceptableDuration>
  <cim:OperationalLimitType.direction rdf:resource="http://iec.ch/TC57/CIM100#OperationalLimitDirectionKind.high"/>
</cim:OperationalLimitType>
<cim:OperationalLimitType rdf:ID="_7609BC56-EAAA-4656-9CFD-F5798DF98167">
  <cim:IdentifiedObject.mRID>_7609BC56-EAAA-4656-9CFD-F5798DF98167</cim:IdentifiedObject.mRID>
  <cim:IdentifiedObject.name>yyd_RangeBLoType</cim:IdentifiedObject.name>
  <cim:OperationalLimitType.acceptableDuration>86400</cim:OperationalLimitType.acceptableDuration>
  <cim:OperationalLimitType.direction rdf:resource="http://iec.ch/TC57/CIM100#OperationalLimitDirectionKind.low"/>
</cim:OperationalLimitType>
<cim:BaseVoltage rdf:ID="_B04D4670-ACE6-4A5C-960B-1C877B7673A8">
  <cim:IdentifiedObject.mRID>_B04D4670-ACE6-4A5C-960B-1C877B7673A8</cim:IdentifiedObject.mRID>
  <cim:IdentifiedObject.name>BaseV_69.0000</cim:IdentifiedObject.name>
  <cim:BaseVoltage.nominalVoltage>69000</cim:BaseVoltage.nominalVoltage>
</cim:BaseVoltage>
<cim:OperationalLimitSet rdf:ID="_ACC1CB08-60E6-4AAC-98AD-3DE63672BC72">
  <cim:IdentifiedObject.mRID>_ACC1CB08-60E6-4AAC-98AD-3DE63672BC72</cim:IdentifiedObject.mRID>
  <cim:IdentifiedObject.name>OpLimV_69.0000</cim:IdentifiedObject.name>
</cim:OperationalLimitSet>
<cim:VoltageLimit rdf:ID="_585FC72A-2E95-4742-9837-AE4D4BE90038">
  <cim:IdentifiedObject.mRID>_585FC72A-2E95-4742-9837-AE4D4BE90038</cim:IdentifiedObject.mRID>
  <cim:IdentifiedObject.name>OpLimV_69.0000_RangeAHi</cim:IdentifiedObject.name>
  <cim:OperationalLimit.OperationalLimitSet rdf:resource="#_ACC1CB08-60E6-4AAC-98AD-3DE63672BC72"/>
  <cim:OperationalLimit.OperationalLimitType rdf:resource="#_3D0F1121-39EC-4FBA-8F9A-D10743D669C0"/>
  <cim:VoltageLimit.value>72450</cim:VoltageLimit.value>
</cim:VoltageLimit>
<cim:VoltageLimit rdf:ID="_1A30009D-06FF-480E-B05D-FDEF3AEAF9BE">
  <cim:IdentifiedObject.mRID>_1A30009D-06FF-480E-B05D-FDEF3AEAF9BE</cim:IdentifiedObject.mRID>
  <cim:IdentifiedObject.name>OpLimV_69.0000_RangeALo</cim:IdentifiedObject.name>
  <cim:OperationalLimit.OperationalLimitSet rdf:resource="#_ACC1CB08-60E6-4AAC-98AD-3DE63672BC72"/>
  <cim:OperationalLimit.OperationalLimitType rdf:resource="#_F593AE38-1859-457E-A284-DE50AEEE1332"/>
  <cim:VoltageLimit.value>65550</cim:VoltageLimit.value>
</cim:VoltageLimit>
<cim:VoltageLimit rdf:ID="_995D12B9-E533-491D-9D57-DC2254BC41AF">
  <cim:IdentifiedObject.mRID>_995D12B9-E533-491D-9D57-DC2254BC41AF</cim:IdentifiedObject.mRID>
  <cim:IdentifiedObject.name>OpLimV_69.0000_RangeBHi</cim:IdentifiedObject.name>
  <cim:OperationalLimit.OperationalLimitSet rdf:resource="#_ACC1CB08-60E6-4AAC-98AD-3DE63672BC72"/>
  <cim:OperationalLimit.OperationalLimitType rdf:resource="#_CFC645FD-0885-49F2-AA37-ECDD55DB6337"/>
  <cim:VoltageLimit.value>73024.998</cim:VoltageLimit.value>
</cim:VoltageLimit>
<cim:VoltageLimit rdf:ID="_4195BEF7-8928-4FA4-A14F-FF8531A06037">
  <cim:IdentifiedObject.mRID>_4195BEF7-8928-4FA4-A14F-FF8531A06037</cim:IdentifiedObject.mRID>
  <cim:IdentifiedObject.name>OpLimV_69.0000_RangeBLo</cim:IdentifiedObject.name>
  <cim:OperationalLimit.OperationalLimitSet rdf:resource="#_ACC1CB08-60E6-4AAC-98AD-3DE63672BC72"/>
  <cim:OperationalLimit.OperationalLimitType rdf:resource="#_7609BC56-EAAA-4656-9CFD-F5798DF98167"/>
  <cim:VoltageLimit.value>63250.002</cim:VoltageLimit.value>
</cim:VoltageLimit>
<cim:BaseVoltage rdf:ID="_DF575520-EB2F-4D57-B315-14A235B5D306">
  <cim:IdentifiedObject.mRID>_DF575520-EB2F-4D57-B315-14A235B5D306</cim:IdentifiedObject.mRID>
  <cim:IdentifiedObject.name>BaseV_13.2000</cim:IdentifiedObject.name>
  <cim:BaseVoltage.nominalVoltage>13200</cim:BaseVoltage.nominalVoltage>
</cim:BaseVoltage>
<cim:OperationalLimitSet rdf:ID="_925728FF-DD00-4339-9FEE-65E4C4A5CF50">
  <cim:IdentifiedObject.mRID>_925728FF-DD00-4339-9FEE-65E4C4A5CF50</cim:IdentifiedObject.mRID>
  <cim:IdentifiedObject.name>OpLimV_13.2000</cim:IdentifiedObject.name>
</cim:OperationalLimitSet>
<cim:VoltageLimit rdf:ID="_E009A78D-1359-465C-97A9-51BD30147CB7">
  <cim:IdentifiedObject.mRID>_E009A78D-1359-465C-97A9-51BD30147CB7</cim:IdentifiedObject.mRID>
  <cim:IdentifiedObject.name>OpLimV_13.2000_RangeAHi</cim:IdentifiedObject.name>
  <cim:OperationalLimit.OperationalLimitSet rdf:resource="#_925728FF-DD00-4339-9FEE-65E4C4A5CF50"/>
  <cim:OperationalLimit.OperationalLimitType rdf:resource="#_3D0F1121-39EC-4FBA-8F9A-D10743D669C0"/>
  <cim:VoltageLimit.value>13860</cim:VoltageLimit.value>
</cim:VoltageLimit>
<cim:VoltageLimit rdf:ID="_C9CD3866-A118-4E98-852E-D67EF4007241">
  <cim:IdentifiedObject.mRID>_C9CD3866-A118-4E98-852E-D67EF4007241</cim:IdentifiedObject.mRID>
  <cim:IdentifiedObject.name>OpLimV_13.2000_RangeALo</cim:IdentifiedObject.name>
  <cim:OperationalLimit.OperationalLimitSet rdf:resource="#_925728FF-DD00-4339-9FEE-65E4C4A5CF50"/>
  <cim:OperationalLimit.OperationalLimitType rdf:resource="#_F593AE38-1859-457E-A284-DE50AEEE1332"/>
  <cim:VoltageLimit.value>12540</cim:VoltageLimit.value>
</cim:VoltageLimit>
<cim:VoltageLimit rdf:ID="_0627D9A4-C265-449C-933F-CB08D5EFF2ED">
  <cim:IdentifiedObject.mRID>_0627D9A4-C265-449C-933F-CB08D5EFF2ED</cim:IdentifiedObject.mRID>
  <cim:IdentifiedObject.name>OpLimV_13.2000_RangeBHi</cim:IdentifiedObject.name>
  <cim:OperationalLimit.OperationalLimitSet rdf:resource="#_925728FF-DD00-4339-9FEE-65E4C4A5CF50"/>
  <cim:OperationalLimit.OperationalLimitType rdf:resource="#_CFC645FD-0885-49F2-AA37-ECDD55DB6337"/>
  <cim:VoltageLimit.value>13970</cim:VoltageLimit.value>
</cim:VoltageLimit>
<cim:VoltageLimit rdf:ID="_86F67BAC-9899-40F6-BE66-05E0FBC0642B">
  <cim:IdentifiedObject.mRID>_86F67BAC-9899-40F6-BE66-05E0FBC0642B</cim:IdentifiedObject.mRID>
  <cim:IdentifiedObject.name>OpLimV_13.2000_RangeBLo</cim:IdentifiedObject.name>
  <cim:OperationalLimit.OperationalLimitSet rdf:resource="#_925728FF-DD00-4339-9FEE-65E4C4A5CF50"/>
  <cim:OperationalLimit.OperationalLimitType rdf:resource="#_7609BC56-EAAA-4656-9CFD-F5798DF98167"/>
  <cim:VoltageLimit.value>12100</cim:VoltageLimit.value>
</cim:VoltageLimit>
<cim:BaseVoltage rdf:ID="_E3ECE34C-CE73-4D31-9BDC-DC44DE1A37CC">
  <cim:IdentifiedObject.mRID>_E3ECE34C-CE73-4D31-9BDC-DC44DE1A37CC</cim:IdentifiedObject.mRID>
  <cim:IdentifiedObject.name>BaseV_2.4000</cim:IdentifiedObject.name>
  <cim:BaseVoltage.nominalVoltage>2400</cim:BaseVoltage.nominalVoltage>
</cim:BaseVoltage>
<cim:OperationalLimitSet rdf:ID="_2BDE33BE-37D9-4AF1-8EFA-1E72401FC6A9">
  <cim:IdentifiedObject.mRID>_2BDE33BE-37D9-4AF1-8EFA-1E72401FC6A9</cim:IdentifiedObject.mRID>
  <cim:IdentifiedObject.name>OpLimV_2.4000</cim:IdentifiedObject.name>
</cim:OperationalLimitSet>
<cim:VoltageLimit rdf:ID="_71FC603B-C578-4BC2-B431-00A5ADC9FAAC">
  <cim:IdentifiedObject.mRID>_71FC603B-C578-4BC2-B431-00A5ADC9FAAC</cim:IdentifiedObject.mRID>
  <cim:IdentifiedObject.name>OpLimV_2.4000_RangeAHi</cim:IdentifiedObject.name>
  <cim:OperationalLimit.OperationalLimitSet rdf:resource="#_2BDE33BE-37D9-4AF1-8EFA-1E72401FC6A9"/>
  <cim:OperationalLimit.OperationalLimitType rdf:resource="#_3D0F1121-39EC-4FBA-8F9A-D10743D669C0"/>
  <cim:VoltageLimit.value>2520</cim:VoltageLimit.value>
</cim:VoltageLimit>
<cim:VoltageLimit rdf:ID="_0F85C385-9206-44DC-8842-F66078F712FE">
  <cim:IdentifiedObject.mRID>_0F85C385-9206-44DC-8842-F66078F712FE</cim:IdentifiedObject.mRID>
  <cim:IdentifiedObject.name>OpLimV_2.4000_RangeALo</cim:IdentifiedObject.name>
  <cim:OperationalLimit.OperationalLimitSet rdf:resource="#_2BDE33BE-37D9-4AF1-8EFA-1E72401FC6A9"/>
  <cim:OperationalLimit.OperationalLimitType rdf:resource="#_F593AE38-1859-457E-A284-DE50AEEE1332"/>
  <cim:VoltageLimit.value>2280</cim:VoltageLimit.value>
</cim:VoltageLimit>
<cim:VoltageLimit rdf:ID="_4E06EA57-C081-4A0D-A260-7DFEC4281021">
  <cim:IdentifiedObject.mRID>_4E06EA57-C081-4A0D-A260-7DFEC4281021</cim:IdentifiedObject.mRID>
  <cim:IdentifiedObject.name>OpLimV_2.4000_RangeBHi</cim:IdentifiedObject.name>
  <cim:OperationalLimit.OperationalLimitSet rdf:resource="#_2BDE33BE-37D9-4AF1-8EFA-1E72401FC6A9"/>
  <cim:OperationalLimit.OperationalLimitType rdf:resource="#_CFC645FD-0885-49F2-AA37-ECDD55DB6337"/>
  <cim:VoltageLimit.value>2539.9999</cim:VoltageLimit.value>
</cim:VoltageLimit>
<cim:VoltageLimit rdf:ID="_C8EB9744-8722-4A0A-9FED-E5728BE8A872">
  <cim:IdentifiedObject.mRID>_C8EB9744-8722-4A0A-9FED-E5728BE8A872</cim:IdentifiedObject.mRID>
  <cim:IdentifiedObject.name>OpLimV_2.4000_RangeBLo</cim:IdentifiedObject.name>
  <cim:OperationalLimit.OperationalLimitSet rdf:resource="#_2BDE33BE-37D9-4AF1-8EFA-1E72401FC6A9"/>
  <cim:OperationalLimit.OperationalLimitType rdf:resource="#_7609BC56-EAAA-4656-9CFD-F5798DF98167"/>
  <cim:VoltageLimit.value>2200.0001</cim:VoltageLimit.value>
</cim:VoltageLimit>
<cim:TopologicalNode rdf:ID="_2660A5B7-A1B6-4110-A394-4BF9229453F9">
  <cim:IdentifiedObject.mRID>_2660A5B7-A1B6-4110-A394-4BF9229453F9</cim:IdentifiedObject.mRID>
  <cim:IdentifiedObject.name>b1</cim:IdentifiedObject.name>
  <cim:TopologicalNode.TopologicalIsland rdf:resource="#_D61F7620-3BC7-4583-A0C3-17F16C0EE5C2"/>
</cim:TopologicalNode>
<cim:ConnectivityNode rdf:ID="_57E85702-6E0E-436D-A304-8DE0FF8139BE">
  <cim:IdentifiedObject.mRID>_57E85702-6E0E-436D-A304-8DE0FF8139BE</cim:IdentifiedObject.mRID>
  <cim:IdentifiedObject.name>b1</cim:IdentifiedObject.name>
  <cim:ConnectivityNode.TopologicalNode rdf:resource="#_2660A5B7-A1B6-4110-A394-4BF9229453F9"/>
  <cim:ConnectivityNode.OperationalLimitSet rdf:resource="#_ACC1CB08-60E6-4AAC-98AD-3DE63672BC72"/>
  <cim:ConnectivityNode.ConnectivityNodeContainer rdf:resource="#_8C63A72C-9B64-42E7-B021-3FD00B4EBCEE"/>
</cim:ConnectivityNode>
<cim:TopologicalNode rdf:ID="_E1D1C728-F33E-4AC4-AFA3-E85CB810F04D">
  <cim:IdentifiedObject.mRID>_E1D1C728-F33E-4AC4-AFA3-E85CB810F04D</cim:IdentifiedObject.mRID>
  <cim:IdentifiedObject.name>b2</cim:IdentifiedObject.name>
  <cim:TopologicalNode.TopologicalIsland rdf:resource="#_D61F7620-3BC7-4583-A0C3-17F16C0EE5C2"/>
</cim:TopologicalNode>
<cim:ConnectivityNode rdf:ID="_73C85F53-E67F-41E3-B46E-EA743227DA66">
  <cim:IdentifiedObject.mRID>_73C85F53-E67F-41E3-B46E-EA743227DA66</cim:IdentifiedObject.mRID>
  <cim:IdentifiedObject.name>b2</cim:IdentifiedObject.name>
  <cim:ConnectivityNode.TopologicalNode rdf:resource="#_E1D1C728-F33E-4AC4-AFA3-E85CB810F04D"/>
  <cim:ConnectivityNode.OperationalLimitSet rdf:resource="#_ACC1CB08-60E6-4AAC-98AD-3DE63672BC72"/>
  <cim:ConnectivityNode.ConnectivityNodeContainer rdf:resource="#_8C63A72C-9B64-42E7-B021-3FD00B4EBCEE"/>
</cim:ConnectivityNode>
<cim:TopologicalNode rdf:ID="_D30FF13F-3BC1-4D26-BD4F-415309A871A9">
  <cim:IdentifiedObject.mRID>_D30FF13F-3BC1-4D26-BD4F-415309A871A9</cim:IdentifiedObject.mRID>
  <cim:IdentifiedObject.name>b3</cim:IdentifiedObject.name>
  <cim:TopologicalNode.TopologicalIsland rdf:resource="#_D61F7620-3BC7-4583-A0C3-17F16C0EE5C2"/>
</cim:TopologicalNode>
<cim:ConnectivityNode rdf:ID="_2238A080-913E-45B8-96CB-7A9C7F6A6602">
  <cim:IdentifiedObject.mRID>_2238A080-913E-45B8-96CB-7A9C7F6A6602</cim:IdentifiedObject.mRID>
  <cim:IdentifiedObject.name>b3</cim:IdentifiedObject.name>
  <cim:ConnectivityNode.TopologicalNode rdf:resource="#_D30FF13F-3BC1-4D26-BD4F-415309A871A9"/>
  <cim:ConnectivityNode.OperationalLimitSet rdf:resource="#_925728FF-DD00-4339-9FEE-65E4C4A5CF50"/>
  <cim:ConnectivityNode.ConnectivityNodeContainer rdf:resource="#_8C63A72C-9B64-42E7-B021-3FD00B4EBCEE"/>
</cim:ConnectivityNode>
<cim:TopologicalNode rdf:ID="_082D43BC-64F4-4321-AF18-69CC67FA9DB1">
  <cim:IdentifiedObject.mRID>_082D43BC-64F4-4321-AF18-69CC67FA9DB1</cim:IdentifiedObject.mRID>
  <cim:IdentifiedObject.name>b4</cim:IdentifiedObject.name>
  <cim:TopologicalNode.TopologicalIsland rdf:resource="#_D61F7620-3BC7-4583-A0C3-17F16C0EE5C2"/>
</cim:TopologicalNode>
<cim:ConnectivityNode rdf:ID="_DEED0F54-B140-4DC2-BC55-E70BF3E4FD81">
  <cim:IdentifiedObject.mRID>_DEED0F54-B140-4DC2-BC55-E70BF3E4FD81</cim:IdentifiedObject.mRID>
  <cim:IdentifiedObject.name>b4</cim:IdentifiedObject.name>
  <cim:ConnectivityNode.TopologicalNode rdf:resource="#_082D43BC-64F4-4321-AF18-69CC67FA9DB1"/>
  <cim:ConnectivityNode.OperationalLimitSet rdf:resource="#_925728FF-DD00-4339-9FEE-65E4C4A5CF50"/>
  <cim:ConnectivityNode.ConnectivityNodeContainer rdf:resource="#_8C63A72C-9B64-42E7-B021-3FD00B4EBCEE"/>
</cim:ConnectivityNode>
<cim:TopologicalNode rdf:ID="_2ECF2642-18C5-465F-846C-1B72E0B02CA8">
  <cim:IdentifiedObject.mRID>_2ECF2642-18C5-465F-846C-1B72E0B02CA8</cim:IdentifiedObject.mRID>
  <cim:IdentifiedObject.name>b5</cim:IdentifiedObject.name>
  <cim:TopologicalNode.TopologicalIsland rdf:resource="#_D61F7620-3BC7-4583-A0C3-17F16C0EE5C2"/>
</cim:TopologicalNode>
<cim:ConnectivityNode rdf:ID="_7D754945-3B3E-43C5-AC9D-4FB1DAB32091">
  <cim:IdentifiedObject.mRID>_7D754945-3B3E-43C5-AC9D-4FB1DAB32091</cim:IdentifiedObject.mRID>
  <cim:IdentifiedObject.name>b5</cim:IdentifiedObject.name>
  <cim:ConnectivityNode.TopologicalNode rdf:resource="#_2ECF2642-18C5-465F-846C-1B72E0B02CA8"/>
  <cim:ConnectivityNode.OperationalLimitSet rdf:resource="#_2BDE33BE-37D9-4AF1-8EFA-1E72401FC6A9"/>
  <cim:ConnectivityNode.ConnectivityNodeContainer rdf:resource="#_8C63A72C-9B64-42E7-B021-3FD00B4EBCEE"/>
</cim:ConnectivityNode>
<cim:TopologicalNode rdf:ID="_A38E8C10-99D9-4D7B-B4BB-0180FC1B53FF">
  <cim:IdentifiedObject.mRID>_A38E8C10-99D9-4D7B-B4BB-0180FC1B53FF</cim:IdentifiedObject.mRID>
  <cim:IdentifiedObject.name>b6</cim:IdentifiedObject.name>
  <cim:TopologicalNode.TopologicalIsland rdf:resource="#_D61F7620-3BC7-4583-A0C3-17F16C0EE5C2"/>
</cim:TopologicalNode>
<cim:ConnectivityNode rdf:ID="_ABC5EBC7-890D-4D6A-A8EB-D98A792F56C7">
  <cim:IdentifiedObject.mRID>_ABC5EBC7-890D-4D6A-A8EB-D98A792F56C7</cim:IdentifiedObject.mRID>
  <cim:IdentifiedObject.name>b6</cim:IdentifiedObject.name>
  <cim:ConnectivityNode.TopologicalNode rdf:resource="#_A38E8C10-99D9-4D7B-B4BB-0180FC1B53FF"/>
  <cim:ConnectivityNode.OperationalLimitSet rdf:resource="#_2BDE33BE-37D9-4AF1-8EFA-1E72401FC6A9"/>
  <cim:ConnectivityNode.ConnectivityNodeContainer rdf:resource="#_8C63A72C-9B64-42E7-B021-3FD00B4EBCEE"/>
</cim:ConnectivityNode>
<cim:TopologicalIsland rdf:ID="_D61F7620-3BC7-4583-A0C3-17F16C0EE5C2">
  <cim:IdentifiedObject.mRID>_D61F7620-3BC7-4583-A0C3-17F16C0EE5C2</cim:IdentifiedObject.mRID>
  <cim:IdentifiedObject.name>yyd_Island</cim:IdentifiedObject.name>
  <cim:TopologicalIsland.AngleRefTopologicalNode rdf:resource="#_2660A5B7-A1B6-4110-A394-4BF9229453F9"/>
</cim:TopologicalIsland>
<cim:EnergySource rdf:ID="_3D693AF6-BE90-47FB-A2E4-DFF64FC34FA1">
  <cim:IdentifiedObject.mRID>_3D693AF6-BE90-47FB-A2E4-DFF64FC34FA1</cim:IdentifiedObject.mRID>
  <cim:IdentifiedObject.name>source</cim:IdentifiedObject.name>
  <cim:Equipment.EquipmentContainer rdf:resource="#_8C63A72C-9B64-42E7-B021-3FD00B4EBCEE"/>
  <cim:ConductingEquipment.BaseVoltage rdf:resource="#_B04D4670-ACE6-4A5C-960B-1C877B7673A8"/>
  <cim:EnergySource.nominalVoltage>69000</cim:EnergySource.nominalVoltage>
  <cim:EnergySource.voltageMagnitude>69000</cim:EnergySource.voltageMagnitude>
  <cim:EnergySource.voltageAngle>0</cim:EnergySource.voltageAngle>
  <cim:EnergySource.r>0.0096619326</cim:EnergySource.r>
  <cim:EnergySource.x>0.03864773</cim:EnergySource.x>
  <cim:EnergySource.r0>0.0091817318</cim:EnergySource.r0>
  <cim:EnergySource.x0>0.027545195</cim:EnergySource.x0>
  <cim:PowerSystemResource.Location rdf:resource="#_39B3BE9F-768D-4852-806C-13D55F4BCCC7"/>
</cim:EnergySource>
<cim:Terminal rdf:ID="_9685B2CF-B4E0-4903-9BA0-0B42B6186354">
  <cim:IdentifiedObject.mRID>_9685B2CF-B4E0-4903-9BA0-0B42B6186354</cim:IdentifiedObject.mRID>
  <cim:IdentifiedObject.name>source_T1</cim:IdentifiedObject.name>
  <cim:Terminal.ConductingEquipment rdf:resource="#_3D693AF6-BE90-47FB-A2E4-DFF64FC34FA1"/>
  <cim:ACDCTerminal.sequenceNumber>1</cim:ACDCTerminal.sequenceNumber>
  <cim:Terminal.ConnectivityNode rdf:resource="#_57E85702-6E0E-436D-A304-8DE0FF8139BE"/>
</cim:Terminal>
<cim:Location rdf:ID="_39B3BE9F-768D-4852-806C-13D55F4BCCC7">
  <cim:IdentifiedObject.mRID>_39B3BE9F-768D-4852-806C-13D55F4BCCC7</cim:IdentifiedObject.mRID>
  <cim:IdentifiedObject.name>source_Loc</cim:IdentifiedObject.name>
  <cim:Location.CoordinateSystem rdf:resource="#_D1C06DF3-ECAD-426E-8CCE-BA093649C24E"/>
</cim:Location>
<cim:PositionPoint rdf:ID="_3F485BCC-8044-4CC0-8015-A900F08A2E3D">
  <cim:PositionPoint.Location rdf:resource="#_39B3BE9F-768D-4852-806C-13D55F4BCCC7"/>
  <cim:PositionPoint.sequenceNumber>1</cim:PositionPoint.sequenceNumber>
  <cim:PositionPoint.xPosition>0</cim:PositionPoint.xPosition>
  <cim:PositionPoint.yPosition>0</cim:PositionPoint.yPosition>
</cim:PositionPoint>
<cim:PowerTransformerInfo rdf:ID="_B9CECC81-4A75-46D7-8153-225938F097E8">
  <cim:IdentifiedObject.mRID>_B9CECC81-4A75-46D7-8153-225938F097E8</cim:IdentifiedObject.mRID>
  <cim:IdentifiedObject.name>yyd1phase_PowerXfInfo</cim:IdentifiedObject.name>
</cim:PowerTransformerInfo>
<cim:TransformerTankInfo rdf:ID="_3F0D751F-C832-4544-B758-7EC7E1C03E2A">
  <cim:IdentifiedObject.mRID>_3F0D751F-C832-4544-B758-7EC7E1C03E2A</cim:IdentifiedObject.mRID>
  <cim:IdentifiedObject.name>yyd1phase</cim:IdentifiedObject.name>
  <cim:TransformerTankInfo.PowerTransformerInfo rdf:resource="#_B9CECC81-4A75-46D7-8153-225938F097E8"/>
</cim:TransformerTankInfo>
<cim:TransformerEndInfo rdf:ID="_5D58E59A-8B06-449D-A40A-911D997EEE30">
  <cim:IdentifiedObject.mRID>_5D58E59A-8B06-449D-A40A-911D997EEE30</cim:IdentifiedObject.mRID>
  <cim:IdentifiedObject.name>yyd1phase_1</cim:IdentifiedObject.name>
  <cim:TransformerEndInfo.TransformerTankInfo rdf:resource="#_3F0D751F-C832-4544-B758-7EC7E1C03E2A"/>
  <cim:TransformerEndInfo.endNumber>1</cim:TransformerEndInfo.endNumber>
  <cim:TransformerEndInfo.connectionKind rdf:resource="http://iec.ch/TC57/CIM100#WindingConnection.I"/>
  <cim:TransformerEndInfo.phaseAngleClock>0</cim:TransformerEndInfo.phaseAngleClock>
  <cim:TransformerEndInfo.ratedU>39830</cim:TransformerEndInfo.ratedU>
  <cim:TransformerEndInfo.ratedS>5000000</cim:TransformerEndInfo.ratedS>
  <cim:TransformerEndInfo.shortTermS>5500000</cim:TransformerEndInfo.shortTermS>
  <cim:TransformerEndInfo.emergencyS>7500000</cim:TransformerEndInfo.emergencyS>
  <cim:TransformerEndInfo.r>0.34901436</cim:TransformerEndInfo.r>
  <cim:TransformerEndInfo.insulationU>0</cim:TransformerEndInfo.insulationU>
</cim:TransformerEndInfo>
<cim:TransformerEndInfo rdf:ID="_8556BC7C-F2DF-43AD-AD57-D4144A13B8ED">
  <cim:IdentifiedObject.mRID>_8556BC7C-F2DF-43AD-AD57-D4144A13B8ED</cim:IdentifiedObject.mRID>
  <cim:IdentifiedObject.name>yyd1phase_2</cim:IdentifiedObject.name>
  <cim:TransformerEndInfo.TransformerTankInfo rdf:resource="#_3F0D751F-C832-4544-B758-7EC7E1C03E2A"/>
  <cim:TransformerEndInfo.endNumber>2</cim:TransformerEndInfo.endNumber>
  <cim:TransformerEndInfo.connectionKind rdf:resource="http://iec.ch/TC57/CIM100#WindingConnection.I"/>
  <cim:TransformerEndInfo.phaseAngleClock>0</cim:TransformerEndInfo.phaseAngleClock>
  <cim:TransformerEndInfo.ratedU>7620</cim:TransformerEndInfo.ratedU>
  <cim:TransformerEndInfo.ratedS>5000000</cim:TransformerEndInfo.ratedS>
  <cim:TransformerEndInfo.shortTermS>5500000</cim:TransformerEndInfo.shortTermS>
  <cim:TransformerEndInfo.emergencyS>7500000</cim:TransformerEndInfo.emergencyS>
  <cim:TransformerEndInfo.r>0.012774168</cim:TransformerEndInfo.r>
  <cim:TransformerEndInfo.insulationU>0</cim:TransformerEndInfo.insulationU>
</cim:TransformerEndInfo>
<cim:TransformerEndInfo rdf:ID="_0909FA89-FB66-4347-BB31-E4A8CA6AD72C">
  <cim:IdentifiedObject.mRID>_0909FA89-FB66-4347-BB31-E4A8CA6AD72C</cim:IdentifiedObject.mRID>
  <cim:IdentifiedObject.name>yyd1phase_3</cim:IdentifiedObject.name>
  <cim:TransformerEndInfo.TransformerTankInfo rdf:resource="#_3F0D751F-C832-4544-B758-7EC7E1C03E2A"/>
  <cim:TransformerEndInfo.endNumber>3</cim:TransformerEndInfo.endNumber>
  <cim:TransformerEndInfo.connectionKind rdf:resource="http://iec.ch/TC57/CIM100#WindingConnection.I"/>
  <cim:TransformerEndInfo.phaseAngleClock>0</cim:TransformerEndInfo.phaseAngleClock>
  <cim:TransformerEndInfo.ratedU>2400</cim:TransformerEndInfo.ratedU>
  <cim:TransformerEndInfo.ratedS>1666000</cim:TransformerEndInfo.ratedS>
  <cim:TransformerEndInfo.shortTermS>1832600</cim:TransformerEndInfo.shortTermS>
  <cim:TransformerEndInfo.emergencyS>2499000</cim:TransformerEndInfo.emergencyS>
  <cim:TransformerEndInfo.r>0.003168</cim:TransformerEndInfo.r>
  <cim:TransformerEndInfo.insulationU>0</cim:TransformerEndInfo.insulationU>
</cim:TransformerEndInfo>
<cim:NoLoadTest rdf:ID="_0745D8A3-8B04-4563-8DFB-2DD92D0F7C85">
  <cim:IdentifiedObject.mRID>_0745D8A3-8B04-4563-8DFB-2DD92D0F7C85</cim:IdentifiedObject.mRID>
  <cim:IdentifiedObject.name>yyd1phase_1</cim:IdentifiedObject.name>
  <cim:NoLoadTest.EnergisedEnd rdf:resource="#_5D58E59A-8B06-449D-A40A-911D997EEE30"/>
  <cim:NoLoadTest.energisedEndVoltage>39830</cim:NoLoadTest.energisedEndVoltage>
  <cim:NoLoadTest.excitingCurrent>0</cim:NoLoadTest.excitingCurrent>
  <cim:NoLoadTest.excitingCurrentZero>0</cim:NoLoadTest.excitingCurrentZero>
  <cim:NoLoadTest.loss>0</cim:NoLoadTest.loss>
  <cim:NoLoadTest.lossZero>0</cim:NoLoadTest.lossZero>
  <cim:TransformerTest.basePower>5000000</cim:TransformerTest.basePower>
  <cim:TransformerTest.temperature>50</cim:TransformerTest.temperature>
</cim:NoLoadTest>
<cim:ShortCircuitTest rdf:ID="_19B9F378-2063-484A-865F-21B860D224E7">
  <cim:IdentifiedObject.mRID>_19B9F378-2063-484A-865F-21B860D224E7</cim:IdentifiedObject.mRID>
  <cim:IdentifiedObject.name>yyd1phase_1</cim:IdentifiedObject.name>
  <cim:ShortCircuitTest.EnergisedEnd rdf:resource="#_5D58E59A-8B06-449D-A40A-911D997EEE30"/>
  <cim:ShortCircuitTest.GroundedEnds rdf:resource="#_8556BC7C-F2DF-43AD-AD57-D4144A13B8ED"/>
  <cim:ShortCircuitTest.energisedEndStep>16</cim:ShortCircuitTest.energisedEndStep>
  <cim:ShortCircuitTest.groundedEndStep>16</cim:ShortCircuitTest.groundedEndStep>
  <cim:ShortCircuitTest.leakageImpedance>23.796433</cim:ShortCircuitTest.leakageImpedance>
  <cim:ShortCircuitTest.leakageImpedanceZero>23.796433</cim:ShortCircuitTest.leakageImpedanceZero>
  <cim:ShortCircuitTest.loss>11</cim:ShortCircuitTest.loss>
  <cim:ShortCircuitTest.lossZero>11</cim:ShortCircuitTest.lossZero>
  <cim:TransformerTest.basePower>5000000</cim:TransformerTest.basePower>
  <cim:TransformerTest.temperature>50</cim:TransformerTest.temperature>
</cim:ShortCircuitTest>
<cim:ShortCircuitTest rdf:ID="_FAB18459-0DC1-4029-A18E-0D641AD70200">
  <cim:IdentifiedObject.mRID>_FAB18459-0DC1-4029-A18E-0D641AD70200</cim:IdentifiedObject.mRID>
  <cim:IdentifiedObject.name>yyd1phase_2</cim:IdentifiedObject.name>
  <cim:ShortCircuitTest.EnergisedEnd rdf:resource="#_5D58E59A-8B06-449D-A40A-911D997EEE30"/>
  <cim:ShortCircuitTest.GroundedEnds rdf:resource="#_0909FA89-FB66-4347-BB31-E4A8CA6AD72C"/>
  <cim:ShortCircuitTest.energisedEndStep>16</cim:ShortCircuitTest.energisedEndStep>
  <cim:ShortCircuitTest.groundedEndStep>16</cim:ShortCircuitTest.groundedEndStep>
  <cim:ShortCircuitTest.leakageImpedance>114.22288</cim:ShortCircuitTest.leakageImpedance>
  <cim:ShortCircuitTest.leakageImpedanceZero>114.22288</cim:ShortCircuitTest.leakageImpedanceZero>
  <cim:ShortCircuitTest.loss>0</cim:ShortCircuitTest.loss>
  <cim:ShortCircuitTest.lossZero>0</cim:ShortCircuitTest.lossZero>
  <cim:TransformerTest.basePower>5000000</cim:TransformerTest.basePower>
  <cim:TransformerTest.temperature>50</cim:TransformerTest.temperature>
</cim:ShortCircuitTest>
<cim:ShortCircuitTest rdf:ID="_2C5116C3-A657-49F4-88CD-5075F66072CE">
  <cim:IdentifiedObject.mRID>_2C5116C3-A657-49F4-88CD-5075F66072CE</cim:IdentifiedObject.mRID>
  <cim:IdentifiedObject.name>yyd1phase_3</cim:IdentifiedObject.name>
  <cim:ShortCircuitTest.EnergisedEnd rdf:resource="#_8556BC7C-F2DF-43AD-AD57-D4144A13B8ED"/>
  <cim:ShortCircuitTest.GroundedEnds rdf:resource="#_0909FA89-FB66-4347-BB31-E4A8CA6AD72C"/>
  <cim:ShortCircuitTest.energisedEndStep>16</cim:ShortCircuitTest.energisedEndStep>
  <cim:ShortCircuitTest.groundedEndStep>16</cim:ShortCircuitTest.groundedEndStep>
  <cim:ShortCircuitTest.leakageImpedance>3.2516064</cim:ShortCircuitTest.leakageImpedance>
  <cim:ShortCircuitTest.leakageImpedanceZero>3.2516064</cim:ShortCircuitTest.leakageImpedanceZero>
  <cim:ShortCircuitTest.loss>0</cim:ShortCircuitTest.loss>
  <cim:ShortCircuitTest.lossZero>0</cim:ShortCircuitTest.lossZero>
  <cim:TransformerTest.basePower>5000000</cim:TransformerTest.basePower>
  <cim:TransformerTest.temperature>50</cim:TransformerTest.temperature>
</cim:ShortCircuitTest>
<cim:Asset rdf:ID="_87601D08-A992-49FE-A549-28DC06CF5E81">
  <cim:IdentifiedObject.mRID>_87601D08-A992-49FE-A549-28DC06CF5E81</cim:IdentifiedObject.mRID>
  <cim:IdentifiedObject.name>TankAsset_yyd1phase</cim:IdentifiedObject.name>
  <cim:Asset.AssetInfo rdf:resource="#_3F0D751F-C832-4544-B758-7EC7E1C03E2A"/>
  <cim:Asset.PowerSystemResources rdf:resource="#_4DBB9ED4-32E5-4EFC-B093-C62DE0BFFD6D"/>
  <cim:Asset.PowerSystemResources rdf:resource="#_79E922DA-ADD5-4FBE-B46D-6342FDF29C41"/>
  <cim:Asset.PowerSystemResources rdf:resource="#_65A1B09A-EB6B-4246-968E-81A9183D1879"/>
</cim:Asset>
<cim:TransformerTank rdf:ID="_4DBB9ED4-32E5-4EFC-B093-C62DE0BFFD6D">
  <cim:IdentifiedObject.mRID>_4DBB9ED4-32E5-4EFC-B093-C62DE0BFFD6D</cim:IdentifiedObject.mRID>
  <cim:IdentifiedObject.name>yyda</cim:IdentifiedObject.name>
  <cim:Equipment.EquipmentContainer rdf:resource="#_8C63A72C-9B64-42E7-B021-3FD00B4EBCEE"/>
  <cim:TransformerTank.PowerTransformer rdf:resource="#_2C49EA5E-A382-450D-9F37-A4609AE17ECB"/>
  <cim:PowerSystemResource.Location rdf:resource="#_7E00FDFC-877C-482E-8C1C-78A30C55A87A"/>
</cim:TransformerTank>
<cim:Location rdf:ID="_7E00FDFC-877C-482E-8C1C-78A30C55A87A">
  <cim:IdentifiedObject.mRID>_7E00FDFC-877C-482E-8C1C-78A30C55A87A</cim:IdentifiedObject.mRID>
  <cim:IdentifiedObject.name>yyda_Loc</cim:IdentifiedObject.name>
  <cim:Location.CoordinateSystem rdf:resource="#_D1C06DF3-ECAD-426E-8CCE-BA093649C24E"/>
</cim:Location>
<cim:PositionPoint rdf:ID="_86667095-A0F8-4438-8B4B-324C26FFFF02">
  <cim:PositionPoint.Location rdf:resource="#_7E00FDFC-877C-482E-8C1C-78A30C55A87A"/>
  <cim:PositionPoint.sequenceNumber>1</cim:PositionPoint.sequenceNumber>
  <cim:PositionPoint.xPosition>0</cim:PositionPoint.xPosition>
  <cim:PositionPoint.yPosition>0</cim:PositionPoint.yPosition>
</cim:PositionPoint>
<cim:PositionPoint rdf:ID="_94C80417-6D11-45F5-8350-3CDA6D139FB3">
  <cim:PositionPoint.Location rdf:resource="#_7E00FDFC-877C-482E-8C1C-78A30C55A87A"/>
  <cim:PositionPoint.sequenceNumber>2</cim:PositionPoint.sequenceNumber>
  <cim:PositionPoint.xPosition>0</cim:PositionPoint.xPosition>
  <cim:PositionPoint.yPosition>0</cim:PositionPoint.yPosition>
</cim:PositionPoint>
<cim:PositionPoint rdf:ID="_D7CAAA37-F6D0-4C48-92F5-146301625540">
  <cim:PositionPoint.Location rdf:resource="#_7E00FDFC-877C-482E-8C1C-78A30C55A87A"/>
  <cim:PositionPoint.sequenceNumber>3</cim:PositionPoint.sequenceNumber>
  <cim:PositionPoint.xPosition>0</cim:PositionPoint.xPosition>
  <cim:PositionPoint.yPosition>0</cim:PositionPoint.yPosition>
</cim:PositionPoint>
<cim:TransformerTankEnd rdf:ID="_D6953BA3-137B-4A75-AF27-CBD3E74C5B7A">
  <cim:IdentifiedObject.mRID>_D6953BA3-137B-4A75-AF27-CBD3E74C5B7A</cim:IdentifiedObject.mRID>
  <cim:IdentifiedObject.name>yyda_End_1</cim:IdentifiedObject.name>
  <cim:TransformerTankEnd.phases rdf:resource="http://iec.ch/TC57/CIM100#PhaseCode.A"/>
  <cim:TransformerEnd.grounded>true</cim:TransformerEnd.grounded>
  <cim:TransformerEnd.rground>0</cim:TransformerEnd.rground>
  <cim:TransformerEnd.xground>0</cim:TransformerEnd.xground>
  <cim:TransformerTankEnd.reversed>false</cim:TransformerTankEnd.reversed>
  <cim:TransformerTankEnd.TransformerTank rdf:resource="#_4DBB9ED4-32E5-4EFC-B093-C62DE0BFFD6D"/>
  <cim:TransformerEnd.endNumber>1</cim:TransformerEnd.endNumber>
  <cim:TransformerEnd.Terminal rdf:resource="#_36E7BDEF-A55C-465D-A746-0746C777F307"/>
  <cim:TransformerEnd.BaseVoltage rdf:resource="#_B04D4670-ACE6-4A5C-960B-1C877B7673A8"/>
</cim:TransformerTankEnd>
<cim:Terminal rdf:ID="_36E7BDEF-A55C-465D-A746-0746C777F307">
  <cim:IdentifiedObject.mRID>_36E7BDEF-A55C-465D-A746-0746C777F307</cim:IdentifiedObject.mRID>
  <cim:IdentifiedObject.name>yyda_T1</cim:IdentifiedObject.name>
  <cim:Terminal.ConductingEquipment rdf:resource="#_2C49EA5E-A382-450D-9F37-A4609AE17ECB"/>
  <cim:ACDCTerminal.sequenceNumber>1</cim:ACDCTerminal.sequenceNumber>
  <cim:Terminal.ConnectivityNode rdf:resource="#_73C85F53-E67F-41E3-B46E-EA743227DA66"/>
  <cim:ACDCTerminal.OperationalLimitSet rdf:resource="#_CE2FE062-CCE6-47B7-BFE8-739B10454C54"/>
</cim:Terminal>
<cim:TransformerTankEnd rdf:ID="_AA111923-3C23-4640-BD72-750FB9893100">
  <cim:IdentifiedObject.mRID>_AA111923-3C23-4640-BD72-750FB9893100</cim:IdentifiedObject.mRID>
  <cim:IdentifiedObject.name>yyda_End_2</cim:IdentifiedObject.name>
  <cim:TransformerTankEnd.phases rdf:resource="http://iec.ch/TC57/CIM100#PhaseCode.A"/>
  <cim:TransformerEnd.grounded>true</cim:TransformerEnd.grounded>
  <cim:TransformerEnd.rground>0</cim:TransformerEnd.rground>
  <cim:TransformerEnd.xground>0</cim:TransformerEnd.xground>
  <cim:TransformerTankEnd.reversed>false</cim:TransformerTankEnd.reversed>
  <cim:TransformerTankEnd.TransformerTank rdf:resource="#_4DBB9ED4-32E5-4EFC-B093-C62DE0BFFD6D"/>
  <cim:TransformerEnd.endNumber>2</cim:TransformerEnd.endNumber>
  <cim:TransformerEnd.Terminal rdf:resource="#_212E96D8-BF67-435F-AD14-83FD8851BE29"/>
  <cim:TransformerEnd.BaseVoltage rdf:resource="#_DF575520-EB2F-4D57-B315-14A235B5D306"/>
</cim:TransformerTankEnd>
<cim:Terminal rdf:ID="_212E96D8-BF67-435F-AD14-83FD8851BE29">
  <cim:IdentifiedObject.mRID>_212E96D8-BF67-435F-AD14-83FD8851BE29</cim:IdentifiedObject.mRID>
  <cim:IdentifiedObject.name>yyda_T2</cim:IdentifiedObject.name>
  <cim:Terminal.ConductingEquipment rdf:resource="#_2C49EA5E-A382-450D-9F37-A4609AE17ECB"/>
  <cim:ACDCTerminal.sequenceNumber>2</cim:ACDCTerminal.sequenceNumber>
  <cim:Terminal.ConnectivityNode rdf:resource="#_2238A080-913E-45B8-96CB-7A9C7F6A6602"/>
</cim:Terminal>
<cim:TransformerTankEnd rdf:ID="_3229C1CC-12B4-457F-8DF3-AE25AB24E378">
  <cim:IdentifiedObject.mRID>_3229C1CC-12B4-457F-8DF3-AE25AB24E378</cim:IdentifiedObject.mRID>
  <cim:IdentifiedObject.name>yyda_End_3</cim:IdentifiedObject.name>
  <cim:TransformerTankEnd.phases rdf:resource="http://iec.ch/TC57/CIM100#PhaseCode.AB"/>
  <cim:TransformerEnd.grounded>false</cim:TransformerEnd.grounded>
  <cim:TransformerTankEnd.reversed>false</cim:TransformerTankEnd.reversed>
  <cim:TransformerTankEnd.TransformerTank rdf:resource="#_4DBB9ED4-32E5-4EFC-B093-C62DE0BFFD6D"/>
  <cim:TransformerEnd.endNumber>3</cim:TransformerEnd.endNumber>
  <cim:TransformerEnd.Terminal rdf:resource="#_44ED359E-EFFE-4940-A38F-89426D2E591D"/>
  <cim:TransformerEnd.BaseVoltage rdf:resource="#_E3ECE34C-CE73-4D31-9BDC-DC44DE1A37CC"/>
</cim:TransformerTankEnd>
<cim:Terminal rdf:ID="_44ED359E-EFFE-4940-A38F-89426D2E591D">
  <cim:IdentifiedObject.mRID>_44ED359E-EFFE-4940-A38F-89426D2E591D</cim:IdentifiedObject.mRID>
  <cim:IdentifiedObject.name>yyda_T3</cim:IdentifiedObject.name>
  <cim:Terminal.ConductingEquipment rdf:resource="#_2C49EA5E-A382-450D-9F37-A4609AE17ECB"/>
  <cim:ACDCTerminal.sequenceNumber>3</cim:ACDCTerminal.sequenceNumber>
  <cim:Terminal.ConnectivityNode rdf:resource="#_7D754945-3B3E-43C5-AC9D-4FB1DAB32091"/>
</cim:Terminal>
<cim:TransformerTank rdf:ID="_79E922DA-ADD5-4FBE-B46D-6342FDF29C41">
  <cim:IdentifiedObject.mRID>_79E922DA-ADD5-4FBE-B46D-6342FDF29C41</cim:IdentifiedObject.mRID>
  <cim:IdentifiedObject.name>yydb</cim:IdentifiedObject.name>
  <cim:Equipment.EquipmentContainer rdf:resource="#_8C63A72C-9B64-42E7-B021-3FD00B4EBCEE"/>
  <cim:TransformerTank.PowerTransformer rdf:resource="#_CAC924CE-922A-4554-A4E6-6DC924D3DCD6"/>
  <cim:PowerSystemResource.Location rdf:resource="#_145F3EFD-0083-4865-B31C-E338CE2B3E92"/>
</cim:TransformerTank>
<cim:Location rdf:ID="_145F3EFD-0083-4865-B31C-E338CE2B3E92">
  <cim:IdentifiedObject.mRID>_145F3EFD-0083-4865-B31C-E338CE2B3E92</cim:IdentifiedObject.mRID>
  <cim:IdentifiedObject.name>yydb_Loc</cim:IdentifiedObject.name>
  <cim:Location.CoordinateSystem rdf:resource="#_D1C06DF3-ECAD-426E-8CCE-BA093649C24E"/>
</cim:Location>
<cim:PositionPoint rdf:ID="_7A2BC6C8-D41D-427B-8894-C3377ED5C4DA">
  <cim:PositionPoint.Location rdf:resource="#_145F3EFD-0083-4865-B31C-E338CE2B3E92"/>
  <cim:PositionPoint.sequenceNumber>1</cim:PositionPoint.sequenceNumber>
  <cim:PositionPoint.xPosition>0</cim:PositionPoint.xPosition>
  <cim:PositionPoint.yPosition>0</cim:PositionPoint.yPosition>
</cim:PositionPoint>
<cim:PositionPoint rdf:ID="_44873527-4E15-4667-9EB9-69A1E9BEB329">
  <cim:PositionPoint.Location rdf:resource="#_145F3EFD-0083-4865-B31C-E338CE2B3E92"/>
  <cim:PositionPoint.sequenceNumber>2</cim:PositionPoint.sequenceNumber>
  <cim:PositionPoint.xPosition>0</cim:PositionPoint.xPosition>
  <cim:PositionPoint.yPosition>0</cim:PositionPoint.yPosition>
</cim:PositionPoint>
<cim:PositionPoint rdf:ID="_F5AC3B07-17B3-4F0D-A4B1-233378FAE8CA">
  <cim:PositionPoint.Location rdf:resource="#_145F3EFD-0083-4865-B31C-E338CE2B3E92"/>
  <cim:PositionPoint.sequenceNumber>3</cim:PositionPoint.sequenceNumber>
  <cim:PositionPoint.xPosition>0</cim:PositionPoint.xPosition>
  <cim:PositionPoint.yPosition>0</cim:PositionPoint.yPosition>
</cim:PositionPoint>
<cim:TransformerTankEnd rdf:ID="_C84E3402-B964-4DB7-9295-3853E9951A9B">
  <cim:IdentifiedObject.mRID>_C84E3402-B964-4DB7-9295-3853E9951A9B</cim:IdentifiedObject.mRID>
  <cim:IdentifiedObject.name>yydb_End_1</cim:IdentifiedObject.name>
  <cim:TransformerTankEnd.phases rdf:resource="http://iec.ch/TC57/CIM100#PhaseCode.B"/>
  <cim:TransformerEnd.grounded>true</cim:TransformerEnd.grounded>
  <cim:TransformerEnd.rground>0</cim:TransformerEnd.rground>
  <cim:TransformerEnd.xground>0</cim:TransformerEnd.xground>
  <cim:TransformerTankEnd.reversed>false</cim:TransformerTankEnd.reversed>
  <cim:TransformerTankEnd.TransformerTank rdf:resource="#_79E922DA-ADD5-4FBE-B46D-6342FDF29C41"/>
  <cim:TransformerEnd.endNumber>1</cim:TransformerEnd.endNumber>
  <cim:TransformerEnd.Terminal rdf:resource="#_D3438B3C-7A3F-42C5-9E4F-16241C314449"/>
  <cim:TransformerEnd.BaseVoltage rdf:resource="#_B04D4670-ACE6-4A5C-960B-1C877B7673A8"/>
</cim:TransformerTankEnd>
<cim:Terminal rdf:ID="_D3438B3C-7A3F-42C5-9E4F-16241C314449">
  <cim:IdentifiedObject.mRID>_D3438B3C-7A3F-42C5-9E4F-16241C314449</cim:IdentifiedObject.mRID>
  <cim:IdentifiedObject.name>yydb_T1</cim:IdentifiedObject.name>
  <cim:Terminal.ConductingEquipment rdf:resource="#_CAC924CE-922A-4554-A4E6-6DC924D3DCD6"/>
  <cim:ACDCTerminal.sequenceNumber>1</cim:ACDCTerminal.sequenceNumber>
  <cim:Terminal.ConnectivityNode rdf:resource="#_73C85F53-E67F-41E3-B46E-EA743227DA66"/>
  <cim:ACDCTerminal.OperationalLimitSet rdf:resource="#_CE2FE062-CCE6-47B7-BFE8-739B10454C54"/>
</cim:Terminal>
<cim:TransformerTankEnd rdf:ID="_D3EB65CB-794D-44C0-9D47-284B791238B1">
  <cim:IdentifiedObject.mRID>_D3EB65CB-794D-44C0-9D47-284B791238B1</cim:IdentifiedObject.mRID>
  <cim:IdentifiedObject.name>yydb_End_2</cim:IdentifiedObject.name>
  <cim:TransformerTankEnd.phases rdf:resource="http://iec.ch/TC57/CIM100#PhaseCode.B"/>
  <cim:TransformerEnd.grounded>true</cim:TransformerEnd.grounded>
  <cim:TransformerEnd.rground>0</cim:TransformerEnd.rground>
  <cim:TransformerEnd.xground>0</cim:TransformerEnd.xground>
  <cim:TransformerTankEnd.reversed>false</cim:TransformerTankEnd.reversed>
  <cim:TransformerTankEnd.TransformerTank rdf:resource="#_79E922DA-ADD5-4FBE-B46D-6342FDF29C41"/>
  <cim:TransformerEnd.endNumber>2</cim:TransformerEnd.endNumber>
  <cim:TransformerEnd.Terminal rdf:resource="#_3BDAFC75-9BE7-44CA-B01B-7DEA49486BEA"/>
  <cim:TransformerEnd.BaseVoltage rdf:resource="#_DF575520-EB2F-4D57-B315-14A235B5D306"/>
</cim:TransformerTankEnd>
<cim:Terminal rdf:ID="_3BDAFC75-9BE7-44CA-B01B-7DEA49486BEA">
  <cim:IdentifiedObject.mRID>_3BDAFC75-9BE7-44CA-B01B-7DEA49486BEA</cim:IdentifiedObject.mRID>
  <cim:IdentifiedObject.name>yydb_T2</cim:IdentifiedObject.name>
  <cim:Terminal.ConductingEquipment rdf:resource="#_CAC924CE-922A-4554-A4E6-6DC924D3DCD6"/>
  <cim:ACDCTerminal.sequenceNumber>2</cim:ACDCTerminal.sequenceNumber>
  <cim:Terminal.ConnectivityNode rdf:resource="#_2238A080-913E-45B8-96CB-7A9C7F6A6602"/>
</cim:Terminal>
<cim:TransformerTankEnd rdf:ID="_4D47C784-0CD4-4130-999C-0D7BB0AA4625">
  <cim:IdentifiedObject.mRID>_4D47C784-0CD4-4130-999C-0D7BB0AA4625</cim:IdentifiedObject.mRID>
  <cim:IdentifiedObject.name>yydb_End_3</cim:IdentifiedObject.name>
  <cim:TransformerTankEnd.phases rdf:resource="http://iec.ch/TC57/CIM100#PhaseCode.BC"/>
  <cim:TransformerEnd.grounded>false</cim:TransformerEnd.grounded>
  <cim:TransformerTankEnd.reversed>false</cim:TransformerTankEnd.reversed>
  <cim:TransformerTankEnd.TransformerTank rdf:resource="#_79E922DA-ADD5-4FBE-B46D-6342FDF29C41"/>
  <cim:TransformerEnd.endNumber>3</cim:TransformerEnd.endNumber>
  <cim:TransformerEnd.Terminal rdf:resource="#_0F2E6472-1C0D-4D8B-ACEA-81CAE99E84AC"/>
  <cim:TransformerEnd.BaseVoltage rdf:resource="#_E3ECE34C-CE73-4D31-9BDC-DC44DE1A37CC"/>
</cim:TransformerTankEnd>
<cim:Terminal rdf:ID="_0F2E6472-1C0D-4D8B-ACEA-81CAE99E84AC">
  <cim:IdentifiedObject.mRID>_0F2E6472-1C0D-4D8B-ACEA-81CAE99E84AC</cim:IdentifiedObject.mRID>
  <cim:IdentifiedObject.name>yydb_T3</cim:IdentifiedObject.name>
  <cim:Terminal.ConductingEquipment rdf:resource="#_CAC924CE-922A-4554-A4E6-6DC924D3DCD6"/>
  <cim:ACDCTerminal.sequenceNumber>3</cim:ACDCTerminal.sequenceNumber>
  <cim:Terminal.ConnectivityNode rdf:resource="#_7D754945-3B3E-43C5-AC9D-4FB1DAB32091"/>
</cim:Terminal>
<cim:TransformerTank rdf:ID="_65A1B09A-EB6B-4246-968E-81A9183D1879">
  <cim:IdentifiedObject.mRID>_65A1B09A-EB6B-4246-968E-81A9183D1879</cim:IdentifiedObject.mRID>
  <cim:IdentifiedObject.name>yydc</cim:IdentifiedObject.name>
  <cim:Equipment.EquipmentContainer rdf:resource="#_8C63A72C-9B64-42E7-B021-3FD00B4EBCEE"/>
  <cim:TransformerTank.PowerTransformer rdf:resource="#_71D2FAEF-121A-4D9F-9001-93BE4C8DBE7B"/>
  <cim:PowerSystemResource.Location rdf:resource="#_00BEB35D-C6DE-4977-AFA0-E446D996B9B7"/>
</cim:TransformerTank>
<cim:Location rdf:ID="_00BEB35D-C6DE-4977-AFA0-E446D996B9B7">
  <cim:IdentifiedObject.mRID>_00BEB35D-C6DE-4977-AFA0-E446D996B9B7</cim:IdentifiedObject.mRID>
  <cim:IdentifiedObject.name>yydc_Loc</cim:IdentifiedObject.name>
  <cim:Location.CoordinateSystem rdf:resource="#_D1C06DF3-ECAD-426E-8CCE-BA093649C24E"/>
</cim:Location>
<cim:PositionPoint rdf:ID="_8FC11DE9-7E19-49CF-ADD4-9D23AE6DAEDE">
  <cim:PositionPoint.Location rdf:resource="#_00BEB35D-C6DE-4977-AFA0-E446D996B9B7"/>
  <cim:PositionPoint.sequenceNumber>1</cim:PositionPoint.sequenceNumber>
  <cim:PositionPoint.xPosition>0</cim:PositionPoint.xPosition>
  <cim:PositionPoint.yPosition>0</cim:PositionPoint.yPosition>
</cim:PositionPoint>
<cim:PositionPoint rdf:ID="_5E4D9C46-C9C3-4C8F-9033-FAD487716637">
  <cim:PositionPoint.Location rdf:resource="#_00BEB35D-C6DE-4977-AFA0-E446D996B9B7"/>
  <cim:PositionPoint.sequenceNumber>2</cim:PositionPoint.sequenceNumber>
  <cim:PositionPoint.xPosition>0</cim:PositionPoint.xPosition>
  <cim:PositionPoint.yPosition>0</cim:PositionPoint.yPosition>
</cim:PositionPoint>
<cim:PositionPoint rdf:ID="_AE7C0DB7-C95B-4764-9DE9-3B0666E3AE16">
  <cim:PositionPoint.Location rdf:resource="#_00BEB35D-C6DE-4977-AFA0-E446D996B9B7"/>
  <cim:PositionPoint.sequenceNumber>3</cim:PositionPoint.sequenceNumber>
  <cim:PositionPoint.xPosition>0</cim:PositionPoint.xPosition>
  <cim:PositionPoint.yPosition>0</cim:PositionPoint.yPosition>
</cim:PositionPoint>
<cim:TransformerTankEnd rdf:ID="_68B940D3-CC23-4FBA-B408-6049B8ABBEFC">
  <cim:IdentifiedObject.mRID>_68B940D3-CC23-4FBA-B408-6049B8ABBEFC</cim:IdentifiedObject.mRID>
  <cim:IdentifiedObject.name>yydc_End_1</cim:IdentifiedObject.name>
  <cim:TransformerTankEnd.phases rdf:resource="http://iec.ch/TC57/CIM100#PhaseCode.C"/>
  <cim:TransformerEnd.grounded>true</cim:TransformerEnd.grounded>
  <cim:TransformerEnd.rground>0</cim:TransformerEnd.rground>
  <cim:TransformerEnd.xground>0</cim:TransformerEnd.xground>
  <cim:TransformerTankEnd.reversed>false</cim:TransformerTankEnd.reversed>
  <cim:TransformerTankEnd.TransformerTank rdf:resource="#_65A1B09A-EB6B-4246-968E-81A9183D1879"/>
  <cim:TransformerEnd.endNumber>1</cim:TransformerEnd.endNumber>
  <cim:TransformerEnd.Terminal rdf:resource="#_BD2DC926-736A-46CB-8BD3-76D2FE49D96B"/>
  <cim:TransformerEnd.BaseVoltage rdf:resource="#_B04D4670-ACE6-4A5C-960B-1C877B7673A8"/>
</cim:TransformerTankEnd>
<cim:Terminal rdf:ID="_BD2DC926-736A-46CB-8BD3-76D2FE49D96B">
  <cim:IdentifiedObject.mRID>_BD2DC926-736A-46CB-8BD3-76D2FE49D96B</cim:IdentifiedObject.mRID>
  <cim:IdentifiedObject.name>yydc_T1</cim:IdentifiedObject.name>
  <cim:Terminal.ConductingEquipment rdf:resource="#_71D2FAEF-121A-4D9F-9001-93BE4C8DBE7B"/>
  <cim:ACDCTerminal.sequenceNumber>1</cim:ACDCTerminal.sequenceNumber>
  <cim:Terminal.ConnectivityNode rdf:resource="#_73C85F53-E67F-41E3-B46E-EA743227DA66"/>
  <cim:ACDCTerminal.OperationalLimitSet rdf:resource="#_CE2FE062-CCE6-47B7-BFE8-739B10454C54"/>
</cim:Terminal>
<cim:TransformerTankEnd rdf:ID="_EB61BB19-CDBE-4308-8361-A36BFA7C7648">
  <cim:IdentifiedObject.mRID>_EB61BB19-CDBE-4308-8361-A36BFA7C7648</cim:IdentifiedObject.mRID>
  <cim:IdentifiedObject.name>yydc_End_2</cim:IdentifiedObject.name>
  <cim:TransformerTankEnd.phases rdf:resource="http://iec.ch/TC57/CIM100#PhaseCode.C"/>
  <cim:TransformerEnd.grounded>true</cim:TransformerEnd.grounded>
  <cim:TransformerEnd.rground>0</cim:TransformerEnd.rground>
  <cim:TransformerEnd.xground>0</cim:TransformerEnd.xground>
  <cim:TransformerTankEnd.reversed>false</cim:TransformerTankEnd.reversed>
  <cim:TransformerTankEnd.TransformerTank rdf:resource="#_65A1B09A-EB6B-4246-968E-81A9183D1879"/>
  <cim:TransformerEnd.endNumber>2</cim:TransformerEnd.endNumber>
  <cim:TransformerEnd.Terminal rdf:resource="#_E2A23538-DF1D-4276-9ADA-1839E519CE66"/>
  <cim:TransformerEnd.BaseVoltage rdf:resource="#_DF575520-EB2F-4D57-B315-14A235B5D306"/>
</cim:TransformerTankEnd>
<cim:Terminal rdf:ID="_E2A23538-DF1D-4276-9ADA-1839E519CE66">
  <cim:IdentifiedObject.mRID>_E2A23538-DF1D-4276-9ADA-1839E519CE66</cim:IdentifiedObject.mRID>
  <cim:IdentifiedObject.name>yydc_T2</cim:IdentifiedObject.name>
  <cim:Terminal.ConductingEquipment rdf:resource="#_71D2FAEF-121A-4D9F-9001-93BE4C8DBE7B"/>
  <cim:ACDCTerminal.sequenceNumber>2</cim:ACDCTerminal.sequenceNumber>
  <cim:Terminal.ConnectivityNode rdf:resource="#_2238A080-913E-45B8-96CB-7A9C7F6A6602"/>
</cim:Terminal>
<cim:TransformerTankEnd rdf:ID="_C868E54F-DAA6-40E7-A07F-CB6C9C37B609">
  <cim:IdentifiedObject.mRID>_C868E54F-DAA6-40E7-A07F-CB6C9C37B609</cim:IdentifiedObject.mRID>
  <cim:IdentifiedObject.name>yydc_End_3</cim:IdentifiedObject.name>
  <cim:TransformerTankEnd.phases rdf:resource="http://iec.ch/TC57/CIM100#PhaseCode.AC"/>
  <cim:TransformerEnd.grounded>false</cim:TransformerEnd.grounded>
  <cim:TransformerTankEnd.reversed>true</cim:TransformerTankEnd.reversed>
  <cim:TransformerTankEnd.TransformerTank rdf:resource="#_65A1B09A-EB6B-4246-968E-81A9183D1879"/>
  <cim:TransformerEnd.endNumber>3</cim:TransformerEnd.endNumber>
  <cim:TransformerEnd.Terminal rdf:resource="#_0DF93072-578A-45E6-91EC-54940A177904"/>
  <cim:TransformerEnd.BaseVoltage rdf:resource="#_E3ECE34C-CE73-4D31-9BDC-DC44DE1A37CC"/>
</cim:TransformerTankEnd>
<cim:Terminal rdf:ID="_0DF93072-578A-45E6-91EC-54940A177904">
  <cim:IdentifiedObject.mRID>_0DF93072-578A-45E6-91EC-54940A177904</cim:IdentifiedObject.mRID>
  <cim:IdentifiedObject.name>yydc_T3</cim:IdentifiedObject.name>
  <cim:Terminal.ConductingEquipment rdf:resource="#_71D2FAEF-121A-4D9F-9001-93BE4C8DBE7B"/>
  <cim:ACDCTerminal.sequenceNumber>3</cim:ACDCTerminal.sequenceNumber>
  <cim:Terminal.ConnectivityNode rdf:resource="#_7D754945-3B3E-43C5-AC9D-4FB1DAB32091"/>
</cim:Terminal>
<cim:PowerTransformer rdf:ID="_2C49EA5E-A382-450D-9F37-A4609AE17ECB">
  <cim:IdentifiedObject.mRID>_2C49EA5E-A382-450D-9F37-A4609AE17ECB</cim:IdentifiedObject.mRID>
  <cim:IdentifiedObject.name>yyda</cim:IdentifiedObject.name>
  <cim:Equipment.EquipmentContainer rdf:resource="#_8C63A72C-9B64-42E7-B021-3FD00B4EBCEE"/>
  <cim:PowerTransformer.vectorGroup>Iii</cim:PowerTransformer.vectorGroup>
  <cim:PowerSystemResource.Location rdf:resource="#_7E00FDFC-877C-482E-8C1C-78A30C55A87A"/>
</cim:PowerTransformer>
<cim:PowerTransformer rdf:ID="_CAC924CE-922A-4554-A4E6-6DC924D3DCD6">
  <cim:IdentifiedObject.mRID>_CAC924CE-922A-4554-A4E6-6DC924D3DCD6</cim:IdentifiedObject.mRID>
  <cim:IdentifiedObject.name>yydb</cim:IdentifiedObject.name>
  <cim:Equipment.EquipmentContainer rdf:resource="#_8C63A72C-9B64-42E7-B021-3FD00B4EBCEE"/>
  <cim:PowerTransformer.vectorGroup>Iii</cim:PowerTransformer.vectorGroup>
  <cim:PowerSystemResource.Location rdf:resource="#_145F3EFD-0083-4865-B31C-E338CE2B3E92"/>
</cim:PowerTransformer>
<cim:PowerTransformer rdf:ID="_71D2FAEF-121A-4D9F-9001-93BE4C8DBE7B">
  <cim:IdentifiedObject.mRID>_71D2FAEF-121A-4D9F-9001-93BE4C8DBE7B</cim:IdentifiedObject.mRID>
  <cim:IdentifiedObject.name>yydc</cim:IdentifiedObject.name>
  <cim:Equipment.EquipmentContainer rdf:resource="#_8C63A72C-9B64-42E7-B021-3FD00B4EBCEE"/>
  <cim:PowerTransformer.vectorGroup>Iii</cim:PowerTransformer.vectorGroup>
  <cim:PowerSystemResource.Location rdf:resource="#_00BEB35D-C6DE-4977-AFA0-E446D996B9B7"/>
</cim:PowerTransformer>
<cim:ACLineSegment rdf:ID="_075E69AD-C82A-4406-9FC2-B871208B4D9D">
  <cim:IdentifiedObject.mRID>_075E69AD-C82A-4406-9FC2-B871208B4D9D</cim:IdentifiedObject.mRID>
  <cim:IdentifiedObject.name>tline1-2</cim:IdentifiedObject.name>
  <cim:Equipment.EquipmentContainer rdf:resource="#_8C63A72C-9B64-42E7-B021-3FD00B4EBCEE"/>
  <cim:ConductingEquipment.BaseVoltage rdf:resource="#_B04D4670-ACE6-4A5C-960B-1C877B7673A8"/>
  <cim:Conductor.length>16093.44</cim:Conductor.length>
  <cim:ACLineSegment.WireSpacingInfo rdf:resource="#_9CEF38D1-3087-41B9-9118-C3B4BC2426CB"/>
  <cim:PowerSystemResource.Location rdf:resource="#_1F4B3928-CEC4-4224-A3B9-424F1C7A1D76"/>
</cim:ACLineSegment>
<cim:ACLineSegmentPhase rdf:ID="_3A40EE0D-A560-4638-8CEF-8D0EBD56B207">
  <cim:IdentifiedObject.mRID>_3A40EE0D-A560-4638-8CEF-8D0EBD56B207</cim:IdentifiedObject.mRID>
  <cim:IdentifiedObject.name>tline1-2_A</cim:IdentifiedObject.name>
  <cim:ACLineSegmentPhase.phase rdf:resource="http://iec.ch/TC57/CIM100#SinglePhaseKind.A"/>
  <cim:ACLineSegmentPhase.sequenceNumber>1</cim:ACLineSegmentPhase.sequenceNumber>
  <cim:ACLineSegmentPhase.WireInfo rdf:resource="#_E90D1923-399B-47F3-8C6C-EDB3821A2105"/>
  <cim:ACLineSegmentPhase.ACLineSegment rdf:resource="#_075E69AD-C82A-4406-9FC2-B871208B4D9D"/>
  <cim:PowerSystemResource.Location rdf:resource="#_1F4B3928-CEC4-4224-A3B9-424F1C7A1D76"/>
</cim:ACLineSegmentPhase>
<cim:ACLineSegmentPhase rdf:ID="_191C8CD2-F490-4114-B96A-3C5024916E88">
  <cim:IdentifiedObject.mRID>_191C8CD2-F490-4114-B96A-3C5024916E88</cim:IdentifiedObject.mRID>
  <cim:IdentifiedObject.name>tline1-2_B</cim:IdentifiedObject.name>
  <cim:ACLineSegmentPhase.phase rdf:resource="http://iec.ch/TC57/CIM100#SinglePhaseKind.B"/>
  <cim:ACLineSegmentPhase.sequenceNumber>2</cim:ACLineSegmentPhase.sequenceNumber>
  <cim:ACLineSegmentPhase.WireInfo rdf:resource="#_E90D1923-399B-47F3-8C6C-EDB3821A2105"/>
  <cim:ACLineSegmentPhase.ACLineSegment rdf:resource="#_075E69AD-C82A-4406-9FC2-B871208B4D9D"/>
  <cim:PowerSystemResource.Location rdf:resource="#_1F4B3928-CEC4-4224-A3B9-424F1C7A1D76"/>
</cim:ACLineSegmentPhase>
<cim:ACLineSegmentPhase rdf:ID="_F68092AA-0462-414C-84EC-49B04FDE62D6">
  <cim:IdentifiedObject.mRID>_F68092AA-0462-414C-84EC-49B04FDE62D6</cim:IdentifiedObject.mRID>
  <cim:IdentifiedObject.name>tline1-2_C</cim:IdentifiedObject.name>
  <cim:ACLineSegmentPhase.phase rdf:resource="http://iec.ch/TC57/CIM100#SinglePhaseKind.C"/>
  <cim:ACLineSegmentPhase.sequenceNumber>3</cim:ACLineSegmentPhase.sequenceNumber>
  <cim:ACLineSegmentPhase.WireInfo rdf:resource="#_E90D1923-399B-47F3-8C6C-EDB3821A2105"/>
  <cim:ACLineSegmentPhase.ACLineSegment rdf:resource="#_075E69AD-C82A-4406-9FC2-B871208B4D9D"/>
  <cim:PowerSystemResource.Location rdf:resource="#_1F4B3928-CEC4-4224-A3B9-424F1C7A1D76"/>
</cim:ACLineSegmentPhase>
<cim:ACLineSegmentPhase rdf:ID="_6244B181-A5F1-46CB-9BCA-0357112E7288">
  <cim:IdentifiedObject.mRID>_6244B181-A5F1-46CB-9BCA-0357112E7288</cim:IdentifiedObject.mRID>
  <cim:IdentifiedObject.name>tline1-2_N</cim:IdentifiedObject.name>
  <cim:ACLineSegmentPhase.phase rdf:resource="http://iec.ch/TC57/CIM100#SinglePhaseKind.N"/>
  <cim:ACLineSegmentPhase.sequenceNumber>4</cim:ACLineSegmentPhase.sequenceNumber>
  <cim:ACLineSegmentPhase.WireInfo rdf:resource="#_EE7DBD2C-87AB-415F-AAF9-2DC781FA7BDC"/>
  <cim:ACLineSegmentPhase.ACLineSegment rdf:resource="#_075E69AD-C82A-4406-9FC2-B871208B4D9D"/>
  <cim:PowerSystemResource.Location rdf:resource="#_1F4B3928-CEC4-4224-A3B9-424F1C7A1D76"/>
</cim:ACLineSegmentPhase>
<cim:Terminal rdf:ID="_F3BDF514-F9B1-4F2C-A937-815D9837247C">
  <cim:IdentifiedObject.mRID>_F3BDF514-F9B1-4F2C-A937-815D9837247C</cim:IdentifiedObject.mRID>
  <cim:IdentifiedObject.name>tline1-2_T1</cim:IdentifiedObject.name>
  <cim:Terminal.ConductingEquipment rdf:resource="#_075E69AD-C82A-4406-9FC2-B871208B4D9D"/>
  <cim:ACDCTerminal.sequenceNumber>1</cim:ACDCTerminal.sequenceNumber>
  <cim:Terminal.ConnectivityNode rdf:resource="#_57E85702-6E0E-436D-A304-8DE0FF8139BE"/>
  <cim:ACDCTerminal.OperationalLimitSet rdf:resource="#_37CA451F-8E8C-475F-A39F-697E2ED0E65E"/>
</cim:Terminal>
<cim:Terminal rdf:ID="_6E6188A8-6AE6-496E-84BF-10A1F6A80621">
  <cim:IdentifiedObject.mRID>_6E6188A8-6AE6-496E-84BF-10A1F6A80621</cim:IdentifiedObject.mRID>
  <cim:IdentifiedObject.name>tline1-2_T2</cim:IdentifiedObject.name>
  <cim:Terminal.ConductingEquipment rdf:resource="#_075E69AD-C82A-4406-9FC2-B871208B4D9D"/>
  <cim:ACDCTerminal.sequenceNumber>2</cim:ACDCTerminal.sequenceNumber>
  <cim:Terminal.ConnectivityNode rdf:resource="#_73C85F53-E67F-41E3-B46E-EA743227DA66"/>
</cim:Terminal>
<cim:Location rdf:ID="_1F4B3928-CEC4-4224-A3B9-424F1C7A1D76">
  <cim:IdentifiedObject.mRID>_1F4B3928-CEC4-4224-A3B9-424F1C7A1D76</cim:IdentifiedObject.mRID>
  <cim:IdentifiedObject.name>tline1-2_Loc</cim:IdentifiedObject.name>
  <cim:Location.CoordinateSystem rdf:resource="#_D1C06DF3-ECAD-426E-8CCE-BA093649C24E"/>
</cim:Location>
<cim:PositionPoint rdf:ID="_273F6694-5D86-4DEE-A94B-9725AAC62455">
  <cim:PositionPoint.Location rdf:resource="#_1F4B3928-CEC4-4224-A3B9-424F1C7A1D76"/>
  <cim:PositionPoint.sequenceNumber>1</cim:PositionPoint.sequenceNumber>
  <cim:PositionPoint.xPosition>0</cim:PositionPoint.xPosition>
  <cim:PositionPoint.yPosition>0</cim:PositionPoint.yPosition>
</cim:PositionPoint>
<cim:PositionPoint rdf:ID="_B8C58B6A-1AFA-4D37-9158-FD6E38DC2689">
  <cim:PositionPoint.Location rdf:resource="#_1F4B3928-CEC4-4224-A3B9-424F1C7A1D76"/>
  <cim:PositionPoint.sequenceNumber>2</cim:PositionPoint.sequenceNumber>
  <cim:PositionPoint.xPosition>0</cim:PositionPoint.xPosition>
  <cim:PositionPoint.yPosition>0</cim:PositionPoint.yPosition>
</cim:PositionPoint>
<cim:ACLineSegment rdf:ID="_4A9BBF8C-7FBF-4110-B41E-610F16CC7737">
  <cim:IdentifiedObject.mRID>_4A9BBF8C-7FBF-4110-B41E-610F16CC7737</cim:IdentifiedObject.mRID>
  <cim:IdentifiedObject.name>dline3-4</cim:IdentifiedObject.name>
  <cim:Equipment.EquipmentContainer rdf:resource="#_8C63A72C-9B64-42E7-B021-3FD00B4EBCEE"/>
  <cim:ConductingEquipment.BaseVoltage rdf:resource="#_DF575520-EB2F-4D57-B315-14A235B5D306"/>
  <cim:Conductor.length>1609.344</cim:Conductor.length>
  <cim:ACLineSegment.WireSpacingInfo rdf:resource="#_980569E7-6BE6-445E-BF1F-AEE7B21F6A78"/>
  <cim:PowerSystemResource.Location rdf:resource="#_3535EF16-D2BB-4542-8AB3-63401B5EE708"/>
</cim:ACLineSegment>
<cim:ACLineSegmentPhase rdf:ID="_8FE519FC-24FA-45F8-9180-DCB5EA179252">
  <cim:IdentifiedObject.mRID>_8FE519FC-24FA-45F8-9180-DCB5EA179252</cim:IdentifiedObject.mRID>
  <cim:IdentifiedObject.name>dline3-4_A</cim:IdentifiedObject.name>
  <cim:ACLineSegmentPhase.phase rdf:resource="http://iec.ch/TC57/CIM100#SinglePhaseKind.A"/>
  <cim:ACLineSegmentPhase.sequenceNumber>1</cim:ACLineSegmentPhase.sequenceNumber>
  <cim:ACLineSegmentPhase.WireInfo rdf:resource="#_E90D1923-399B-47F3-8C6C-EDB3821A2105"/>
  <cim:ACLineSegmentPhase.ACLineSegment rdf:resource="#_4A9BBF8C-7FBF-4110-B41E-610F16CC7737"/>
  <cim:PowerSystemResource.Location rdf:resource="#_3535EF16-D2BB-4542-8AB3-63401B5EE708"/>
</cim:ACLineSegmentPhase>
<cim:ACLineSegmentPhase rdf:ID="_6DFE2B37-80A6-4E6C-8408-DC6BD05670D4">
  <cim:IdentifiedObject.mRID>_6DFE2B37-80A6-4E6C-8408-DC6BD05670D4</cim:IdentifiedObject.mRID>
  <cim:IdentifiedObject.name>dline3-4_B</cim:IdentifiedObject.name>
  <cim:ACLineSegmentPhase.phase rdf:resource="http://iec.ch/TC57/CIM100#SinglePhaseKind.B"/>
  <cim:ACLineSegmentPhase.sequenceNumber>2</cim:ACLineSegmentPhase.sequenceNumber>
  <cim:ACLineSegmentPhase.WireInfo rdf:resource="#_E90D1923-399B-47F3-8C6C-EDB3821A2105"/>
  <cim:ACLineSegmentPhase.ACLineSegment rdf:resource="#_4A9BBF8C-7FBF-4110-B41E-610F16CC7737"/>
  <cim:PowerSystemResource.Location rdf:resource="#_3535EF16-D2BB-4542-8AB3-63401B5EE708"/>
</cim:ACLineSegmentPhase>
<cim:ACLineSegmentPhase rdf:ID="_D3D729B0-A79F-4B4C-AC6D-B294A07CFAC3">
  <cim:IdentifiedObject.mRID>_D3D729B0-A79F-4B4C-AC6D-B294A07CFAC3</cim:IdentifiedObject.mRID>
  <cim:IdentifiedObject.name>dline3-4_C</cim:IdentifiedObject.name>
  <cim:ACLineSegmentPhase.phase rdf:resource="http://iec.ch/TC57/CIM100#SinglePhaseKind.C"/>
  <cim:ACLineSegmentPhase.sequenceNumber>3</cim:ACLineSegmentPhase.sequenceNumber>
  <cim:ACLineSegmentPhase.WireInfo rdf:resource="#_E90D1923-399B-47F3-8C6C-EDB3821A2105"/>
  <cim:ACLineSegmentPhase.ACLineSegment rdf:resource="#_4A9BBF8C-7FBF-4110-B41E-610F16CC7737"/>
  <cim:PowerSystemResource.Location rdf:resource="#_3535EF16-D2BB-4542-8AB3-63401B5EE708"/>
</cim:ACLineSegmentPhase>
<cim:ACLineSegmentPhase rdf:ID="_2A29987A-B4B5-4A49-8DB5-8E2E9D3B1398">
  <cim:IdentifiedObject.mRID>_2A29987A-B4B5-4A49-8DB5-8E2E9D3B1398</cim:IdentifiedObject.mRID>
  <cim:IdentifiedObject.name>dline3-4_N</cim:IdentifiedObject.name>
  <cim:ACLineSegmentPhase.phase rdf:resource="http://iec.ch/TC57/CIM100#SinglePhaseKind.N"/>
  <cim:ACLineSegmentPhase.sequenceNumber>4</cim:ACLineSegmentPhase.sequenceNumber>
  <cim:ACLineSegmentPhase.WireInfo rdf:resource="#_EE7DBD2C-87AB-415F-AAF9-2DC781FA7BDC"/>
  <cim:ACLineSegmentPhase.ACLineSegment rdf:resource="#_4A9BBF8C-7FBF-4110-B41E-610F16CC7737"/>
  <cim:PowerSystemResource.Location rdf:resource="#_3535EF16-D2BB-4542-8AB3-63401B5EE708"/>
</cim:ACLineSegmentPhase>
<cim:Terminal rdf:ID="_FD0C0BEF-8254-47F7-8B40-8580796E5A99">
  <cim:IdentifiedObject.mRID>_FD0C0BEF-8254-47F7-8B40-8580796E5A99</cim:IdentifiedObject.mRID>
  <cim:IdentifiedObject.name>dline3-4_T1</cim:IdentifiedObject.name>
  <cim:Terminal.ConductingEquipment rdf:resource="#_4A9BBF8C-7FBF-4110-B41E-610F16CC7737"/>
  <cim:ACDCTerminal.sequenceNumber>1</cim:ACDCTerminal.sequenceNumber>
  <cim:Terminal.ConnectivityNode rdf:resource="#_2238A080-913E-45B8-96CB-7A9C7F6A6602"/>
  <cim:ACDCTerminal.OperationalLimitSet rdf:resource="#_37CA451F-8E8C-475F-A39F-697E2ED0E65E"/>
</cim:Terminal>
<cim:Terminal rdf:ID="_05D41F69-E4A0-44E8-92D9-66CBE0CB4F13">
  <cim:IdentifiedObject.mRID>_05D41F69-E4A0-44E8-92D9-66CBE0CB4F13</cim:IdentifiedObject.mRID>
  <cim:IdentifiedObject.name>dline3-4_T2</cim:IdentifiedObject.name>
  <cim:Terminal.ConductingEquipment rdf:resource="#_4A9BBF8C-7FBF-4110-B41E-610F16CC7737"/>
  <cim:ACDCTerminal.sequenceNumber>2</cim:ACDCTerminal.sequenceNumber>
  <cim:Terminal.ConnectivityNode rdf:resource="#_DEED0F54-B140-4DC2-BC55-E70BF3E4FD81"/>
</cim:Terminal>
<cim:Location rdf:ID="_3535EF16-D2BB-4542-8AB3-63401B5EE708">
  <cim:IdentifiedObject.mRID>_3535EF16-D2BB-4542-8AB3-63401B5EE708</cim:IdentifiedObject.mRID>
  <cim:IdentifiedObject.name>dline3-4_Loc</cim:IdentifiedObject.name>
  <cim:Location.CoordinateSystem rdf:resource="#_D1C06DF3-ECAD-426E-8CCE-BA093649C24E"/>
</cim:Location>
<cim:PositionPoint rdf:ID="_8D60124F-B4B0-473C-93E5-4AD3EFF932CC">
  <cim:PositionPoint.Location rdf:resource="#_3535EF16-D2BB-4542-8AB3-63401B5EE708"/>
  <cim:PositionPoint.sequenceNumber>1</cim:PositionPoint.sequenceNumber>
  <cim:PositionPoint.xPosition>0</cim:PositionPoint.xPosition>
  <cim:PositionPoint.yPosition>0</cim:PositionPoint.yPosition>
</cim:PositionPoint>
<cim:PositionPoint rdf:ID="_995A5EF6-65B2-4F42-A31C-A9A4BA005433">
  <cim:PositionPoint.Location rdf:resource="#_3535EF16-D2BB-4542-8AB3-63401B5EE708"/>
  <cim:PositionPoint.sequenceNumber>2</cim:PositionPoint.sequenceNumber>
  <cim:PositionPoint.xPosition>0</cim:PositionPoint.xPosition>
  <cim:PositionPoint.yPosition>0</cim:PositionPoint.yPosition>
</cim:PositionPoint>
<cim:ACLineSegment rdf:ID="_AC346B43-7A53-429F-8773-415CBD5F4E86">
  <cim:IdentifiedObject.mRID>_AC346B43-7A53-429F-8773-415CBD5F4E86</cim:IdentifiedObject.mRID>
  <cim:IdentifiedObject.name>dline5-6</cim:IdentifiedObject.name>
  <cim:Equipment.EquipmentContainer rdf:resource="#_8C63A72C-9B64-42E7-B021-3FD00B4EBCEE"/>
  <cim:ConductingEquipment.BaseVoltage rdf:resource="#_E3ECE34C-CE73-4D31-9BDC-DC44DE1A37CC"/>
  <cim:Conductor.length>45.72</cim:Conductor.length>
  <cim:ACLineSegment.WireSpacingInfo rdf:resource="#_02E05C31-BA43-47F5-8424-4DF1A364219C"/>
  <cim:PowerSystemResource.Location rdf:resource="#_74BA7954-65D7-4AB1-BE1D-640766BAD476"/>
</cim:ACLineSegment>
<cim:ACLineSegmentPhase rdf:ID="_FD5F870E-E7DE-41E2-8C60-D8EBF848B334">
  <cim:IdentifiedObject.mRID>_FD5F870E-E7DE-41E2-8C60-D8EBF848B334</cim:IdentifiedObject.mRID>
  <cim:IdentifiedObject.name>dline5-6_A</cim:IdentifiedObject.name>
  <cim:ACLineSegmentPhase.phase rdf:resource="http://iec.ch/TC57/CIM100#SinglePhaseKind.A"/>
  <cim:ACLineSegmentPhase.sequenceNumber>1</cim:ACLineSegmentPhase.sequenceNumber>
  <cim:ACLineSegmentPhase.WireInfo rdf:resource="#_E90D1923-399B-47F3-8C6C-EDB3821A2105"/>
  <cim:ACLineSegmentPhase.ACLineSegment rdf:resource="#_AC346B43-7A53-429F-8773-415CBD5F4E86"/>
  <cim:PowerSystemResource.Location rdf:resource="#_74BA7954-65D7-4AB1-BE1D-640766BAD476"/>
</cim:ACLineSegmentPhase>
<cim:ACLineSegmentPhase rdf:ID="_D19A404F-7919-4668-BDAF-81110437F86D">
  <cim:IdentifiedObject.mRID>_D19A404F-7919-4668-BDAF-81110437F86D</cim:IdentifiedObject.mRID>
  <cim:IdentifiedObject.name>dline5-6_B</cim:IdentifiedObject.name>
  <cim:ACLineSegmentPhase.phase rdf:resource="http://iec.ch/TC57/CIM100#SinglePhaseKind.B"/>
  <cim:ACLineSegmentPhase.sequenceNumber>2</cim:ACLineSegmentPhase.sequenceNumber>
  <cim:ACLineSegmentPhase.WireInfo rdf:resource="#_E90D1923-399B-47F3-8C6C-EDB3821A2105"/>
  <cim:ACLineSegmentPhase.ACLineSegment rdf:resource="#_AC346B43-7A53-429F-8773-415CBD5F4E86"/>
  <cim:PowerSystemResource.Location rdf:resource="#_74BA7954-65D7-4AB1-BE1D-640766BAD476"/>
</cim:ACLineSegmentPhase>
<cim:ACLineSegmentPhase rdf:ID="_76C11B91-D414-4A40-8993-F6E2E803DFEB">
  <cim:IdentifiedObject.mRID>_76C11B91-D414-4A40-8993-F6E2E803DFEB</cim:IdentifiedObject.mRID>
  <cim:IdentifiedObject.name>dline5-6_C</cim:IdentifiedObject.name>
  <cim:ACLineSegmentPhase.phase rdf:resource="http://iec.ch/TC57/CIM100#SinglePhaseKind.C"/>
  <cim:ACLineSegmentPhase.sequenceNumber>3</cim:ACLineSegmentPhase.sequenceNumber>
  <cim:ACLineSegmentPhase.WireInfo rdf:resource="#_E90D1923-399B-47F3-8C6C-EDB3821A2105"/>
  <cim:ACLineSegmentPhase.ACLineSegment rdf:resource="#_AC346B43-7A53-429F-8773-415CBD5F4E86"/>
  <cim:PowerSystemResource.Location rdf:resource="#_74BA7954-65D7-4AB1-BE1D-640766BAD476"/>
</cim:ACLineSegmentPhase>
<cim:Terminal rdf:ID="_418F63EB-8F84-49F5-8F46-CDCBA312FE33">
  <cim:IdentifiedObject.mRID>_418F63EB-8F84-49F5-8F46-CDCBA312FE33</cim:IdentifiedObject.mRID>
  <cim:IdentifiedObject.name>dline5-6_T1</cim:IdentifiedObject.name>
  <cim:Terminal.ConductingEquipment rdf:resource="#_AC346B43-7A53-429F-8773-415CBD5F4E86"/>
  <cim:ACDCTerminal.sequenceNumber>1</cim:ACDCTerminal.sequenceNumber>
  <cim:Terminal.ConnectivityNode rdf:resource="#_7D754945-3B3E-43C5-AC9D-4FB1DAB32091"/>
  <cim:ACDCTerminal.OperationalLimitSet rdf:resource="#_37CA451F-8E8C-475F-A39F-697E2ED0E65E"/>
</cim:Terminal>
<cim:Terminal rdf:ID="_CACC5BCA-162E-4D8D-9529-E9D3F3E812A2">
  <cim:IdentifiedObject.mRID>_CACC5BCA-162E-4D8D-9529-E9D3F3E812A2</cim:IdentifiedObject.mRID>
  <cim:IdentifiedObject.name>dline5-6_T2</cim:IdentifiedObject.name>
  <cim:Terminal.ConductingEquipment rdf:resource="#_AC346B43-7A53-429F-8773-415CBD5F4E86"/>
  <cim:ACDCTerminal.sequenceNumber>2</cim:ACDCTerminal.sequenceNumber>
  <cim:Terminal.ConnectivityNode rdf:resource="#_ABC5EBC7-890D-4D6A-A8EB-D98A792F56C7"/>
</cim:Terminal>
<cim:Location rdf:ID="_74BA7954-65D7-4AB1-BE1D-640766BAD476">
  <cim:IdentifiedObject.mRID>_74BA7954-65D7-4AB1-BE1D-640766BAD476</cim:IdentifiedObject.mRID>
  <cim:IdentifiedObject.name>dline5-6_Loc</cim:IdentifiedObject.name>
  <cim:Location.CoordinateSystem rdf:resource="#_D1C06DF3-ECAD-426E-8CCE-BA093649C24E"/>
</cim:Location>
<cim:PositionPoint rdf:ID="_797D9423-E247-4EFC-BC38-DD014CBC5453">
  <cim:PositionPoint.Location rdf:resource="#_74BA7954-65D7-4AB1-BE1D-640766BAD476"/>
  <cim:PositionPoint.sequenceNumber>1</cim:PositionPoint.sequenceNumber>
  <cim:PositionPoint.xPosition>0</cim:PositionPoint.xPosition>
  <cim:PositionPoint.yPosition>0</cim:PositionPoint.yPosition>
</cim:PositionPoint>
<cim:PositionPoint rdf:ID="_EA468631-E200-436F-A5AB-DE4FBC51A720">
  <cim:PositionPoint.Location rdf:resource="#_74BA7954-65D7-4AB1-BE1D-640766BAD476"/>
  <cim:PositionPoint.sequenceNumber>2</cim:PositionPoint.sequenceNumber>
  <cim:PositionPoint.xPosition>0</cim:PositionPoint.xPosition>
  <cim:PositionPoint.yPosition>0</cim:PositionPoint.yPosition>
</cim:PositionPoint>
<cim:LoadResponseCharacteristic rdf:ID="_18CE2D59-8DE7-4C4B-A86F-22650770C74C">
  <cim:IdentifiedObject.mRID>_18CE2D59-8DE7-4C4B-A86F-22650770C74C</cim:IdentifiedObject.mRID>
  <cim:IdentifiedObject.name>Constant kVA</cim:IdentifiedObject.name>
  <cim:LoadResponseCharacteristic.exponentModel>false</cim:LoadResponseCharacteristic.exponentModel>
  <cim:LoadResponseCharacteristic.pConstantImpedance>0</cim:LoadResponseCharacteristic.pConstantImpedance>
  <cim:LoadResponseCharacteristic.pConstantCurrent>0</cim:LoadResponseCharacteristic.pConstantCurrent>
  <cim:LoadResponseCharacteristic.pConstantPower>100</cim:LoadResponseCharacteristic.pConstantPower>
  <cim:LoadResponseCharacteristic.qConstantImpedance>0</cim:LoadResponseCharacteristic.qConstantImpedance>
  <cim:LoadResponseCharacteristic.qConstantCurrent>0</cim:LoadResponseCharacteristic.qConstantCurrent>
  <cim:LoadResponseCharacteristic.qConstantPower>100</cim:LoadResponseCharacteristic.qConstantPower>
  <cim:LoadResponseCharacteristic.pVoltageExponent>0</cim:LoadResponseCharacteristic.pVoltageExponent>
  <cim:LoadResponseCharacteristic.qVoltageExponent>0</cim:LoadResponseCharacteristic.qVoltageExponent>
  <cim:LoadResponseCharacteristic.pFrequencyExponent>0</cim:LoadResponseCharacteristic.pFrequencyExponent>
  <cim:LoadResponseCharacteristic.qFrequencyExponent>0</cim:LoadResponseCharacteristic.qFrequencyExponent>
</cim:LoadResponseCharacteristic>
<cim:LoadResponseCharacteristic rdf:ID="_D4AEDB32-0B61-426B-8F2C-DB89F182D609">
  <cim:IdentifiedObject.mRID>_D4AEDB32-0B61-426B-8F2C-DB89F182D609</cim:IdentifiedObject.mRID>
  <cim:IdentifiedObject.name>Constant Z</cim:IdentifiedObject.name>
  <cim:LoadResponseCharacteristic.exponentModel>false</cim:LoadResponseCharacteristic.exponentModel>
  <cim:LoadResponseCharacteristic.pConstantImpedance>100</cim:LoadResponseCharacteristic.pConstantImpedance>
  <cim:LoadResponseCharacteristic.pConstantCurrent>0</cim:LoadResponseCharacteristic.pConstantCurrent>
  <cim:LoadResponseCharacteristic.pConstantPower>0</cim:LoadResponseCharacteristic.pConstantPower>
  <cim:LoadResponseCharacteristic.qConstantImpedance>100</cim:LoadResponseCharacteristic.qConstantImpedance>
  <cim:LoadResponseCharacteristic.qConstantCurrent>0</cim:LoadResponseCharacteristic.qConstantCurrent>
  <cim:LoadResponseCharacteristic.qConstantPower>0</cim:LoadResponseCharacteristic.qConstantPower>
  <cim:LoadResponseCharacteristic.pVoltageExponent>0</cim:LoadResponseCharacteristic.pVoltageExponent>
  <cim:LoadResponseCharacteristic.qVoltageExponent>0</cim:LoadResponseCharacteristic.qVoltageExponent>
  <cim:LoadResponseCharacteristic.pFrequencyExponent>0</cim:LoadResponseCharacteristic.pFrequencyExponent>
  <cim:LoadResponseCharacteristic.qFrequencyExponent>0</cim:LoadResponseCharacteristic.qFrequencyExponent>
</cim:LoadResponseCharacteristic>
<cim:LoadResponseCharacteristic rdf:ID="_B641D463-0345-4713-BC3C-C9DC8A940322">
  <cim:IdentifiedObject.mRID>_B641D463-0345-4713-BC3C-C9DC8A940322</cim:IdentifiedObject.mRID>
  <cim:IdentifiedObject.name>Motor</cim:IdentifiedObject.name>
  <cim:LoadResponseCharacteristic.exponentModel>false</cim:LoadResponseCharacteristic.exponentModel>
  <cim:LoadResponseCharacteristic.pConstantImpedance>0</cim:LoadResponseCharacteristic.pConstantImpedance>
  <cim:LoadResponseCharacteristic.pConstantCurrent>0</cim:LoadResponseCharacteristic.pConstantCurrent>
  <cim:LoadResponseCharacteristic.pConstantPower>100</cim:LoadResponseCharacteristic.pConstantPower>
  <cim:LoadResponseCharacteristic.qConstantImpedance>100</cim:LoadResponseCharacteristic.qConstantImpedance>
  <cim:LoadResponseCharacteristic.qConstantCurrent>0</cim:LoadResponseCharacteristic.qConstantCurrent>
  <cim:LoadResponseCharacteristic.qConstantPower>0</cim:LoadResponseCharacteristic.qConstantPower>
  <cim:LoadResponseCharacteristic.pVoltageExponent>0</cim:LoadResponseCharacteristic.pVoltageExponent>
  <cim:LoadResponseCharacteristic.qVoltageExponent>0</cim:LoadResponseCharacteristic.qVoltageExponent>
  <cim:LoadResponseCharacteristic.pFrequencyExponent>0</cim:LoadResponseCharacteristic.pFrequencyExponent>
  <cim:LoadResponseCharacteristic.qFrequencyExponent>0</cim:LoadResponseCharacteristic.qFrequencyExponent>
</cim:LoadResponseCharacteristic>
<cim:LoadResponseCharacteristic rdf:ID="_512FEE50-8D13-45CA-8440-93050DA8F435">
  <cim:IdentifiedObject.mRID>_512FEE50-8D13-45CA-8440-93050DA8F435</cim:IdentifiedObject.mRID>
  <cim:IdentifiedObject.name>Mix Motor/Res</cim:IdentifiedObject.name>
  <cim:LoadResponseCharacteristic.exponentModel>true</cim:LoadResponseCharacteristic.exponentModel>
  <cim:LoadResponseCharacteristic.pConstantImpedance>0</cim:LoadResponseCharacteristic.pConstantImpedance>
  <cim:LoadResponseCharacteristic.pConstantCurrent>0</cim:LoadResponseCharacteristic.pConstantCurrent>
  <cim:LoadResponseCharacteristic.pConstantPower>0</cim:LoadResponseCharacteristic.pConstantPower>
  <cim:LoadResponseCharacteristic.qConstantImpedance>0</cim:LoadResponseCharacteristic.qConstantImpedance>
  <cim:LoadResponseCharacteristic.qConstantCurrent>0</cim:LoadResponseCharacteristic.qConstantCurrent>
  <cim:LoadResponseCharacteristic.qConstantPower>0</cim:LoadResponseCharacteristic.qConstantPower>
  <cim:LoadResponseCharacteristic.pVoltageExponent>1</cim:LoadResponseCharacteristic.pVoltageExponent>
  <cim:LoadResponseCharacteristic.qVoltageExponent>2</cim:LoadResponseCharacteristic.qVoltageExponent>
  <cim:LoadResponseCharacteristic.pFrequencyExponent>0</cim:LoadResponseCharacteristic.pFrequencyExponent>
  <cim:LoadResponseCharacteristic.qFrequencyExponent>0</cim:LoadResponseCharacteristic.qFrequencyExponent>
</cim:LoadResponseCharacteristic>
<cim:LoadResponseCharacteristic rdf:ID="_E5532CE6-411F-4EF0-8F8E-2B4D68FDB33C">
  <cim:IdentifiedObject.mRID>_E5532CE6-411F-4EF0-8F8E-2B4D68FDB33C</cim:IdentifiedObject.mRID>
  <cim:IdentifiedObject.name>Constant I</cim:IdentifiedObject.name>
  <cim:LoadResponseCharacteristic.exponentModel>false</cim:LoadResponseCharacteristic.exponentModel>
  <cim:LoadResponseCharacteristic.pConstantImpedance>0</cim:LoadResponseCharacteristic.pConstantImpedance>
  <cim:LoadResponseCharacteristic.pConstantCurrent>100</cim:LoadResponseCharacteristic.pConstantCurrent>
  <cim:LoadResponseCharacteristic.pConstantPower>0</cim:LoadResponseCharacteristic.pConstantPower>
  <cim:LoadResponseCharacteristic.qConstantImpedance>0</cim:LoadResponseCharacteristic.qConstantImpedance>
  <cim:LoadResponseCharacteristic.qConstantCurrent>100</cim:LoadResponseCharacteristic.qConstantCurrent>
  <cim:LoadResponseCharacteristic.qConstantPower>0</cim:LoadResponseCharacteristic.qConstantPower>
  <cim:LoadResponseCharacteristic.pVoltageExponent>0</cim:LoadResponseCharacteristic.pVoltageExponent>
  <cim:LoadResponseCharacteristic.qVoltageExponent>0</cim:LoadResponseCharacteristic.qVoltageExponent>
  <cim:LoadResponseCharacteristic.pFrequencyExponent>0</cim:LoadResponseCharacteristic.pFrequencyExponent>
  <cim:LoadResponseCharacteristic.qFrequencyExponent>0</cim:LoadResponseCharacteristic.qFrequencyExponent>
</cim:LoadResponseCharacteristic>
<cim:LoadResponseCharacteristic rdf:ID="_57FE89B2-23C6-4E92-9A6F-0B34B07EA136">
  <cim:IdentifiedObject.mRID>_57FE89B2-23C6-4E92-9A6F-0B34B07EA136</cim:IdentifiedObject.mRID>
  <cim:IdentifiedObject.name>Variable P, Fixed Q</cim:IdentifiedObject.name>
  <cim:LoadResponseCharacteristic.exponentModel>false</cim:LoadResponseCharacteristic.exponentModel>
  <cim:LoadResponseCharacteristic.pConstantImpedance>0</cim:LoadResponseCharacteristic.pConstantImpedance>
  <cim:LoadResponseCharacteristic.pConstantCurrent>0</cim:LoadResponseCharacteristic.pConstantCurrent>
  <cim:LoadResponseCharacteristic.pConstantPower>100</cim:LoadResponseCharacteristic.pConstantPower>
  <cim:LoadResponseCharacteristic.qConstantImpedance>0</cim:LoadResponseCharacteristic.qConstantImpedance>
  <cim:LoadResponseCharacteristic.qConstantCurrent>0</cim:LoadResponseCharacteristic.qConstantCurrent>
  <cim:LoadResponseCharacteristic.qConstantPower>100</cim:LoadResponseCharacteristic.qConstantPower>
  <cim:LoadResponseCharacteristic.pVoltageExponent>0</cim:LoadResponseCharacteristic.pVoltageExponent>
  <cim:LoadResponseCharacteristic.qVoltageExponent>0</cim:LoadResponseCharacteristic.qVoltageExponent>
  <cim:LoadResponseCharacteristic.pFrequencyExponent>0</cim:LoadResponseCharacteristic.pFrequencyExponent>
  <cim:LoadResponseCharacteristic.qFrequencyExponent>0</cim:LoadResponseCharacteristic.qFrequencyExponent>
</cim:LoadResponseCharacteristic>
<cim:LoadResponseCharacteristic rdf:ID="_9FEA71D4-9004-4893-B873-8F7A034F9C7F">
  <cim:IdentifiedObject.mRID>_9FEA71D4-9004-4893-B873-8F7A034F9C7F</cim:IdentifiedObject.mRID>
  <cim:IdentifiedObject.name>Variable P, Fixed X</cim:IdentifiedObject.name>
  <cim:LoadResponseCharacteristic.exponentModel>false</cim:LoadResponseCharacteristic.exponentModel>
  <cim:LoadResponseCharacteristic.pConstantImpedance>0</cim:LoadResponseCharacteristic.pConstantImpedance>
  <cim:LoadResponseCharacteristic.pConstantCurrent>0</cim:LoadResponseCharacteristic.pConstantCurrent>
  <cim:LoadResponseCharacteristic.pConstantPower>100</cim:LoadResponseCharacteristic.pConstantPower>
  <cim:LoadResponseCharacteristic.qConstantImpedance>100</cim:LoadResponseCharacteristic.qConstantImpedance>
  <cim:LoadResponseCharacteristic.qConstantCurrent>0</cim:LoadResponseCharacteristic.qConstantCurrent>
  <cim:LoadResponseCharacteristic.qConstantPower>0</cim:LoadResponseCharacteristic.qConstantPower>
  <cim:LoadResponseCharacteristic.pVoltageExponent>0</cim:LoadResponseCharacteristic.pVoltageExponent>
  <cim:LoadResponseCharacteristic.qVoltageExponent>0</cim:LoadResponseCharacteristic.qVoltageExponent>
  <cim:LoadResponseCharacteristic.pFrequencyExponent>0</cim:LoadResponseCharacteristic.pFrequencyExponent>
  <cim:LoadResponseCharacteristic.qFrequencyExponent>0</cim:LoadResponseCharacteristic.qFrequencyExponent>
</cim:LoadResponseCharacteristic>
<cim:EnergyConsumer rdf:ID="_E00EE44B-F18F-4D19-B686-13D1CDF54AAE">
  <cim:IdentifiedObject.mRID>_E00EE44B-F18F-4D19-B686-13D1CDF54AAE</cim:IdentifiedObject.mRID>
  <cim:IdentifiedObject.name>b4a</cim:IdentifiedObject.name>
  <cim:Equipment.EquipmentContainer rdf:resource="#_8C63A72C-9B64-42E7-B021-3FD00B4EBCEE"/>
  <cim:ConductingEquipment.BaseVoltage rdf:resource="#_DF575520-EB2F-4D57-B315-14A235B5D306"/>
  <cim:EnergyConsumer.LoadResponse rdf:resource="#_18CE2D59-8DE7-4C4B-A86F-22650770C74C"/>
  <cim:EnergyConsumer.p>1250000</cim:EnergyConsumer.p>
  <cim:EnergyConsumer.q>500000</cim:EnergyConsumer.q>
  <cim:EnergyConsumer.customerCount>1</cim:EnergyConsumer.customerCount>
  <cim:EnergyConsumer.phaseConnection rdf:resource="http://iec.ch/TC57/CIM100#PhaseShuntConnectionKind.Y"/>
  <cim:EnergyConsumer.grounded>true</cim:EnergyConsumer.grounded>
  <cim:PowerSystemResource.Location rdf:resource="#_34376FDC-E244-460D-B8E0-B531DA93BB63"/>
</cim:EnergyConsumer>
<cim:EnergyConsumerPhase rdf:ID="_43CE84FD-3177-4A5E-BC18-3999FE462EE6">
  <cim:IdentifiedObject.mRID>_43CE84FD-3177-4A5E-BC18-3999FE462EE6</cim:IdentifiedObject.mRID>
  <cim:IdentifiedObject.name>b4a_A</cim:IdentifiedObject.name>
  <cim:EnergyConsumerPhase.phase rdf:resource="http://iec.ch/TC57/CIM100#SinglePhaseKind.A"/>
  <cim:EnergyConsumerPhase.p>1250000</cim:EnergyConsumerPhase.p>
  <cim:EnergyConsumerPhase.q>500000</cim:EnergyConsumerPhase.q>
  <cim:EnergyConsumerPhase.EnergyConsumer rdf:resource="#_E00EE44B-F18F-4D19-B686-13D1CDF54AAE"/>
  <cim:PowerSystemResource.Location rdf:resource="#_34376FDC-E244-460D-B8E0-B531DA93BB63"/>
</cim:EnergyConsumerPhase>
<cim:Terminal rdf:ID="_2C13040F-0446-4FA3-9E48-0240FC92CF37">
  <cim:IdentifiedObject.mRID>_2C13040F-0446-4FA3-9E48-0240FC92CF37</cim:IdentifiedObject.mRID>
  <cim:IdentifiedObject.name>b4a_T1</cim:IdentifiedObject.name>
  <cim:Terminal.ConductingEquipment rdf:resource="#_E00EE44B-F18F-4D19-B686-13D1CDF54AAE"/>
  <cim:ACDCTerminal.sequenceNumber>1</cim:ACDCTerminal.sequenceNumber>
  <cim:Terminal.ConnectivityNode rdf:resource="#_DEED0F54-B140-4DC2-BC55-E70BF3E4FD81"/>
</cim:Terminal>
<cim:Location rdf:ID="_34376FDC-E244-460D-B8E0-B531DA93BB63">
  <cim:IdentifiedObject.mRID>_34376FDC-E244-460D-B8E0-B531DA93BB63</cim:IdentifiedObject.mRID>
  <cim:IdentifiedObject.name>b4a_Loc</cim:IdentifiedObject.name>
  <cim:Location.CoordinateSystem rdf:resource="#_D1C06DF3-ECAD-426E-8CCE-BA093649C24E"/>
</cim:Location>
<cim:PositionPoint rdf:ID="_35E81CF9-F79B-4066-98E3-A21D78BC5CD9">
  <cim:PositionPoint.Location rdf:resource="#_34376FDC-E244-460D-B8E0-B531DA93BB63"/>
  <cim:PositionPoint.sequenceNumber>1</cim:PositionPoint.sequenceNumber>
  <cim:PositionPoint.xPosition>0</cim:PositionPoint.xPosition>
  <cim:PositionPoint.yPosition>0</cim:PositionPoint.yPosition>
</cim:PositionPoint>
<cim:EnergyConsumer rdf:ID="_63148A46-AD8D-410D-AD1E-165E1426CC1B">
  <cim:IdentifiedObject.mRID>_63148A46-AD8D-410D-AD1E-165E1426CC1B</cim:IdentifiedObject.mRID>
  <cim:IdentifiedObject.name>b4b</cim:IdentifiedObject.name>
  <cim:Equipment.EquipmentContainer rdf:resource="#_8C63A72C-9B64-42E7-B021-3FD00B4EBCEE"/>
  <cim:ConductingEquipment.BaseVoltage rdf:resource="#_DF575520-EB2F-4D57-B315-14A235B5D306"/>
  <cim:EnergyConsumer.LoadResponse rdf:resource="#_18CE2D59-8DE7-4C4B-A86F-22650770C74C"/>
  <cim:EnergyConsumer.p>1500000</cim:EnergyConsumer.p>
  <cim:EnergyConsumer.q>750000</cim:EnergyConsumer.q>
  <cim:EnergyConsumer.customerCount>1</cim:EnergyConsumer.customerCount>
  <cim:EnergyConsumer.phaseConnection rdf:resource="http://iec.ch/TC57/CIM100#PhaseShuntConnectionKind.Y"/>
  <cim:EnergyConsumer.grounded>true</cim:EnergyConsumer.grounded>
  <cim:PowerSystemResource.Location rdf:resource="#_C51B2164-291B-4578-922F-5F626ECF0010"/>
</cim:EnergyConsumer>
<cim:EnergyConsumerPhase rdf:ID="_BE80FFE0-C47D-406B-9137-4F953DA59781">
  <cim:IdentifiedObject.mRID>_BE80FFE0-C47D-406B-9137-4F953DA59781</cim:IdentifiedObject.mRID>
  <cim:IdentifiedObject.name>b4b_B</cim:IdentifiedObject.name>
  <cim:EnergyConsumerPhase.phase rdf:resource="http://iec.ch/TC57/CIM100#SinglePhaseKind.B"/>
  <cim:EnergyConsumerPhase.p>1500000</cim:EnergyConsumerPhase.p>
  <cim:EnergyConsumerPhase.q>750000</cim:EnergyConsumerPhase.q>
  <cim:EnergyConsumerPhase.EnergyConsumer rdf:resource="#_63148A46-AD8D-410D-AD1E-165E1426CC1B"/>
  <cim:PowerSystemResource.Location rdf:resource="#_C51B2164-291B-4578-922F-5F626ECF0010"/>
</cim:EnergyConsumerPhase>
<cim:Terminal rdf:ID="_B52E1A14-3F5A-48AD-9310-116DB8FE3C20">
  <cim:IdentifiedObject.mRID>_B52E1A14-3F5A-48AD-9310-116DB8FE3C20</cim:IdentifiedObject.mRID>
  <cim:IdentifiedObject.name>b4b_T1</cim:IdentifiedObject.name>
  <cim:Terminal.ConductingEquipment rdf:resource="#_63148A46-AD8D-410D-AD1E-165E1426CC1B"/>
  <cim:ACDCTerminal.sequenceNumber>1</cim:ACDCTerminal.sequenceNumber>
  <cim:Terminal.ConnectivityNode rdf:resource="#_DEED0F54-B140-4DC2-BC55-E70BF3E4FD81"/>
</cim:Terminal>
<cim:Location rdf:ID="_C51B2164-291B-4578-922F-5F626ECF0010">
  <cim:IdentifiedObject.mRID>_C51B2164-291B-4578-922F-5F626ECF0010</cim:IdentifiedObject.mRID>
  <cim:IdentifiedObject.name>b4b_Loc</cim:IdentifiedObject.name>
  <cim:Location.CoordinateSystem rdf:resource="#_D1C06DF3-ECAD-426E-8CCE-BA093649C24E"/>
</cim:Location>
<cim:PositionPoint rdf:ID="_F14DCF2B-D897-4D7A-B03A-6A01F088B1AF">
  <cim:PositionPoint.Location rdf:resource="#_C51B2164-291B-4578-922F-5F626ECF0010"/>
  <cim:PositionPoint.sequenceNumber>1</cim:PositionPoint.sequenceNumber>
  <cim:PositionPoint.xPosition>0</cim:PositionPoint.xPosition>
  <cim:PositionPoint.yPosition>0</cim:PositionPoint.yPosition>
</cim:PositionPoint>
<cim:EnergyConsumer rdf:ID="_8A834234-7996-4F67-8E49-19CE2E3B7648">
  <cim:IdentifiedObject.mRID>_8A834234-7996-4F67-8E49-19CE2E3B7648</cim:IdentifiedObject.mRID>
  <cim:IdentifiedObject.name>b4c</cim:IdentifiedObject.name>
  <cim:Equipment.EquipmentContainer rdf:resource="#_8C63A72C-9B64-42E7-B021-3FD00B4EBCEE"/>
  <cim:ConductingEquipment.BaseVoltage rdf:resource="#_DF575520-EB2F-4D57-B315-14A235B5D306"/>
  <cim:EnergyConsumer.LoadResponse rdf:resource="#_18CE2D59-8DE7-4C4B-A86F-22650770C74C"/>
  <cim:EnergyConsumer.p>1000000</cim:EnergyConsumer.p>
  <cim:EnergyConsumer.q>250000</cim:EnergyConsumer.q>
  <cim:EnergyConsumer.customerCount>1</cim:EnergyConsumer.customerCount>
  <cim:EnergyConsumer.phaseConnection rdf:resource="http://iec.ch/TC57/CIM100#PhaseShuntConnectionKind.Y"/>
  <cim:EnergyConsumer.grounded>true</cim:EnergyConsumer.grounded>
  <cim:PowerSystemResource.Location rdf:resource="#_3BFFC68B-8CC8-45EB-8A29-E74314B482CF"/>
</cim:EnergyConsumer>
<cim:EnergyConsumerPhase rdf:ID="_C5ADBD66-8D09-435A-AC9C-8FB56DBFA133">
  <cim:IdentifiedObject.mRID>_C5ADBD66-8D09-435A-AC9C-8FB56DBFA133</cim:IdentifiedObject.mRID>
  <cim:IdentifiedObject.name>b4c_C</cim:IdentifiedObject.name>
  <cim:EnergyConsumerPhase.phase rdf:resource="http://iec.ch/TC57/CIM100#SinglePhaseKind.C"/>
  <cim:EnergyConsumerPhase.p>1000000</cim:EnergyConsumerPhase.p>
  <cim:EnergyConsumerPhase.q>250000</cim:EnergyConsumerPhase.q>
  <cim:EnergyConsumerPhase.EnergyConsumer rdf:resource="#_8A834234-7996-4F67-8E49-19CE2E3B7648"/>
  <cim:PowerSystemResource.Location rdf:resource="#_3BFFC68B-8CC8-45EB-8A29-E74314B482CF"/>
</cim:EnergyConsumerPhase>
<cim:Terminal rdf:ID="_F4E616FB-84A2-4109-B68C-E79BEB5FA6F8">
  <cim:IdentifiedObject.mRID>_F4E616FB-84A2-4109-B68C-E79BEB5FA6F8</cim:IdentifiedObject.mRID>
  <cim:IdentifiedObject.name>b4c_T1</cim:IdentifiedObject.name>
  <cim:Terminal.ConductingEquipment rdf:resource="#_8A834234-7996-4F67-8E49-19CE2E3B7648"/>
  <cim:ACDCTerminal.sequenceNumber>1</cim:ACDCTerminal.sequenceNumber>
  <cim:Terminal.ConnectivityNode rdf:resource="#_DEED0F54-B140-4DC2-BC55-E70BF3E4FD81"/>
</cim:Terminal>
<cim:Location rdf:ID="_3BFFC68B-8CC8-45EB-8A29-E74314B482CF">
  <cim:IdentifiedObject.mRID>_3BFFC68B-8CC8-45EB-8A29-E74314B482CF</cim:IdentifiedObject.mRID>
  <cim:IdentifiedObject.name>b4c_Loc</cim:IdentifiedObject.name>
  <cim:Location.CoordinateSystem rdf:resource="#_D1C06DF3-ECAD-426E-8CCE-BA093649C24E"/>
</cim:Location>
<cim:PositionPoint rdf:ID="_481E4E40-5860-40A2-8CBD-000951FA281A">
  <cim:PositionPoint.Location rdf:resource="#_3BFFC68B-8CC8-45EB-8A29-E74314B482CF"/>
  <cim:PositionPoint.sequenceNumber>1</cim:PositionPoint.sequenceNumber>
  <cim:PositionPoint.xPosition>0</cim:PositionPoint.xPosition>
  <cim:PositionPoint.yPosition>0</cim:PositionPoint.yPosition>
</cim:PositionPoint>
<cim:EnergyConsumer rdf:ID="_57934DB8-9AC1-4F52-9710-4A674DE1028F">
  <cim:IdentifiedObject.mRID>_57934DB8-9AC1-4F52-9710-4A674DE1028F</cim:IdentifiedObject.mRID>
  <cim:IdentifiedObject.name>b6</cim:IdentifiedObject.name>
  <cim:Equipment.EquipmentContainer rdf:resource="#_8C63A72C-9B64-42E7-B021-3FD00B4EBCEE"/>
  <cim:ConductingEquipment.BaseVoltage rdf:resource="#_E3ECE34C-CE73-4D31-9BDC-DC44DE1A37CC"/>
  <cim:EnergyConsumer.LoadResponse rdf:resource="#_D4AEDB32-0B61-426B-8F2C-DB89F182D609"/>
  <cim:EnergyConsumer.p>2250000</cim:EnergyConsumer.p>
  <cim:EnergyConsumer.q>1125000</cim:EnergyConsumer.q>
  <cim:EnergyConsumer.customerCount>1</cim:EnergyConsumer.customerCount>
  <cim:EnergyConsumer.phaseConnection rdf:resource="http://iec.ch/TC57/CIM100#PhaseShuntConnectionKind.D"/>
  <cim:EnergyConsumer.grounded>false</cim:EnergyConsumer.grounded>
  <cim:PowerSystemResource.Location rdf:resource="#_EF29B581-3B0B-4C56-82BA-643EBB8E8FEE"/>
</cim:EnergyConsumer>
<cim:Terminal rdf:ID="_1F360B6B-7D83-4858-8680-BF672D4F0229">
  <cim:IdentifiedObject.mRID>_1F360B6B-7D83-4858-8680-BF672D4F0229</cim:IdentifiedObject.mRID>
  <cim:IdentifiedObject.name>b6_T1</cim:IdentifiedObject.name>
  <cim:Terminal.ConductingEquipment rdf:resource="#_57934DB8-9AC1-4F52-9710-4A674DE1028F"/>
  <cim:ACDCTerminal.sequenceNumber>1</cim:ACDCTerminal.sequenceNumber>
  <cim:Terminal.ConnectivityNode rdf:resource="#_ABC5EBC7-890D-4D6A-A8EB-D98A792F56C7"/>
</cim:Terminal>
<cim:Location rdf:ID="_EF29B581-3B0B-4C56-82BA-643EBB8E8FEE">
  <cim:IdentifiedObject.mRID>_EF29B581-3B0B-4C56-82BA-643EBB8E8FEE</cim:IdentifiedObject.mRID>
  <cim:IdentifiedObject.name>b6_Loc</cim:IdentifiedObject.name>
  <cim:Location.CoordinateSystem rdf:resource="#_D1C06DF3-ECAD-426E-8CCE-BA093649C24E"/>
</cim:Location>
<cim:PositionPoint rdf:ID="_FAC1FD71-3DD5-4968-B2E5-88A6A207DD3A">
  <cim:PositionPoint.Location rdf:resource="#_EF29B581-3B0B-4C56-82BA-643EBB8E8FEE"/>
  <cim:PositionPoint.sequenceNumber>1</cim:PositionPoint.sequenceNumber>
  <cim:PositionPoint.xPosition>0</cim:PositionPoint.xPosition>
  <cim:PositionPoint.yPosition>0</cim:PositionPoint.yPosition>
</cim:PositionPoint>
<cim:OverheadWireInfo rdf:ID="_E90D1923-399B-47F3-8C6C-EDB3821A2105">
  <cim:IdentifiedObject.mRID>_E90D1923-399B-47F3-8C6C-EDB3821A2105</cim:IdentifiedObject.mRID>
  <cim:IdentifiedObject.name>acsr336</cim:IdentifiedObject.name>
  <cim:WireInfo.sizeDescription>WireData_acsr336</cim:WireInfo.sizeDescription>
  <cim:WireInfo.gmr>0.0077724</cim:WireInfo.gmr>
  <cim:WireInfo.radius>0.0094107</cim:WireInfo.radius>
  <cim:WireInfo.rDC20>0.00018641136</cim:WireInfo.rDC20>
  <cim:WireInfo.rAC25>0.00019013958</cim:WireInfo.rAC25>
  <cim:WireInfo.rAC50>0.00019013958</cim:WireInfo.rAC50>
  <cim:WireInfo.rAC75>0.00019013958</cim:WireInfo.rAC75>
  <cim:WireInfo.ratedCurrent>530</cim:WireInfo.ratedCurrent>
  <cim:WireInfo.strandCount>0</cim:WireInfo.strandCount>
  <cim:WireInfo.coreStrandCount>0</cim:WireInfo.coreStrandCount>
  <cim:WireInfo.coreRadius>0</cim:WireInfo.coreRadius>
  <cim:WireInfo.insulated>false</cim:WireInfo.insulated>
</cim:OverheadWireInfo>
<cim:OverheadWireInfo rdf:ID="_EE7DBD2C-87AB-415F-AAF9-2DC781FA7BDC">
  <cim:IdentifiedObject.mRID>_EE7DBD2C-87AB-415F-AAF9-2DC781FA7BDC</cim:IdentifiedObject.mRID>
  <cim:IdentifiedObject.name>acsr4/0</cim:IdentifiedObject.name>
  <cim:WireInfo.sizeDescription>WireData_acsr4/0</cim:WireInfo.sizeDescription>
  <cim:WireInfo.gmr>0.002481072</cim:WireInfo.gmr>
  <cim:WireInfo.radius>0.0071501</cim:WireInfo.radius>
  <cim:WireInfo.rDC20>0.00036063897</cim:WireInfo.rDC20>
  <cim:WireInfo.rAC25>0.00036785175</cim:WireInfo.rAC25>
  <cim:WireInfo.rAC50>0.00036785175</cim:WireInfo.rAC50>
  <cim:WireInfo.rAC75>0.00036785175</cim:WireInfo.rAC75>
  <cim:WireInfo.ratedCurrent>340</cim:WireInfo.ratedCurrent>
  <cim:WireInfo.strandCount>0</cim:WireInfo.strandCount>
  <cim:WireInfo.coreStrandCount>0</cim:WireInfo.coreStrandCount>
  <cim:WireInfo.coreRadius>0</cim:WireInfo.coreRadius>
  <cim:WireInfo.insulated>false</cim:WireInfo.insulated>
</cim:OverheadWireInfo>
<cim:WireSpacingInfo rdf:ID="_9CEF38D1-3087-41B9-9118-C3B4BC2426CB">
  <cim:IdentifiedObject.mRID>_9CEF38D1-3087-41B9-9118-C3B4BC2426CB</cim:IdentifiedObject.mRID>
  <cim:IdentifiedObject.name>line1-2</cim:IdentifiedObject.name>
  <cim:WireSpacingInfo.usage rdf:resource="http://iec.ch/TC57/CIM100#WireUsageKind.distribution"/>
  <cim:WireSpacingInfo.phaseWireCount>1</cim:WireSpacingInfo.phaseWireCount>
  <cim:WireSpacingInfo.phaseWireSpacing>0</cim:WireSpacingInfo.phaseWireSpacing>
  <cim:WireSpacingInfo.isCable>false</cim:WireSpacingInfo.isCable>
</cim:WireSpacingInfo>
<cim:WirePosition rdf:ID="_FDC2CAD8-7BD3-4973-9E78-05062A59FB93">
  <cim:IdentifiedObject.mRID>_FDC2CAD8-7BD3-4973-9E78-05062A59FB93</cim:IdentifiedObject.mRID>
  <cim:IdentifiedObject.name>WP_line1-2_1</cim:IdentifiedObject.name>
  <cim:WirePosition.WireSpacingInfo rdf:resource="#_9CEF38D1-3087-41B9-9118-C3B4BC2426CB"/>
  <cim:WirePosition.sequenceNumber>1</cim:WirePosition.sequenceNumber>
  <cim:WirePosition.xCoord>-1.8288</cim:WirePosition.xCoord>
  <cim:WirePosition.yCoord>15.24</cim:WirePosition.yCoord>
</cim:WirePosition>
<cim:WirePosition rdf:ID="_AA34B52D-8BCC-4951-BC2F-0694F369B002">
  <cim:IdentifiedObject.mRID>_AA34B52D-8BCC-4951-BC2F-0694F369B002</cim:IdentifiedObject.mRID>
  <cim:IdentifiedObject.name>WP_line1-2_2</cim:IdentifiedObject.name>
  <cim:WirePosition.WireSpacingInfo rdf:resource="#_9CEF38D1-3087-41B9-9118-C3B4BC2426CB"/>
  <cim:WirePosition.sequenceNumber>2</cim:WirePosition.sequenceNumber>
  <cim:WirePosition.xCoord>-2.4384</cim:WirePosition.xCoord>
  <cim:WirePosition.yCoord>12.8016</cim:WirePosition.yCoord>
</cim:WirePosition>
<cim:WirePosition rdf:ID="_EC3E78C2-A383-451C-98A8-A84521F197A0">
  <cim:IdentifiedObject.mRID>_EC3E78C2-A383-451C-98A8-A84521F197A0</cim:IdentifiedObject.mRID>
  <cim:IdentifiedObject.name>WP_line1-2_3</cim:IdentifiedObject.name>
  <cim:WirePosition.WireSpacingInfo rdf:resource="#_9CEF38D1-3087-41B9-9118-C3B4BC2426CB"/>
  <cim:WirePosition.sequenceNumber>3</cim:WirePosition.sequenceNumber>
  <cim:WirePosition.xCoord>2.4384</cim:WirePosition.xCoord>
  <cim:WirePosition.yCoord>12.8016</cim:WirePosition.yCoord>
</cim:WirePosition>
<cim:WirePosition rdf:ID="_A63EEC20-0949-49E0-BBAA-E06862D5A368">
  <cim:IdentifiedObject.mRID>_A63EEC20-0949-49E0-BBAA-E06862D5A368</cim:IdentifiedObject.mRID>
  <cim:IdentifiedObject.name>WP_line1-2_4</cim:IdentifiedObject.name>
  <cim:WirePosition.WireSpacingInfo rdf:resource="#_9CEF38D1-3087-41B9-9118-C3B4BC2426CB"/>
  <cim:WirePosition.sequenceNumber>4</cim:WirePosition.sequenceNumber>
  <cim:WirePosition.xCoord>0</cim:WirePosition.xCoord>
  <cim:WirePosition.yCoord>17.6784</cim:WirePosition.yCoord>
</cim:WirePosition>
<cim:WireSpacingInfo rdf:ID="_980569E7-6BE6-445E-BF1F-AEE7B21F6A78">
  <cim:IdentifiedObject.mRID>_980569E7-6BE6-445E-BF1F-AEE7B21F6A78</cim:IdentifiedObject.mRID>
  <cim:IdentifiedObject.name>line3-4</cim:IdentifiedObject.name>
  <cim:WireSpacingInfo.usage rdf:resource="http://iec.ch/TC57/CIM100#WireUsageKind.distribution"/>
  <cim:WireSpacingInfo.phaseWireCount>1</cim:WireSpacingInfo.phaseWireCount>
  <cim:WireSpacingInfo.phaseWireSpacing>0</cim:WireSpacingInfo.phaseWireSpacing>
  <cim:WireSpacingInfo.isCable>false</cim:WireSpacingInfo.isCable>
</cim:WireSpacingInfo>
<cim:WirePosition rdf:ID="_E8F779A4-4DBA-4526-945F-E6E4C6614B6F">
  <cim:IdentifiedObject.mRID>_E8F779A4-4DBA-4526-945F-E6E4C6614B6F</cim:IdentifiedObject.mRID>
  <cim:IdentifiedObject.name>WP_line3-4_1</cim:IdentifiedObject.name>
  <cim:WirePosition.WireSpacingInfo rdf:resource="#_980569E7-6BE6-445E-BF1F-AEE7B21F6A78"/>
  <cim:WirePosition.sequenceNumber>1</cim:WirePosition.sequenceNumber>
  <cim:WirePosition.xCoord>-0.9144</cim:WirePosition.xCoord>
  <cim:WirePosition.yCoord>8.5344</cim:WirePosition.yCoord>
</cim:WirePosition>
<cim:WirePosition rdf:ID="_925162FF-E614-409B-A73A-3C4AD743EEDB">
  <cim:IdentifiedObject.mRID>_925162FF-E614-409B-A73A-3C4AD743EEDB</cim:IdentifiedObject.mRID>
  <cim:IdentifiedObject.name>WP_line3-4_2</cim:IdentifiedObject.name>
  <cim:WirePosition.WireSpacingInfo rdf:resource="#_980569E7-6BE6-445E-BF1F-AEE7B21F6A78"/>
  <cim:WirePosition.sequenceNumber>2</cim:WirePosition.sequenceNumber>
  <cim:WirePosition.xCoord>-0.4572</cim:WirePosition.xCoord>
  <cim:WirePosition.yCoord>8.5344</cim:WirePosition.yCoord>
</cim:WirePosition>
<cim:WirePosition rdf:ID="_36E36ECA-A31E-40C0-8F35-8643A119C84A">
  <cim:IdentifiedObject.mRID>_36E36ECA-A31E-40C0-8F35-8643A119C84A</cim:IdentifiedObject.mRID>
  <cim:IdentifiedObject.name>WP_line3-4_3</cim:IdentifiedObject.name>
  <cim:WirePosition.WireSpacingInfo rdf:resource="#_980569E7-6BE6-445E-BF1F-AEE7B21F6A78"/>
  <cim:WirePosition.sequenceNumber>3</cim:WirePosition.sequenceNumber>
  <cim:WirePosition.xCoord>0.9144</cim:WirePosition.xCoord>
  <cim:WirePosition.yCoord>8.5344</cim:WirePosition.yCoord>
</cim:WirePosition>
<cim:WirePosition rdf:ID="_72D1D721-F626-4A53-9882-34BF1DBF5209">
  <cim:IdentifiedObject.mRID>_72D1D721-F626-4A53-9882-34BF1DBF5209</cim:IdentifiedObject.mRID>
  <cim:IdentifiedObject.name>WP_line3-4_4</cim:IdentifiedObject.name>
  <cim:WirePosition.WireSpacingInfo rdf:resource="#_980569E7-6BE6-445E-BF1F-AEE7B21F6A78"/>
  <cim:WirePosition.sequenceNumber>4</cim:WirePosition.sequenceNumber>
  <cim:WirePosition.xCoord>0</cim:WirePosition.xCoord>
  <cim:WirePosition.yCoord>7.3152</cim:WirePosition.yCoord>
</cim:WirePosition>
<cim:WireSpacingInfo rdf:ID="_02E05C31-BA43-47F5-8424-4DF1A364219C">
  <cim:IdentifiedObject.mRID>_02E05C31-BA43-47F5-8424-4DF1A364219C</cim:IdentifiedObject.mRID>
  <cim:IdentifiedObject.name>line5-6</cim:IdentifiedObject.name>
  <cim:WireSpacingInfo.usage rdf:resource="http://iec.ch/TC57/CIM100#WireUsageKind.distribution"/>
  <cim:WireSpacingInfo.phaseWireCount>1</cim:WireSpacingInfo.phaseWireCount>
  <cim:WireSpacingInfo.phaseWireSpacing>0</cim:WireSpacingInfo.phaseWireSpacing>
  <cim:WireSpacingInfo.isCable>false</cim:WireSpacingInfo.isCable>
</cim:WireSpacingInfo>
<cim:WirePosition rdf:ID="_68EBB0FA-E0B8-4A45-BC3B-0567B57E09B1">
  <cim:IdentifiedObject.mRID>_68EBB0FA-E0B8-4A45-BC3B-0567B57E09B1</cim:IdentifiedObject.mRID>
  <cim:IdentifiedObject.name>WP_line5-6_1</cim:IdentifiedObject.name>
  <cim:WirePosition.WireSpacingInfo rdf:resource="#_02E05C31-BA43-47F5-8424-4DF1A364219C"/>
  <cim:WirePosition.sequenceNumber>1</cim:WirePosition.sequenceNumber>
  <cim:WirePosition.xCoord>-2.1336</cim:WirePosition.xCoord>
  <cim:WirePosition.yCoord>8.5344</cim:WirePosition.yCoord>
</cim:WirePosition>
<cim:WirePosition rdf:ID="_A49934C2-228C-4D89-8B3D-968067F6FB74">
  <cim:IdentifiedObject.mRID>_A49934C2-228C-4D89-8B3D-968067F6FB74</cim:IdentifiedObject.mRID>
  <cim:IdentifiedObject.name>WP_line5-6_2</cim:IdentifiedObject.name>
  <cim:WirePosition.WireSpacingInfo rdf:resource="#_02E05C31-BA43-47F5-8424-4DF1A364219C"/>
  <cim:WirePosition.sequenceNumber>2</cim:WirePosition.sequenceNumber>
  <cim:WirePosition.xCoord>-1.3716</cim:WirePosition.xCoord>
  <cim:WirePosition.yCoord>8.5344</cim:WirePosition.yCoord>
</cim:WirePosition>
<cim:WirePosition rdf:ID="_A0980B6A-404E-4073-A46D-821426C4AD48">
  <cim:IdentifiedObject.mRID>_A0980B6A-404E-4073-A46D-821426C4AD48</cim:IdentifiedObject.mRID>
  <cim:IdentifiedObject.name>WP_line5-6_3</cim:IdentifiedObject.name>
  <cim:WirePosition.WireSpacingInfo rdf:resource="#_02E05C31-BA43-47F5-8424-4DF1A364219C"/>
  <cim:WirePosition.sequenceNumber>3</cim:WirePosition.sequenceNumber>
  <cim:WirePosition.xCoord>0</cim:WirePosition.xCoord>
  <cim:WirePosition.yCoord>8.5344</cim:WirePosition.yCoord>
</cim:WirePosition>
<cim:OperationalLimitSet rdf:ID="_CE2FE062-CCE6-47B7-BFE8-739B10454C54">
  <cim:IdentifiedObject.mRID>_CE2FE062-CCE6-47B7-BFE8-739B10454C54</cim:IdentifiedObject.mRID>
  <cim:IdentifiedObject.name>OpLimI_138.1_188.3</cim:IdentifiedObject.name>
</cim:OperationalLimitSet>
<cim:CurrentLimit rdf:ID="_F9A210D2-D1AA-4C3C-8BD5-1E703B325DCE">
  <cim:IdentifiedObject.mRID>_F9A210D2-D1AA-4C3C-8BD5-1E703B325DCE</cim:IdentifiedObject.mRID>
  <cim:IdentifiedObject.name>OpLimI_138.1_188.3_Norm</cim:IdentifiedObject.name>
  <cim:OperationalLimit.OperationalLimitSet rdf:resource="#_CE2FE062-CCE6-47B7-BFE8-739B10454C54"/>
  <cim:OperationalLimit.OperationalLimitType rdf:resource="#_1D1550BB-94C6-45B7-BFBE-3AA244C8252E"/>
  <cim:CurrentLimit.value>138.08687</cim:CurrentLimit.value>
</cim:CurrentLimit>
<cim:CurrentLimit rdf:ID="_AF5B3B31-DE30-4F67-BDF6-1E4D0F9F9A89">
  <cim:IdentifiedObject.mRID>_AF5B3B31-DE30-4F67-BDF6-1E4D0F9F9A89</cim:IdentifiedObject.mRID>
  <cim:IdentifiedObject.name>OpLimI_138.1_188.3_Emerg</cim:IdentifiedObject.name>
  <cim:OperationalLimit.OperationalLimitSet rdf:resource="#_CE2FE062-CCE6-47B7-BFE8-739B10454C54"/>
  <cim:OperationalLimit.OperationalLimitType rdf:resource="#_9557110C-79C0-4296-88BC-BBF96CDED523"/>
  <cim:CurrentLimit.value>188.30028</cim:CurrentLimit.value>
</cim:CurrentLimit>
<cim:OperationalLimitSet rdf:ID="_37CA451F-8E8C-475F-A39F-697E2ED0E65E">
  <cim:IdentifiedObject.mRID>_37CA451F-8E8C-475F-A39F-697E2ED0E65E</cim:IdentifiedObject.mRID>
  <cim:IdentifiedObject.name>OpLimI_530.0_795.0</cim:IdentifiedObject.name>
</cim:OperationalLimitSet>
<cim:CurrentLimit rdf:ID="_C797740D-9780-4963-8289-54347A25AF0C">
  <cim:IdentifiedObject.mRID>_C797740D-9780-4963-8289-54347A25AF0C</cim:IdentifiedObject.mRID>
  <cim:IdentifiedObject.name>OpLimI_530.0_795.0_Norm</cim:IdentifiedObject.name>
  <cim:OperationalLimit.OperationalLimitSet rdf:resource="#_37CA451F-8E8C-475F-A39F-697E2ED0E65E"/>
  <cim:OperationalLimit.OperationalLimitType rdf:resource="#_1D1550BB-94C6-45B7-BFBE-3AA244C8252E"/>
  <cim:CurrentLimit.value>530</cim:CurrentLimit.value>
</cim:CurrentLimit>
<cim:CurrentLimit rdf:ID="_FBB32EBA-150E-4754-95D6-C39DA796E6E4">
  <cim:IdentifiedObject.mRID>_FBB32EBA-150E-4754-95D6-C39DA796E6E4</cim:IdentifiedObject.mRID>
  <cim:IdentifiedObject.name>OpLimI_530.0_795.0_Emerg</cim:IdentifiedObject.name>
  <cim:OperationalLimit.OperationalLimitSet rdf:resource="#_37CA451F-8E8C-475F-A39F-697E2ED0E65E"/>
  <cim:OperationalLimit.OperationalLimitType rdf:resource="#_9557110C-79C0-4296-88BC-BBF96CDED523"/>
  <cim:CurrentLimit.value>795</cim:CurrentLimit.value>
</cim:CurrentLimit>
</rdf:RDF>
