<?xml version="1.0" encoding="utf-8"?>
<!-- un-comment this line to enable validation
-->
<rdf:RDF xmlns:cim="http://iec.ch/TC57/CIM100#" xmlns:rdf="http://www.w3.org/1999/02/22-rdf-syntax-ns#">
<!--
-->
<cim:IEC61970CIMVersion rdf:about="urn:uuid:802D7AD0-BA46-481B-A851-C793EBBFB939">
  <cim:IEC61970CIMVersion.version>IEC61970CIM100</cim:IEC61970CIMVersion.version>
  <cim:IEC61970CIMVersion.date>2019-04-01</cim:IEC61970CIMVersion.date>
</cim:IEC61970CIMVersion>
<cim:CoordinateSystem rdf:about="urn:uuid:906C6A19-B0F0-4588-B037-EDFCAC0723C2">
  <cim:IdentifiedObject.mRID>906C6A19-B0F0-4588-B037-EDFCAC0723C2</cim:IdentifiedObject.mRID>
  <cim:IdentifiedObject.name>yyd_CrsUrn</cim:IdentifiedObject.name>
  <cim:CoordinateSystem.crsUrn>OpenDSSLocalBusCoordinates</cim:CoordinateSystem.crsUrn>
</cim:CoordinateSystem>
<cim:GeographicalRegion rdf:about="urn:uuid:1FE4D73F-F0D7-4CC5-8C08-EA4C08A506D3">
  <cim:IdentifiedObject.mRID>1FE4D73F-F0D7-4CC5-8C08-EA4C08A506D3</cim:IdentifiedObject.mRID>
  <cim:IdentifiedObject.name>geo1</cim:IdentifiedObject.name>
</cim:GeographicalRegion>
<cim:SubGeographicalRegion rdf:about="urn:uuid:EB9F67CF-9359-49ED-A88B-A8B0072E17D6">
  <cim:IdentifiedObject.mRID>EB9F67CF-9359-49ED-A88B-A8B0072E17D6</cim:IdentifiedObject.mRID>
  <cim:IdentifiedObject.name>subgeo1</cim:IdentifiedObject.name>
  <cim:SubGeographicalRegion.Region rdf:resource="urn:uuid:1FE4D73F-F0D7-4CC5-8C08-EA4C08A506D3"/>
</cim:SubGeographicalRegion>
<cim:Substation rdf:about="urn:uuid:F401E300-3DC9-40D8-B155-85A1BEA01BA4">
  <cim:IdentifiedObject.mRID>F401E300-3DC9-40D8-B155-85A1BEA01BA4</cim:IdentifiedObject.mRID>
  <cim:IdentifiedObject.name>sub1</cim:IdentifiedObject.name>
  <cim:Substation.Region rdf:resource="urn:uuid:EB9F67CF-9359-49ED-A88B-A8B0072E17D6"/>
</cim:Substation>
<cim:Location rdf:about="urn:uuid:0374BDFE-BAF7-4147-904C-57164ECAE1D9">
  <cim:IdentifiedObject.mRID>0374BDFE-BAF7-4147-904C-57164ECAE1D9</cim:IdentifiedObject.mRID>
  <cim:IdentifiedObject.name>yyd_Location</cim:IdentifiedObject.name>
  <cim:Location.CoordinateSystem rdf:resource="urn:uuid:906C6A19-B0F0-4588-B037-EDFCAC0723C2"/>
</cim:Location>
<cim:Feeder rdf:about="urn:uuid:5F0B3FFA-C2D4-47D6-AB25-54231CEEA4B6">
  <cim:IdentifiedObject.mRID>5F0B3FFA-C2D4-47D6-AB25-54231CEEA4B6</cim:IdentifiedObject.mRID>
  <cim:IdentifiedObject.name>yyd</cim:IdentifiedObject.name>
  <cim:Feeder.NormalEnergizingSubstation rdf:resource="urn:uuid:F401E300-3DC9-40D8-B155-85A1BEA01BA4"/>
  <cim:PowerSystemResource.Location rdf:resource="urn:uuid:0374BDFE-BAF7-4147-904C-57164ECAE1D9"/>
</cim:Feeder>
<cim:OperationalLimitType rdf:about="urn:uuid:8E285AB4-50A9-4F2E-B160-BDAF54B6A493">
  <cim:IdentifiedObject.mRID>8E285AB4-50A9-4F2E-B160-BDAF54B6A493</cim:IdentifiedObject.mRID>
  <cim:IdentifiedObject.name>yyd_NormAmpsType</cim:IdentifiedObject.name>
  <cim:OperationalLimitType.acceptableDuration>5E9</cim:OperationalLimitType.acceptableDuration>
  <cim:OperationalLimitType.direction rdf:resource="http://iec.ch/TC57/CIM100#OperationalLimitDirectionKind.absoluteValue"/>
</cim:OperationalLimitType>
<cim:OperationalLimitType rdf:about="urn:uuid:28C7545E-A68D-4128-A62F-B82AF3C1DAAE">
  <cim:IdentifiedObject.mRID>28C7545E-A68D-4128-A62F-B82AF3C1DAAE</cim:IdentifiedObject.mRID>
  <cim:IdentifiedObject.name>yyd_EmergencyAmpsType</cim:IdentifiedObject.name>
  <cim:OperationalLimitType.acceptableDuration>7200</cim:OperationalLimitType.acceptableDuration>
  <cim:OperationalLimitType.direction rdf:resource="http://iec.ch/TC57/CIM100#OperationalLimitDirectionKind.absoluteValue"/>
</cim:OperationalLimitType>
<cim:OperationalLimitType rdf:about="urn:uuid:7CAAD214-BB7B-4E20-8124-AF13AA16BA9E">
  <cim:IdentifiedObject.mRID>7CAAD214-BB7B-4E20-8124-AF13AA16BA9E</cim:IdentifiedObject.mRID>
  <cim:IdentifiedObject.name>yyd_RangeAHiType</cim:IdentifiedObject.name>
  <cim:OperationalLimitType.acceptableDuration>5E9</cim:OperationalLimitType.acceptableDuration>
  <cim:OperationalLimitType.direction rdf:resource="http://iec.ch/TC57/CIM100#OperationalLimitDirectionKind.high"/>
</cim:OperationalLimitType>
<cim:OperationalLimitType rdf:about="urn:uuid:7135EF93-A14C-45F1-80F4-CE1C3A539F79">
  <cim:IdentifiedObject.mRID>7135EF93-A14C-45F1-80F4-CE1C3A539F79</cim:IdentifiedObject.mRID>
  <cim:IdentifiedObject.name>yyd_RangeALoType</cim:IdentifiedObject.name>
  <cim:OperationalLimitType.acceptableDuration>5E9</cim:OperationalLimitType.acceptableDuration>
  <cim:OperationalLimitType.direction rdf:resource="http://iec.ch/TC57/CIM100#OperationalLimitDirectionKind.low"/>
</cim:OperationalLimitType>
<cim:OperationalLimitType rdf:about="urn:uuid:A8EEF23B-543E-426E-A993-650AFD23CE49">
  <cim:IdentifiedObject.mRID>A8EEF23B-543E-426E-A993-650AFD23CE49</cim:IdentifiedObject.mRID>
  <cim:IdentifiedObject.name>yyd_RangeBHiType</cim:IdentifiedObject.name>
  <cim:OperationalLimitType.acceptableDuration>86400</cim:OperationalLimitType.acceptableDuration>
  <cim:OperationalLimitType.direction rdf:resource="http://iec.ch/TC57/CIM100#OperationalLimitDirectionKind.high"/>
</cim:OperationalLimitType>
<cim:OperationalLimitType rdf:about="urn:uuid:051508E5-8BD6-4B57-9D8E-BE47B2F81F0E">
  <cim:IdentifiedObject.mRID>051508E5-8BD6-4B57-9D8E-BE47B2F81F0E</cim:IdentifiedObject.mRID>
  <cim:IdentifiedObject.name>yyd_RangeBLoType</cim:IdentifiedObject.name>
  <cim:OperationalLimitType.acceptableDuration>86400</cim:OperationalLimitType.acceptableDuration>
  <cim:OperationalLimitType.direction rdf:resource="http://iec.ch/TC57/CIM100#OperationalLimitDirectionKind.low"/>
</cim:OperationalLimitType>
<cim:BaseVoltage rdf:about="urn:uuid:6A4EE495-81C9-4995-A397-F933C51F4A3A">
  <cim:IdentifiedObject.mRID>6A4EE495-81C9-4995-A397-F933C51F4A3A</cim:IdentifiedObject.mRID>
  <cim:IdentifiedObject.name>BaseV_69.0000</cim:IdentifiedObject.name>
  <cim:BaseVoltage.nominalVoltage>69000</cim:BaseVoltage.nominalVoltage>
</cim:BaseVoltage>
<cim:OperationalLimitSet rdf:about="urn:uuid:A8550C4B-AAE1-4E05-9280-A10516DF33E5">
  <cim:IdentifiedObject.mRID>A8550C4B-AAE1-4E05-9280-A10516DF33E5</cim:IdentifiedObject.mRID>
  <cim:IdentifiedObject.name>OpLimV_69.0000</cim:IdentifiedObject.name>
</cim:OperationalLimitSet>
<cim:VoltageLimit rdf:about="urn:uuid:1441D5BA-A369-4B5D-BAA2-0A311C689900">
  <cim:IdentifiedObject.mRID>1441D5BA-A369-4B5D-BAA2-0A311C689900</cim:IdentifiedObject.mRID>
  <cim:IdentifiedObject.name>OpLimV_69.0000_RangeAHi</cim:IdentifiedObject.name>
  <cim:OperationalLimit.OperationalLimitSet rdf:resource="urn:uuid:A8550C4B-AAE1-4E05-9280-A10516DF33E5"/>
  <cim:OperationalLimit.OperationalLimitType rdf:resource="urn:uuid:7CAAD214-BB7B-4E20-8124-AF13AA16BA9E"/>
  <cim:VoltageLimit.value>72450</cim:VoltageLimit.value>
</cim:VoltageLimit>
<cim:VoltageLimit rdf:about="urn:uuid:C6BD84E6-6ABA-4846-B577-7462331A5370">
  <cim:IdentifiedObject.mRID>C6BD84E6-6ABA-4846-B577-7462331A5370</cim:IdentifiedObject.mRID>
  <cim:IdentifiedObject.name>OpLimV_69.0000_RangeALo</cim:IdentifiedObject.name>
  <cim:OperationalLimit.OperationalLimitSet rdf:resource="urn:uuid:A8550C4B-AAE1-4E05-9280-A10516DF33E5"/>
  <cim:OperationalLimit.OperationalLimitType rdf:resource="urn:uuid:7135EF93-A14C-45F1-80F4-CE1C3A539F79"/>
  <cim:VoltageLimit.value>65550</cim:VoltageLimit.value>
</cim:VoltageLimit>
<cim:VoltageLimit rdf:about="urn:uuid:074A7000-185A-4F1A-B84A-8559C1DA98BA">
  <cim:IdentifiedObject.mRID>074A7000-185A-4F1A-B84A-8559C1DA98BA</cim:IdentifiedObject.mRID>
  <cim:IdentifiedObject.name>OpLimV_69.0000_RangeBHi</cim:IdentifiedObject.name>
  <cim:OperationalLimit.OperationalLimitSet rdf:resource="urn:uuid:A8550C4B-AAE1-4E05-9280-A10516DF33E5"/>
  <cim:OperationalLimit.OperationalLimitType rdf:resource="urn:uuid:A8EEF23B-543E-426E-A993-650AFD23CE49"/>
  <cim:VoltageLimit.value>73024.998</cim:VoltageLimit.value>
</cim:VoltageLimit>
<cim:VoltageLimit rdf:about="urn:uuid:9A2CEF81-E015-4E09-9A5C-BD64CFFD039A">
  <cim:IdentifiedObject.mRID>9A2CEF81-E015-4E09-9A5C-BD64CFFD039A</cim:IdentifiedObject.mRID>
  <cim:IdentifiedObject.name>OpLimV_69.0000_RangeBLo</cim:IdentifiedObject.name>
  <cim:OperationalLimit.OperationalLimitSet rdf:resource="urn:uuid:A8550C4B-AAE1-4E05-9280-A10516DF33E5"/>
  <cim:OperationalLimit.OperationalLimitType rdf:resource="urn:uuid:051508E5-8BD6-4B57-9D8E-BE47B2F81F0E"/>
  <cim:VoltageLimit.value>63250.002</cim:VoltageLimit.value>
</cim:VoltageLimit>
<cim:BaseVoltage rdf:about="urn:uuid:0B9B570F-7F0C-4995-82ED-757394F02E7A">
  <cim:IdentifiedObject.mRID>0B9B570F-7F0C-4995-82ED-757394F02E7A</cim:IdentifiedObject.mRID>
  <cim:IdentifiedObject.name>BaseV_13.2000</cim:IdentifiedObject.name>
  <cim:BaseVoltage.nominalVoltage>13200</cim:BaseVoltage.nominalVoltage>
</cim:BaseVoltage>
<cim:OperationalLimitSet rdf:about="urn:uuid:FA8C6B4E-1B35-4030-B693-C9D8B76168B0">
  <cim:IdentifiedObject.mRID>FA8C6B4E-1B35-4030-B693-C9D8B76168B0</cim:IdentifiedObject.mRID>
  <cim:IdentifiedObject.name>OpLimV_13.2000</cim:IdentifiedObject.name>
</cim:OperationalLimitSet>
<cim:VoltageLimit rdf:about="urn:uuid:14D7F4A0-62F7-48B9-8635-813D9C7BB23F">
  <cim:IdentifiedObject.mRID>14D7F4A0-62F7-48B9-8635-813D9C7BB23F</cim:IdentifiedObject.mRID>
  <cim:IdentifiedObject.name>OpLimV_13.2000_RangeAHi</cim:IdentifiedObject.name>
  <cim:OperationalLimit.OperationalLimitSet rdf:resource="urn:uuid:FA8C6B4E-1B35-4030-B693-C9D8B76168B0"/>
  <cim:OperationalLimit.OperationalLimitType rdf:resource="urn:uuid:7CAAD214-BB7B-4E20-8124-AF13AA16BA9E"/>
  <cim:VoltageLimit.value>13860</cim:VoltageLimit.value>
</cim:VoltageLimit>
<cim:VoltageLimit rdf:about="urn:uuid:C0CB93B6-570B-4CB4-9B77-94461E9AC54E">
  <cim:IdentifiedObject.mRID>C0CB93B6-570B-4CB4-9B77-94461E9AC54E</cim:IdentifiedObject.mRID>
  <cim:IdentifiedObject.name>OpLimV_13.2000_RangeALo</cim:IdentifiedObject.name>
  <cim:OperationalLimit.OperationalLimitSet rdf:resource="urn:uuid:FA8C6B4E-1B35-4030-B693-C9D8B76168B0"/>
  <cim:OperationalLimit.OperationalLimitType rdf:resource="urn:uuid:7135EF93-A14C-45F1-80F4-CE1C3A539F79"/>
  <cim:VoltageLimit.value>12540</cim:VoltageLimit.value>
</cim:VoltageLimit>
<cim:VoltageLimit rdf:about="urn:uuid:DA0DA4B3-CFCF-4BCC-8549-9FD15A3E7251">
  <cim:IdentifiedObject.mRID>DA0DA4B3-CFCF-4BCC-8549-9FD15A3E7251</cim:IdentifiedObject.mRID>
  <cim:IdentifiedObject.name>OpLimV_13.2000_RangeBHi</cim:IdentifiedObject.name>
  <cim:OperationalLimit.OperationalLimitSet rdf:resource="urn:uuid:FA8C6B4E-1B35-4030-B693-C9D8B76168B0"/>
  <cim:OperationalLimit.OperationalLimitType rdf:resource="urn:uuid:A8EEF23B-543E-426E-A993-650AFD23CE49"/>
  <cim:VoltageLimit.value>13970</cim:VoltageLimit.value>
</cim:VoltageLimit>
<cim:VoltageLimit rdf:about="urn:uuid:69922A44-636C-40AD-BA8B-7E4663DABFD4">
  <cim:IdentifiedObject.mRID>69922A44-636C-40AD-BA8B-7E4663DABFD4</cim:IdentifiedObject.mRID>
  <cim:IdentifiedObject.name>OpLimV_13.2000_RangeBLo</cim:IdentifiedObject.name>
  <cim:OperationalLimit.OperationalLimitSet rdf:resource="urn:uuid:FA8C6B4E-1B35-4030-B693-C9D8B76168B0"/>
  <cim:OperationalLimit.OperationalLimitType rdf:resource="urn:uuid:051508E5-8BD6-4B57-9D8E-BE47B2F81F0E"/>
  <cim:VoltageLimit.value>12100</cim:VoltageLimit.value>
</cim:VoltageLimit>
<cim:BaseVoltage rdf:about="urn:uuid:C49A3060-8131-45F7-A316-FA885EAB933E">
  <cim:IdentifiedObject.mRID>C49A3060-8131-45F7-A316-FA885EAB933E</cim:IdentifiedObject.mRID>
  <cim:IdentifiedObject.name>BaseV_2.4000</cim:IdentifiedObject.name>
  <cim:BaseVoltage.nominalVoltage>2400</cim:BaseVoltage.nominalVoltage>
</cim:BaseVoltage>
<cim:OperationalLimitSet rdf:about="urn:uuid:7CCE6BBF-866D-4A4F-834F-6F4CA1FB7B5F">
  <cim:IdentifiedObject.mRID>7CCE6BBF-866D-4A4F-834F-6F4CA1FB7B5F</cim:IdentifiedObject.mRID>
  <cim:IdentifiedObject.name>OpLimV_2.4000</cim:IdentifiedObject.name>
</cim:OperationalLimitSet>
<cim:VoltageLimit rdf:about="urn:uuid:C92C6879-4AB4-4341-AC02-C412714F0FA6">
  <cim:IdentifiedObject.mRID>C92C6879-4AB4-4341-AC02-C412714F0FA6</cim:IdentifiedObject.mRID>
  <cim:IdentifiedObject.name>OpLimV_2.4000_RangeAHi</cim:IdentifiedObject.name>
  <cim:OperationalLimit.OperationalLimitSet rdf:resource="urn:uuid:7CCE6BBF-866D-4A4F-834F-6F4CA1FB7B5F"/>
  <cim:OperationalLimit.OperationalLimitType rdf:resource="urn:uuid:7CAAD214-BB7B-4E20-8124-AF13AA16BA9E"/>
  <cim:VoltageLimit.value>2520</cim:VoltageLimit.value>
</cim:VoltageLimit>
<cim:VoltageLimit rdf:about="urn:uuid:D6C3B11F-124A-48E5-BF4D-4EF146B5746D">
  <cim:IdentifiedObject.mRID>D6C3B11F-124A-48E5-BF4D-4EF146B5746D</cim:IdentifiedObject.mRID>
  <cim:IdentifiedObject.name>OpLimV_2.4000_RangeALo</cim:IdentifiedObject.name>
  <cim:OperationalLimit.OperationalLimitSet rdf:resource="urn:uuid:7CCE6BBF-866D-4A4F-834F-6F4CA1FB7B5F"/>
  <cim:OperationalLimit.OperationalLimitType rdf:resource="urn:uuid:7135EF93-A14C-45F1-80F4-CE1C3A539F79"/>
  <cim:VoltageLimit.value>2280</cim:VoltageLimit.value>
</cim:VoltageLimit>
<cim:VoltageLimit rdf:about="urn:uuid:1C7883CF-3DD0-455B-BC96-C1685718E1DA">
  <cim:IdentifiedObject.mRID>1C7883CF-3DD0-455B-BC96-C1685718E1DA</cim:IdentifiedObject.mRID>
  <cim:IdentifiedObject.name>OpLimV_2.4000_RangeBHi</cim:IdentifiedObject.name>
  <cim:OperationalLimit.OperationalLimitSet rdf:resource="urn:uuid:7CCE6BBF-866D-4A4F-834F-6F4CA1FB7B5F"/>
  <cim:OperationalLimit.OperationalLimitType rdf:resource="urn:uuid:A8EEF23B-543E-426E-A993-650AFD23CE49"/>
  <cim:VoltageLimit.value>2539.9999</cim:VoltageLimit.value>
</cim:VoltageLimit>
<cim:VoltageLimit rdf:about="urn:uuid:2BC38E87-F18C-487D-B9B4-7EBDF6D89113">
  <cim:IdentifiedObject.mRID>2BC38E87-F18C-487D-B9B4-7EBDF6D89113</cim:IdentifiedObject.mRID>
  <cim:IdentifiedObject.name>OpLimV_2.4000_RangeBLo</cim:IdentifiedObject.name>
  <cim:OperationalLimit.OperationalLimitSet rdf:resource="urn:uuid:7CCE6BBF-866D-4A4F-834F-6F4CA1FB7B5F"/>
  <cim:OperationalLimit.OperationalLimitType rdf:resource="urn:uuid:051508E5-8BD6-4B57-9D8E-BE47B2F81F0E"/>
  <cim:VoltageLimit.value>2200.0001</cim:VoltageLimit.value>
</cim:VoltageLimit>
<cim:TopologicalNode rdf:about="urn:uuid:088AD0DF-CD45-4ED7-9222-0337366AACA8">
  <cim:IdentifiedObject.mRID>088AD0DF-CD45-4ED7-9222-0337366AACA8</cim:IdentifiedObject.mRID>
  <cim:IdentifiedObject.name>b1</cim:IdentifiedObject.name>
  <cim:TopologicalNode.TopologicalIsland rdf:resource="urn:uuid:F3C99FAA-C06A-427F-B66A-F4086692F393"/>
</cim:TopologicalNode>
<cim:ConnectivityNode rdf:about="urn:uuid:3A9061E4-530C-486B-812A-86BD7E0FD507">
  <cim:IdentifiedObject.mRID>3A9061E4-530C-486B-812A-86BD7E0FD507</cim:IdentifiedObject.mRID>
  <cim:IdentifiedObject.name>b1</cim:IdentifiedObject.name>
  <cim:ConnectivityNode.TopologicalNode rdf:resource="urn:uuid:088AD0DF-CD45-4ED7-9222-0337366AACA8"/>
  <cim:ConnectivityNode.OperationalLimitSet rdf:resource="urn:uuid:A8550C4B-AAE1-4E05-9280-A10516DF33E5"/>
  <cim:ConnectivityNode.ConnectivityNodeContainer rdf:resource="urn:uuid:5F0B3FFA-C2D4-47D6-AB25-54231CEEA4B6"/>
</cim:ConnectivityNode>
<cim:TopologicalNode rdf:about="urn:uuid:2BC9E4A4-3070-4007-A971-8BD936F7ABCD">
  <cim:IdentifiedObject.mRID>2BC9E4A4-3070-4007-A971-8BD936F7ABCD</cim:IdentifiedObject.mRID>
  <cim:IdentifiedObject.name>b2</cim:IdentifiedObject.name>
  <cim:TopologicalNode.TopologicalIsland rdf:resource="urn:uuid:F3C99FAA-C06A-427F-B66A-F4086692F393"/>
</cim:TopologicalNode>
<cim:ConnectivityNode rdf:about="urn:uuid:33D6F11F-CD12-47AF-A98B-2EECBC0D9BA5">
  <cim:IdentifiedObject.mRID>33D6F11F-CD12-47AF-A98B-2EECBC0D9BA5</cim:IdentifiedObject.mRID>
  <cim:IdentifiedObject.name>b2</cim:IdentifiedObject.name>
  <cim:ConnectivityNode.TopologicalNode rdf:resource="urn:uuid:2BC9E4A4-3070-4007-A971-8BD936F7ABCD"/>
  <cim:ConnectivityNode.OperationalLimitSet rdf:resource="urn:uuid:A8550C4B-AAE1-4E05-9280-A10516DF33E5"/>
  <cim:ConnectivityNode.ConnectivityNodeContainer rdf:resource="urn:uuid:5F0B3FFA-C2D4-47D6-AB25-54231CEEA4B6"/>
</cim:ConnectivityNode>
<cim:TopologicalNode rdf:about="urn:uuid:F3639B84-0C79-420D-996F-7A8552D709A5">
  <cim:IdentifiedObject.mRID>F3639B84-0C79-420D-996F-7A8552D709A5</cim:IdentifiedObject.mRID>
  <cim:IdentifiedObject.name>b3</cim:IdentifiedObject.name>
  <cim:TopologicalNode.TopologicalIsland rdf:resource="urn:uuid:F3C99FAA-C06A-427F-B66A-F4086692F393"/>
</cim:TopologicalNode>
<cim:ConnectivityNode rdf:about="urn:uuid:CC08581C-976C-4D53-AD1E-A589623EF262">
  <cim:IdentifiedObject.mRID>CC08581C-976C-4D53-AD1E-A589623EF262</cim:IdentifiedObject.mRID>
  <cim:IdentifiedObject.name>b3</cim:IdentifiedObject.name>
  <cim:ConnectivityNode.TopologicalNode rdf:resource="urn:uuid:F3639B84-0C79-420D-996F-7A8552D709A5"/>
  <cim:ConnectivityNode.OperationalLimitSet rdf:resource="urn:uuid:FA8C6B4E-1B35-4030-B693-C9D8B76168B0"/>
  <cim:ConnectivityNode.ConnectivityNodeContainer rdf:resource="urn:uuid:5F0B3FFA-C2D4-47D6-AB25-54231CEEA4B6"/>
</cim:ConnectivityNode>
<cim:TopologicalNode rdf:about="urn:uuid:0CE0E46E-A6B0-49A3-A60A-723F75E2BE90">
  <cim:IdentifiedObject.mRID>0CE0E46E-A6B0-49A3-A60A-723F75E2BE90</cim:IdentifiedObject.mRID>
  <cim:IdentifiedObject.name>b4</cim:IdentifiedObject.name>
  <cim:TopologicalNode.TopologicalIsland rdf:resource="urn:uuid:F3C99FAA-C06A-427F-B66A-F4086692F393"/>
</cim:TopologicalNode>
<cim:ConnectivityNode rdf:about="urn:uuid:0842AF0E-0AB7-4FF2-8BFC-5482BAE8B785">
  <cim:IdentifiedObject.mRID>0842AF0E-0AB7-4FF2-8BFC-5482BAE8B785</cim:IdentifiedObject.mRID>
  <cim:IdentifiedObject.name>b4</cim:IdentifiedObject.name>
  <cim:ConnectivityNode.TopologicalNode rdf:resource="urn:uuid:0CE0E46E-A6B0-49A3-A60A-723F75E2BE90"/>
  <cim:ConnectivityNode.OperationalLimitSet rdf:resource="urn:uuid:FA8C6B4E-1B35-4030-B693-C9D8B76168B0"/>
  <cim:ConnectivityNode.ConnectivityNodeContainer rdf:resource="urn:uuid:5F0B3FFA-C2D4-47D6-AB25-54231CEEA4B6"/>
</cim:ConnectivityNode>
<cim:TopologicalNode rdf:about="urn:uuid:9495ADA8-C6F3-4F59-85A8-66DFDC7CB5B9">
  <cim:IdentifiedObject.mRID>9495ADA8-C6F3-4F59-85A8-66DFDC7CB5B9</cim:IdentifiedObject.mRID>
  <cim:IdentifiedObject.name>b5</cim:IdentifiedObject.name>
  <cim:TopologicalNode.TopologicalIsland rdf:resource="urn:uuid:F3C99FAA-C06A-427F-B66A-F4086692F393"/>
</cim:TopologicalNode>
<cim:ConnectivityNode rdf:about="urn:uuid:6D511481-A052-4956-878A-92B0FC8031F9">
  <cim:IdentifiedObject.mRID>6D511481-A052-4956-878A-92B0FC8031F9</cim:IdentifiedObject.mRID>
  <cim:IdentifiedObject.name>b5</cim:IdentifiedObject.name>
  <cim:ConnectivityNode.TopologicalNode rdf:resource="urn:uuid:9495ADA8-C6F3-4F59-85A8-66DFDC7CB5B9"/>
  <cim:ConnectivityNode.OperationalLimitSet rdf:resource="urn:uuid:7CCE6BBF-866D-4A4F-834F-6F4CA1FB7B5F"/>
  <cim:ConnectivityNode.ConnectivityNodeContainer rdf:resource="urn:uuid:5F0B3FFA-C2D4-47D6-AB25-54231CEEA4B6"/>
</cim:ConnectivityNode>
<cim:TopologicalNode rdf:about="urn:uuid:2F533F18-AD31-4DD0-8D7E-51CC974A3C1D">
  <cim:IdentifiedObject.mRID>2F533F18-AD31-4DD0-8D7E-51CC974A3C1D</cim:IdentifiedObject.mRID>
  <cim:IdentifiedObject.name>b6</cim:IdentifiedObject.name>
  <cim:TopologicalNode.TopologicalIsland rdf:resource="urn:uuid:F3C99FAA-C06A-427F-B66A-F4086692F393"/>
</cim:TopologicalNode>
<cim:ConnectivityNode rdf:about="urn:uuid:A691E45E-CCA6-4E59-B1F5-A85056743361">
  <cim:IdentifiedObject.mRID>A691E45E-CCA6-4E59-B1F5-A85056743361</cim:IdentifiedObject.mRID>
  <cim:IdentifiedObject.name>b6</cim:IdentifiedObject.name>
  <cim:ConnectivityNode.TopologicalNode rdf:resource="urn:uuid:2F533F18-AD31-4DD0-8D7E-51CC974A3C1D"/>
  <cim:ConnectivityNode.OperationalLimitSet rdf:resource="urn:uuid:7CCE6BBF-866D-4A4F-834F-6F4CA1FB7B5F"/>
  <cim:ConnectivityNode.ConnectivityNodeContainer rdf:resource="urn:uuid:5F0B3FFA-C2D4-47D6-AB25-54231CEEA4B6"/>
</cim:ConnectivityNode>
<cim:TopologicalIsland rdf:about="urn:uuid:F3C99FAA-C06A-427F-B66A-F4086692F393">
  <cim:IdentifiedObject.mRID>F3C99FAA-C06A-427F-B66A-F4086692F393</cim:IdentifiedObject.mRID>
  <cim:IdentifiedObject.name>yyd_Island</cim:IdentifiedObject.name>
  <cim:TopologicalIsland.AngleRefTopologicalNode rdf:resource="urn:uuid:088AD0DF-CD45-4ED7-9222-0337366AACA8"/>
</cim:TopologicalIsland>
<cim:EnergySource rdf:about="urn:uuid:D97C2DB7-FC60-4534-8D5F-66392B8536BE">
  <cim:IdentifiedObject.mRID>D97C2DB7-FC60-4534-8D5F-66392B8536BE</cim:IdentifiedObject.mRID>
  <cim:IdentifiedObject.name>source</cim:IdentifiedObject.name>
  <cim:Equipment.EquipmentContainer rdf:resource="urn:uuid:5F0B3FFA-C2D4-47D6-AB25-54231CEEA4B6"/>
  <cim:ConductingEquipment.BaseVoltage rdf:resource="urn:uuid:6A4EE495-81C9-4995-A397-F933C51F4A3A"/>
  <cim:EnergySource.nominalVoltage>69000</cim:EnergySource.nominalVoltage>
  <cim:EnergySource.voltageMagnitude>69000</cim:EnergySource.voltageMagnitude>
  <cim:EnergySource.voltageAngle>0</cim:EnergySource.voltageAngle>
  <cim:EnergySource.r>0.0096619326</cim:EnergySource.r>
  <cim:EnergySource.x>0.03864773</cim:EnergySource.x>
  <cim:EnergySource.r0>0.0091817318</cim:EnergySource.r0>
  <cim:EnergySource.x0>0.027545195</cim:EnergySource.x0>
  <cim:PowerSystemResource.Location rdf:resource="urn:uuid:C13B1163-80D7-4338-A7EC-0738C0CBDE34"/>
</cim:EnergySource>
<cim:Terminal rdf:about="urn:uuid:F6BD483B-CBAA-4285-A970-49D046974736">
  <cim:IdentifiedObject.mRID>F6BD483B-CBAA-4285-A970-49D046974736</cim:IdentifiedObject.mRID>
  <cim:IdentifiedObject.name>source_T1</cim:IdentifiedObject.name>
  <cim:Terminal.ConductingEquipment rdf:resource="urn:uuid:D97C2DB7-FC60-4534-8D5F-66392B8536BE"/>
  <cim:ACDCTerminal.sequenceNumber>1</cim:ACDCTerminal.sequenceNumber>
  <cim:Terminal.ConnectivityNode rdf:resource="urn:uuid:3A9061E4-530C-486B-812A-86BD7E0FD507"/>
</cim:Terminal>
<cim:Location rdf:about="urn:uuid:C13B1163-80D7-4338-A7EC-0738C0CBDE34">
  <cim:IdentifiedObject.mRID>C13B1163-80D7-4338-A7EC-0738C0CBDE34</cim:IdentifiedObject.mRID>
  <cim:IdentifiedObject.name>source_Loc</cim:IdentifiedObject.name>
  <cim:Location.CoordinateSystem rdf:resource="urn:uuid:906C6A19-B0F0-4588-B037-EDFCAC0723C2"/>
</cim:Location>
<cim:PositionPoint rdf:about="urn:uuid:4A20BB0D-FDBF-4388-B33D-1450222FDBA2">
  <cim:PositionPoint.Location rdf:resource="urn:uuid:C13B1163-80D7-4338-A7EC-0738C0CBDE34"/>
  <cim:PositionPoint.sequenceNumber>1</cim:PositionPoint.sequenceNumber>
  <cim:PositionPoint.xPosition>0</cim:PositionPoint.xPosition>
  <cim:PositionPoint.yPosition>0</cim:PositionPoint.yPosition>
</cim:PositionPoint>
<cim:TransformerTankInfo rdf:about="urn:uuid:C77CB121-BD00-4D43-B3F9-336113DB2762">
  <cim:IdentifiedObject.mRID>C77CB121-BD00-4D43-B3F9-336113DB2762</cim:IdentifiedObject.mRID>
  <cim:IdentifiedObject.name>yyd</cim:IdentifiedObject.name>
</cim:TransformerTankInfo>
<cim:TransformerEndInfo rdf:about="urn:uuid:27A65860-9D42-46E6-954D-3770CC2A4508">
  <cim:IdentifiedObject.mRID>27A65860-9D42-46E6-954D-3770CC2A4508</cim:IdentifiedObject.mRID>
  <cim:IdentifiedObject.name>yyd_1</cim:IdentifiedObject.name>
  <cim:TransformerEndInfo.TransformerTankInfo rdf:resource="urn:uuid:C77CB121-BD00-4D43-B3F9-336113DB2762"/>
  <cim:TransformerEndInfo.endNumber>1</cim:TransformerEndInfo.endNumber>
  <cim:TransformerEndInfo.connectionKind rdf:resource="http://iec.ch/TC57/CIM100#WindingConnection.Y"/>
  <cim:TransformerEndInfo.phaseAngleClock>0</cim:TransformerEndInfo.phaseAngleClock>
  <cim:TransformerEndInfo.ratedU>69000</cim:TransformerEndInfo.ratedU>
  <cim:TransformerEndInfo.ratedS>15000000</cim:TransformerEndInfo.ratedS>
  <cim:TransformerEndInfo.shortTermS>16500000</cim:TransformerEndInfo.shortTermS>
  <cim:TransformerEndInfo.emergencyS>22500000</cim:TransformerEndInfo.emergencyS>
  <cim:TransformerEndInfo.r>0.34914</cim:TransformerEndInfo.r>
  <cim:TransformerEndInfo.insulationU>0</cim:TransformerEndInfo.insulationU>
</cim:TransformerEndInfo>
<cim:TransformerEndInfo rdf:about="urn:uuid:B72DD38C-3FFD-41CE-8F0E-E86CDD570C00">
  <cim:IdentifiedObject.mRID>B72DD38C-3FFD-41CE-8F0E-E86CDD570C00</cim:IdentifiedObject.mRID>
  <cim:IdentifiedObject.name>yyd_2</cim:IdentifiedObject.name>
  <cim:TransformerEndInfo.TransformerTankInfo rdf:resource="urn:uuid:C77CB121-BD00-4D43-B3F9-336113DB2762"/>
  <cim:TransformerEndInfo.endNumber>2</cim:TransformerEndInfo.endNumber>
  <cim:TransformerEndInfo.connectionKind rdf:resource="http://iec.ch/TC57/CIM100#WindingConnection.Y"/>
  <cim:TransformerEndInfo.phaseAngleClock>0</cim:TransformerEndInfo.phaseAngleClock>
  <cim:TransformerEndInfo.ratedU>13200</cim:TransformerEndInfo.ratedU>
  <cim:TransformerEndInfo.ratedS>15000000</cim:TransformerEndInfo.ratedS>
  <cim:TransformerEndInfo.shortTermS>16500000</cim:TransformerEndInfo.shortTermS>
  <cim:TransformerEndInfo.emergencyS>22500000</cim:TransformerEndInfo.emergencyS>
  <cim:TransformerEndInfo.r>0.0127776</cim:TransformerEndInfo.r>
  <cim:TransformerEndInfo.insulationU>0</cim:TransformerEndInfo.insulationU>
</cim:TransformerEndInfo>
<cim:TransformerEndInfo rdf:about="urn:uuid:E59E6086-F429-487C-8EC4-8EEE1944E42D">
  <cim:IdentifiedObject.mRID>E59E6086-F429-487C-8EC4-8EEE1944E42D</cim:IdentifiedObject.mRID>
  <cim:IdentifiedObject.name>yyd_3</cim:IdentifiedObject.name>
  <cim:TransformerEndInfo.TransformerTankInfo rdf:resource="urn:uuid:C77CB121-BD00-4D43-B3F9-336113DB2762"/>
  <cim:TransformerEndInfo.endNumber>3</cim:TransformerEndInfo.endNumber>
  <cim:TransformerEndInfo.connectionKind rdf:resource="http://iec.ch/TC57/CIM100#WindingConnection.D"/>
  <cim:TransformerEndInfo.phaseAngleClock>1</cim:TransformerEndInfo.phaseAngleClock>
  <cim:TransformerEndInfo.ratedU>2400</cim:TransformerEndInfo.ratedU>
  <cim:TransformerEndInfo.ratedS>5000000</cim:TransformerEndInfo.ratedS>
  <cim:TransformerEndInfo.shortTermS>5500000</cim:TransformerEndInfo.shortTermS>
  <cim:TransformerEndInfo.emergencyS>7500000</cim:TransformerEndInfo.emergencyS>
  <cim:TransformerEndInfo.r>0.001056</cim:TransformerEndInfo.r>
  <cim:TransformerEndInfo.insulationU>0</cim:TransformerEndInfo.insulationU>
</cim:TransformerEndInfo>
<cim:NoLoadTest rdf:about="urn:uuid:E168CA75-85AC-4044-815B-7059A3EEC5CD">
  <cim:IdentifiedObject.mRID>E168CA75-85AC-4044-815B-7059A3EEC5CD</cim:IdentifiedObject.mRID>
  <cim:IdentifiedObject.name>yyd_1</cim:IdentifiedObject.name>
  <cim:NoLoadTest.EnergisedEnd rdf:resource="urn:uuid:27A65860-9D42-46E6-954D-3770CC2A4508"/>
  <cim:NoLoadTest.energisedEndVoltage>69000</cim:NoLoadTest.energisedEndVoltage>
  <cim:NoLoadTest.excitingCurrent>0</cim:NoLoadTest.excitingCurrent>
  <cim:NoLoadTest.excitingCurrentZero>0</cim:NoLoadTest.excitingCurrentZero>
  <cim:NoLoadTest.loss>0</cim:NoLoadTest.loss>
  <cim:NoLoadTest.lossZero>0</cim:NoLoadTest.lossZero>
  <cim:TransformerTest.basePower>15000000</cim:TransformerTest.basePower>
  <cim:TransformerTest.temperature>50</cim:TransformerTest.temperature>
</cim:NoLoadTest>
<cim:ShortCircuitTest rdf:about="urn:uuid:49448FAA-3ABB-4A23-9C77-63106B6B5EB8">
  <cim:IdentifiedObject.mRID>49448FAA-3ABB-4A23-9C77-63106B6B5EB8</cim:IdentifiedObject.mRID>
  <cim:IdentifiedObject.name>yyd_1</cim:IdentifiedObject.name>
  <cim:ShortCircuitTest.EnergisedEnd rdf:resource="urn:uuid:27A65860-9D42-46E6-954D-3770CC2A4508"/>
  <cim:ShortCircuitTest.GroundedEnds rdf:resource="urn:uuid:B72DD38C-3FFD-41CE-8F0E-E86CDD570C00"/>
  <cim:ShortCircuitTest.energisedEndStep>16</cim:ShortCircuitTest.energisedEndStep>
  <cim:ShortCircuitTest.groundedEndStep>16</cim:ShortCircuitTest.groundedEndStep>
  <cim:ShortCircuitTest.leakageImpedance>23.815239</cim:ShortCircuitTest.leakageImpedance>
  <cim:ShortCircuitTest.leakageImpedanceZero>23.815239</cim:ShortCircuitTest.leakageImpedanceZero>
  <cim:ShortCircuitTest.loss>33</cim:ShortCircuitTest.loss>
  <cim:ShortCircuitTest.lossZero>33</cim:ShortCircuitTest.lossZero>
  <cim:TransformerTest.basePower>15000000</cim:TransformerTest.basePower>
  <cim:TransformerTest.temperature>50</cim:TransformerTest.temperature>
</cim:ShortCircuitTest>
<cim:ShortCircuitTest rdf:about="urn:uuid:6CC0E457-838C-43D4-AD89-7DF80F78E2E2">
  <cim:IdentifiedObject.mRID>6CC0E457-838C-43D4-AD89-7DF80F78E2E2</cim:IdentifiedObject.mRID>
  <cim:IdentifiedObject.name>yyd_2</cim:IdentifiedObject.name>
  <cim:ShortCircuitTest.EnergisedEnd rdf:resource="urn:uuid:27A65860-9D42-46E6-954D-3770CC2A4508"/>
  <cim:ShortCircuitTest.GroundedEnds rdf:resource="urn:uuid:E59E6086-F429-487C-8EC4-8EEE1944E42D"/>
  <cim:ShortCircuitTest.energisedEndStep>16</cim:ShortCircuitTest.energisedEndStep>
  <cim:ShortCircuitTest.groundedEndStep>16</cim:ShortCircuitTest.groundedEndStep>
  <cim:ShortCircuitTest.leakageImpedance>114.27053</cim:ShortCircuitTest.leakageImpedance>
  <cim:ShortCircuitTest.leakageImpedanceZero>114.27053</cim:ShortCircuitTest.leakageImpedanceZero>
  <cim:ShortCircuitTest.loss>57.75</cim:ShortCircuitTest.loss>
  <cim:ShortCircuitTest.lossZero>57.75</cim:ShortCircuitTest.lossZero>
  <cim:TransformerTest.basePower>15000000</cim:TransformerTest.basePower>
  <cim:TransformerTest.temperature>50</cim:TransformerTest.temperature>
</cim:ShortCircuitTest>
<cim:ShortCircuitTest rdf:about="urn:uuid:A033ABCC-0286-4957-A3BB-FFC82EBDFA9B">
  <cim:IdentifiedObject.mRID>A033ABCC-0286-4957-A3BB-FFC82EBDFA9B</cim:IdentifiedObject.mRID>
  <cim:IdentifiedObject.name>yyd_3</cim:IdentifiedObject.name>
  <cim:ShortCircuitTest.EnergisedEnd rdf:resource="urn:uuid:B72DD38C-3FFD-41CE-8F0E-E86CDD570C00"/>
  <cim:ShortCircuitTest.GroundedEnds rdf:resource="urn:uuid:E59E6086-F429-487C-8EC4-8EEE1944E42D"/>
  <cim:ShortCircuitTest.energisedEndStep>16</cim:ShortCircuitTest.energisedEndStep>
  <cim:ShortCircuitTest.groundedEndStep>16</cim:ShortCircuitTest.groundedEndStep>
  <cim:ShortCircuitTest.leakageImpedance>3.2527874</cim:ShortCircuitTest.leakageImpedance>
  <cim:ShortCircuitTest.leakageImpedanceZero>3.2527874</cim:ShortCircuitTest.leakageImpedanceZero>
  <cim:ShortCircuitTest.loss>57.75</cim:ShortCircuitTest.loss>
  <cim:ShortCircuitTest.lossZero>57.75</cim:ShortCircuitTest.lossZero>
  <cim:TransformerTest.basePower>15000000</cim:TransformerTest.basePower>
  <cim:TransformerTest.temperature>50</cim:TransformerTest.temperature>
</cim:ShortCircuitTest>
<cim:TransformerTank rdf:about="urn:uuid:283C7CB1-D335-49A1-8B7B-45150DAE0016">
  <cim:IdentifiedObject.mRID>283C7CB1-D335-49A1-8B7B-45150DAE0016</cim:IdentifiedObject.mRID>
  <cim:IdentifiedObject.name>yyd</cim:IdentifiedObject.name>
  <cim:Equipment.EquipmentContainer rdf:resource="urn:uuid:5F0B3FFA-C2D4-47D6-AB25-54231CEEA4B6"/>
  <cim:TransformerTank.TransformerTankInfo rdf:resource="urn:uuid:C77CB121-BD00-4D43-B3F9-336113DB2762"/>
  <cim:TransformerTank.PowerTransformer rdf:resource="urn:uuid:3BFCA8E5-3B43-438A-96DB-C881C83A7594"/>
  <cim:PowerSystemResource.Location rdf:resource="urn:uuid:29E9B0B2-63FB-40CD-B3F8-A8747746434C"/>
</cim:TransformerTank>
<cim:Location rdf:about="urn:uuid:29E9B0B2-63FB-40CD-B3F8-A8747746434C">
  <cim:IdentifiedObject.mRID>29E9B0B2-63FB-40CD-B3F8-A8747746434C</cim:IdentifiedObject.mRID>
  <cim:IdentifiedObject.name>yyd_Loc</cim:IdentifiedObject.name>
  <cim:Location.CoordinateSystem rdf:resource="urn:uuid:906C6A19-B0F0-4588-B037-EDFCAC0723C2"/>
</cim:Location>
<cim:PositionPoint rdf:about="urn:uuid:8206451D-75BD-4528-9D70-F3ED6EB5F66C">
  <cim:PositionPoint.Location rdf:resource="urn:uuid:29E9B0B2-63FB-40CD-B3F8-A8747746434C"/>
  <cim:PositionPoint.sequenceNumber>1</cim:PositionPoint.sequenceNumber>
  <cim:PositionPoint.xPosition>0</cim:PositionPoint.xPosition>
  <cim:PositionPoint.yPosition>0</cim:PositionPoint.yPosition>
</cim:PositionPoint>
<cim:PositionPoint rdf:about="urn:uuid:3EE1B386-A49C-4109-A650-BC87CB55B28E">
  <cim:PositionPoint.Location rdf:resource="urn:uuid:29E9B0B2-63FB-40CD-B3F8-A8747746434C"/>
  <cim:PositionPoint.sequenceNumber>2</cim:PositionPoint.sequenceNumber>
  <cim:PositionPoint.xPosition>0</cim:PositionPoint.xPosition>
  <cim:PositionPoint.yPosition>0</cim:PositionPoint.yPosition>
</cim:PositionPoint>
<cim:PositionPoint rdf:about="urn:uuid:DF42D172-5921-460B-A5EC-8C740B532B19">
  <cim:PositionPoint.Location rdf:resource="urn:uuid:29E9B0B2-63FB-40CD-B3F8-A8747746434C"/>
  <cim:PositionPoint.sequenceNumber>3</cim:PositionPoint.sequenceNumber>
  <cim:PositionPoint.xPosition>0</cim:PositionPoint.xPosition>
  <cim:PositionPoint.yPosition>0</cim:PositionPoint.yPosition>
</cim:PositionPoint>
<cim:TransformerTankEnd rdf:about="urn:uuid:E69ACAEB-4551-44D9-8631-7D07CCE36F61">
  <cim:IdentifiedObject.mRID>E69ACAEB-4551-44D9-8631-7D07CCE36F61</cim:IdentifiedObject.mRID>
  <cim:IdentifiedObject.name>yyd_End_1</cim:IdentifiedObject.name>
  <cim:TransformerEnd.grounded>true</cim:TransformerEnd.grounded>
  <cim:TransformerEnd.rground>0</cim:TransformerEnd.rground>
  <cim:TransformerEnd.xground>0</cim:TransformerEnd.xground>
  <cim:TransformerTankEnd.orderedPhases rdf:resource="http://iec.ch/TC57/CIM100#OrderedPhaseCodeKind.ABCN"/>
  <cim:TransformerTankEnd.TransformerTank rdf:resource="urn:uuid:283C7CB1-D335-49A1-8B7B-45150DAE0016"/>
  <cim:TransformerEnd.endNumber>1</cim:TransformerEnd.endNumber>
  <cim:TransformerEnd.Terminal rdf:resource="urn:uuid:9A9F7BB9-D252-40D7-A95F-E49F02199767"/>
  <cim:TransformerEnd.BaseVoltage rdf:resource="urn:uuid:6A4EE495-81C9-4995-A397-F933C51F4A3A"/>
</cim:TransformerTankEnd>
<cim:Terminal rdf:about="urn:uuid:9A9F7BB9-D252-40D7-A95F-E49F02199767">
  <cim:IdentifiedObject.mRID>9A9F7BB9-D252-40D7-A95F-E49F02199767</cim:IdentifiedObject.mRID>
  <cim:IdentifiedObject.name>yyd_T1</cim:IdentifiedObject.name>
  <cim:Terminal.ConductingEquipment rdf:resource="urn:uuid:3BFCA8E5-3B43-438A-96DB-C881C83A7594"/>
  <cim:ACDCTerminal.sequenceNumber>1</cim:ACDCTerminal.sequenceNumber>
  <cim:Terminal.ConnectivityNode rdf:resource="urn:uuid:33D6F11F-CD12-47AF-A98B-2EECBC0D9BA5"/>
  <cim:ACDCTerminal.OperationalLimitSet rdf:resource="urn:uuid:BFDA4DFB-B4BC-4CD9-B67F-30B408FF49E8"/>
</cim:Terminal>
<cim:TransformerTankEnd rdf:about="urn:uuid:3E177A1B-10C6-45D5-B3C0-B94D5BCA2D7B">
  <cim:IdentifiedObject.mRID>3E177A1B-10C6-45D5-B3C0-B94D5BCA2D7B</cim:IdentifiedObject.mRID>
  <cim:IdentifiedObject.name>yyd_End_2</cim:IdentifiedObject.name>
  <cim:TransformerEnd.grounded>true</cim:TransformerEnd.grounded>
  <cim:TransformerEnd.rground>0</cim:TransformerEnd.rground>
  <cim:TransformerEnd.xground>0</cim:TransformerEnd.xground>
  <cim:TransformerTankEnd.orderedPhases rdf:resource="http://iec.ch/TC57/CIM100#OrderedPhaseCodeKind.ABCN"/>
  <cim:TransformerTankEnd.TransformerTank rdf:resource="urn:uuid:283C7CB1-D335-49A1-8B7B-45150DAE0016"/>
  <cim:TransformerEnd.endNumber>2</cim:TransformerEnd.endNumber>
  <cim:TransformerEnd.Terminal rdf:resource="urn:uuid:F020FB27-F31E-4828-95A5-874C12304E57"/>
  <cim:TransformerEnd.BaseVoltage rdf:resource="urn:uuid:0B9B570F-7F0C-4995-82ED-757394F02E7A"/>
</cim:TransformerTankEnd>
<cim:Terminal rdf:about="urn:uuid:F020FB27-F31E-4828-95A5-874C12304E57">
  <cim:IdentifiedObject.mRID>F020FB27-F31E-4828-95A5-874C12304E57</cim:IdentifiedObject.mRID>
  <cim:IdentifiedObject.name>yyd_T2</cim:IdentifiedObject.name>
  <cim:Terminal.ConductingEquipment rdf:resource="urn:uuid:3BFCA8E5-3B43-438A-96DB-C881C83A7594"/>
  <cim:ACDCTerminal.sequenceNumber>2</cim:ACDCTerminal.sequenceNumber>
  <cim:Terminal.ConnectivityNode rdf:resource="urn:uuid:CC08581C-976C-4D53-AD1E-A589623EF262"/>
</cim:Terminal>
<cim:TransformerTankEnd rdf:about="urn:uuid:E3063D99-DFED-490E-A6AE-EA6953548B02">
  <cim:IdentifiedObject.mRID>E3063D99-DFED-490E-A6AE-EA6953548B02</cim:IdentifiedObject.mRID>
  <cim:IdentifiedObject.name>yyd_End_3</cim:IdentifiedObject.name>
  <cim:TransformerEnd.grounded>false</cim:TransformerEnd.grounded>
  <cim:TransformerTankEnd.orderedPhases rdf:resource="http://iec.ch/TC57/CIM100#OrderedPhaseCodeKind.ABC"/>
  <cim:TransformerTankEnd.TransformerTank rdf:resource="urn:uuid:283C7CB1-D335-49A1-8B7B-45150DAE0016"/>
  <cim:TransformerEnd.endNumber>3</cim:TransformerEnd.endNumber>
  <cim:TransformerEnd.Terminal rdf:resource="urn:uuid:5B7B08F0-89FA-42C0-99DF-C1742991C2BA"/>
  <cim:TransformerEnd.BaseVoltage rdf:resource="urn:uuid:C49A3060-8131-45F7-A316-FA885EAB933E"/>
</cim:TransformerTankEnd>
<cim:Terminal rdf:about="urn:uuid:5B7B08F0-89FA-42C0-99DF-C1742991C2BA">
  <cim:IdentifiedObject.mRID>5B7B08F0-89FA-42C0-99DF-C1742991C2BA</cim:IdentifiedObject.mRID>
  <cim:IdentifiedObject.name>yyd_T3</cim:IdentifiedObject.name>
  <cim:Terminal.ConductingEquipment rdf:resource="urn:uuid:3BFCA8E5-3B43-438A-96DB-C881C83A7594"/>
  <cim:ACDCTerminal.sequenceNumber>3</cim:ACDCTerminal.sequenceNumber>
  <cim:Terminal.ConnectivityNode rdf:resource="urn:uuid:6D511481-A052-4956-878A-92B0FC8031F9"/>
</cim:Terminal>
<cim:PowerTransformer rdf:about="urn:uuid:3BFCA8E5-3B43-438A-96DB-C881C83A7594">
  <cim:IdentifiedObject.mRID>3BFCA8E5-3B43-438A-96DB-C881C83A7594</cim:IdentifiedObject.mRID>
  <cim:IdentifiedObject.name>yyd</cim:IdentifiedObject.name>
  <cim:Equipment.EquipmentContainer rdf:resource="urn:uuid:5F0B3FFA-C2D4-47D6-AB25-54231CEEA4B6"/>
  <cim:PowerTransformer.vectorGroup>Yyd1</cim:PowerTransformer.vectorGroup>
  <cim:PowerSystemResource.Location rdf:resource="urn:uuid:29E9B0B2-63FB-40CD-B3F8-A8747746434C"/>
</cim:PowerTransformer>
<cim:ACLineSegment rdf:about="urn:uuid:5436413E-642E-4590-8CEE-4FBEB9F907F0">
  <cim:IdentifiedObject.mRID>5436413E-642E-4590-8CEE-4FBEB9F907F0</cim:IdentifiedObject.mRID>
  <cim:IdentifiedObject.name>tline1-2</cim:IdentifiedObject.name>
  <cim:Equipment.EquipmentContainer rdf:resource="urn:uuid:5F0B3FFA-C2D4-47D6-AB25-54231CEEA4B6"/>
  <cim:ConductingEquipment.BaseVoltage rdf:resource="urn:uuid:6A4EE495-81C9-4995-A397-F933C51F4A3A"/>
  <cim:Conductor.length>16093.44</cim:Conductor.length>
  <cim:ACLineSegment.WireSpacingInfo rdf:resource="urn:uuid:B630E0AA-318A-4EA8-B433-429F843DD56E"/>
  <cim:PowerSystemResource.Location rdf:resource="urn:uuid:1C2D7E4F-E29E-42AB-8262-0554429B15B1"/>
</cim:ACLineSegment>
<cim:ACLineSegmentPhase rdf:about="urn:uuid:15FC08AF-F766-42A6-ACE3-32C28F77AFA5">
  <cim:IdentifiedObject.mRID>15FC08AF-F766-42A6-ACE3-32C28F77AFA5</cim:IdentifiedObject.mRID>
  <cim:IdentifiedObject.name>tline1-2_A</cim:IdentifiedObject.name>
  <cim:ACLineSegmentPhase.phase rdf:resource="http://iec.ch/TC57/CIM100#SinglePhaseKind.A"/>
  <cim:ACLineSegmentPhase.sequenceNumber>1</cim:ACLineSegmentPhase.sequenceNumber>
  <cim:ACLineSegmentPhase.WireInfo rdf:resource="urn:uuid:7A8A5D08-B1CD-41BB-9A40-8B7D3897D093"/>
  <cim:ACLineSegmentPhase.ACLineSegment rdf:resource="urn:uuid:5436413E-642E-4590-8CEE-4FBEB9F907F0"/>
  <cim:PowerSystemResource.Location rdf:resource="urn:uuid:1C2D7E4F-E29E-42AB-8262-0554429B15B1"/>
</cim:ACLineSegmentPhase>
<cim:ACLineSegmentPhase rdf:about="urn:uuid:129F799B-4B1F-4456-858B-891C2398AAAB">
  <cim:IdentifiedObject.mRID>129F799B-4B1F-4456-858B-891C2398AAAB</cim:IdentifiedObject.mRID>
  <cim:IdentifiedObject.name>tline1-2_B</cim:IdentifiedObject.name>
  <cim:ACLineSegmentPhase.phase rdf:resource="http://iec.ch/TC57/CIM100#SinglePhaseKind.B"/>
  <cim:ACLineSegmentPhase.sequenceNumber>2</cim:ACLineSegmentPhase.sequenceNumber>
  <cim:ACLineSegmentPhase.WireInfo rdf:resource="urn:uuid:7A8A5D08-B1CD-41BB-9A40-8B7D3897D093"/>
  <cim:ACLineSegmentPhase.ACLineSegment rdf:resource="urn:uuid:5436413E-642E-4590-8CEE-4FBEB9F907F0"/>
  <cim:PowerSystemResource.Location rdf:resource="urn:uuid:1C2D7E4F-E29E-42AB-8262-0554429B15B1"/>
</cim:ACLineSegmentPhase>
<cim:ACLineSegmentPhase rdf:about="urn:uuid:76671D6C-C30E-419D-A985-4ED8E80FC3CA">
  <cim:IdentifiedObject.mRID>76671D6C-C30E-419D-A985-4ED8E80FC3CA</cim:IdentifiedObject.mRID>
  <cim:IdentifiedObject.name>tline1-2_C</cim:IdentifiedObject.name>
  <cim:ACLineSegmentPhase.phase rdf:resource="http://iec.ch/TC57/CIM100#SinglePhaseKind.C"/>
  <cim:ACLineSegmentPhase.sequenceNumber>3</cim:ACLineSegmentPhase.sequenceNumber>
  <cim:ACLineSegmentPhase.WireInfo rdf:resource="urn:uuid:7A8A5D08-B1CD-41BB-9A40-8B7D3897D093"/>
  <cim:ACLineSegmentPhase.ACLineSegment rdf:resource="urn:uuid:5436413E-642E-4590-8CEE-4FBEB9F907F0"/>
  <cim:PowerSystemResource.Location rdf:resource="urn:uuid:1C2D7E4F-E29E-42AB-8262-0554429B15B1"/>
</cim:ACLineSegmentPhase>
<cim:ACLineSegmentPhase rdf:about="urn:uuid:9B54F374-50C3-4189-B746-B991EFE13535">
  <cim:IdentifiedObject.mRID>9B54F374-50C3-4189-B746-B991EFE13535</cim:IdentifiedObject.mRID>
  <cim:IdentifiedObject.name>tline1-2_N</cim:IdentifiedObject.name>
  <cim:ACLineSegmentPhase.phase rdf:resource="http://iec.ch/TC57/CIM100#SinglePhaseKind.N"/>
  <cim:ACLineSegmentPhase.sequenceNumber>4</cim:ACLineSegmentPhase.sequenceNumber>
  <cim:ACLineSegmentPhase.WireInfo rdf:resource="urn:uuid:BAE7DDC2-3782-45DF-A4C9-AC3B1CC33252"/>
  <cim:ACLineSegmentPhase.ACLineSegment rdf:resource="urn:uuid:5436413E-642E-4590-8CEE-4FBEB9F907F0"/>
  <cim:PowerSystemResource.Location rdf:resource="urn:uuid:1C2D7E4F-E29E-42AB-8262-0554429B15B1"/>
</cim:ACLineSegmentPhase>
<cim:Terminal rdf:about="urn:uuid:F2EFA928-4FCC-48FC-B7D0-484C4C4A6DA2">
  <cim:IdentifiedObject.mRID>F2EFA928-4FCC-48FC-B7D0-484C4C4A6DA2</cim:IdentifiedObject.mRID>
  <cim:IdentifiedObject.name>tline1-2_T1</cim:IdentifiedObject.name>
  <cim:Terminal.ConductingEquipment rdf:resource="urn:uuid:5436413E-642E-4590-8CEE-4FBEB9F907F0"/>
  <cim:ACDCTerminal.sequenceNumber>1</cim:ACDCTerminal.sequenceNumber>
  <cim:Terminal.ConnectivityNode rdf:resource="urn:uuid:3A9061E4-530C-486B-812A-86BD7E0FD507"/>
  <cim:ACDCTerminal.OperationalLimitSet rdf:resource="urn:uuid:9FDCF42F-5A64-40D5-9AB7-C3A1D7CC6978"/>
</cim:Terminal>
<cim:Terminal rdf:about="urn:uuid:4340E949-E3E8-43A0-81D2-F8B970470E6A">
  <cim:IdentifiedObject.mRID>4340E949-E3E8-43A0-81D2-F8B970470E6A</cim:IdentifiedObject.mRID>
  <cim:IdentifiedObject.name>tline1-2_T2</cim:IdentifiedObject.name>
  <cim:Terminal.ConductingEquipment rdf:resource="urn:uuid:5436413E-642E-4590-8CEE-4FBEB9F907F0"/>
  <cim:ACDCTerminal.sequenceNumber>2</cim:ACDCTerminal.sequenceNumber>
  <cim:Terminal.ConnectivityNode rdf:resource="urn:uuid:33D6F11F-CD12-47AF-A98B-2EECBC0D9BA5"/>
</cim:Terminal>
<cim:Location rdf:about="urn:uuid:1C2D7E4F-E29E-42AB-8262-0554429B15B1">
  <cim:IdentifiedObject.mRID>1C2D7E4F-E29E-42AB-8262-0554429B15B1</cim:IdentifiedObject.mRID>
  <cim:IdentifiedObject.name>tline1-2_Loc</cim:IdentifiedObject.name>
  <cim:Location.CoordinateSystem rdf:resource="urn:uuid:906C6A19-B0F0-4588-B037-EDFCAC0723C2"/>
</cim:Location>
<cim:PositionPoint rdf:about="urn:uuid:D1C75176-2B6C-483C-B9E0-5C7FDB062C69">
  <cim:PositionPoint.Location rdf:resource="urn:uuid:1C2D7E4F-E29E-42AB-8262-0554429B15B1"/>
  <cim:PositionPoint.sequenceNumber>1</cim:PositionPoint.sequenceNumber>
  <cim:PositionPoint.xPosition>0</cim:PositionPoint.xPosition>
  <cim:PositionPoint.yPosition>0</cim:PositionPoint.yPosition>
</cim:PositionPoint>
<cim:PositionPoint rdf:about="urn:uuid:5C8AEB68-649E-458C-99C8-FC414FFA51D5">
  <cim:PositionPoint.Location rdf:resource="urn:uuid:1C2D7E4F-E29E-42AB-8262-0554429B15B1"/>
  <cim:PositionPoint.sequenceNumber>2</cim:PositionPoint.sequenceNumber>
  <cim:PositionPoint.xPosition>0</cim:PositionPoint.xPosition>
  <cim:PositionPoint.yPosition>0</cim:PositionPoint.yPosition>
</cim:PositionPoint>
<cim:ACLineSegment rdf:about="urn:uuid:9299CFDF-9C3A-48CE-A049-215948A9B6DE">
  <cim:IdentifiedObject.mRID>9299CFDF-9C3A-48CE-A049-215948A9B6DE</cim:IdentifiedObject.mRID>
  <cim:IdentifiedObject.name>dline3-4</cim:IdentifiedObject.name>
  <cim:Equipment.EquipmentContainer rdf:resource="urn:uuid:5F0B3FFA-C2D4-47D6-AB25-54231CEEA4B6"/>
  <cim:ConductingEquipment.BaseVoltage rdf:resource="urn:uuid:0B9B570F-7F0C-4995-82ED-757394F02E7A"/>
  <cim:Conductor.length>1609.344</cim:Conductor.length>
  <cim:ACLineSegment.WireSpacingInfo rdf:resource="urn:uuid:DB739773-7E06-4BBF-875B-23D59C847EFD"/>
  <cim:PowerSystemResource.Location rdf:resource="urn:uuid:7E199B11-C5BE-4212-8289-71EE56B9D221"/>
</cim:ACLineSegment>
<cim:ACLineSegmentPhase rdf:about="urn:uuid:05D05EB0-AF6D-498B-BF3B-536F563875A2">
  <cim:IdentifiedObject.mRID>05D05EB0-AF6D-498B-BF3B-536F563875A2</cim:IdentifiedObject.mRID>
  <cim:IdentifiedObject.name>dline3-4_A</cim:IdentifiedObject.name>
  <cim:ACLineSegmentPhase.phase rdf:resource="http://iec.ch/TC57/CIM100#SinglePhaseKind.A"/>
  <cim:ACLineSegmentPhase.sequenceNumber>1</cim:ACLineSegmentPhase.sequenceNumber>
  <cim:ACLineSegmentPhase.WireInfo rdf:resource="urn:uuid:7A8A5D08-B1CD-41BB-9A40-8B7D3897D093"/>
  <cim:ACLineSegmentPhase.ACLineSegment rdf:resource="urn:uuid:9299CFDF-9C3A-48CE-A049-215948A9B6DE"/>
  <cim:PowerSystemResource.Location rdf:resource="urn:uuid:7E199B11-C5BE-4212-8289-71EE56B9D221"/>
</cim:ACLineSegmentPhase>
<cim:ACLineSegmentPhase rdf:about="urn:uuid:42272B5A-2A5D-4010-8DA5-95E48CA39065">
  <cim:IdentifiedObject.mRID>42272B5A-2A5D-4010-8DA5-95E48CA39065</cim:IdentifiedObject.mRID>
  <cim:IdentifiedObject.name>dline3-4_B</cim:IdentifiedObject.name>
  <cim:ACLineSegmentPhase.phase rdf:resource="http://iec.ch/TC57/CIM100#SinglePhaseKind.B"/>
  <cim:ACLineSegmentPhase.sequenceNumber>2</cim:ACLineSegmentPhase.sequenceNumber>
  <cim:ACLineSegmentPhase.WireInfo rdf:resource="urn:uuid:7A8A5D08-B1CD-41BB-9A40-8B7D3897D093"/>
  <cim:ACLineSegmentPhase.ACLineSegment rdf:resource="urn:uuid:9299CFDF-9C3A-48CE-A049-215948A9B6DE"/>
  <cim:PowerSystemResource.Location rdf:resource="urn:uuid:7E199B11-C5BE-4212-8289-71EE56B9D221"/>
</cim:ACLineSegmentPhase>
<cim:ACLineSegmentPhase rdf:about="urn:uuid:F4D09C43-71C7-4252-93BB-3AD9466290EA">
  <cim:IdentifiedObject.mRID>F4D09C43-71C7-4252-93BB-3AD9466290EA</cim:IdentifiedObject.mRID>
  <cim:IdentifiedObject.name>dline3-4_C</cim:IdentifiedObject.name>
  <cim:ACLineSegmentPhase.phase rdf:resource="http://iec.ch/TC57/CIM100#SinglePhaseKind.C"/>
  <cim:ACLineSegmentPhase.sequenceNumber>3</cim:ACLineSegmentPhase.sequenceNumber>
  <cim:ACLineSegmentPhase.WireInfo rdf:resource="urn:uuid:7A8A5D08-B1CD-41BB-9A40-8B7D3897D093"/>
  <cim:ACLineSegmentPhase.ACLineSegment rdf:resource="urn:uuid:9299CFDF-9C3A-48CE-A049-215948A9B6DE"/>
  <cim:PowerSystemResource.Location rdf:resource="urn:uuid:7E199B11-C5BE-4212-8289-71EE56B9D221"/>
</cim:ACLineSegmentPhase>
<cim:ACLineSegmentPhase rdf:about="urn:uuid:3A3F7EE4-D568-44FE-BD89-FC37DCAE4941">
  <cim:IdentifiedObject.mRID>3A3F7EE4-D568-44FE-BD89-FC37DCAE4941</cim:IdentifiedObject.mRID>
  <cim:IdentifiedObject.name>dline3-4_N</cim:IdentifiedObject.name>
  <cim:ACLineSegmentPhase.phase rdf:resource="http://iec.ch/TC57/CIM100#SinglePhaseKind.N"/>
  <cim:ACLineSegmentPhase.sequenceNumber>4</cim:ACLineSegmentPhase.sequenceNumber>
  <cim:ACLineSegmentPhase.WireInfo rdf:resource="urn:uuid:BAE7DDC2-3782-45DF-A4C9-AC3B1CC33252"/>
  <cim:ACLineSegmentPhase.ACLineSegment rdf:resource="urn:uuid:9299CFDF-9C3A-48CE-A049-215948A9B6DE"/>
  <cim:PowerSystemResource.Location rdf:resource="urn:uuid:7E199B11-C5BE-4212-8289-71EE56B9D221"/>
</cim:ACLineSegmentPhase>
<cim:Terminal rdf:about="urn:uuid:0836B4AE-2E66-4F1E-B22C-49D5578B452E">
  <cim:IdentifiedObject.mRID>0836B4AE-2E66-4F1E-B22C-49D5578B452E</cim:IdentifiedObject.mRID>
  <cim:IdentifiedObject.name>dline3-4_T1</cim:IdentifiedObject.name>
  <cim:Terminal.ConductingEquipment rdf:resource="urn:uuid:9299CFDF-9C3A-48CE-A049-215948A9B6DE"/>
  <cim:ACDCTerminal.sequenceNumber>1</cim:ACDCTerminal.sequenceNumber>
  <cim:Terminal.ConnectivityNode rdf:resource="urn:uuid:CC08581C-976C-4D53-AD1E-A589623EF262"/>
  <cim:ACDCTerminal.OperationalLimitSet rdf:resource="urn:uuid:9FDCF42F-5A64-40D5-9AB7-C3A1D7CC6978"/>
</cim:Terminal>
<cim:Terminal rdf:about="urn:uuid:7A52EA6E-61F7-48EC-8A7F-0E30CB86D8BB">
  <cim:IdentifiedObject.mRID>7A52EA6E-61F7-48EC-8A7F-0E30CB86D8BB</cim:IdentifiedObject.mRID>
  <cim:IdentifiedObject.name>dline3-4_T2</cim:IdentifiedObject.name>
  <cim:Terminal.ConductingEquipment rdf:resource="urn:uuid:9299CFDF-9C3A-48CE-A049-215948A9B6DE"/>
  <cim:ACDCTerminal.sequenceNumber>2</cim:ACDCTerminal.sequenceNumber>
  <cim:Terminal.ConnectivityNode rdf:resource="urn:uuid:0842AF0E-0AB7-4FF2-8BFC-5482BAE8B785"/>
</cim:Terminal>
<cim:Location rdf:about="urn:uuid:7E199B11-C5BE-4212-8289-71EE56B9D221">
  <cim:IdentifiedObject.mRID>7E199B11-C5BE-4212-8289-71EE56B9D221</cim:IdentifiedObject.mRID>
  <cim:IdentifiedObject.name>dline3-4_Loc</cim:IdentifiedObject.name>
  <cim:Location.CoordinateSystem rdf:resource="urn:uuid:906C6A19-B0F0-4588-B037-EDFCAC0723C2"/>
</cim:Location>
<cim:PositionPoint rdf:about="urn:uuid:733C0591-DB35-4292-A04F-F3A2C02E3EB2">
  <cim:PositionPoint.Location rdf:resource="urn:uuid:7E199B11-C5BE-4212-8289-71EE56B9D221"/>
  <cim:PositionPoint.sequenceNumber>1</cim:PositionPoint.sequenceNumber>
  <cim:PositionPoint.xPosition>0</cim:PositionPoint.xPosition>
  <cim:PositionPoint.yPosition>0</cim:PositionPoint.yPosition>
</cim:PositionPoint>
<cim:PositionPoint rdf:about="urn:uuid:A6531569-7568-4F3E-BECB-E39245EBCE53">
  <cim:PositionPoint.Location rdf:resource="urn:uuid:7E199B11-C5BE-4212-8289-71EE56B9D221"/>
  <cim:PositionPoint.sequenceNumber>2</cim:PositionPoint.sequenceNumber>
  <cim:PositionPoint.xPosition>0</cim:PositionPoint.xPosition>
  <cim:PositionPoint.yPosition>0</cim:PositionPoint.yPosition>
</cim:PositionPoint>
<cim:ACLineSegment rdf:about="urn:uuid:DD1769D2-1D81-4CF4-8ECF-77BAC89A9905">
  <cim:IdentifiedObject.mRID>DD1769D2-1D81-4CF4-8ECF-77BAC89A9905</cim:IdentifiedObject.mRID>
  <cim:IdentifiedObject.name>dline5-6</cim:IdentifiedObject.name>
  <cim:Equipment.EquipmentContainer rdf:resource="urn:uuid:5F0B3FFA-C2D4-47D6-AB25-54231CEEA4B6"/>
  <cim:ConductingEquipment.BaseVoltage rdf:resource="urn:uuid:C49A3060-8131-45F7-A316-FA885EAB933E"/>
  <cim:Conductor.length>45.72</cim:Conductor.length>
  <cim:ACLineSegment.WireSpacingInfo rdf:resource="urn:uuid:B8E1835C-ACB3-4B43-B47A-C17AC0635B44"/>
  <cim:PowerSystemResource.Location rdf:resource="urn:uuid:E57AD692-BB46-4032-A180-43AA53D56223"/>
</cim:ACLineSegment>
<cim:ACLineSegmentPhase rdf:about="urn:uuid:863627BA-BB6C-421E-BF6D-1E7E75F25D97">
  <cim:IdentifiedObject.mRID>863627BA-BB6C-421E-BF6D-1E7E75F25D97</cim:IdentifiedObject.mRID>
  <cim:IdentifiedObject.name>dline5-6_A</cim:IdentifiedObject.name>
  <cim:ACLineSegmentPhase.phase rdf:resource="http://iec.ch/TC57/CIM100#SinglePhaseKind.A"/>
  <cim:ACLineSegmentPhase.sequenceNumber>1</cim:ACLineSegmentPhase.sequenceNumber>
  <cim:ACLineSegmentPhase.WireInfo rdf:resource="urn:uuid:7A8A5D08-B1CD-41BB-9A40-8B7D3897D093"/>
  <cim:ACLineSegmentPhase.ACLineSegment rdf:resource="urn:uuid:DD1769D2-1D81-4CF4-8ECF-77BAC89A9905"/>
  <cim:PowerSystemResource.Location rdf:resource="urn:uuid:E57AD692-BB46-4032-A180-43AA53D56223"/>
</cim:ACLineSegmentPhase>
<cim:ACLineSegmentPhase rdf:about="urn:uuid:BAB66286-784A-46F0-8CE4-C1B8877D5FB5">
  <cim:IdentifiedObject.mRID>BAB66286-784A-46F0-8CE4-C1B8877D5FB5</cim:IdentifiedObject.mRID>
  <cim:IdentifiedObject.name>dline5-6_B</cim:IdentifiedObject.name>
  <cim:ACLineSegmentPhase.phase rdf:resource="http://iec.ch/TC57/CIM100#SinglePhaseKind.B"/>
  <cim:ACLineSegmentPhase.sequenceNumber>2</cim:ACLineSegmentPhase.sequenceNumber>
  <cim:ACLineSegmentPhase.WireInfo rdf:resource="urn:uuid:7A8A5D08-B1CD-41BB-9A40-8B7D3897D093"/>
  <cim:ACLineSegmentPhase.ACLineSegment rdf:resource="urn:uuid:DD1769D2-1D81-4CF4-8ECF-77BAC89A9905"/>
  <cim:PowerSystemResource.Location rdf:resource="urn:uuid:E57AD692-BB46-4032-A180-43AA53D56223"/>
</cim:ACLineSegmentPhase>
<cim:ACLineSegmentPhase rdf:about="urn:uuid:7B71837D-0DEA-49CD-AB29-A18965B7BF96">
  <cim:IdentifiedObject.mRID>7B71837D-0DEA-49CD-AB29-A18965B7BF96</cim:IdentifiedObject.mRID>
  <cim:IdentifiedObject.name>dline5-6_C</cim:IdentifiedObject.name>
  <cim:ACLineSegmentPhase.phase rdf:resource="http://iec.ch/TC57/CIM100#SinglePhaseKind.C"/>
  <cim:ACLineSegmentPhase.sequenceNumber>3</cim:ACLineSegmentPhase.sequenceNumber>
  <cim:ACLineSegmentPhase.WireInfo rdf:resource="urn:uuid:7A8A5D08-B1CD-41BB-9A40-8B7D3897D093"/>
  <cim:ACLineSegmentPhase.ACLineSegment rdf:resource="urn:uuid:DD1769D2-1D81-4CF4-8ECF-77BAC89A9905"/>
  <cim:PowerSystemResource.Location rdf:resource="urn:uuid:E57AD692-BB46-4032-A180-43AA53D56223"/>
</cim:ACLineSegmentPhase>
<cim:Terminal rdf:about="urn:uuid:D1B632AA-4B8E-48C3-A242-708337B8D614">
  <cim:IdentifiedObject.mRID>D1B632AA-4B8E-48C3-A242-708337B8D614</cim:IdentifiedObject.mRID>
  <cim:IdentifiedObject.name>dline5-6_T1</cim:IdentifiedObject.name>
  <cim:Terminal.ConductingEquipment rdf:resource="urn:uuid:DD1769D2-1D81-4CF4-8ECF-77BAC89A9905"/>
  <cim:ACDCTerminal.sequenceNumber>1</cim:ACDCTerminal.sequenceNumber>
  <cim:Terminal.ConnectivityNode rdf:resource="urn:uuid:6D511481-A052-4956-878A-92B0FC8031F9"/>
  <cim:ACDCTerminal.OperationalLimitSet rdf:resource="urn:uuid:9FDCF42F-5A64-40D5-9AB7-C3A1D7CC6978"/>
</cim:Terminal>
<cim:Terminal rdf:about="urn:uuid:79E163EC-E5F8-46BF-BE3D-CB1DC09A74E9">
  <cim:IdentifiedObject.mRID>79E163EC-E5F8-46BF-BE3D-CB1DC09A74E9</cim:IdentifiedObject.mRID>
  <cim:IdentifiedObject.name>dline5-6_T2</cim:IdentifiedObject.name>
  <cim:Terminal.ConductingEquipment rdf:resource="urn:uuid:DD1769D2-1D81-4CF4-8ECF-77BAC89A9905"/>
  <cim:ACDCTerminal.sequenceNumber>2</cim:ACDCTerminal.sequenceNumber>
  <cim:Terminal.ConnectivityNode rdf:resource="urn:uuid:A691E45E-CCA6-4E59-B1F5-A85056743361"/>
</cim:Terminal>
<cim:Location rdf:about="urn:uuid:E57AD692-BB46-4032-A180-43AA53D56223">
  <cim:IdentifiedObject.mRID>E57AD692-BB46-4032-A180-43AA53D56223</cim:IdentifiedObject.mRID>
  <cim:IdentifiedObject.name>dline5-6_Loc</cim:IdentifiedObject.name>
  <cim:Location.CoordinateSystem rdf:resource="urn:uuid:906C6A19-B0F0-4588-B037-EDFCAC0723C2"/>
</cim:Location>
<cim:PositionPoint rdf:about="urn:uuid:27730E97-F722-491E-9CB9-F7474EFA01E1">
  <cim:PositionPoint.Location rdf:resource="urn:uuid:E57AD692-BB46-4032-A180-43AA53D56223"/>
  <cim:PositionPoint.sequenceNumber>1</cim:PositionPoint.sequenceNumber>
  <cim:PositionPoint.xPosition>0</cim:PositionPoint.xPosition>
  <cim:PositionPoint.yPosition>0</cim:PositionPoint.yPosition>
</cim:PositionPoint>
<cim:PositionPoint rdf:about="urn:uuid:99306BB3-22FC-4F77-806F-B81AB67601AA">
  <cim:PositionPoint.Location rdf:resource="urn:uuid:E57AD692-BB46-4032-A180-43AA53D56223"/>
  <cim:PositionPoint.sequenceNumber>2</cim:PositionPoint.sequenceNumber>
  <cim:PositionPoint.xPosition>0</cim:PositionPoint.xPosition>
  <cim:PositionPoint.yPosition>0</cim:PositionPoint.yPosition>
</cim:PositionPoint>
<cim:LoadResponseCharacteristic rdf:about="urn:uuid:64B29A73-7446-41BF-A083-7639C9BA7BB5">
  <cim:IdentifiedObject.mRID>64B29A73-7446-41BF-A083-7639C9BA7BB5</cim:IdentifiedObject.mRID>
  <cim:IdentifiedObject.name>Constant kVA</cim:IdentifiedObject.name>
  <cim:LoadResponseCharacteristic.exponentModel>false</cim:LoadResponseCharacteristic.exponentModel>
  <cim:LoadResponseCharacteristic.pConstantImpedance>0</cim:LoadResponseCharacteristic.pConstantImpedance>
  <cim:LoadResponseCharacteristic.pConstantCurrent>0</cim:LoadResponseCharacteristic.pConstantCurrent>
  <cim:LoadResponseCharacteristic.pConstantPower>100</cim:LoadResponseCharacteristic.pConstantPower>
  <cim:LoadResponseCharacteristic.qConstantImpedance>0</cim:LoadResponseCharacteristic.qConstantImpedance>
  <cim:LoadResponseCharacteristic.qConstantCurrent>0</cim:LoadResponseCharacteristic.qConstantCurrent>
  <cim:LoadResponseCharacteristic.qConstantPower>100</cim:LoadResponseCharacteristic.qConstantPower>
  <cim:LoadResponseCharacteristic.pVoltageExponent>0</cim:LoadResponseCharacteristic.pVoltageExponent>
  <cim:LoadResponseCharacteristic.qVoltageExponent>0</cim:LoadResponseCharacteristic.qVoltageExponent>
  <cim:LoadResponseCharacteristic.pFrequencyExponent>0</cim:LoadResponseCharacteristic.pFrequencyExponent>
  <cim:LoadResponseCharacteristic.qFrequencyExponent>0</cim:LoadResponseCharacteristic.qFrequencyExponent>
</cim:LoadResponseCharacteristic>
<cim:LoadResponseCharacteristic rdf:about="urn:uuid:1CE53984-D4F7-4054-A767-21822816E223">
  <cim:IdentifiedObject.mRID>1CE53984-D4F7-4054-A767-21822816E223</cim:IdentifiedObject.mRID>
  <cim:IdentifiedObject.name>Constant Z</cim:IdentifiedObject.name>
  <cim:LoadResponseCharacteristic.exponentModel>false</cim:LoadResponseCharacteristic.exponentModel>
  <cim:LoadResponseCharacteristic.pConstantImpedance>100</cim:LoadResponseCharacteristic.pConstantImpedance>
  <cim:LoadResponseCharacteristic.pConstantCurrent>0</cim:LoadResponseCharacteristic.pConstantCurrent>
  <cim:LoadResponseCharacteristic.pConstantPower>0</cim:LoadResponseCharacteristic.pConstantPower>
  <cim:LoadResponseCharacteristic.qConstantImpedance>100</cim:LoadResponseCharacteristic.qConstantImpedance>
  <cim:LoadResponseCharacteristic.qConstantCurrent>0</cim:LoadResponseCharacteristic.qConstantCurrent>
  <cim:LoadResponseCharacteristic.qConstantPower>0</cim:LoadResponseCharacteristic.qConstantPower>
  <cim:LoadResponseCharacteristic.pVoltageExponent>0</cim:LoadResponseCharacteristic.pVoltageExponent>
  <cim:LoadResponseCharacteristic.qVoltageExponent>0</cim:LoadResponseCharacteristic.qVoltageExponent>
  <cim:LoadResponseCharacteristic.pFrequencyExponent>0</cim:LoadResponseCharacteristic.pFrequencyExponent>
  <cim:LoadResponseCharacteristic.qFrequencyExponent>0</cim:LoadResponseCharacteristic.qFrequencyExponent>
</cim:LoadResponseCharacteristic>
<cim:LoadResponseCharacteristic rdf:about="urn:uuid:20344DCB-EBC4-47A9-8BA1-0EAF1B0E7AB7">
  <cim:IdentifiedObject.mRID>20344DCB-EBC4-47A9-8BA1-0EAF1B0E7AB7</cim:IdentifiedObject.mRID>
  <cim:IdentifiedObject.name>Motor</cim:IdentifiedObject.name>
  <cim:LoadResponseCharacteristic.exponentModel>false</cim:LoadResponseCharacteristic.exponentModel>
  <cim:LoadResponseCharacteristic.pConstantImpedance>0</cim:LoadResponseCharacteristic.pConstantImpedance>
  <cim:LoadResponseCharacteristic.pConstantCurrent>0</cim:LoadResponseCharacteristic.pConstantCurrent>
  <cim:LoadResponseCharacteristic.pConstantPower>100</cim:LoadResponseCharacteristic.pConstantPower>
  <cim:LoadResponseCharacteristic.qConstantImpedance>100</cim:LoadResponseCharacteristic.qConstantImpedance>
  <cim:LoadResponseCharacteristic.qConstantCurrent>0</cim:LoadResponseCharacteristic.qConstantCurrent>
  <cim:LoadResponseCharacteristic.qConstantPower>0</cim:LoadResponseCharacteristic.qConstantPower>
  <cim:LoadResponseCharacteristic.pVoltageExponent>0</cim:LoadResponseCharacteristic.pVoltageExponent>
  <cim:LoadResponseCharacteristic.qVoltageExponent>0</cim:LoadResponseCharacteristic.qVoltageExponent>
  <cim:LoadResponseCharacteristic.pFrequencyExponent>0</cim:LoadResponseCharacteristic.pFrequencyExponent>
  <cim:LoadResponseCharacteristic.qFrequencyExponent>0</cim:LoadResponseCharacteristic.qFrequencyExponent>
</cim:LoadResponseCharacteristic>
<cim:LoadResponseCharacteristic rdf:about="urn:uuid:7F2289B2-7E6A-4E27-864A-87B1FC51E9F4">
  <cim:IdentifiedObject.mRID>7F2289B2-7E6A-4E27-864A-87B1FC51E9F4</cim:IdentifiedObject.mRID>
  <cim:IdentifiedObject.name>Mix Motor/Res</cim:IdentifiedObject.name>
  <cim:LoadResponseCharacteristic.exponentModel>true</cim:LoadResponseCharacteristic.exponentModel>
  <cim:LoadResponseCharacteristic.pConstantImpedance>0</cim:LoadResponseCharacteristic.pConstantImpedance>
  <cim:LoadResponseCharacteristic.pConstantCurrent>0</cim:LoadResponseCharacteristic.pConstantCurrent>
  <cim:LoadResponseCharacteristic.pConstantPower>0</cim:LoadResponseCharacteristic.pConstantPower>
  <cim:LoadResponseCharacteristic.qConstantImpedance>0</cim:LoadResponseCharacteristic.qConstantImpedance>
  <cim:LoadResponseCharacteristic.qConstantCurrent>0</cim:LoadResponseCharacteristic.qConstantCurrent>
  <cim:LoadResponseCharacteristic.qConstantPower>0</cim:LoadResponseCharacteristic.qConstantPower>
  <cim:LoadResponseCharacteristic.pVoltageExponent>1</cim:LoadResponseCharacteristic.pVoltageExponent>
  <cim:LoadResponseCharacteristic.qVoltageExponent>2</cim:LoadResponseCharacteristic.qVoltageExponent>
  <cim:LoadResponseCharacteristic.pFrequencyExponent>0</cim:LoadResponseCharacteristic.pFrequencyExponent>
  <cim:LoadResponseCharacteristic.qFrequencyExponent>0</cim:LoadResponseCharacteristic.qFrequencyExponent>
</cim:LoadResponseCharacteristic>
<cim:LoadResponseCharacteristic rdf:about="urn:uuid:F631255B-7505-4312-9903-A27B02DDC1FC">
  <cim:IdentifiedObject.mRID>F631255B-7505-4312-9903-A27B02DDC1FC</cim:IdentifiedObject.mRID>
  <cim:IdentifiedObject.name>Constant I</cim:IdentifiedObject.name>
  <cim:LoadResponseCharacteristic.exponentModel>false</cim:LoadResponseCharacteristic.exponentModel>
  <cim:LoadResponseCharacteristic.pConstantImpedance>0</cim:LoadResponseCharacteristic.pConstantImpedance>
  <cim:LoadResponseCharacteristic.pConstantCurrent>100</cim:LoadResponseCharacteristic.pConstantCurrent>
  <cim:LoadResponseCharacteristic.pConstantPower>0</cim:LoadResponseCharacteristic.pConstantPower>
  <cim:LoadResponseCharacteristic.qConstantImpedance>0</cim:LoadResponseCharacteristic.qConstantImpedance>
  <cim:LoadResponseCharacteristic.qConstantCurrent>100</cim:LoadResponseCharacteristic.qConstantCurrent>
  <cim:LoadResponseCharacteristic.qConstantPower>0</cim:LoadResponseCharacteristic.qConstantPower>
  <cim:LoadResponseCharacteristic.pVoltageExponent>0</cim:LoadResponseCharacteristic.pVoltageExponent>
  <cim:LoadResponseCharacteristic.qVoltageExponent>0</cim:LoadResponseCharacteristic.qVoltageExponent>
  <cim:LoadResponseCharacteristic.pFrequencyExponent>0</cim:LoadResponseCharacteristic.pFrequencyExponent>
  <cim:LoadResponseCharacteristic.qFrequencyExponent>0</cim:LoadResponseCharacteristic.qFrequencyExponent>
</cim:LoadResponseCharacteristic>
<cim:LoadResponseCharacteristic rdf:about="urn:uuid:005D1CF2-748A-4556-95ED-2EC032ABB34F">
  <cim:IdentifiedObject.mRID>005D1CF2-748A-4556-95ED-2EC032ABB34F</cim:IdentifiedObject.mRID>
  <cim:IdentifiedObject.name>Variable P, Fixed Q</cim:IdentifiedObject.name>
  <cim:LoadResponseCharacteristic.exponentModel>false</cim:LoadResponseCharacteristic.exponentModel>
  <cim:LoadResponseCharacteristic.pConstantImpedance>0</cim:LoadResponseCharacteristic.pConstantImpedance>
  <cim:LoadResponseCharacteristic.pConstantCurrent>0</cim:LoadResponseCharacteristic.pConstantCurrent>
  <cim:LoadResponseCharacteristic.pConstantPower>100</cim:LoadResponseCharacteristic.pConstantPower>
  <cim:LoadResponseCharacteristic.qConstantImpedance>0</cim:LoadResponseCharacteristic.qConstantImpedance>
  <cim:LoadResponseCharacteristic.qConstantCurrent>0</cim:LoadResponseCharacteristic.qConstantCurrent>
  <cim:LoadResponseCharacteristic.qConstantPower>100</cim:LoadResponseCharacteristic.qConstantPower>
  <cim:LoadResponseCharacteristic.pVoltageExponent>0</cim:LoadResponseCharacteristic.pVoltageExponent>
  <cim:LoadResponseCharacteristic.qVoltageExponent>0</cim:LoadResponseCharacteristic.qVoltageExponent>
  <cim:LoadResponseCharacteristic.pFrequencyExponent>0</cim:LoadResponseCharacteristic.pFrequencyExponent>
  <cim:LoadResponseCharacteristic.qFrequencyExponent>0</cim:LoadResponseCharacteristic.qFrequencyExponent>
</cim:LoadResponseCharacteristic>
<cim:LoadResponseCharacteristic rdf:about="urn:uuid:346CCDE8-74AA-4071-9048-BC4E05F52819">
  <cim:IdentifiedObject.mRID>346CCDE8-74AA-4071-9048-BC4E05F52819</cim:IdentifiedObject.mRID>
  <cim:IdentifiedObject.name>Variable P, Fixed X</cim:IdentifiedObject.name>
  <cim:LoadResponseCharacteristic.exponentModel>false</cim:LoadResponseCharacteristic.exponentModel>
  <cim:LoadResponseCharacteristic.pConstantImpedance>0</cim:LoadResponseCharacteristic.pConstantImpedance>
  <cim:LoadResponseCharacteristic.pConstantCurrent>0</cim:LoadResponseCharacteristic.pConstantCurrent>
  <cim:LoadResponseCharacteristic.pConstantPower>100</cim:LoadResponseCharacteristic.pConstantPower>
  <cim:LoadResponseCharacteristic.qConstantImpedance>100</cim:LoadResponseCharacteristic.qConstantImpedance>
  <cim:LoadResponseCharacteristic.qConstantCurrent>0</cim:LoadResponseCharacteristic.qConstantCurrent>
  <cim:LoadResponseCharacteristic.qConstantPower>0</cim:LoadResponseCharacteristic.qConstantPower>
  <cim:LoadResponseCharacteristic.pVoltageExponent>0</cim:LoadResponseCharacteristic.pVoltageExponent>
  <cim:LoadResponseCharacteristic.qVoltageExponent>0</cim:LoadResponseCharacteristic.qVoltageExponent>
  <cim:LoadResponseCharacteristic.pFrequencyExponent>0</cim:LoadResponseCharacteristic.pFrequencyExponent>
  <cim:LoadResponseCharacteristic.qFrequencyExponent>0</cim:LoadResponseCharacteristic.qFrequencyExponent>
</cim:LoadResponseCharacteristic>
<cim:EnergyConsumer rdf:about="urn:uuid:500C1D60-BBC6-4BCE-82EA-B24F8B1DC8D8">
  <cim:IdentifiedObject.mRID>500C1D60-BBC6-4BCE-82EA-B24F8B1DC8D8</cim:IdentifiedObject.mRID>
  <cim:IdentifiedObject.name>b4a</cim:IdentifiedObject.name>
  <cim:Equipment.EquipmentContainer rdf:resource="urn:uuid:5F0B3FFA-C2D4-47D6-AB25-54231CEEA4B6"/>
  <cim:ConductingEquipment.BaseVoltage rdf:resource="urn:uuid:0B9B570F-7F0C-4995-82ED-757394F02E7A"/>
  <cim:EnergyConsumer.LoadResponse rdf:resource="urn:uuid:64B29A73-7446-41BF-A083-7639C9BA7BB5"/>
  <cim:EnergyConsumer.p>1250000</cim:EnergyConsumer.p>
  <cim:EnergyConsumer.q>500000</cim:EnergyConsumer.q>
  <cim:EnergyConsumer.customerCount>1</cim:EnergyConsumer.customerCount>
  <cim:EnergyConsumer.phaseConnection rdf:resource="http://iec.ch/TC57/CIM100#PhaseShuntConnectionKind.Y"/>
  <cim:EnergyConsumer.grounded>true</cim:EnergyConsumer.grounded>
  <cim:PowerSystemResource.Location rdf:resource="urn:uuid:9C14739F-77E0-4EC8-AA94-EE7D2207975C"/>
</cim:EnergyConsumer>
<cim:EnergyConsumerPhase rdf:about="urn:uuid:1F3798E7-C561-4C4B-909A-04F0D5313078">
  <cim:IdentifiedObject.mRID>1F3798E7-C561-4C4B-909A-04F0D5313078</cim:IdentifiedObject.mRID>
  <cim:IdentifiedObject.name>b4a_A</cim:IdentifiedObject.name>
  <cim:EnergyConsumerPhase.phase rdf:resource="http://iec.ch/TC57/CIM100#SinglePhaseKind.A"/>
  <cim:EnergyConsumerPhase.p>1250000</cim:EnergyConsumerPhase.p>
  <cim:EnergyConsumerPhase.q>500000</cim:EnergyConsumerPhase.q>
  <cim:EnergyConsumerPhase.EnergyConsumer rdf:resource="urn:uuid:500C1D60-BBC6-4BCE-82EA-B24F8B1DC8D8"/>
  <cim:PowerSystemResource.Location rdf:resource="urn:uuid:9C14739F-77E0-4EC8-AA94-EE7D2207975C"/>
</cim:EnergyConsumerPhase>
<cim:Terminal rdf:about="urn:uuid:E01244EA-BC2D-4D25-8616-3F18E9457F04">
  <cim:IdentifiedObject.mRID>E01244EA-BC2D-4D25-8616-3F18E9457F04</cim:IdentifiedObject.mRID>
  <cim:IdentifiedObject.name>b4a_T1</cim:IdentifiedObject.name>
  <cim:Terminal.ConductingEquipment rdf:resource="urn:uuid:500C1D60-BBC6-4BCE-82EA-B24F8B1DC8D8"/>
  <cim:ACDCTerminal.sequenceNumber>1</cim:ACDCTerminal.sequenceNumber>
  <cim:Terminal.ConnectivityNode rdf:resource="urn:uuid:0842AF0E-0AB7-4FF2-8BFC-5482BAE8B785"/>
</cim:Terminal>
<cim:Location rdf:about="urn:uuid:9C14739F-77E0-4EC8-AA94-EE7D2207975C">
  <cim:IdentifiedObject.mRID>9C14739F-77E0-4EC8-AA94-EE7D2207975C</cim:IdentifiedObject.mRID>
  <cim:IdentifiedObject.name>b4a_Loc</cim:IdentifiedObject.name>
  <cim:Location.CoordinateSystem rdf:resource="urn:uuid:906C6A19-B0F0-4588-B037-EDFCAC0723C2"/>
</cim:Location>
<cim:PositionPoint rdf:about="urn:uuid:648010D0-77E1-49D7-9D23-4B78B36E8FD0">
  <cim:PositionPoint.Location rdf:resource="urn:uuid:9C14739F-77E0-4EC8-AA94-EE7D2207975C"/>
  <cim:PositionPoint.sequenceNumber>1</cim:PositionPoint.sequenceNumber>
  <cim:PositionPoint.xPosition>0</cim:PositionPoint.xPosition>
  <cim:PositionPoint.yPosition>0</cim:PositionPoint.yPosition>
</cim:PositionPoint>
<cim:EnergyConsumer rdf:about="urn:uuid:28DE45B3-8328-4DA9-9419-073A5B7C0D8F">
  <cim:IdentifiedObject.mRID>28DE45B3-8328-4DA9-9419-073A5B7C0D8F</cim:IdentifiedObject.mRID>
  <cim:IdentifiedObject.name>b4b</cim:IdentifiedObject.name>
  <cim:Equipment.EquipmentContainer rdf:resource="urn:uuid:5F0B3FFA-C2D4-47D6-AB25-54231CEEA4B6"/>
  <cim:ConductingEquipment.BaseVoltage rdf:resource="urn:uuid:0B9B570F-7F0C-4995-82ED-757394F02E7A"/>
  <cim:EnergyConsumer.LoadResponse rdf:resource="urn:uuid:64B29A73-7446-41BF-A083-7639C9BA7BB5"/>
  <cim:EnergyConsumer.p>1500000</cim:EnergyConsumer.p>
  <cim:EnergyConsumer.q>750000</cim:EnergyConsumer.q>
  <cim:EnergyConsumer.customerCount>1</cim:EnergyConsumer.customerCount>
  <cim:EnergyConsumer.phaseConnection rdf:resource="http://iec.ch/TC57/CIM100#PhaseShuntConnectionKind.Y"/>
  <cim:EnergyConsumer.grounded>true</cim:EnergyConsumer.grounded>
  <cim:PowerSystemResource.Location rdf:resource="urn:uuid:98E6497E-6C3D-4A54-A9B8-ACAE43114D5D"/>
</cim:EnergyConsumer>
<cim:EnergyConsumerPhase rdf:about="urn:uuid:04C46873-8BB7-478A-8A95-C6DADEEE4427">
  <cim:IdentifiedObject.mRID>04C46873-8BB7-478A-8A95-C6DADEEE4427</cim:IdentifiedObject.mRID>
  <cim:IdentifiedObject.name>b4b_B</cim:IdentifiedObject.name>
  <cim:EnergyConsumerPhase.phase rdf:resource="http://iec.ch/TC57/CIM100#SinglePhaseKind.B"/>
  <cim:EnergyConsumerPhase.p>1500000</cim:EnergyConsumerPhase.p>
  <cim:EnergyConsumerPhase.q>750000</cim:EnergyConsumerPhase.q>
  <cim:EnergyConsumerPhase.EnergyConsumer rdf:resource="urn:uuid:28DE45B3-8328-4DA9-9419-073A5B7C0D8F"/>
  <cim:PowerSystemResource.Location rdf:resource="urn:uuid:98E6497E-6C3D-4A54-A9B8-ACAE43114D5D"/>
</cim:EnergyConsumerPhase>
<cim:Terminal rdf:about="urn:uuid:A530049D-0EE1-425A-BA8F-0A9C4E37E993">
  <cim:IdentifiedObject.mRID>A530049D-0EE1-425A-BA8F-0A9C4E37E993</cim:IdentifiedObject.mRID>
  <cim:IdentifiedObject.name>b4b_T1</cim:IdentifiedObject.name>
  <cim:Terminal.ConductingEquipment rdf:resource="urn:uuid:28DE45B3-8328-4DA9-9419-073A5B7C0D8F"/>
  <cim:ACDCTerminal.sequenceNumber>1</cim:ACDCTerminal.sequenceNumber>
  <cim:Terminal.ConnectivityNode rdf:resource="urn:uuid:0842AF0E-0AB7-4FF2-8BFC-5482BAE8B785"/>
</cim:Terminal>
<cim:Location rdf:about="urn:uuid:98E6497E-6C3D-4A54-A9B8-ACAE43114D5D">
  <cim:IdentifiedObject.mRID>98E6497E-6C3D-4A54-A9B8-ACAE43114D5D</cim:IdentifiedObject.mRID>
  <cim:IdentifiedObject.name>b4b_Loc</cim:IdentifiedObject.name>
  <cim:Location.CoordinateSystem rdf:resource="urn:uuid:906C6A19-B0F0-4588-B037-EDFCAC0723C2"/>
</cim:Location>
<cim:PositionPoint rdf:about="urn:uuid:03BC73E1-1D04-4951-85B2-E33325CE5A81">
  <cim:PositionPoint.Location rdf:resource="urn:uuid:98E6497E-6C3D-4A54-A9B8-ACAE43114D5D"/>
  <cim:PositionPoint.sequenceNumber>1</cim:PositionPoint.sequenceNumber>
  <cim:PositionPoint.xPosition>0</cim:PositionPoint.xPosition>
  <cim:PositionPoint.yPosition>0</cim:PositionPoint.yPosition>
</cim:PositionPoint>
<cim:EnergyConsumer rdf:about="urn:uuid:394F1EF4-52AE-4C76-9776-D8CC91930557">
  <cim:IdentifiedObject.mRID>394F1EF4-52AE-4C76-9776-D8CC91930557</cim:IdentifiedObject.mRID>
  <cim:IdentifiedObject.name>b4c</cim:IdentifiedObject.name>
  <cim:Equipment.EquipmentContainer rdf:resource="urn:uuid:5F0B3FFA-C2D4-47D6-AB25-54231CEEA4B6"/>
  <cim:ConductingEquipment.BaseVoltage rdf:resource="urn:uuid:0B9B570F-7F0C-4995-82ED-757394F02E7A"/>
  <cim:EnergyConsumer.LoadResponse rdf:resource="urn:uuid:64B29A73-7446-41BF-A083-7639C9BA7BB5"/>
  <cim:EnergyConsumer.p>1000000</cim:EnergyConsumer.p>
  <cim:EnergyConsumer.q>250000</cim:EnergyConsumer.q>
  <cim:EnergyConsumer.customerCount>1</cim:EnergyConsumer.customerCount>
  <cim:EnergyConsumer.phaseConnection rdf:resource="http://iec.ch/TC57/CIM100#PhaseShuntConnectionKind.Y"/>
  <cim:EnergyConsumer.grounded>true</cim:EnergyConsumer.grounded>
  <cim:PowerSystemResource.Location rdf:resource="urn:uuid:6ACD4C23-59DE-4E18-9ED0-7EC0B01A2308"/>
</cim:EnergyConsumer>
<cim:EnergyConsumerPhase rdf:about="urn:uuid:986AB9AC-B7E3-40A9-A82A-259919E1C0FE">
  <cim:IdentifiedObject.mRID>986AB9AC-B7E3-40A9-A82A-259919E1C0FE</cim:IdentifiedObject.mRID>
  <cim:IdentifiedObject.name>b4c_C</cim:IdentifiedObject.name>
  <cim:EnergyConsumerPhase.phase rdf:resource="http://iec.ch/TC57/CIM100#SinglePhaseKind.C"/>
  <cim:EnergyConsumerPhase.p>1000000</cim:EnergyConsumerPhase.p>
  <cim:EnergyConsumerPhase.q>250000</cim:EnergyConsumerPhase.q>
  <cim:EnergyConsumerPhase.EnergyConsumer rdf:resource="urn:uuid:394F1EF4-52AE-4C76-9776-D8CC91930557"/>
  <cim:PowerSystemResource.Location rdf:resource="urn:uuid:6ACD4C23-59DE-4E18-9ED0-7EC0B01A2308"/>
</cim:EnergyConsumerPhase>
<cim:Terminal rdf:about="urn:uuid:C323688B-6AF0-4073-90FD-18A470594CF0">
  <cim:IdentifiedObject.mRID>C323688B-6AF0-4073-90FD-18A470594CF0</cim:IdentifiedObject.mRID>
  <cim:IdentifiedObject.name>b4c_T1</cim:IdentifiedObject.name>
  <cim:Terminal.ConductingEquipment rdf:resource="urn:uuid:394F1EF4-52AE-4C76-9776-D8CC91930557"/>
  <cim:ACDCTerminal.sequenceNumber>1</cim:ACDCTerminal.sequenceNumber>
  <cim:Terminal.ConnectivityNode rdf:resource="urn:uuid:0842AF0E-0AB7-4FF2-8BFC-5482BAE8B785"/>
</cim:Terminal>
<cim:Location rdf:about="urn:uuid:6ACD4C23-59DE-4E18-9ED0-7EC0B01A2308">
  <cim:IdentifiedObject.mRID>6ACD4C23-59DE-4E18-9ED0-7EC0B01A2308</cim:IdentifiedObject.mRID>
  <cim:IdentifiedObject.name>b4c_Loc</cim:IdentifiedObject.name>
  <cim:Location.CoordinateSystem rdf:resource="urn:uuid:906C6A19-B0F0-4588-B037-EDFCAC0723C2"/>
</cim:Location>
<cim:PositionPoint rdf:about="urn:uuid:B6088072-054E-4779-B665-C2F09BC0ED76">
  <cim:PositionPoint.Location rdf:resource="urn:uuid:6ACD4C23-59DE-4E18-9ED0-7EC0B01A2308"/>
  <cim:PositionPoint.sequenceNumber>1</cim:PositionPoint.sequenceNumber>
  <cim:PositionPoint.xPosition>0</cim:PositionPoint.xPosition>
  <cim:PositionPoint.yPosition>0</cim:PositionPoint.yPosition>
</cim:PositionPoint>
<cim:EnergyConsumer rdf:about="urn:uuid:02D73816-3AA9-4173-962E-62A90FD22BCD">
  <cim:IdentifiedObject.mRID>02D73816-3AA9-4173-962E-62A90FD22BCD</cim:IdentifiedObject.mRID>
  <cim:IdentifiedObject.name>b6</cim:IdentifiedObject.name>
  <cim:Equipment.EquipmentContainer rdf:resource="urn:uuid:5F0B3FFA-C2D4-47D6-AB25-54231CEEA4B6"/>
  <cim:ConductingEquipment.BaseVoltage rdf:resource="urn:uuid:C49A3060-8131-45F7-A316-FA885EAB933E"/>
  <cim:EnergyConsumer.LoadResponse rdf:resource="urn:uuid:1CE53984-D4F7-4054-A767-21822816E223"/>
  <cim:EnergyConsumer.p>2250000</cim:EnergyConsumer.p>
  <cim:EnergyConsumer.q>1125000</cim:EnergyConsumer.q>
  <cim:EnergyConsumer.customerCount>1</cim:EnergyConsumer.customerCount>
  <cim:EnergyConsumer.phaseConnection rdf:resource="http://iec.ch/TC57/CIM100#PhaseShuntConnectionKind.D"/>
  <cim:EnergyConsumer.grounded>false</cim:EnergyConsumer.grounded>
  <cim:PowerSystemResource.Location rdf:resource="urn:uuid:A154BB1A-058F-4059-9FAF-42208B04CD0D"/>
</cim:EnergyConsumer>
<cim:Terminal rdf:about="urn:uuid:1C9E03D6-3150-41DB-8E9C-DA977B81E417">
  <cim:IdentifiedObject.mRID>1C9E03D6-3150-41DB-8E9C-DA977B81E417</cim:IdentifiedObject.mRID>
  <cim:IdentifiedObject.name>b6_T1</cim:IdentifiedObject.name>
  <cim:Terminal.ConductingEquipment rdf:resource="urn:uuid:02D73816-3AA9-4173-962E-62A90FD22BCD"/>
  <cim:ACDCTerminal.sequenceNumber>1</cim:ACDCTerminal.sequenceNumber>
  <cim:Terminal.ConnectivityNode rdf:resource="urn:uuid:A691E45E-CCA6-4E59-B1F5-A85056743361"/>
</cim:Terminal>
<cim:Location rdf:about="urn:uuid:A154BB1A-058F-4059-9FAF-42208B04CD0D">
  <cim:IdentifiedObject.mRID>A154BB1A-058F-4059-9FAF-42208B04CD0D</cim:IdentifiedObject.mRID>
  <cim:IdentifiedObject.name>b6_Loc</cim:IdentifiedObject.name>
  <cim:Location.CoordinateSystem rdf:resource="urn:uuid:906C6A19-B0F0-4588-B037-EDFCAC0723C2"/>
</cim:Location>
<cim:PositionPoint rdf:about="urn:uuid:96A01CA0-9241-402F-8020-F5EC1CBCA389">
  <cim:PositionPoint.Location rdf:resource="urn:uuid:A154BB1A-058F-4059-9FAF-42208B04CD0D"/>
  <cim:PositionPoint.sequenceNumber>1</cim:PositionPoint.sequenceNumber>
  <cim:PositionPoint.xPosition>0</cim:PositionPoint.xPosition>
  <cim:PositionPoint.yPosition>0</cim:PositionPoint.yPosition>
</cim:PositionPoint>
<cim:OverheadWireInfo rdf:about="urn:uuid:7A8A5D08-B1CD-41BB-9A40-8B7D3897D093">
  <cim:IdentifiedObject.mRID>7A8A5D08-B1CD-41BB-9A40-8B7D3897D093</cim:IdentifiedObject.mRID>
  <cim:IdentifiedObject.name>acsr336</cim:IdentifiedObject.name>
  <cim:WireInfo.sizeDescription>WireData_acsr336</cim:WireInfo.sizeDescription>
  <cim:WireInfo.gmr>0.0077724</cim:WireInfo.gmr>
  <cim:WireInfo.radius>0.0094107</cim:WireInfo.radius>
  <cim:WireInfo.rDC20>0.00018641136</cim:WireInfo.rDC20>
  <cim:WireInfo.rAC25>0.00019013958</cim:WireInfo.rAC25>
  <cim:WireInfo.rAC50>0.00019013958</cim:WireInfo.rAC50>
  <cim:WireInfo.rAC75>0.00019013958</cim:WireInfo.rAC75>
  <cim:WireInfo.ratedCurrent>530</cim:WireInfo.ratedCurrent>
  <cim:WireInfo.strandCount>0</cim:WireInfo.strandCount>
  <cim:WireInfo.coreStrandCount>0</cim:WireInfo.coreStrandCount>
  <cim:WireInfo.coreRadius>0</cim:WireInfo.coreRadius>
  <cim:WireInfo.insulated>false</cim:WireInfo.insulated>
</cim:OverheadWireInfo>
<cim:OverheadWireInfo rdf:about="urn:uuid:BAE7DDC2-3782-45DF-A4C9-AC3B1CC33252">
  <cim:IdentifiedObject.mRID>BAE7DDC2-3782-45DF-A4C9-AC3B1CC33252</cim:IdentifiedObject.mRID>
  <cim:IdentifiedObject.name>acsr4/0</cim:IdentifiedObject.name>
  <cim:WireInfo.sizeDescription>WireData_acsr4/0</cim:WireInfo.sizeDescription>
  <cim:WireInfo.gmr>0.002481072</cim:WireInfo.gmr>
  <cim:WireInfo.radius>0.0071501</cim:WireInfo.radius>
  <cim:WireInfo.rDC20>0.00036063897</cim:WireInfo.rDC20>
  <cim:WireInfo.rAC25>0.00036785175</cim:WireInfo.rAC25>
  <cim:WireInfo.rAC50>0.00036785175</cim:WireInfo.rAC50>
  <cim:WireInfo.rAC75>0.00036785175</cim:WireInfo.rAC75>
  <cim:WireInfo.ratedCurrent>340</cim:WireInfo.ratedCurrent>
  <cim:WireInfo.strandCount>0</cim:WireInfo.strandCount>
  <cim:WireInfo.coreStrandCount>0</cim:WireInfo.coreStrandCount>
  <cim:WireInfo.coreRadius>0</cim:WireInfo.coreRadius>
  <cim:WireInfo.insulated>false</cim:WireInfo.insulated>
</cim:OverheadWireInfo>
<cim:WireSpacingInfo rdf:about="urn:uuid:B630E0AA-318A-4EA8-B433-429F843DD56E">
  <cim:IdentifiedObject.mRID>B630E0AA-318A-4EA8-B433-429F843DD56E</cim:IdentifiedObject.mRID>
  <cim:IdentifiedObject.name>line1-2</cim:IdentifiedObject.name>
  <cim:WireSpacingInfo.usage rdf:resource="http://iec.ch/TC57/CIM100#WireUsageKind.distribution"/>
  <cim:WireSpacingInfo.phaseWireCount>1</cim:WireSpacingInfo.phaseWireCount>
  <cim:WireSpacingInfo.phaseWireSpacing>0</cim:WireSpacingInfo.phaseWireSpacing>
  <cim:WireSpacingInfo.isCable>false</cim:WireSpacingInfo.isCable>
</cim:WireSpacingInfo>
<cim:WirePosition rdf:about="urn:uuid:4B0E5A70-49F1-4AB8-B68B-856AD61B21F9">
  <cim:IdentifiedObject.mRID>4B0E5A70-49F1-4AB8-B68B-856AD61B21F9</cim:IdentifiedObject.mRID>
  <cim:IdentifiedObject.name>WP_line1-2_1</cim:IdentifiedObject.name>
  <cim:WirePosition.WireSpacingInfo rdf:resource="urn:uuid:B630E0AA-318A-4EA8-B433-429F843DD56E"/>
  <cim:WirePosition.sequenceNumber>1</cim:WirePosition.sequenceNumber>
  <cim:WirePosition.xCoord>-1.8288</cim:WirePosition.xCoord>
  <cim:WirePosition.yCoord>15.24</cim:WirePosition.yCoord>
</cim:WirePosition>
<cim:WirePosition rdf:about="urn:uuid:EC62C298-7189-48A3-A83D-6B773814F745">
  <cim:IdentifiedObject.mRID>EC62C298-7189-48A3-A83D-6B773814F745</cim:IdentifiedObject.mRID>
  <cim:IdentifiedObject.name>WP_line1-2_2</cim:IdentifiedObject.name>
  <cim:WirePosition.WireSpacingInfo rdf:resource="urn:uuid:B630E0AA-318A-4EA8-B433-429F843DD56E"/>
  <cim:WirePosition.sequenceNumber>2</cim:WirePosition.sequenceNumber>
  <cim:WirePosition.xCoord>-2.4384</cim:WirePosition.xCoord>
  <cim:WirePosition.yCoord>12.8016</cim:WirePosition.yCoord>
</cim:WirePosition>
<cim:WirePosition rdf:about="urn:uuid:CA7B59C3-C524-4020-85F2-CB908FEB56C6">
  <cim:IdentifiedObject.mRID>CA7B59C3-C524-4020-85F2-CB908FEB56C6</cim:IdentifiedObject.mRID>
  <cim:IdentifiedObject.name>WP_line1-2_3</cim:IdentifiedObject.name>
  <cim:WirePosition.WireSpacingInfo rdf:resource="urn:uuid:B630E0AA-318A-4EA8-B433-429F843DD56E"/>
  <cim:WirePosition.sequenceNumber>3</cim:WirePosition.sequenceNumber>
  <cim:WirePosition.xCoord>2.4384</cim:WirePosition.xCoord>
  <cim:WirePosition.yCoord>12.8016</cim:WirePosition.yCoord>
</cim:WirePosition>
<cim:WirePosition rdf:about="urn:uuid:BEA746F3-BC3C-4DB5-A89E-E865046F6A63">
  <cim:IdentifiedObject.mRID>BEA746F3-BC3C-4DB5-A89E-E865046F6A63</cim:IdentifiedObject.mRID>
  <cim:IdentifiedObject.name>WP_line1-2_4</cim:IdentifiedObject.name>
  <cim:WirePosition.WireSpacingInfo rdf:resource="urn:uuid:B630E0AA-318A-4EA8-B433-429F843DD56E"/>
  <cim:WirePosition.sequenceNumber>4</cim:WirePosition.sequenceNumber>
  <cim:WirePosition.xCoord>0</cim:WirePosition.xCoord>
  <cim:WirePosition.yCoord>17.6784</cim:WirePosition.yCoord>
</cim:WirePosition>
<cim:WireSpacingInfo rdf:about="urn:uuid:DB739773-7E06-4BBF-875B-23D59C847EFD">
  <cim:IdentifiedObject.mRID>DB739773-7E06-4BBF-875B-23D59C847EFD</cim:IdentifiedObject.mRID>
  <cim:IdentifiedObject.name>line3-4</cim:IdentifiedObject.name>
  <cim:WireSpacingInfo.usage rdf:resource="http://iec.ch/TC57/CIM100#WireUsageKind.distribution"/>
  <cim:WireSpacingInfo.phaseWireCount>1</cim:WireSpacingInfo.phaseWireCount>
  <cim:WireSpacingInfo.phaseWireSpacing>0</cim:WireSpacingInfo.phaseWireSpacing>
  <cim:WireSpacingInfo.isCable>false</cim:WireSpacingInfo.isCable>
</cim:WireSpacingInfo>
<cim:WirePosition rdf:about="urn:uuid:CAC8C5E8-A0B6-47C8-8F16-3BD9CA0EEAC1">
  <cim:IdentifiedObject.mRID>CAC8C5E8-A0B6-47C8-8F16-3BD9CA0EEAC1</cim:IdentifiedObject.mRID>
  <cim:IdentifiedObject.name>WP_line3-4_1</cim:IdentifiedObject.name>
  <cim:WirePosition.WireSpacingInfo rdf:resource="urn:uuid:DB739773-7E06-4BBF-875B-23D59C847EFD"/>
  <cim:WirePosition.sequenceNumber>1</cim:WirePosition.sequenceNumber>
  <cim:WirePosition.xCoord>-0.9144</cim:WirePosition.xCoord>
  <cim:WirePosition.yCoord>8.5344</cim:WirePosition.yCoord>
</cim:WirePosition>
<cim:WirePosition rdf:about="urn:uuid:8FD3FD41-00FE-4818-983F-9DE286F6B3A0">
  <cim:IdentifiedObject.mRID>8FD3FD41-00FE-4818-983F-9DE286F6B3A0</cim:IdentifiedObject.mRID>
  <cim:IdentifiedObject.name>WP_line3-4_2</cim:IdentifiedObject.name>
  <cim:WirePosition.WireSpacingInfo rdf:resource="urn:uuid:DB739773-7E06-4BBF-875B-23D59C847EFD"/>
  <cim:WirePosition.sequenceNumber>2</cim:WirePosition.sequenceNumber>
  <cim:WirePosition.xCoord>-0.4572</cim:WirePosition.xCoord>
  <cim:WirePosition.yCoord>8.5344</cim:WirePosition.yCoord>
</cim:WirePosition>
<cim:WirePosition rdf:about="urn:uuid:5F89DE39-E576-4B07-8209-E0F31C099206">
  <cim:IdentifiedObject.mRID>5F89DE39-E576-4B07-8209-E0F31C099206</cim:IdentifiedObject.mRID>
  <cim:IdentifiedObject.name>WP_line3-4_3</cim:IdentifiedObject.name>
  <cim:WirePosition.WireSpacingInfo rdf:resource="urn:uuid:DB739773-7E06-4BBF-875B-23D59C847EFD"/>
  <cim:WirePosition.sequenceNumber>3</cim:WirePosition.sequenceNumber>
  <cim:WirePosition.xCoord>0.9144</cim:WirePosition.xCoord>
  <cim:WirePosition.yCoord>8.5344</cim:WirePosition.yCoord>
</cim:WirePosition>
<cim:WirePosition rdf:about="urn:uuid:808F0619-AA71-4280-B985-0B53EF4FCCA7">
  <cim:IdentifiedObject.mRID>808F0619-AA71-4280-B985-0B53EF4FCCA7</cim:IdentifiedObject.mRID>
  <cim:IdentifiedObject.name>WP_line3-4_4</cim:IdentifiedObject.name>
  <cim:WirePosition.WireSpacingInfo rdf:resource="urn:uuid:DB739773-7E06-4BBF-875B-23D59C847EFD"/>
  <cim:WirePosition.sequenceNumber>4</cim:WirePosition.sequenceNumber>
  <cim:WirePosition.xCoord>0</cim:WirePosition.xCoord>
  <cim:WirePosition.yCoord>7.3152</cim:WirePosition.yCoord>
</cim:WirePosition>
<cim:WireSpacingInfo rdf:about="urn:uuid:B8E1835C-ACB3-4B43-B47A-C17AC0635B44">
  <cim:IdentifiedObject.mRID>B8E1835C-ACB3-4B43-B47A-C17AC0635B44</cim:IdentifiedObject.mRID>
  <cim:IdentifiedObject.name>line5-6</cim:IdentifiedObject.name>
  <cim:WireSpacingInfo.usage rdf:resource="http://iec.ch/TC57/CIM100#WireUsageKind.distribution"/>
  <cim:WireSpacingInfo.phaseWireCount>1</cim:WireSpacingInfo.phaseWireCount>
  <cim:WireSpacingInfo.phaseWireSpacing>0</cim:WireSpacingInfo.phaseWireSpacing>
  <cim:WireSpacingInfo.isCable>false</cim:WireSpacingInfo.isCable>
</cim:WireSpacingInfo>
<cim:WirePosition rdf:about="urn:uuid:2890D0CC-A382-4A56-8BAB-74F1B59C16FF">
  <cim:IdentifiedObject.mRID>2890D0CC-A382-4A56-8BAB-74F1B59C16FF</cim:IdentifiedObject.mRID>
  <cim:IdentifiedObject.name>WP_line5-6_1</cim:IdentifiedObject.name>
  <cim:WirePosition.WireSpacingInfo rdf:resource="urn:uuid:B8E1835C-ACB3-4B43-B47A-C17AC0635B44"/>
  <cim:WirePosition.sequenceNumber>1</cim:WirePosition.sequenceNumber>
  <cim:WirePosition.xCoord>-2.1336</cim:WirePosition.xCoord>
  <cim:WirePosition.yCoord>8.5344</cim:WirePosition.yCoord>
</cim:WirePosition>
<cim:WirePosition rdf:about="urn:uuid:0BEC23BD-95DA-49E6-8782-AC90888DA408">
  <cim:IdentifiedObject.mRID>0BEC23BD-95DA-49E6-8782-AC90888DA408</cim:IdentifiedObject.mRID>
  <cim:IdentifiedObject.name>WP_line5-6_2</cim:IdentifiedObject.name>
  <cim:WirePosition.WireSpacingInfo rdf:resource="urn:uuid:B8E1835C-ACB3-4B43-B47A-C17AC0635B44"/>
  <cim:WirePosition.sequenceNumber>2</cim:WirePosition.sequenceNumber>
  <cim:WirePosition.xCoord>-1.3716</cim:WirePosition.xCoord>
  <cim:WirePosition.yCoord>8.5344</cim:WirePosition.yCoord>
</cim:WirePosition>
<cim:WirePosition rdf:about="urn:uuid:46BC25A3-28D9-4974-890F-E6FE7E6A88B5">
  <cim:IdentifiedObject.mRID>46BC25A3-28D9-4974-890F-E6FE7E6A88B5</cim:IdentifiedObject.mRID>
  <cim:IdentifiedObject.name>WP_line5-6_3</cim:IdentifiedObject.name>
  <cim:WirePosition.WireSpacingInfo rdf:resource="urn:uuid:B8E1835C-ACB3-4B43-B47A-C17AC0635B44"/>
  <cim:WirePosition.sequenceNumber>3</cim:WirePosition.sequenceNumber>
  <cim:WirePosition.xCoord>0</cim:WirePosition.xCoord>
  <cim:WirePosition.yCoord>8.5344</cim:WirePosition.yCoord>
</cim:WirePosition>
<cim:OperationalLimitSet rdf:about="urn:uuid:BFDA4DFB-B4BC-4CD9-B67F-30B408FF49E8">
  <cim:IdentifiedObject.mRID>BFDA4DFB-B4BC-4CD9-B67F-30B408FF49E8</cim:IdentifiedObject.mRID>
  <cim:IdentifiedObject.name>OpLimI_138.1_188.3</cim:IdentifiedObject.name>
</cim:OperationalLimitSet>
<cim:CurrentLimit rdf:about="urn:uuid:3BA4D2E9-24FF-47F8-8F50-370BC7B7D7B7">
  <cim:IdentifiedObject.mRID>3BA4D2E9-24FF-47F8-8F50-370BC7B7D7B7</cim:IdentifiedObject.mRID>
  <cim:IdentifiedObject.name>OpLimI_138.1_188.3_Norm</cim:IdentifiedObject.name>
  <cim:OperationalLimit.OperationalLimitSet rdf:resource="urn:uuid:BFDA4DFB-B4BC-4CD9-B67F-30B408FF49E8"/>
  <cim:OperationalLimit.OperationalLimitType rdf:resource="urn:uuid:8E285AB4-50A9-4F2E-B160-BDAF54B6A493"/>
  <cim:CurrentLimit.value>138.06202</cim:CurrentLimit.value>
</cim:CurrentLimit>
<cim:CurrentLimit rdf:about="urn:uuid:4E2C584A-893C-4248-9BD3-CABFC23026F2">
  <cim:IdentifiedObject.mRID>4E2C584A-893C-4248-9BD3-CABFC23026F2</cim:IdentifiedObject.mRID>
  <cim:IdentifiedObject.name>OpLimI_138.1_188.3_Emerg</cim:IdentifiedObject.name>
  <cim:OperationalLimit.OperationalLimitSet rdf:resource="urn:uuid:BFDA4DFB-B4BC-4CD9-B67F-30B408FF49E8"/>
  <cim:OperationalLimit.OperationalLimitType rdf:resource="urn:uuid:28C7545E-A68D-4128-A62F-B82AF3C1DAAE"/>
  <cim:CurrentLimit.value>188.26639</cim:CurrentLimit.value>
</cim:CurrentLimit>
<cim:OperationalLimitSet rdf:about="urn:uuid:9FDCF42F-5A64-40D5-9AB7-C3A1D7CC6978">
  <cim:IdentifiedObject.mRID>9FDCF42F-5A64-40D5-9AB7-C3A1D7CC6978</cim:IdentifiedObject.mRID>
  <cim:IdentifiedObject.name>OpLimI_530.0_795.0</cim:IdentifiedObject.name>
</cim:OperationalLimitSet>
<cim:CurrentLimit rdf:about="urn:uuid:4278983B-F83E-41E2-9F50-C428B66EA285">
  <cim:IdentifiedObject.mRID>4278983B-F83E-41E2-9F50-C428B66EA285</cim:IdentifiedObject.mRID>
  <cim:IdentifiedObject.name>OpLimI_530.0_795.0_Norm</cim:IdentifiedObject.name>
  <cim:OperationalLimit.OperationalLimitSet rdf:resource="urn:uuid:9FDCF42F-5A64-40D5-9AB7-C3A1D7CC6978"/>
  <cim:OperationalLimit.OperationalLimitType rdf:resource="urn:uuid:8E285AB4-50A9-4F2E-B160-BDAF54B6A493"/>
  <cim:CurrentLimit.value>530</cim:CurrentLimit.value>
</cim:CurrentLimit>
<cim:CurrentLimit rdf:about="urn:uuid:7E9491D3-C7D9-4ABA-900A-908E788DB871">
  <cim:IdentifiedObject.mRID>7E9491D3-C7D9-4ABA-900A-908E788DB871</cim:IdentifiedObject.mRID>
  <cim:IdentifiedObject.name>OpLimI_530.0_795.0_Emerg</cim:IdentifiedObject.name>
  <cim:OperationalLimit.OperationalLimitSet rdf:resource="urn:uuid:9FDCF42F-5A64-40D5-9AB7-C3A1D7CC6978"/>
  <cim:OperationalLimit.OperationalLimitType rdf:resource="urn:uuid:28C7545E-A68D-4128-A62F-B82AF3C1DAAE"/>
  <cim:CurrentLimit.value>795</cim:CurrentLimit.value>
</cim:CurrentLimit>
</rdf:RDF>
