<?xml version="1.0" encoding="utf-8"?>
<!-- un-comment this line to enable validation
-->
<rdf:RDF xmlns:cim="http://iec.ch/TC57/CIM100#" xmlns:rdf="http://www.w3.org/1999/02/22-rdf-syntax-ns#">
<!--
-->
<cim:IEC61970CIMVersion rdf:about="urn:uuid:1410DCA2-C9F5-4FA6-951F-CF252172BE43">
  <cim:IEC61970CIMVersion.version>IEC61970CIM100</cim:IEC61970CIMVersion.version>
  <cim:IEC61970CIMVersion.date>2019-04-01</cim:IEC61970CIMVersion.date>
</cim:IEC61970CIMVersion>
<cim:CoordinateSystem rdf:about="urn:uuid:9B04FE7B-B41F-4ECD-8CC4-0049B4430935">
  <cim:IdentifiedObject.mRID>9B04FE7B-B41F-4ECD-8CC4-0049B4430935</cim:IdentifiedObject.mRID>
  <cim:IdentifiedObject.name>yybal_CrsUrn</cim:IdentifiedObject.name>
  <cim:CoordinateSystem.crsUrn>OpenDSSLocalBusCoordinates</cim:CoordinateSystem.crsUrn>
</cim:CoordinateSystem>
<cim:GeographicalRegion rdf:about="urn:uuid:9578F113-2F3A-4697-9125-08706C35B256">
  <cim:IdentifiedObject.mRID>9578F113-2F3A-4697-9125-08706C35B256</cim:IdentifiedObject.mRID>
  <cim:IdentifiedObject.name>geo1</cim:IdentifiedObject.name>
</cim:GeographicalRegion>
<cim:SubGeographicalRegion rdf:about="urn:uuid:944FC37D-E164-44FF-8C6F-D81AE1DFD066">
  <cim:IdentifiedObject.mRID>944FC37D-E164-44FF-8C6F-D81AE1DFD066</cim:IdentifiedObject.mRID>
  <cim:IdentifiedObject.name>subgeo1</cim:IdentifiedObject.name>
  <cim:SubGeographicalRegion.Region rdf:resource="urn:uuid:9578F113-2F3A-4697-9125-08706C35B256"/>
</cim:SubGeographicalRegion>
<cim:Substation rdf:about="urn:uuid:B3C4E773-EAAD-4432-8D3D-8DAB86E38809">
  <cim:IdentifiedObject.mRID>B3C4E773-EAAD-4432-8D3D-8DAB86E38809</cim:IdentifiedObject.mRID>
  <cim:IdentifiedObject.name>sub1</cim:IdentifiedObject.name>
  <cim:Substation.Region rdf:resource="urn:uuid:944FC37D-E164-44FF-8C6F-D81AE1DFD066"/>
</cim:Substation>
<cim:Location rdf:about="urn:uuid:43E4BFE9-C72A-4CB6-B6AB-6A69D35BAE27">
  <cim:IdentifiedObject.mRID>43E4BFE9-C72A-4CB6-B6AB-6A69D35BAE27</cim:IdentifiedObject.mRID>
  <cim:IdentifiedObject.name>yybal_Location</cim:IdentifiedObject.name>
  <cim:Location.CoordinateSystem rdf:resource="urn:uuid:9B04FE7B-B41F-4ECD-8CC4-0049B4430935"/>
</cim:Location>
<cim:Feeder rdf:about="urn:uuid:CCB9EF29-23DF-429E-B609-B06EFB4945BA">
  <cim:IdentifiedObject.mRID>CCB9EF29-23DF-429E-B609-B06EFB4945BA</cim:IdentifiedObject.mRID>
  <cim:IdentifiedObject.name>yybal</cim:IdentifiedObject.name>
  <cim:Feeder.NormalEnergizingSubstation rdf:resource="urn:uuid:B3C4E773-EAAD-4432-8D3D-8DAB86E38809"/>
  <cim:PowerSystemResource.Location rdf:resource="urn:uuid:43E4BFE9-C72A-4CB6-B6AB-6A69D35BAE27"/>
</cim:Feeder>
<cim:OperationalLimitType rdf:about="urn:uuid:C1E747D2-F91B-4525-9D27-F73B5BF90F1C">
  <cim:IdentifiedObject.mRID>C1E747D2-F91B-4525-9D27-F73B5BF90F1C</cim:IdentifiedObject.mRID>
  <cim:IdentifiedObject.name>yybal_NormAmpsType</cim:IdentifiedObject.name>
  <cim:OperationalLimitType.acceptableDuration>5E9</cim:OperationalLimitType.acceptableDuration>
  <cim:OperationalLimitType.direction rdf:resource="http://iec.ch/TC57/CIM100#OperationalLimitDirectionKind.absoluteValue"/>
</cim:OperationalLimitType>
<cim:OperationalLimitType rdf:about="urn:uuid:087B53CC-2E96-4A71-8BBB-B6BC1ED6A64D">
  <cim:IdentifiedObject.mRID>087B53CC-2E96-4A71-8BBB-B6BC1ED6A64D</cim:IdentifiedObject.mRID>
  <cim:IdentifiedObject.name>yybal_EmergencyAmpsType</cim:IdentifiedObject.name>
  <cim:OperationalLimitType.acceptableDuration>7200</cim:OperationalLimitType.acceptableDuration>
  <cim:OperationalLimitType.direction rdf:resource="http://iec.ch/TC57/CIM100#OperationalLimitDirectionKind.absoluteValue"/>
</cim:OperationalLimitType>
<cim:OperationalLimitType rdf:about="urn:uuid:794DE4C9-025D-49DD-80E7-9674DBB58520">
  <cim:IdentifiedObject.mRID>794DE4C9-025D-49DD-80E7-9674DBB58520</cim:IdentifiedObject.mRID>
  <cim:IdentifiedObject.name>yybal_RangeAHiType</cim:IdentifiedObject.name>
  <cim:OperationalLimitType.acceptableDuration>5E9</cim:OperationalLimitType.acceptableDuration>
  <cim:OperationalLimitType.direction rdf:resource="http://iec.ch/TC57/CIM100#OperationalLimitDirectionKind.high"/>
</cim:OperationalLimitType>
<cim:OperationalLimitType rdf:about="urn:uuid:15649782-434A-4ED1-8C73-40F5405DABDB">
  <cim:IdentifiedObject.mRID>15649782-434A-4ED1-8C73-40F5405DABDB</cim:IdentifiedObject.mRID>
  <cim:IdentifiedObject.name>yybal_RangeALoType</cim:IdentifiedObject.name>
  <cim:OperationalLimitType.acceptableDuration>5E9</cim:OperationalLimitType.acceptableDuration>
  <cim:OperationalLimitType.direction rdf:resource="http://iec.ch/TC57/CIM100#OperationalLimitDirectionKind.low"/>
</cim:OperationalLimitType>
<cim:OperationalLimitType rdf:about="urn:uuid:175220E0-23C2-4BB5-8283-21D365215E47">
  <cim:IdentifiedObject.mRID>175220E0-23C2-4BB5-8283-21D365215E47</cim:IdentifiedObject.mRID>
  <cim:IdentifiedObject.name>yybal_RangeBHiType</cim:IdentifiedObject.name>
  <cim:OperationalLimitType.acceptableDuration>86400</cim:OperationalLimitType.acceptableDuration>
  <cim:OperationalLimitType.direction rdf:resource="http://iec.ch/TC57/CIM100#OperationalLimitDirectionKind.high"/>
</cim:OperationalLimitType>
<cim:OperationalLimitType rdf:about="urn:uuid:B50C42E0-6CB9-4F12-BF6E-1B41C323ABB5">
  <cim:IdentifiedObject.mRID>B50C42E0-6CB9-4F12-BF6E-1B41C323ABB5</cim:IdentifiedObject.mRID>
  <cim:IdentifiedObject.name>yybal_RangeBLoType</cim:IdentifiedObject.name>
  <cim:OperationalLimitType.acceptableDuration>86400</cim:OperationalLimitType.acceptableDuration>
  <cim:OperationalLimitType.direction rdf:resource="http://iec.ch/TC57/CIM100#OperationalLimitDirectionKind.low"/>
</cim:OperationalLimitType>
<cim:BaseVoltage rdf:about="urn:uuid:40CC977D-EAB1-4BC6-A709-70B687A0C315">
  <cim:IdentifiedObject.mRID>40CC977D-EAB1-4BC6-A709-70B687A0C315</cim:IdentifiedObject.mRID>
  <cim:IdentifiedObject.name>BaseV_12.4700</cim:IdentifiedObject.name>
  <cim:BaseVoltage.nominalVoltage>12470</cim:BaseVoltage.nominalVoltage>
</cim:BaseVoltage>
<cim:OperationalLimitSet rdf:about="urn:uuid:220EB1D8-24AC-4A05-B588-B7E97C954C56">
  <cim:IdentifiedObject.mRID>220EB1D8-24AC-4A05-B588-B7E97C954C56</cim:IdentifiedObject.mRID>
  <cim:IdentifiedObject.name>OpLimV_12.4700</cim:IdentifiedObject.name>
</cim:OperationalLimitSet>
<cim:VoltageLimit rdf:about="urn:uuid:2446A2FD-79D9-4F22-9F82-B9C902A4C361">
  <cim:IdentifiedObject.mRID>2446A2FD-79D9-4F22-9F82-B9C902A4C361</cim:IdentifiedObject.mRID>
  <cim:IdentifiedObject.name>OpLimV_12.4700_RangeAHi</cim:IdentifiedObject.name>
  <cim:OperationalLimit.OperationalLimitSet rdf:resource="urn:uuid:220EB1D8-24AC-4A05-B588-B7E97C954C56"/>
  <cim:OperationalLimit.OperationalLimitType rdf:resource="urn:uuid:794DE4C9-025D-49DD-80E7-9674DBB58520"/>
  <cim:VoltageLimit.value>13093.5</cim:VoltageLimit.value>
</cim:VoltageLimit>
<cim:VoltageLimit rdf:about="urn:uuid:80D34866-2CFF-43CC-ABE8-FE2037D88ACA">
  <cim:IdentifiedObject.mRID>80D34866-2CFF-43CC-ABE8-FE2037D88ACA</cim:IdentifiedObject.mRID>
  <cim:IdentifiedObject.name>OpLimV_12.4700_RangeALo</cim:IdentifiedObject.name>
  <cim:OperationalLimit.OperationalLimitSet rdf:resource="urn:uuid:220EB1D8-24AC-4A05-B588-B7E97C954C56"/>
  <cim:OperationalLimit.OperationalLimitType rdf:resource="urn:uuid:15649782-434A-4ED1-8C73-40F5405DABDB"/>
  <cim:VoltageLimit.value>11846.5</cim:VoltageLimit.value>
</cim:VoltageLimit>
<cim:VoltageLimit rdf:about="urn:uuid:7CE27014-740C-4D2C-B427-9F10AA5AC41D">
  <cim:IdentifiedObject.mRID>7CE27014-740C-4D2C-B427-9F10AA5AC41D</cim:IdentifiedObject.mRID>
  <cim:IdentifiedObject.name>OpLimV_12.4700_RangeBHi</cim:IdentifiedObject.name>
  <cim:OperationalLimit.OperationalLimitSet rdf:resource="urn:uuid:220EB1D8-24AC-4A05-B588-B7E97C954C56"/>
  <cim:OperationalLimit.OperationalLimitType rdf:resource="urn:uuid:175220E0-23C2-4BB5-8283-21D365215E47"/>
  <cim:VoltageLimit.value>13197.416</cim:VoltageLimit.value>
</cim:VoltageLimit>
<cim:VoltageLimit rdf:about="urn:uuid:484AEFBA-AC01-42A2-AACD-6CFD787DCDB0">
  <cim:IdentifiedObject.mRID>484AEFBA-AC01-42A2-AACD-6CFD787DCDB0</cim:IdentifiedObject.mRID>
  <cim:IdentifiedObject.name>OpLimV_12.4700_RangeBLo</cim:IdentifiedObject.name>
  <cim:OperationalLimit.OperationalLimitSet rdf:resource="urn:uuid:220EB1D8-24AC-4A05-B588-B7E97C954C56"/>
  <cim:OperationalLimit.OperationalLimitType rdf:resource="urn:uuid:B50C42E0-6CB9-4F12-BF6E-1B41C323ABB5"/>
  <cim:VoltageLimit.value>11430.834</cim:VoltageLimit.value>
</cim:VoltageLimit>
<cim:BaseVoltage rdf:about="urn:uuid:3052863C-D4C3-48A6-8D7A-6FC845B0A37D">
  <cim:IdentifiedObject.mRID>3052863C-D4C3-48A6-8D7A-6FC845B0A37D</cim:IdentifiedObject.mRID>
  <cim:IdentifiedObject.name>BaseV_4.1600</cim:IdentifiedObject.name>
  <cim:BaseVoltage.nominalVoltage>4160</cim:BaseVoltage.nominalVoltage>
</cim:BaseVoltage>
<cim:OperationalLimitSet rdf:about="urn:uuid:32ED5534-C713-4B7B-A190-5586B3729359">
  <cim:IdentifiedObject.mRID>32ED5534-C713-4B7B-A190-5586B3729359</cim:IdentifiedObject.mRID>
  <cim:IdentifiedObject.name>OpLimV_4.1600</cim:IdentifiedObject.name>
</cim:OperationalLimitSet>
<cim:VoltageLimit rdf:about="urn:uuid:1768170D-BAC5-4AD5-B650-C5B507F6C5CD">
  <cim:IdentifiedObject.mRID>1768170D-BAC5-4AD5-B650-C5B507F6C5CD</cim:IdentifiedObject.mRID>
  <cim:IdentifiedObject.name>OpLimV_4.1600_RangeAHi</cim:IdentifiedObject.name>
  <cim:OperationalLimit.OperationalLimitSet rdf:resource="urn:uuid:32ED5534-C713-4B7B-A190-5586B3729359"/>
  <cim:OperationalLimit.OperationalLimitType rdf:resource="urn:uuid:794DE4C9-025D-49DD-80E7-9674DBB58520"/>
  <cim:VoltageLimit.value>4368</cim:VoltageLimit.value>
</cim:VoltageLimit>
<cim:VoltageLimit rdf:about="urn:uuid:0A984895-9C46-4CDE-800D-531EA42CD80C">
  <cim:IdentifiedObject.mRID>0A984895-9C46-4CDE-800D-531EA42CD80C</cim:IdentifiedObject.mRID>
  <cim:IdentifiedObject.name>OpLimV_4.1600_RangeALo</cim:IdentifiedObject.name>
  <cim:OperationalLimit.OperationalLimitSet rdf:resource="urn:uuid:32ED5534-C713-4B7B-A190-5586B3729359"/>
  <cim:OperationalLimit.OperationalLimitType rdf:resource="urn:uuid:15649782-434A-4ED1-8C73-40F5405DABDB"/>
  <cim:VoltageLimit.value>3952</cim:VoltageLimit.value>
</cim:VoltageLimit>
<cim:VoltageLimit rdf:about="urn:uuid:9BB7FB36-1009-4089-BD1D-19DF735E7435">
  <cim:IdentifiedObject.mRID>9BB7FB36-1009-4089-BD1D-19DF735E7435</cim:IdentifiedObject.mRID>
  <cim:IdentifiedObject.name>OpLimV_4.1600_RangeBHi</cim:IdentifiedObject.name>
  <cim:OperationalLimit.OperationalLimitSet rdf:resource="urn:uuid:32ED5534-C713-4B7B-A190-5586B3729359"/>
  <cim:OperationalLimit.OperationalLimitType rdf:resource="urn:uuid:175220E0-23C2-4BB5-8283-21D365215E47"/>
  <cim:VoltageLimit.value>4402.6665</cim:VoltageLimit.value>
</cim:VoltageLimit>
<cim:VoltageLimit rdf:about="urn:uuid:7770FBF6-DE11-4EB5-A0E9-266359D2BC4A">
  <cim:IdentifiedObject.mRID>7770FBF6-DE11-4EB5-A0E9-266359D2BC4A</cim:IdentifiedObject.mRID>
  <cim:IdentifiedObject.name>OpLimV_4.1600_RangeBLo</cim:IdentifiedObject.name>
  <cim:OperationalLimit.OperationalLimitSet rdf:resource="urn:uuid:32ED5534-C713-4B7B-A190-5586B3729359"/>
  <cim:OperationalLimit.OperationalLimitType rdf:resource="urn:uuid:B50C42E0-6CB9-4F12-BF6E-1B41C323ABB5"/>
  <cim:VoltageLimit.value>3813.3335</cim:VoltageLimit.value>
</cim:VoltageLimit>
<cim:TopologicalNode rdf:about="urn:uuid:E9FA12BF-1A2D-4CE9-A872-B1D6CF45084B">
  <cim:IdentifiedObject.mRID>E9FA12BF-1A2D-4CE9-A872-B1D6CF45084B</cim:IdentifiedObject.mRID>
  <cim:IdentifiedObject.name>sourcebus</cim:IdentifiedObject.name>
  <cim:TopologicalNode.TopologicalIsland rdf:resource="urn:uuid:CEC85B95-B648-4695-B613-292FC27C2662"/>
</cim:TopologicalNode>
<cim:ConnectivityNode rdf:about="urn:uuid:0696A652-B728-4504-A703-C8D66C52C543">
  <cim:IdentifiedObject.mRID>0696A652-B728-4504-A703-C8D66C52C543</cim:IdentifiedObject.mRID>
  <cim:IdentifiedObject.name>sourcebus</cim:IdentifiedObject.name>
  <cim:ConnectivityNode.TopologicalNode rdf:resource="urn:uuid:E9FA12BF-1A2D-4CE9-A872-B1D6CF45084B"/>
  <cim:ConnectivityNode.OperationalLimitSet rdf:resource="urn:uuid:220EB1D8-24AC-4A05-B588-B7E97C954C56"/>
  <cim:ConnectivityNode.ConnectivityNodeContainer rdf:resource="urn:uuid:CCB9EF29-23DF-429E-B609-B06EFB4945BA"/>
</cim:ConnectivityNode>
<cim:TopologicalNode rdf:about="urn:uuid:F9906482-6B78-4D34-B0D1-596C478AB644">
  <cim:IdentifiedObject.mRID>F9906482-6B78-4D34-B0D1-596C478AB644</cim:IdentifiedObject.mRID>
  <cim:IdentifiedObject.name>n2</cim:IdentifiedObject.name>
  <cim:TopologicalNode.TopologicalIsland rdf:resource="urn:uuid:CEC85B95-B648-4695-B613-292FC27C2662"/>
</cim:TopologicalNode>
<cim:ConnectivityNode rdf:about="urn:uuid:190EA5B1-DD2E-4AC4-A6B4-E9404E8DD569">
  <cim:IdentifiedObject.mRID>190EA5B1-DD2E-4AC4-A6B4-E9404E8DD569</cim:IdentifiedObject.mRID>
  <cim:IdentifiedObject.name>n2</cim:IdentifiedObject.name>
  <cim:ConnectivityNode.TopologicalNode rdf:resource="urn:uuid:F9906482-6B78-4D34-B0D1-596C478AB644"/>
  <cim:ConnectivityNode.OperationalLimitSet rdf:resource="urn:uuid:220EB1D8-24AC-4A05-B588-B7E97C954C56"/>
  <cim:ConnectivityNode.ConnectivityNodeContainer rdf:resource="urn:uuid:CCB9EF29-23DF-429E-B609-B06EFB4945BA"/>
</cim:ConnectivityNode>
<cim:TopologicalNode rdf:about="urn:uuid:0C1F47BB-4654-4EB9-BCD6-69D08001B19A">
  <cim:IdentifiedObject.mRID>0C1F47BB-4654-4EB9-BCD6-69D08001B19A</cim:IdentifiedObject.mRID>
  <cim:IdentifiedObject.name>n3</cim:IdentifiedObject.name>
  <cim:TopologicalNode.TopologicalIsland rdf:resource="urn:uuid:CEC85B95-B648-4695-B613-292FC27C2662"/>
</cim:TopologicalNode>
<cim:ConnectivityNode rdf:about="urn:uuid:989CE084-D791-4623-B4FF-6F6151E3D5C5">
  <cim:IdentifiedObject.mRID>989CE084-D791-4623-B4FF-6F6151E3D5C5</cim:IdentifiedObject.mRID>
  <cim:IdentifiedObject.name>n3</cim:IdentifiedObject.name>
  <cim:ConnectivityNode.TopologicalNode rdf:resource="urn:uuid:0C1F47BB-4654-4EB9-BCD6-69D08001B19A"/>
  <cim:ConnectivityNode.OperationalLimitSet rdf:resource="urn:uuid:32ED5534-C713-4B7B-A190-5586B3729359"/>
  <cim:ConnectivityNode.ConnectivityNodeContainer rdf:resource="urn:uuid:CCB9EF29-23DF-429E-B609-B06EFB4945BA"/>
</cim:ConnectivityNode>
<cim:TopologicalNode rdf:about="urn:uuid:516CEE6B-D597-4B90-A302-35066AD82968">
  <cim:IdentifiedObject.mRID>516CEE6B-D597-4B90-A302-35066AD82968</cim:IdentifiedObject.mRID>
  <cim:IdentifiedObject.name>n4</cim:IdentifiedObject.name>
  <cim:TopologicalNode.TopologicalIsland rdf:resource="urn:uuid:CEC85B95-B648-4695-B613-292FC27C2662"/>
</cim:TopologicalNode>
<cim:ConnectivityNode rdf:about="urn:uuid:6561B4D2-3236-41A3-A514-972FE518FF9D">
  <cim:IdentifiedObject.mRID>6561B4D2-3236-41A3-A514-972FE518FF9D</cim:IdentifiedObject.mRID>
  <cim:IdentifiedObject.name>n4</cim:IdentifiedObject.name>
  <cim:ConnectivityNode.TopologicalNode rdf:resource="urn:uuid:516CEE6B-D597-4B90-A302-35066AD82968"/>
  <cim:ConnectivityNode.OperationalLimitSet rdf:resource="urn:uuid:32ED5534-C713-4B7B-A190-5586B3729359"/>
  <cim:ConnectivityNode.ConnectivityNodeContainer rdf:resource="urn:uuid:CCB9EF29-23DF-429E-B609-B06EFB4945BA"/>
</cim:ConnectivityNode>
<cim:TopologicalIsland rdf:about="urn:uuid:CEC85B95-B648-4695-B613-292FC27C2662">
  <cim:IdentifiedObject.mRID>CEC85B95-B648-4695-B613-292FC27C2662</cim:IdentifiedObject.mRID>
  <cim:IdentifiedObject.name>yybal_Island</cim:IdentifiedObject.name>
  <cim:TopologicalIsland.AngleRefTopologicalNode rdf:resource="urn:uuid:E9FA12BF-1A2D-4CE9-A872-B1D6CF45084B"/>
</cim:TopologicalIsland>
<cim:EnergySource rdf:about="urn:uuid:3A315F7E-866A-4286-8FCB-60866B728C0C">
  <cim:IdentifiedObject.mRID>3A315F7E-866A-4286-8FCB-60866B728C0C</cim:IdentifiedObject.mRID>
  <cim:IdentifiedObject.name>source</cim:IdentifiedObject.name>
  <cim:Equipment.EquipmentContainer rdf:resource="urn:uuid:CCB9EF29-23DF-429E-B609-B06EFB4945BA"/>
  <cim:ConductingEquipment.BaseVoltage rdf:resource="urn:uuid:40CC977D-EAB1-4BC6-A709-70B687A0C315"/>
  <cim:EnergySource.nominalVoltage>12470</cim:EnergySource.nominalVoltage>
  <cim:EnergySource.voltageMagnitude>12470</cim:EnergySource.voltageMagnitude>
  <cim:EnergySource.voltageAngle>0</cim:EnergySource.voltageAngle>
  <cim:EnergySource.r>0.00018857254</cim:EnergySource.r>
  <cim:EnergySource.x>0.00075429016</cim:EnergySource.x>
  <cim:EnergySource.r0>0.00024635211</cim:EnergySource.r0>
  <cim:EnergySource.x0>0.00073905633</cim:EnergySource.x0>
  <cim:PowerSystemResource.Location rdf:resource="urn:uuid:04104E3E-46DF-4A0E-83ED-AC630E96E651"/>
</cim:EnergySource>
<cim:Terminal rdf:about="urn:uuid:9852FC39-98BE-407C-A2AF-2CDCEE80338B">
  <cim:IdentifiedObject.mRID>9852FC39-98BE-407C-A2AF-2CDCEE80338B</cim:IdentifiedObject.mRID>
  <cim:IdentifiedObject.name>source_T1</cim:IdentifiedObject.name>
  <cim:Terminal.ConductingEquipment rdf:resource="urn:uuid:3A315F7E-866A-4286-8FCB-60866B728C0C"/>
  <cim:ACDCTerminal.sequenceNumber>1</cim:ACDCTerminal.sequenceNumber>
  <cim:Terminal.ConnectivityNode rdf:resource="urn:uuid:0696A652-B728-4504-A703-C8D66C52C543"/>
</cim:Terminal>
<cim:Location rdf:about="urn:uuid:04104E3E-46DF-4A0E-83ED-AC630E96E651">
  <cim:IdentifiedObject.mRID>04104E3E-46DF-4A0E-83ED-AC630E96E651</cim:IdentifiedObject.mRID>
  <cim:IdentifiedObject.name>source_Loc</cim:IdentifiedObject.name>
  <cim:Location.CoordinateSystem rdf:resource="urn:uuid:9B04FE7B-B41F-4ECD-8CC4-0049B4430935"/>
</cim:Location>
<cim:PositionPoint rdf:about="urn:uuid:E5A2870F-923D-4735-A5B0-CB8D7FE2DB7B">
  <cim:PositionPoint.Location rdf:resource="urn:uuid:04104E3E-46DF-4A0E-83ED-AC630E96E651"/>
  <cim:PositionPoint.sequenceNumber>1</cim:PositionPoint.sequenceNumber>
  <cim:PositionPoint.xPosition>0</cim:PositionPoint.xPosition>
  <cim:PositionPoint.yPosition>0</cim:PositionPoint.yPosition>
</cim:PositionPoint>
<cim:Location rdf:about="urn:uuid:B64D3CA1-0EEB-4B97-AECE-43CE8CC5301C">
  <cim:IdentifiedObject.mRID>B64D3CA1-0EEB-4B97-AECE-43CE8CC5301C</cim:IdentifiedObject.mRID>
  <cim:IdentifiedObject.name>t1_Loc</cim:IdentifiedObject.name>
  <cim:Location.CoordinateSystem rdf:resource="urn:uuid:9B04FE7B-B41F-4ECD-8CC4-0049B4430935"/>
</cim:Location>
<cim:PositionPoint rdf:about="urn:uuid:7C15B65A-9179-4FF7-8D87-3810AED74AF5">
  <cim:PositionPoint.Location rdf:resource="urn:uuid:B64D3CA1-0EEB-4B97-AECE-43CE8CC5301C"/>
  <cim:PositionPoint.sequenceNumber>1</cim:PositionPoint.sequenceNumber>
  <cim:PositionPoint.xPosition>0</cim:PositionPoint.xPosition>
  <cim:PositionPoint.yPosition>0</cim:PositionPoint.yPosition>
</cim:PositionPoint>
<cim:PositionPoint rdf:about="urn:uuid:200604B1-E3B2-4BF6-86BA-D7FB3DBE6005">
  <cim:PositionPoint.Location rdf:resource="urn:uuid:B64D3CA1-0EEB-4B97-AECE-43CE8CC5301C"/>
  <cim:PositionPoint.sequenceNumber>2</cim:PositionPoint.sequenceNumber>
  <cim:PositionPoint.xPosition>0</cim:PositionPoint.xPosition>
  <cim:PositionPoint.yPosition>0</cim:PositionPoint.yPosition>
</cim:PositionPoint>
<cim:TransformerCoreAdmittance rdf:about="urn:uuid:E5DEC52F-B5B8-4DED-8837-B66BD23FE714">
  <cim:IdentifiedObject.mRID>E5DEC52F-B5B8-4DED-8837-B66BD23FE714</cim:IdentifiedObject.mRID>
  <cim:IdentifiedObject.name>t1_Yc</cim:IdentifiedObject.name>
  <cim:TransformerCoreAdmittance.g>0</cim:TransformerCoreAdmittance.g>
  <cim:TransformerCoreAdmittance.g0>0</cim:TransformerCoreAdmittance.g0>
  <cim:TransformerCoreAdmittance.b>0</cim:TransformerCoreAdmittance.b>
  <cim:TransformerCoreAdmittance.b0>0</cim:TransformerCoreAdmittance.b0>
  <cim:TransformerCoreAdmittance.TransformerEnd rdf:resource="urn:uuid:4824DAB4-2FF3-4A40-9399-780307F3C5DD"/>
</cim:TransformerCoreAdmittance>
<cim:TransformerMeshImpedance rdf:about="urn:uuid:D2CD8A23-93CD-4354-92A4-BF95333B9F0C">
  <cim:IdentifiedObject.mRID>D2CD8A23-93CD-4354-92A4-BF95333B9F0C</cim:IdentifiedObject.mRID>
  <cim:IdentifiedObject.name>t1_Zsc_1</cim:IdentifiedObject.name>
  <cim:TransformerMeshImpedance.r>0.25916817</cim:TransformerMeshImpedance.r>
  <cim:TransformerMeshImpedance.r0>0.25916817</cim:TransformerMeshImpedance.r0>
  <cim:TransformerMeshImpedance.x>1.555009</cim:TransformerMeshImpedance.x>
  <cim:TransformerMeshImpedance.x0>1.555009</cim:TransformerMeshImpedance.x0>
  <cim:TransformerMeshImpedance.FromTransformerEnd rdf:resource="urn:uuid:4824DAB4-2FF3-4A40-9399-780307F3C5DD"/>
  <cim:TransformerMeshImpedance.ToTransformerEnd rdf:resource="urn:uuid:41058449-A2A3-465E-8FA1-478A7F20F021"/>
</cim:TransformerMeshImpedance>
<cim:PowerTransformerEnd rdf:about="urn:uuid:4824DAB4-2FF3-4A40-9399-780307F3C5DD">
  <cim:IdentifiedObject.mRID>4824DAB4-2FF3-4A40-9399-780307F3C5DD</cim:IdentifiedObject.mRID>
  <cim:IdentifiedObject.name>t1_End_1</cim:IdentifiedObject.name>
  <cim:PowerTransformerEnd.PowerTransformer rdf:resource="urn:uuid:49FBCFFD-288E-436B-8AE3-7BBA51193F1C"/>
  <cim:PowerTransformerEnd.ratedS>6000000</cim:PowerTransformerEnd.ratedS>
  <cim:PowerTransformerEnd.ratedU>12470</cim:PowerTransformerEnd.ratedU>
  <cim:PowerTransformerEnd.r>0.12958408</cim:PowerTransformerEnd.r>
  <cim:PowerTransformerEnd.connectionKind rdf:resource="http://iec.ch/TC57/CIM100#WindingConnection.Y"/>
  <cim:PowerTransformerEnd.phaseAngleClock>0</cim:PowerTransformerEnd.phaseAngleClock>
  <cim:TransformerEnd.grounded>true</cim:TransformerEnd.grounded>
  <cim:TransformerEnd.rground>0</cim:TransformerEnd.rground>
  <cim:TransformerEnd.xground>0</cim:TransformerEnd.xground>
  <cim:TransformerEnd.endNumber>1</cim:TransformerEnd.endNumber>
  <cim:TransformerEnd.Terminal rdf:resource="urn:uuid:99069196-3C76-4359-9090-048D852A284C"/>
  <cim:TransformerEnd.BaseVoltage rdf:resource="urn:uuid:40CC977D-EAB1-4BC6-A709-70B687A0C315"/>
</cim:PowerTransformerEnd>
<cim:Terminal rdf:about="urn:uuid:99069196-3C76-4359-9090-048D852A284C">
  <cim:IdentifiedObject.mRID>99069196-3C76-4359-9090-048D852A284C</cim:IdentifiedObject.mRID>
  <cim:IdentifiedObject.name>t1_T1</cim:IdentifiedObject.name>
  <cim:Terminal.ConductingEquipment rdf:resource="urn:uuid:49FBCFFD-288E-436B-8AE3-7BBA51193F1C"/>
  <cim:ACDCTerminal.sequenceNumber>1</cim:ACDCTerminal.sequenceNumber>
  <cim:Terminal.ConnectivityNode rdf:resource="urn:uuid:190EA5B1-DD2E-4AC4-A6B4-E9404E8DD569"/>
  <cim:ACDCTerminal.OperationalLimitSet rdf:resource="urn:uuid:78EA4D96-29D2-4857-A83B-C975F2D5937F"/>
</cim:Terminal>
<cim:PowerTransformerEnd rdf:about="urn:uuid:41058449-A2A3-465E-8FA1-478A7F20F021">
  <cim:IdentifiedObject.mRID>41058449-A2A3-465E-8FA1-478A7F20F021</cim:IdentifiedObject.mRID>
  <cim:IdentifiedObject.name>t1_End_2</cim:IdentifiedObject.name>
  <cim:PowerTransformerEnd.PowerTransformer rdf:resource="urn:uuid:49FBCFFD-288E-436B-8AE3-7BBA51193F1C"/>
  <cim:PowerTransformerEnd.ratedS>6000000</cim:PowerTransformerEnd.ratedS>
  <cim:PowerTransformerEnd.ratedU>4160</cim:PowerTransformerEnd.ratedU>
  <cim:PowerTransformerEnd.r>0.014421333</cim:PowerTransformerEnd.r>
  <cim:PowerTransformerEnd.connectionKind rdf:resource="http://iec.ch/TC57/CIM100#WindingConnection.Y"/>
  <cim:PowerTransformerEnd.phaseAngleClock>0</cim:PowerTransformerEnd.phaseAngleClock>
  <cim:TransformerEnd.grounded>true</cim:TransformerEnd.grounded>
  <cim:TransformerEnd.rground>0</cim:TransformerEnd.rground>
  <cim:TransformerEnd.xground>0</cim:TransformerEnd.xground>
  <cim:TransformerEnd.endNumber>2</cim:TransformerEnd.endNumber>
  <cim:TransformerEnd.Terminal rdf:resource="urn:uuid:FA7056EE-BB51-4061-9A20-B8CA177F8EF7"/>
  <cim:TransformerEnd.BaseVoltage rdf:resource="urn:uuid:3052863C-D4C3-48A6-8D7A-6FC845B0A37D"/>
</cim:PowerTransformerEnd>
<cim:Terminal rdf:about="urn:uuid:FA7056EE-BB51-4061-9A20-B8CA177F8EF7">
  <cim:IdentifiedObject.mRID>FA7056EE-BB51-4061-9A20-B8CA177F8EF7</cim:IdentifiedObject.mRID>
  <cim:IdentifiedObject.name>t1_T2</cim:IdentifiedObject.name>
  <cim:Terminal.ConductingEquipment rdf:resource="urn:uuid:49FBCFFD-288E-436B-8AE3-7BBA51193F1C"/>
  <cim:ACDCTerminal.sequenceNumber>2</cim:ACDCTerminal.sequenceNumber>
  <cim:Terminal.ConnectivityNode rdf:resource="urn:uuid:989CE084-D791-4623-B4FF-6F6151E3D5C5"/>
</cim:Terminal>
<cim:PowerTransformer rdf:about="urn:uuid:49FBCFFD-288E-436B-8AE3-7BBA51193F1C">
  <cim:IdentifiedObject.mRID>49FBCFFD-288E-436B-8AE3-7BBA51193F1C</cim:IdentifiedObject.mRID>
  <cim:IdentifiedObject.name>t1</cim:IdentifiedObject.name>
  <cim:Equipment.EquipmentContainer rdf:resource="urn:uuid:CCB9EF29-23DF-429E-B609-B06EFB4945BA"/>
  <cim:PowerTransformer.vectorGroup>Yy</cim:PowerTransformer.vectorGroup>
  <cim:PowerSystemResource.Location rdf:resource="urn:uuid:B64D3CA1-0EEB-4B97-AECE-43CE8CC5301C"/>
</cim:PowerTransformer>
<cim:ACLineSegment rdf:about="urn:uuid:71A06647-7ECD-447C-B6C4-FA7BE0B82D96">
  <cim:IdentifiedObject.mRID>71A06647-7ECD-447C-B6C4-FA7BE0B82D96</cim:IdentifiedObject.mRID>
  <cim:IdentifiedObject.name>line1</cim:IdentifiedObject.name>
  <cim:Equipment.EquipmentContainer rdf:resource="urn:uuid:CCB9EF29-23DF-429E-B609-B06EFB4945BA"/>
  <cim:ConductingEquipment.BaseVoltage rdf:resource="urn:uuid:40CC977D-EAB1-4BC6-A709-70B687A0C315"/>
  <cim:Conductor.length>609.6</cim:Conductor.length>
  <cim:ACLineSegment.WireSpacingInfo rdf:resource="urn:uuid:8BD9684B-7272-4CD6-AD92-AC6483141B59"/>
  <cim:PowerSystemResource.Location rdf:resource="urn:uuid:4441BC06-17A5-4E95-A88E-DF6FB2B0C32B"/>
</cim:ACLineSegment>
<cim:ACLineSegmentPhase rdf:about="urn:uuid:1B7EEEEC-65D5-47E1-BB5D-7CEF349BF8BC">
  <cim:IdentifiedObject.mRID>1B7EEEEC-65D5-47E1-BB5D-7CEF349BF8BC</cim:IdentifiedObject.mRID>
  <cim:IdentifiedObject.name>line1_A</cim:IdentifiedObject.name>
  <cim:ACLineSegmentPhase.phase rdf:resource="http://iec.ch/TC57/CIM100#SinglePhaseKind.A"/>
  <cim:ACLineSegmentPhase.sequenceNumber>1</cim:ACLineSegmentPhase.sequenceNumber>
  <cim:ACLineSegmentPhase.WireInfo rdf:resource="urn:uuid:C3648C64-1B1E-4CDA-9BFF-CD2174C51ED7"/>
  <cim:ACLineSegmentPhase.ACLineSegment rdf:resource="urn:uuid:71A06647-7ECD-447C-B6C4-FA7BE0B82D96"/>
  <cim:PowerSystemResource.Location rdf:resource="urn:uuid:4441BC06-17A5-4E95-A88E-DF6FB2B0C32B"/>
</cim:ACLineSegmentPhase>
<cim:ACLineSegmentPhase rdf:about="urn:uuid:7678DDF5-7F0F-4FE1-B30C-8F41A4BA2AF9">
  <cim:IdentifiedObject.mRID>7678DDF5-7F0F-4FE1-B30C-8F41A4BA2AF9</cim:IdentifiedObject.mRID>
  <cim:IdentifiedObject.name>line1_B</cim:IdentifiedObject.name>
  <cim:ACLineSegmentPhase.phase rdf:resource="http://iec.ch/TC57/CIM100#SinglePhaseKind.B"/>
  <cim:ACLineSegmentPhase.sequenceNumber>2</cim:ACLineSegmentPhase.sequenceNumber>
  <cim:ACLineSegmentPhase.WireInfo rdf:resource="urn:uuid:C3648C64-1B1E-4CDA-9BFF-CD2174C51ED7"/>
  <cim:ACLineSegmentPhase.ACLineSegment rdf:resource="urn:uuid:71A06647-7ECD-447C-B6C4-FA7BE0B82D96"/>
  <cim:PowerSystemResource.Location rdf:resource="urn:uuid:4441BC06-17A5-4E95-A88E-DF6FB2B0C32B"/>
</cim:ACLineSegmentPhase>
<cim:ACLineSegmentPhase rdf:about="urn:uuid:1FA8FD83-E0BA-4F44-A8A6-31237D1D5F86">
  <cim:IdentifiedObject.mRID>1FA8FD83-E0BA-4F44-A8A6-31237D1D5F86</cim:IdentifiedObject.mRID>
  <cim:IdentifiedObject.name>line1_C</cim:IdentifiedObject.name>
  <cim:ACLineSegmentPhase.phase rdf:resource="http://iec.ch/TC57/CIM100#SinglePhaseKind.C"/>
  <cim:ACLineSegmentPhase.sequenceNumber>3</cim:ACLineSegmentPhase.sequenceNumber>
  <cim:ACLineSegmentPhase.WireInfo rdf:resource="urn:uuid:C3648C64-1B1E-4CDA-9BFF-CD2174C51ED7"/>
  <cim:ACLineSegmentPhase.ACLineSegment rdf:resource="urn:uuid:71A06647-7ECD-447C-B6C4-FA7BE0B82D96"/>
  <cim:PowerSystemResource.Location rdf:resource="urn:uuid:4441BC06-17A5-4E95-A88E-DF6FB2B0C32B"/>
</cim:ACLineSegmentPhase>
<cim:ACLineSegmentPhase rdf:about="urn:uuid:0EF84AD7-C6F6-4A39-A699-4265CA33E569">
  <cim:IdentifiedObject.mRID>0EF84AD7-C6F6-4A39-A699-4265CA33E569</cim:IdentifiedObject.mRID>
  <cim:IdentifiedObject.name>line1_N</cim:IdentifiedObject.name>
  <cim:ACLineSegmentPhase.phase rdf:resource="http://iec.ch/TC57/CIM100#SinglePhaseKind.N"/>
  <cim:ACLineSegmentPhase.sequenceNumber>4</cim:ACLineSegmentPhase.sequenceNumber>
  <cim:ACLineSegmentPhase.WireInfo rdf:resource="urn:uuid:D18B3239-DDB6-4DDE-B425-890E7636C470"/>
  <cim:ACLineSegmentPhase.ACLineSegment rdf:resource="urn:uuid:71A06647-7ECD-447C-B6C4-FA7BE0B82D96"/>
  <cim:PowerSystemResource.Location rdf:resource="urn:uuid:4441BC06-17A5-4E95-A88E-DF6FB2B0C32B"/>
</cim:ACLineSegmentPhase>
<cim:Terminal rdf:about="urn:uuid:A85EA528-149C-4FB2-9C56-E9ED151159AC">
  <cim:IdentifiedObject.mRID>A85EA528-149C-4FB2-9C56-E9ED151159AC</cim:IdentifiedObject.mRID>
  <cim:IdentifiedObject.name>line1_T1</cim:IdentifiedObject.name>
  <cim:Terminal.ConductingEquipment rdf:resource="urn:uuid:71A06647-7ECD-447C-B6C4-FA7BE0B82D96"/>
  <cim:ACDCTerminal.sequenceNumber>1</cim:ACDCTerminal.sequenceNumber>
  <cim:Terminal.ConnectivityNode rdf:resource="urn:uuid:0696A652-B728-4504-A703-C8D66C52C543"/>
</cim:Terminal>
<cim:Terminal rdf:about="urn:uuid:A94495B6-0E93-4EC9-924C-54BE3192198E">
  <cim:IdentifiedObject.mRID>A94495B6-0E93-4EC9-924C-54BE3192198E</cim:IdentifiedObject.mRID>
  <cim:IdentifiedObject.name>line1_T2</cim:IdentifiedObject.name>
  <cim:Terminal.ConductingEquipment rdf:resource="urn:uuid:71A06647-7ECD-447C-B6C4-FA7BE0B82D96"/>
  <cim:ACDCTerminal.sequenceNumber>2</cim:ACDCTerminal.sequenceNumber>
  <cim:Terminal.ConnectivityNode rdf:resource="urn:uuid:190EA5B1-DD2E-4AC4-A6B4-E9404E8DD569"/>
</cim:Terminal>
<cim:Location rdf:about="urn:uuid:4441BC06-17A5-4E95-A88E-DF6FB2B0C32B">
  <cim:IdentifiedObject.mRID>4441BC06-17A5-4E95-A88E-DF6FB2B0C32B</cim:IdentifiedObject.mRID>
  <cim:IdentifiedObject.name>line1_Loc</cim:IdentifiedObject.name>
  <cim:Location.CoordinateSystem rdf:resource="urn:uuid:9B04FE7B-B41F-4ECD-8CC4-0049B4430935"/>
</cim:Location>
<cim:PositionPoint rdf:about="urn:uuid:FDB96C2E-653D-4BE9-B371-8F802C9F5A4B">
  <cim:PositionPoint.Location rdf:resource="urn:uuid:4441BC06-17A5-4E95-A88E-DF6FB2B0C32B"/>
  <cim:PositionPoint.sequenceNumber>1</cim:PositionPoint.sequenceNumber>
  <cim:PositionPoint.xPosition>0</cim:PositionPoint.xPosition>
  <cim:PositionPoint.yPosition>0</cim:PositionPoint.yPosition>
</cim:PositionPoint>
<cim:PositionPoint rdf:about="urn:uuid:34A3969B-35EB-47A8-B4EE-AF1C9C0D7CC0">
  <cim:PositionPoint.Location rdf:resource="urn:uuid:4441BC06-17A5-4E95-A88E-DF6FB2B0C32B"/>
  <cim:PositionPoint.sequenceNumber>2</cim:PositionPoint.sequenceNumber>
  <cim:PositionPoint.xPosition>0</cim:PositionPoint.xPosition>
  <cim:PositionPoint.yPosition>0</cim:PositionPoint.yPosition>
</cim:PositionPoint>
<cim:ACLineSegment rdf:about="urn:uuid:B6C2D854-18E6-4BC8-8BD1-C87AA63CFF94">
  <cim:IdentifiedObject.mRID>B6C2D854-18E6-4BC8-8BD1-C87AA63CFF94</cim:IdentifiedObject.mRID>
  <cim:IdentifiedObject.name>line2</cim:IdentifiedObject.name>
  <cim:Equipment.EquipmentContainer rdf:resource="urn:uuid:CCB9EF29-23DF-429E-B609-B06EFB4945BA"/>
  <cim:ConductingEquipment.BaseVoltage rdf:resource="urn:uuid:3052863C-D4C3-48A6-8D7A-6FC845B0A37D"/>
  <cim:Conductor.length>762</cim:Conductor.length>
  <cim:ACLineSegment.WireSpacingInfo rdf:resource="urn:uuid:8BD9684B-7272-4CD6-AD92-AC6483141B59"/>
  <cim:PowerSystemResource.Location rdf:resource="urn:uuid:EDC0EF13-BAAD-4AF0-BECC-83E3852A0F92"/>
</cim:ACLineSegment>
<cim:ACLineSegmentPhase rdf:about="urn:uuid:688AE0E8-442B-42AE-A6CF-61C4FB2FE55E">
  <cim:IdentifiedObject.mRID>688AE0E8-442B-42AE-A6CF-61C4FB2FE55E</cim:IdentifiedObject.mRID>
  <cim:IdentifiedObject.name>line2_A</cim:IdentifiedObject.name>
  <cim:ACLineSegmentPhase.phase rdf:resource="http://iec.ch/TC57/CIM100#SinglePhaseKind.A"/>
  <cim:ACLineSegmentPhase.sequenceNumber>1</cim:ACLineSegmentPhase.sequenceNumber>
  <cim:ACLineSegmentPhase.WireInfo rdf:resource="urn:uuid:C3648C64-1B1E-4CDA-9BFF-CD2174C51ED7"/>
  <cim:ACLineSegmentPhase.ACLineSegment rdf:resource="urn:uuid:B6C2D854-18E6-4BC8-8BD1-C87AA63CFF94"/>
  <cim:PowerSystemResource.Location rdf:resource="urn:uuid:EDC0EF13-BAAD-4AF0-BECC-83E3852A0F92"/>
</cim:ACLineSegmentPhase>
<cim:ACLineSegmentPhase rdf:about="urn:uuid:9C3B30D1-FE55-4BD9-9183-1BCED4864B0C">
  <cim:IdentifiedObject.mRID>9C3B30D1-FE55-4BD9-9183-1BCED4864B0C</cim:IdentifiedObject.mRID>
  <cim:IdentifiedObject.name>line2_B</cim:IdentifiedObject.name>
  <cim:ACLineSegmentPhase.phase rdf:resource="http://iec.ch/TC57/CIM100#SinglePhaseKind.B"/>
  <cim:ACLineSegmentPhase.sequenceNumber>2</cim:ACLineSegmentPhase.sequenceNumber>
  <cim:ACLineSegmentPhase.WireInfo rdf:resource="urn:uuid:C3648C64-1B1E-4CDA-9BFF-CD2174C51ED7"/>
  <cim:ACLineSegmentPhase.ACLineSegment rdf:resource="urn:uuid:B6C2D854-18E6-4BC8-8BD1-C87AA63CFF94"/>
  <cim:PowerSystemResource.Location rdf:resource="urn:uuid:EDC0EF13-BAAD-4AF0-BECC-83E3852A0F92"/>
</cim:ACLineSegmentPhase>
<cim:ACLineSegmentPhase rdf:about="urn:uuid:CFC7646F-9275-4ED0-BE08-3310307342A3">
  <cim:IdentifiedObject.mRID>CFC7646F-9275-4ED0-BE08-3310307342A3</cim:IdentifiedObject.mRID>
  <cim:IdentifiedObject.name>line2_C</cim:IdentifiedObject.name>
  <cim:ACLineSegmentPhase.phase rdf:resource="http://iec.ch/TC57/CIM100#SinglePhaseKind.C"/>
  <cim:ACLineSegmentPhase.sequenceNumber>3</cim:ACLineSegmentPhase.sequenceNumber>
  <cim:ACLineSegmentPhase.WireInfo rdf:resource="urn:uuid:C3648C64-1B1E-4CDA-9BFF-CD2174C51ED7"/>
  <cim:ACLineSegmentPhase.ACLineSegment rdf:resource="urn:uuid:B6C2D854-18E6-4BC8-8BD1-C87AA63CFF94"/>
  <cim:PowerSystemResource.Location rdf:resource="urn:uuid:EDC0EF13-BAAD-4AF0-BECC-83E3852A0F92"/>
</cim:ACLineSegmentPhase>
<cim:ACLineSegmentPhase rdf:about="urn:uuid:3FEA9169-605C-4609-A027-8856C62CD19F">
  <cim:IdentifiedObject.mRID>3FEA9169-605C-4609-A027-8856C62CD19F</cim:IdentifiedObject.mRID>
  <cim:IdentifiedObject.name>line2_N</cim:IdentifiedObject.name>
  <cim:ACLineSegmentPhase.phase rdf:resource="http://iec.ch/TC57/CIM100#SinglePhaseKind.N"/>
  <cim:ACLineSegmentPhase.sequenceNumber>4</cim:ACLineSegmentPhase.sequenceNumber>
  <cim:ACLineSegmentPhase.WireInfo rdf:resource="urn:uuid:D18B3239-DDB6-4DDE-B425-890E7636C470"/>
  <cim:ACLineSegmentPhase.ACLineSegment rdf:resource="urn:uuid:B6C2D854-18E6-4BC8-8BD1-C87AA63CFF94"/>
  <cim:PowerSystemResource.Location rdf:resource="urn:uuid:EDC0EF13-BAAD-4AF0-BECC-83E3852A0F92"/>
</cim:ACLineSegmentPhase>
<cim:Terminal rdf:about="urn:uuid:CE6A50F1-DA7F-49A6-BF6E-9CBC71BED427">
  <cim:IdentifiedObject.mRID>CE6A50F1-DA7F-49A6-BF6E-9CBC71BED427</cim:IdentifiedObject.mRID>
  <cim:IdentifiedObject.name>line2_T1</cim:IdentifiedObject.name>
  <cim:Terminal.ConductingEquipment rdf:resource="urn:uuid:B6C2D854-18E6-4BC8-8BD1-C87AA63CFF94"/>
  <cim:ACDCTerminal.sequenceNumber>1</cim:ACDCTerminal.sequenceNumber>
  <cim:Terminal.ConnectivityNode rdf:resource="urn:uuid:989CE084-D791-4623-B4FF-6F6151E3D5C5"/>
</cim:Terminal>
<cim:Terminal rdf:about="urn:uuid:9EA55ED9-B6A7-473B-AFA3-6B307EDA11F9">
  <cim:IdentifiedObject.mRID>9EA55ED9-B6A7-473B-AFA3-6B307EDA11F9</cim:IdentifiedObject.mRID>
  <cim:IdentifiedObject.name>line2_T2</cim:IdentifiedObject.name>
  <cim:Terminal.ConductingEquipment rdf:resource="urn:uuid:B6C2D854-18E6-4BC8-8BD1-C87AA63CFF94"/>
  <cim:ACDCTerminal.sequenceNumber>2</cim:ACDCTerminal.sequenceNumber>
  <cim:Terminal.ConnectivityNode rdf:resource="urn:uuid:6561B4D2-3236-41A3-A514-972FE518FF9D"/>
</cim:Terminal>
<cim:Location rdf:about="urn:uuid:EDC0EF13-BAAD-4AF0-BECC-83E3852A0F92">
  <cim:IdentifiedObject.mRID>EDC0EF13-BAAD-4AF0-BECC-83E3852A0F92</cim:IdentifiedObject.mRID>
  <cim:IdentifiedObject.name>line2_Loc</cim:IdentifiedObject.name>
  <cim:Location.CoordinateSystem rdf:resource="urn:uuid:9B04FE7B-B41F-4ECD-8CC4-0049B4430935"/>
</cim:Location>
<cim:PositionPoint rdf:about="urn:uuid:E3E05CC2-6DB7-4E15-87C1-DD285811C75C">
  <cim:PositionPoint.Location rdf:resource="urn:uuid:EDC0EF13-BAAD-4AF0-BECC-83E3852A0F92"/>
  <cim:PositionPoint.sequenceNumber>1</cim:PositionPoint.sequenceNumber>
  <cim:PositionPoint.xPosition>0</cim:PositionPoint.xPosition>
  <cim:PositionPoint.yPosition>0</cim:PositionPoint.yPosition>
</cim:PositionPoint>
<cim:PositionPoint rdf:about="urn:uuid:363D0F5B-4427-425F-9024-3E745AD42087">
  <cim:PositionPoint.Location rdf:resource="urn:uuid:EDC0EF13-BAAD-4AF0-BECC-83E3852A0F92"/>
  <cim:PositionPoint.sequenceNumber>2</cim:PositionPoint.sequenceNumber>
  <cim:PositionPoint.xPosition>0</cim:PositionPoint.xPosition>
  <cim:PositionPoint.yPosition>0</cim:PositionPoint.yPosition>
</cim:PositionPoint>
<cim:LoadResponseCharacteristic rdf:about="urn:uuid:36CCE71D-012C-4639-B0D2-808C4892061F">
  <cim:IdentifiedObject.mRID>36CCE71D-012C-4639-B0D2-808C4892061F</cim:IdentifiedObject.mRID>
  <cim:IdentifiedObject.name>Constant kVA</cim:IdentifiedObject.name>
  <cim:LoadResponseCharacteristic.exponentModel>false</cim:LoadResponseCharacteristic.exponentModel>
  <cim:LoadResponseCharacteristic.pConstantImpedance>0</cim:LoadResponseCharacteristic.pConstantImpedance>
  <cim:LoadResponseCharacteristic.pConstantCurrent>0</cim:LoadResponseCharacteristic.pConstantCurrent>
  <cim:LoadResponseCharacteristic.pConstantPower>100</cim:LoadResponseCharacteristic.pConstantPower>
  <cim:LoadResponseCharacteristic.qConstantImpedance>0</cim:LoadResponseCharacteristic.qConstantImpedance>
  <cim:LoadResponseCharacteristic.qConstantCurrent>0</cim:LoadResponseCharacteristic.qConstantCurrent>
  <cim:LoadResponseCharacteristic.qConstantPower>100</cim:LoadResponseCharacteristic.qConstantPower>
  <cim:LoadResponseCharacteristic.pVoltageExponent>0</cim:LoadResponseCharacteristic.pVoltageExponent>
  <cim:LoadResponseCharacteristic.qVoltageExponent>0</cim:LoadResponseCharacteristic.qVoltageExponent>
  <cim:LoadResponseCharacteristic.pFrequencyExponent>0</cim:LoadResponseCharacteristic.pFrequencyExponent>
  <cim:LoadResponseCharacteristic.qFrequencyExponent>0</cim:LoadResponseCharacteristic.qFrequencyExponent>
</cim:LoadResponseCharacteristic>
<cim:LoadResponseCharacteristic rdf:about="urn:uuid:5C695473-F7C4-48C2-9BC8-A4737190E653">
  <cim:IdentifiedObject.mRID>5C695473-F7C4-48C2-9BC8-A4737190E653</cim:IdentifiedObject.mRID>
  <cim:IdentifiedObject.name>Constant Z</cim:IdentifiedObject.name>
  <cim:LoadResponseCharacteristic.exponentModel>false</cim:LoadResponseCharacteristic.exponentModel>
  <cim:LoadResponseCharacteristic.pConstantImpedance>100</cim:LoadResponseCharacteristic.pConstantImpedance>
  <cim:LoadResponseCharacteristic.pConstantCurrent>0</cim:LoadResponseCharacteristic.pConstantCurrent>
  <cim:LoadResponseCharacteristic.pConstantPower>0</cim:LoadResponseCharacteristic.pConstantPower>
  <cim:LoadResponseCharacteristic.qConstantImpedance>100</cim:LoadResponseCharacteristic.qConstantImpedance>
  <cim:LoadResponseCharacteristic.qConstantCurrent>0</cim:LoadResponseCharacteristic.qConstantCurrent>
  <cim:LoadResponseCharacteristic.qConstantPower>0</cim:LoadResponseCharacteristic.qConstantPower>
  <cim:LoadResponseCharacteristic.pVoltageExponent>0</cim:LoadResponseCharacteristic.pVoltageExponent>
  <cim:LoadResponseCharacteristic.qVoltageExponent>0</cim:LoadResponseCharacteristic.qVoltageExponent>
  <cim:LoadResponseCharacteristic.pFrequencyExponent>0</cim:LoadResponseCharacteristic.pFrequencyExponent>
  <cim:LoadResponseCharacteristic.qFrequencyExponent>0</cim:LoadResponseCharacteristic.qFrequencyExponent>
</cim:LoadResponseCharacteristic>
<cim:LoadResponseCharacteristic rdf:about="urn:uuid:66D5D769-4724-4BB5-B38C-5BFCF28465B7">
  <cim:IdentifiedObject.mRID>66D5D769-4724-4BB5-B38C-5BFCF28465B7</cim:IdentifiedObject.mRID>
  <cim:IdentifiedObject.name>Motor</cim:IdentifiedObject.name>
  <cim:LoadResponseCharacteristic.exponentModel>false</cim:LoadResponseCharacteristic.exponentModel>
  <cim:LoadResponseCharacteristic.pConstantImpedance>0</cim:LoadResponseCharacteristic.pConstantImpedance>
  <cim:LoadResponseCharacteristic.pConstantCurrent>0</cim:LoadResponseCharacteristic.pConstantCurrent>
  <cim:LoadResponseCharacteristic.pConstantPower>100</cim:LoadResponseCharacteristic.pConstantPower>
  <cim:LoadResponseCharacteristic.qConstantImpedance>100</cim:LoadResponseCharacteristic.qConstantImpedance>
  <cim:LoadResponseCharacteristic.qConstantCurrent>0</cim:LoadResponseCharacteristic.qConstantCurrent>
  <cim:LoadResponseCharacteristic.qConstantPower>0</cim:LoadResponseCharacteristic.qConstantPower>
  <cim:LoadResponseCharacteristic.pVoltageExponent>0</cim:LoadResponseCharacteristic.pVoltageExponent>
  <cim:LoadResponseCharacteristic.qVoltageExponent>0</cim:LoadResponseCharacteristic.qVoltageExponent>
  <cim:LoadResponseCharacteristic.pFrequencyExponent>0</cim:LoadResponseCharacteristic.pFrequencyExponent>
  <cim:LoadResponseCharacteristic.qFrequencyExponent>0</cim:LoadResponseCharacteristic.qFrequencyExponent>
</cim:LoadResponseCharacteristic>
<cim:LoadResponseCharacteristic rdf:about="urn:uuid:2A0CC4C1-8227-4966-AD8E-4600811FD4E2">
  <cim:IdentifiedObject.mRID>2A0CC4C1-8227-4966-AD8E-4600811FD4E2</cim:IdentifiedObject.mRID>
  <cim:IdentifiedObject.name>Mix Motor/Res</cim:IdentifiedObject.name>
  <cim:LoadResponseCharacteristic.exponentModel>true</cim:LoadResponseCharacteristic.exponentModel>
  <cim:LoadResponseCharacteristic.pConstantImpedance>0</cim:LoadResponseCharacteristic.pConstantImpedance>
  <cim:LoadResponseCharacteristic.pConstantCurrent>0</cim:LoadResponseCharacteristic.pConstantCurrent>
  <cim:LoadResponseCharacteristic.pConstantPower>0</cim:LoadResponseCharacteristic.pConstantPower>
  <cim:LoadResponseCharacteristic.qConstantImpedance>0</cim:LoadResponseCharacteristic.qConstantImpedance>
  <cim:LoadResponseCharacteristic.qConstantCurrent>0</cim:LoadResponseCharacteristic.qConstantCurrent>
  <cim:LoadResponseCharacteristic.qConstantPower>0</cim:LoadResponseCharacteristic.qConstantPower>
  <cim:LoadResponseCharacteristic.pVoltageExponent>1</cim:LoadResponseCharacteristic.pVoltageExponent>
  <cim:LoadResponseCharacteristic.qVoltageExponent>2</cim:LoadResponseCharacteristic.qVoltageExponent>
  <cim:LoadResponseCharacteristic.pFrequencyExponent>0</cim:LoadResponseCharacteristic.pFrequencyExponent>
  <cim:LoadResponseCharacteristic.qFrequencyExponent>0</cim:LoadResponseCharacteristic.qFrequencyExponent>
</cim:LoadResponseCharacteristic>
<cim:LoadResponseCharacteristic rdf:about="urn:uuid:821FD044-CA88-4DA4-A99F-5660A21CAC1F">
  <cim:IdentifiedObject.mRID>821FD044-CA88-4DA4-A99F-5660A21CAC1F</cim:IdentifiedObject.mRID>
  <cim:IdentifiedObject.name>Constant I</cim:IdentifiedObject.name>
  <cim:LoadResponseCharacteristic.exponentModel>false</cim:LoadResponseCharacteristic.exponentModel>
  <cim:LoadResponseCharacteristic.pConstantImpedance>0</cim:LoadResponseCharacteristic.pConstantImpedance>
  <cim:LoadResponseCharacteristic.pConstantCurrent>100</cim:LoadResponseCharacteristic.pConstantCurrent>
  <cim:LoadResponseCharacteristic.pConstantPower>0</cim:LoadResponseCharacteristic.pConstantPower>
  <cim:LoadResponseCharacteristic.qConstantImpedance>0</cim:LoadResponseCharacteristic.qConstantImpedance>
  <cim:LoadResponseCharacteristic.qConstantCurrent>100</cim:LoadResponseCharacteristic.qConstantCurrent>
  <cim:LoadResponseCharacteristic.qConstantPower>0</cim:LoadResponseCharacteristic.qConstantPower>
  <cim:LoadResponseCharacteristic.pVoltageExponent>0</cim:LoadResponseCharacteristic.pVoltageExponent>
  <cim:LoadResponseCharacteristic.qVoltageExponent>0</cim:LoadResponseCharacteristic.qVoltageExponent>
  <cim:LoadResponseCharacteristic.pFrequencyExponent>0</cim:LoadResponseCharacteristic.pFrequencyExponent>
  <cim:LoadResponseCharacteristic.qFrequencyExponent>0</cim:LoadResponseCharacteristic.qFrequencyExponent>
</cim:LoadResponseCharacteristic>
<cim:LoadResponseCharacteristic rdf:about="urn:uuid:0C467E13-80C2-43B4-A657-93A5B391307A">
  <cim:IdentifiedObject.mRID>0C467E13-80C2-43B4-A657-93A5B391307A</cim:IdentifiedObject.mRID>
  <cim:IdentifiedObject.name>Variable P, Fixed Q</cim:IdentifiedObject.name>
  <cim:LoadResponseCharacteristic.exponentModel>false</cim:LoadResponseCharacteristic.exponentModel>
  <cim:LoadResponseCharacteristic.pConstantImpedance>0</cim:LoadResponseCharacteristic.pConstantImpedance>
  <cim:LoadResponseCharacteristic.pConstantCurrent>0</cim:LoadResponseCharacteristic.pConstantCurrent>
  <cim:LoadResponseCharacteristic.pConstantPower>100</cim:LoadResponseCharacteristic.pConstantPower>
  <cim:LoadResponseCharacteristic.qConstantImpedance>0</cim:LoadResponseCharacteristic.qConstantImpedance>
  <cim:LoadResponseCharacteristic.qConstantCurrent>0</cim:LoadResponseCharacteristic.qConstantCurrent>
  <cim:LoadResponseCharacteristic.qConstantPower>100</cim:LoadResponseCharacteristic.qConstantPower>
  <cim:LoadResponseCharacteristic.pVoltageExponent>0</cim:LoadResponseCharacteristic.pVoltageExponent>
  <cim:LoadResponseCharacteristic.qVoltageExponent>0</cim:LoadResponseCharacteristic.qVoltageExponent>
  <cim:LoadResponseCharacteristic.pFrequencyExponent>0</cim:LoadResponseCharacteristic.pFrequencyExponent>
  <cim:LoadResponseCharacteristic.qFrequencyExponent>0</cim:LoadResponseCharacteristic.qFrequencyExponent>
</cim:LoadResponseCharacteristic>
<cim:LoadResponseCharacteristic rdf:about="urn:uuid:C8DBBDC0-2807-4408-BD60-67EE8C695914">
  <cim:IdentifiedObject.mRID>C8DBBDC0-2807-4408-BD60-67EE8C695914</cim:IdentifiedObject.mRID>
  <cim:IdentifiedObject.name>Variable P, Fixed X</cim:IdentifiedObject.name>
  <cim:LoadResponseCharacteristic.exponentModel>false</cim:LoadResponseCharacteristic.exponentModel>
  <cim:LoadResponseCharacteristic.pConstantImpedance>0</cim:LoadResponseCharacteristic.pConstantImpedance>
  <cim:LoadResponseCharacteristic.pConstantCurrent>0</cim:LoadResponseCharacteristic.pConstantCurrent>
  <cim:LoadResponseCharacteristic.pConstantPower>100</cim:LoadResponseCharacteristic.pConstantPower>
  <cim:LoadResponseCharacteristic.qConstantImpedance>100</cim:LoadResponseCharacteristic.qConstantImpedance>
  <cim:LoadResponseCharacteristic.qConstantCurrent>0</cim:LoadResponseCharacteristic.qConstantCurrent>
  <cim:LoadResponseCharacteristic.qConstantPower>0</cim:LoadResponseCharacteristic.qConstantPower>
  <cim:LoadResponseCharacteristic.pVoltageExponent>0</cim:LoadResponseCharacteristic.pVoltageExponent>
  <cim:LoadResponseCharacteristic.qVoltageExponent>0</cim:LoadResponseCharacteristic.qVoltageExponent>
  <cim:LoadResponseCharacteristic.pFrequencyExponent>0</cim:LoadResponseCharacteristic.pFrequencyExponent>
  <cim:LoadResponseCharacteristic.qFrequencyExponent>0</cim:LoadResponseCharacteristic.qFrequencyExponent>
</cim:LoadResponseCharacteristic>
<cim:EnergyConsumer rdf:about="urn:uuid:85E3C0D5-4FC9-4691-8C33-2BBB606371A9">
  <cim:IdentifiedObject.mRID>85E3C0D5-4FC9-4691-8C33-2BBB606371A9</cim:IdentifiedObject.mRID>
  <cim:IdentifiedObject.name>load1a</cim:IdentifiedObject.name>
  <cim:Equipment.EquipmentContainer rdf:resource="urn:uuid:CCB9EF29-23DF-429E-B609-B06EFB4945BA"/>
  <cim:ConductingEquipment.BaseVoltage rdf:resource="urn:uuid:3052863C-D4C3-48A6-8D7A-6FC845B0A37D"/>
  <cim:EnergyConsumer.LoadResponse rdf:resource="urn:uuid:5C695473-F7C4-48C2-9BC8-A4737190E653"/>
  <cim:EnergyConsumer.p>1275000</cim:EnergyConsumer.p>
  <cim:EnergyConsumer.q>790174.03</cim:EnergyConsumer.q>
  <cim:EnergyConsumer.customerCount>1</cim:EnergyConsumer.customerCount>
  <cim:EnergyConsumer.phaseConnection rdf:resource="http://iec.ch/TC57/CIM100#PhaseShuntConnectionKind.Y"/>
  <cim:EnergyConsumer.grounded>true</cim:EnergyConsumer.grounded>
  <cim:PowerSystemResource.Location rdf:resource="urn:uuid:1A341531-677F-4108-A1C2-030BCB898F21"/>
</cim:EnergyConsumer>
<cim:EnergyConsumerPhase rdf:about="urn:uuid:C56A3ED5-6ACE-4479-BAED-F788E7043459">
  <cim:IdentifiedObject.mRID>C56A3ED5-6ACE-4479-BAED-F788E7043459</cim:IdentifiedObject.mRID>
  <cim:IdentifiedObject.name>load1a_A</cim:IdentifiedObject.name>
  <cim:EnergyConsumerPhase.phase rdf:resource="http://iec.ch/TC57/CIM100#SinglePhaseKind.A"/>
  <cim:EnergyConsumerPhase.p>1275000</cim:EnergyConsumerPhase.p>
  <cim:EnergyConsumerPhase.q>790174.03</cim:EnergyConsumerPhase.q>
  <cim:EnergyConsumerPhase.EnergyConsumer rdf:resource="urn:uuid:85E3C0D5-4FC9-4691-8C33-2BBB606371A9"/>
  <cim:PowerSystemResource.Location rdf:resource="urn:uuid:1A341531-677F-4108-A1C2-030BCB898F21"/>
</cim:EnergyConsumerPhase>
<cim:Terminal rdf:about="urn:uuid:5AAB3872-F098-4D4C-B338-F69DC1FF6D1B">
  <cim:IdentifiedObject.mRID>5AAB3872-F098-4D4C-B338-F69DC1FF6D1B</cim:IdentifiedObject.mRID>
  <cim:IdentifiedObject.name>load1a_T1</cim:IdentifiedObject.name>
  <cim:Terminal.ConductingEquipment rdf:resource="urn:uuid:85E3C0D5-4FC9-4691-8C33-2BBB606371A9"/>
  <cim:ACDCTerminal.sequenceNumber>1</cim:ACDCTerminal.sequenceNumber>
  <cim:Terminal.ConnectivityNode rdf:resource="urn:uuid:6561B4D2-3236-41A3-A514-972FE518FF9D"/>
</cim:Terminal>
<cim:Location rdf:about="urn:uuid:1A341531-677F-4108-A1C2-030BCB898F21">
  <cim:IdentifiedObject.mRID>1A341531-677F-4108-A1C2-030BCB898F21</cim:IdentifiedObject.mRID>
  <cim:IdentifiedObject.name>load1a_Loc</cim:IdentifiedObject.name>
  <cim:Location.CoordinateSystem rdf:resource="urn:uuid:9B04FE7B-B41F-4ECD-8CC4-0049B4430935"/>
</cim:Location>
<cim:PositionPoint rdf:about="urn:uuid:1C84254F-BCBC-4F56-A636-AB287D914734">
  <cim:PositionPoint.Location rdf:resource="urn:uuid:1A341531-677F-4108-A1C2-030BCB898F21"/>
  <cim:PositionPoint.sequenceNumber>1</cim:PositionPoint.sequenceNumber>
  <cim:PositionPoint.xPosition>0</cim:PositionPoint.xPosition>
  <cim:PositionPoint.yPosition>0</cim:PositionPoint.yPosition>
</cim:PositionPoint>
<cim:EnergyConsumer rdf:about="urn:uuid:E615EFFD-2C69-4066-B6E6-066303ADF9BA">
  <cim:IdentifiedObject.mRID>E615EFFD-2C69-4066-B6E6-066303ADF9BA</cim:IdentifiedObject.mRID>
  <cim:IdentifiedObject.name>load1b</cim:IdentifiedObject.name>
  <cim:Equipment.EquipmentContainer rdf:resource="urn:uuid:CCB9EF29-23DF-429E-B609-B06EFB4945BA"/>
  <cim:ConductingEquipment.BaseVoltage rdf:resource="urn:uuid:3052863C-D4C3-48A6-8D7A-6FC845B0A37D"/>
  <cim:EnergyConsumer.LoadResponse rdf:resource="urn:uuid:5C695473-F7C4-48C2-9BC8-A4737190E653"/>
  <cim:EnergyConsumer.p>1800000</cim:EnergyConsumer.p>
  <cim:EnergyConsumer.q>871779.79</cim:EnergyConsumer.q>
  <cim:EnergyConsumer.customerCount>1</cim:EnergyConsumer.customerCount>
  <cim:EnergyConsumer.phaseConnection rdf:resource="http://iec.ch/TC57/CIM100#PhaseShuntConnectionKind.Y"/>
  <cim:EnergyConsumer.grounded>true</cim:EnergyConsumer.grounded>
  <cim:PowerSystemResource.Location rdf:resource="urn:uuid:A4486938-5CEE-4DAD-80B0-B9E7F45BF3AE"/>
</cim:EnergyConsumer>
<cim:EnergyConsumerPhase rdf:about="urn:uuid:F8E52DA3-7513-4FD2-B823-2ED9B8A13586">
  <cim:IdentifiedObject.mRID>F8E52DA3-7513-4FD2-B823-2ED9B8A13586</cim:IdentifiedObject.mRID>
  <cim:IdentifiedObject.name>load1b_B</cim:IdentifiedObject.name>
  <cim:EnergyConsumerPhase.phase rdf:resource="http://iec.ch/TC57/CIM100#SinglePhaseKind.B"/>
  <cim:EnergyConsumerPhase.p>1800000</cim:EnergyConsumerPhase.p>
  <cim:EnergyConsumerPhase.q>871779.79</cim:EnergyConsumerPhase.q>
  <cim:EnergyConsumerPhase.EnergyConsumer rdf:resource="urn:uuid:E615EFFD-2C69-4066-B6E6-066303ADF9BA"/>
  <cim:PowerSystemResource.Location rdf:resource="urn:uuid:A4486938-5CEE-4DAD-80B0-B9E7F45BF3AE"/>
</cim:EnergyConsumerPhase>
<cim:Terminal rdf:about="urn:uuid:6AE82199-7214-4C6E-97E4-BD01EF44846E">
  <cim:IdentifiedObject.mRID>6AE82199-7214-4C6E-97E4-BD01EF44846E</cim:IdentifiedObject.mRID>
  <cim:IdentifiedObject.name>load1b_T1</cim:IdentifiedObject.name>
  <cim:Terminal.ConductingEquipment rdf:resource="urn:uuid:E615EFFD-2C69-4066-B6E6-066303ADF9BA"/>
  <cim:ACDCTerminal.sequenceNumber>1</cim:ACDCTerminal.sequenceNumber>
  <cim:Terminal.ConnectivityNode rdf:resource="urn:uuid:6561B4D2-3236-41A3-A514-972FE518FF9D"/>
</cim:Terminal>
<cim:Location rdf:about="urn:uuid:A4486938-5CEE-4DAD-80B0-B9E7F45BF3AE">
  <cim:IdentifiedObject.mRID>A4486938-5CEE-4DAD-80B0-B9E7F45BF3AE</cim:IdentifiedObject.mRID>
  <cim:IdentifiedObject.name>load1b_Loc</cim:IdentifiedObject.name>
  <cim:Location.CoordinateSystem rdf:resource="urn:uuid:9B04FE7B-B41F-4ECD-8CC4-0049B4430935"/>
</cim:Location>
<cim:PositionPoint rdf:about="urn:uuid:8B7071BF-D3E3-4BA6-8043-E241FCCEA44C">
  <cim:PositionPoint.Location rdf:resource="urn:uuid:A4486938-5CEE-4DAD-80B0-B9E7F45BF3AE"/>
  <cim:PositionPoint.sequenceNumber>1</cim:PositionPoint.sequenceNumber>
  <cim:PositionPoint.xPosition>0</cim:PositionPoint.xPosition>
  <cim:PositionPoint.yPosition>0</cim:PositionPoint.yPosition>
</cim:PositionPoint>
<cim:EnergyConsumer rdf:about="urn:uuid:E92D57F2-603B-458E-94EE-459AD6822E39">
  <cim:IdentifiedObject.mRID>E92D57F2-603B-458E-94EE-459AD6822E39</cim:IdentifiedObject.mRID>
  <cim:IdentifiedObject.name>load1c</cim:IdentifiedObject.name>
  <cim:Equipment.EquipmentContainer rdf:resource="urn:uuid:CCB9EF29-23DF-429E-B609-B06EFB4945BA"/>
  <cim:ConductingEquipment.BaseVoltage rdf:resource="urn:uuid:3052863C-D4C3-48A6-8D7A-6FC845B0A37D"/>
  <cim:EnergyConsumer.LoadResponse rdf:resource="urn:uuid:5C695473-F7C4-48C2-9BC8-A4737190E653"/>
  <cim:EnergyConsumer.p>2375000</cim:EnergyConsumer.p>
  <cim:EnergyConsumer.q>780624.75</cim:EnergyConsumer.q>
  <cim:EnergyConsumer.customerCount>1</cim:EnergyConsumer.customerCount>
  <cim:EnergyConsumer.phaseConnection rdf:resource="http://iec.ch/TC57/CIM100#PhaseShuntConnectionKind.Y"/>
  <cim:EnergyConsumer.grounded>true</cim:EnergyConsumer.grounded>
  <cim:PowerSystemResource.Location rdf:resource="urn:uuid:77AFE1EA-9A07-4B60-8928-872F74AD146B"/>
</cim:EnergyConsumer>
<cim:EnergyConsumerPhase rdf:about="urn:uuid:9E5771E5-7FCA-4CDF-8B48-BA9CFA2E0AEC">
  <cim:IdentifiedObject.mRID>9E5771E5-7FCA-4CDF-8B48-BA9CFA2E0AEC</cim:IdentifiedObject.mRID>
  <cim:IdentifiedObject.name>load1c_C</cim:IdentifiedObject.name>
  <cim:EnergyConsumerPhase.phase rdf:resource="http://iec.ch/TC57/CIM100#SinglePhaseKind.C"/>
  <cim:EnergyConsumerPhase.p>2375000</cim:EnergyConsumerPhase.p>
  <cim:EnergyConsumerPhase.q>780624.75</cim:EnergyConsumerPhase.q>
  <cim:EnergyConsumerPhase.EnergyConsumer rdf:resource="urn:uuid:E92D57F2-603B-458E-94EE-459AD6822E39"/>
  <cim:PowerSystemResource.Location rdf:resource="urn:uuid:77AFE1EA-9A07-4B60-8928-872F74AD146B"/>
</cim:EnergyConsumerPhase>
<cim:Terminal rdf:about="urn:uuid:53E997BB-DE98-48BF-B1ED-0779DC35ACD0">
  <cim:IdentifiedObject.mRID>53E997BB-DE98-48BF-B1ED-0779DC35ACD0</cim:IdentifiedObject.mRID>
  <cim:IdentifiedObject.name>load1c_T1</cim:IdentifiedObject.name>
  <cim:Terminal.ConductingEquipment rdf:resource="urn:uuid:E92D57F2-603B-458E-94EE-459AD6822E39"/>
  <cim:ACDCTerminal.sequenceNumber>1</cim:ACDCTerminal.sequenceNumber>
  <cim:Terminal.ConnectivityNode rdf:resource="urn:uuid:6561B4D2-3236-41A3-A514-972FE518FF9D"/>
</cim:Terminal>
<cim:Location rdf:about="urn:uuid:77AFE1EA-9A07-4B60-8928-872F74AD146B">
  <cim:IdentifiedObject.mRID>77AFE1EA-9A07-4B60-8928-872F74AD146B</cim:IdentifiedObject.mRID>
  <cim:IdentifiedObject.name>load1c_Loc</cim:IdentifiedObject.name>
  <cim:Location.CoordinateSystem rdf:resource="urn:uuid:9B04FE7B-B41F-4ECD-8CC4-0049B4430935"/>
</cim:Location>
<cim:PositionPoint rdf:about="urn:uuid:E1FA9DED-FE26-4800-ADDB-2142FF0F9DF7">
  <cim:PositionPoint.Location rdf:resource="urn:uuid:77AFE1EA-9A07-4B60-8928-872F74AD146B"/>
  <cim:PositionPoint.sequenceNumber>1</cim:PositionPoint.sequenceNumber>
  <cim:PositionPoint.xPosition>0</cim:PositionPoint.xPosition>
  <cim:PositionPoint.yPosition>0</cim:PositionPoint.yPosition>
</cim:PositionPoint>
<cim:OverheadWireInfo rdf:about="urn:uuid:C3648C64-1B1E-4CDA-9BFF-CD2174C51ED7">
  <cim:IdentifiedObject.mRID>C3648C64-1B1E-4CDA-9BFF-CD2174C51ED7</cim:IdentifiedObject.mRID>
  <cim:IdentifiedObject.name>conductor</cim:IdentifiedObject.name>
  <cim:WireInfo.sizeDescription>WireData_conductor</cim:WireInfo.sizeDescription>
  <cim:WireInfo.gmr>0.00743712</cim:WireInfo.gmr>
  <cim:WireInfo.radius>0.0091567</cim:WireInfo.radius>
  <cim:WireInfo.rDC20>0.00018641136</cim:WireInfo.rDC20>
  <cim:WireInfo.rAC25>0.00019013958</cim:WireInfo.rAC25>
  <cim:WireInfo.rAC50>0.00019013958</cim:WireInfo.rAC50>
  <cim:WireInfo.rAC75>0.00019013958</cim:WireInfo.rAC75>
  <cim:WireInfo.ratedCurrent>0</cim:WireInfo.ratedCurrent>
  <cim:WireInfo.strandCount>0</cim:WireInfo.strandCount>
  <cim:WireInfo.coreStrandCount>0</cim:WireInfo.coreStrandCount>
  <cim:WireInfo.coreRadius>0</cim:WireInfo.coreRadius>
  <cim:WireInfo.insulated>false</cim:WireInfo.insulated>
</cim:OverheadWireInfo>
<cim:OverheadWireInfo rdf:about="urn:uuid:D18B3239-DDB6-4DDE-B425-890E7636C470">
  <cim:IdentifiedObject.mRID>D18B3239-DDB6-4DDE-B425-890E7636C470</cim:IdentifiedObject.mRID>
  <cim:IdentifiedObject.name>neutral</cim:IdentifiedObject.name>
  <cim:WireInfo.sizeDescription>WireData_neutral</cim:WireInfo.sizeDescription>
  <cim:WireInfo.gmr>0.002481072</cim:WireInfo.gmr>
  <cim:WireInfo.radius>0.0071501</cim:WireInfo.radius>
  <cim:WireInfo.rDC20>0.00036063897</cim:WireInfo.rDC20>
  <cim:WireInfo.rAC25>0.00036785175</cim:WireInfo.rAC25>
  <cim:WireInfo.rAC50>0.00036785175</cim:WireInfo.rAC50>
  <cim:WireInfo.rAC75>0.00036785175</cim:WireInfo.rAC75>
  <cim:WireInfo.ratedCurrent>0</cim:WireInfo.ratedCurrent>
  <cim:WireInfo.strandCount>0</cim:WireInfo.strandCount>
  <cim:WireInfo.coreStrandCount>0</cim:WireInfo.coreStrandCount>
  <cim:WireInfo.coreRadius>0</cim:WireInfo.coreRadius>
  <cim:WireInfo.insulated>false</cim:WireInfo.insulated>
</cim:OverheadWireInfo>
<cim:WireSpacingInfo rdf:about="urn:uuid:8BD9684B-7272-4CD6-AD92-AC6483141B59">
  <cim:IdentifiedObject.mRID>8BD9684B-7272-4CD6-AD92-AC6483141B59</cim:IdentifiedObject.mRID>
  <cim:IdentifiedObject.name>4wire</cim:IdentifiedObject.name>
  <cim:WireSpacingInfo.usage rdf:resource="http://iec.ch/TC57/CIM100#WireUsageKind.distribution"/>
  <cim:WireSpacingInfo.phaseWireCount>1</cim:WireSpacingInfo.phaseWireCount>
  <cim:WireSpacingInfo.phaseWireSpacing>0</cim:WireSpacingInfo.phaseWireSpacing>
  <cim:WireSpacingInfo.isCable>false</cim:WireSpacingInfo.isCable>
</cim:WireSpacingInfo>
<cim:WirePosition rdf:about="urn:uuid:E64C196B-F696-405B-A1E1-ABE3A850116A">
  <cim:IdentifiedObject.mRID>E64C196B-F696-405B-A1E1-ABE3A850116A</cim:IdentifiedObject.mRID>
  <cim:IdentifiedObject.name>WP_4wire_1</cim:IdentifiedObject.name>
  <cim:WirePosition.WireSpacingInfo rdf:resource="urn:uuid:8BD9684B-7272-4CD6-AD92-AC6483141B59"/>
  <cim:WirePosition.sequenceNumber>1</cim:WirePosition.sequenceNumber>
  <cim:WirePosition.xCoord>-1.2192</cim:WirePosition.xCoord>
  <cim:WirePosition.yCoord>8.5344</cim:WirePosition.yCoord>
</cim:WirePosition>
<cim:WirePosition rdf:about="urn:uuid:29726CA0-7330-491E-AF7D-23445998157B">
  <cim:IdentifiedObject.mRID>29726CA0-7330-491E-AF7D-23445998157B</cim:IdentifiedObject.mRID>
  <cim:IdentifiedObject.name>WP_4wire_2</cim:IdentifiedObject.name>
  <cim:WirePosition.WireSpacingInfo rdf:resource="urn:uuid:8BD9684B-7272-4CD6-AD92-AC6483141B59"/>
  <cim:WirePosition.sequenceNumber>2</cim:WirePosition.sequenceNumber>
  <cim:WirePosition.xCoord>-0.4572</cim:WirePosition.xCoord>
  <cim:WirePosition.yCoord>8.5344</cim:WirePosition.yCoord>
</cim:WirePosition>
<cim:WirePosition rdf:about="urn:uuid:C92464D1-2C34-489E-BA0C-181204E961D6">
  <cim:IdentifiedObject.mRID>C92464D1-2C34-489E-BA0C-181204E961D6</cim:IdentifiedObject.mRID>
  <cim:IdentifiedObject.name>WP_4wire_3</cim:IdentifiedObject.name>
  <cim:WirePosition.WireSpacingInfo rdf:resource="urn:uuid:8BD9684B-7272-4CD6-AD92-AC6483141B59"/>
  <cim:WirePosition.sequenceNumber>3</cim:WirePosition.sequenceNumber>
  <cim:WirePosition.xCoord>0.9144</cim:WirePosition.xCoord>
  <cim:WirePosition.yCoord>8.5344</cim:WirePosition.yCoord>
</cim:WirePosition>
<cim:WirePosition rdf:about="urn:uuid:4CEF397E-306E-4DBC-A5DD-B670807F6901">
  <cim:IdentifiedObject.mRID>4CEF397E-306E-4DBC-A5DD-B670807F6901</cim:IdentifiedObject.mRID>
  <cim:IdentifiedObject.name>WP_4wire_4</cim:IdentifiedObject.name>
  <cim:WirePosition.WireSpacingInfo rdf:resource="urn:uuid:8BD9684B-7272-4CD6-AD92-AC6483141B59"/>
  <cim:WirePosition.sequenceNumber>4</cim:WirePosition.sequenceNumber>
  <cim:WirePosition.xCoord>0</cim:WirePosition.xCoord>
  <cim:WirePosition.yCoord>7.3152</cim:WirePosition.yCoord>
</cim:WirePosition>
<cim:OperationalLimitSet rdf:about="urn:uuid:78EA4D96-29D2-4857-A83B-C975F2D5937F">
  <cim:IdentifiedObject.mRID>78EA4D96-29D2-4857-A83B-C975F2D5937F</cim:IdentifiedObject.mRID>
  <cim:IdentifiedObject.name>OpLimI_305.6_416.7</cim:IdentifiedObject.name>
</cim:OperationalLimitSet>
<cim:CurrentLimit rdf:about="urn:uuid:B83A933B-8B01-4F14-806C-B14B37D809DE">
  <cim:IdentifiedObject.mRID>B83A933B-8B01-4F14-806C-B14B37D809DE</cim:IdentifiedObject.mRID>
  <cim:IdentifiedObject.name>OpLimI_305.6_416.7_Norm</cim:IdentifiedObject.name>
  <cim:OperationalLimit.OperationalLimitSet rdf:resource="urn:uuid:78EA4D96-29D2-4857-A83B-C975F2D5937F"/>
  <cim:OperationalLimit.OperationalLimitType rdf:resource="urn:uuid:C1E747D2-F91B-4525-9D27-F73B5BF90F1C"/>
  <cim:CurrentLimit.value>305.57432</cim:CurrentLimit.value>
</cim:CurrentLimit>
<cim:CurrentLimit rdf:about="urn:uuid:8A48D67F-1344-4A35-B73B-0ACE1B8DA81A">
  <cim:IdentifiedObject.mRID>8A48D67F-1344-4A35-B73B-0ACE1B8DA81A</cim:IdentifiedObject.mRID>
  <cim:IdentifiedObject.name>OpLimI_305.6_416.7_Emerg</cim:IdentifiedObject.name>
  <cim:OperationalLimit.OperationalLimitSet rdf:resource="urn:uuid:78EA4D96-29D2-4857-A83B-C975F2D5937F"/>
  <cim:OperationalLimit.OperationalLimitType rdf:resource="urn:uuid:087B53CC-2E96-4A71-8BBB-B6BC1ED6A64D"/>
  <cim:CurrentLimit.value>416.69226</cim:CurrentLimit.value>
</cim:CurrentLimit>
</rdf:RDF>
