Name,Capacitor,MonitoredElement,ElementTerminal,Type,PTRatio,CTRatio,ONSetting,OFFSetting
capbank3a,capbank3a,line.cap_3a,1,kvar,1,1,200.00,-300.00
capbank3b,capbank3b,line.cap_3b,1,kvar,1,1,200.00,-300.00
capbank2a,capbank2a,line.cap_2a,1,kvar,1,1,150.00,-225.00
capbank3c,capbank3c,line.cap_3c,1,kvar,1,1,200.00,-300.00
capbank1a,capbank1a,line.cap_1a,1,kvar,1,1,150.00,-225.00
capbank2b,capbank2b,line.cap_2b,1,kvar,1,1,150.00,-225.00
capbank1b,capbank1b,line.cap_1b,1,kvar,1,1,150.00,-225.00
capbank2c,capbank2c,line.cap_2c,1,kvar,1,1,150.00,-225.00
capbank1c,capbank1c,line.cap_1c,1,kvar,1,1,150.00,-225.00
