Name,Bus1,Phases,Bus2,Phases,Type,Status
tsw803273_sw,d5803273-1_int,ABC,m1069457,ABC,LoadBreakSwitch,Open
wf856_48332_sw,228-1353934-4_int,C,193-103041,C,LoadBreakSwitch,Open
ln0955074_sw,n1139546,B,d5955074-2_int,B,LoadBreakSwitch,Closed
x8223_48332_sw,d6413567-3_int,ABC,e182724,ABC,LoadBreakSwitch,Closed
hvmv69s1b3_sw,hvmv69sub1_lsb2,ABC,hvmv69s1s2_1,ABC,LoadBreakSwitch,Closed
v9109_48332_sw,d6140776-1_int,A,e182730,A,LoadBreakSwitch,Closed
ln0742811_sw,d5742811-3_int,ABC,n1137992,ABC,LoadBreakSwitch,Closed
ln2001mt2_sw,m2001der-2,ABC,m2001-mt2,ABC,LoadBreakSwitch,Closed
v9287_48332_sw,d6019477-1_int,C,e182727,C,LoadBreakSwitch,Closed
l5523_48332_sw,d6049825-1_int,ABC,e182748,ABC,LoadBreakSwitch,Closed
l5397_48332_sw,d6049822-1_int,A,e182722,A,LoadBreakSwitch,Closed
ln2000001_sw,m2000100,ABC,d2000100_int,ABC,LoadBreakSwitch,Closed
ln0623395_sw,m1047767,B,d5623395-1_int,B,LoadBreakSwitch,Closed
ln4651075_sw,d5860450-1_int,ABC,m1047575,ABC,LoadBreakSwitch,Closed
v7995_48332_sw,d5837361-8_int,ABC,e182745,ABC,LoadBreakSwitch,Closed
ln4641075_sw,d5860423-3_int,ABC,q14733,ABC,LoadBreakSwitch,Closed
hvmv69s3b1_sw,hvmv69s2s3_2,ABC,hvmv69sub3_hsb,ABC,LoadBreakSwitch,Closed
ln0621886_sw,m1009805,ABC,d5621886-1_int,ABC,LoadBreakSwitch,Closed
a8869_48332_sw,d6198039-1_int,ABC,e206217,ABC,LoadBreakSwitch,Closed
ln5587300-1,d5578300-1_int,ABC,l2692635,ABC,LoadBreakSwitch,Closed
ln0017316_sw,l2729430,B,d6017316-1_int,B,LoadBreakSwitch,Closed
l9407_48332_sw,d6023352-1_int,ABC,e184626,ABC,LoadBreakSwitch,Closed
l5565_48332_sw,d6140778-1_int,B,e182731,B,LoadBreakSwitch,Closed
ln5001chp_sw,m1026chp-1,ABC,m1026chp-2,ABC,LoadBreakSwitch,Closed
dg1069mt1_sw,m1069der480-1,ABC,m1069-mt1,ABC,LoadBreakSwitch,Closed
ln4586093_sw,d6138608-3_int,ABC,q14404,ABC,LoadBreakSwitch,Closed
ln0653457_sw,l3085398,ABC,d5653457-1_int,ABC,LoadBreakSwitch,Open
v7173_48332_sw,d5534969-2_int,ABC,e182729,ABC,LoadBreakSwitch,Open
dg1209dies_sw,m1209der480-1,ABC,m1209-dies1,ABC,LoadBreakSwitch,Closed
hvmv69s2b3_sw,hvmv69sub2_lnb,ABC,hvmv69s2s3_1,ABC,LoadBreakSwitch,Closed
2002200004991174_sw,d6290228-6_int,ABC,q16642,ABC,LoadBreakSwitch,Closed
dg1089dies_sw,m1089der480-2,ABC,m1089-dies1,ABC,LoadBreakSwitch,Closed
ln0504876_sw,m1142818,ABC,d5504876-1_int,ABC,LoadBreakSwitch,Closed
ln0247162_sw,d5472341-1_int,B,f739842,B,LoadBreakSwitch,Closed
ln0863704_sw,l2858166,ABC,d5863704-2_int,ABC,LoadBreakSwitch,Closed
ln0712477_sw,n1139545,C,d5712477-3_int,C,LoadBreakSwitch,Closed
ln2001201_sw,m2001201,C,d2001201_int,C,LoadBreakSwitch,Closed
ln2001ess2_sw,m2001der-5,ABC,m2001-ess2,ABC,LoadBreakSwitch,Closed
v9111_48332_sw,d6108141-1_int,ABC,e206209,ABC,LoadBreakSwitch,Closed
ln4625696_sw,d5926308-3_int,ABC,q14412,ABC,LoadBreakSwitch,Closed
dg1142lng_sw,m1142der480-1,ABC,m1142-lng1,ABC,LoadBreakSwitch,Closed
ln0774470_sw,n1138594,A,d5774470-2_int,A,LoadBreakSwitch,Closed
a8611_48332_sw,d5799561-2_int,ABC,e193509,ABC,LoadBreakSwitch,Closed
ln0108145_sw,l2879078,ABC,d6108145-1_int,ABC,LoadBreakSwitch,Closed
ln0956471_sw,n1136670,ABC,d5956471-2_int,ABC,LoadBreakSwitch,Closed
ln0774458_sw,m1026915,ABC,d5774457-1_int,ABC,LoadBreakSwitch,Closed
ln0653469_sw,l3066818,B,d5653469-1_int,B,LoadBreakSwitch,Closed
wd701_48332_sw,228-1048090-1_int,B,193-51796,B,LoadBreakSwitch,Open
v7041_48332_sw,d5867591-1_int,ABC,e183472,ABC,LoadBreakSwitch,Closed
hvmv69s1b2_sw,d5710794-3_int,ABC,e192860,ABC,LoadBreakSwitch,Closed
ln05534967_sw,m1089174,ABC,d5534967-1_int,ABC,LoadBreakSwitch,Closed
ln0504019_sw,m3032981,ABC,d6504019-6_int,ABC,LoadBreakSwitch,Closed
x8271_48332_sw,d5712486-1_int,C,e206210,C,LoadBreakSwitch,Closed
v7313_48332_sw,d5806920-1_int,B,e182726,B,LoadBreakSwitch,Closed
ln0440002_sw,n1137999,A,d6440002-2_int,A,LoadBreakSwitch,Closed
tsw10691069_sw,m1069230,ABC,m1069300,ABC,LoadBreakSwitch,Closed
hvmv69s2b1_sw,hvmv69sub2_lnb,ABC,hvmv69sub2_hsb,ABC,LoadBreakSwitch,Closed
hvmv69s3b2_sw,hvmv11sub3_lsb,ABC,e203026,ABC,LoadBreakSwitch,Closed
2002200004868472_sw,d5563942-4_int,ABC,q16483,ABC,LoadBreakSwitch,Closed
ln4625713_sw,d5502543-2_int,ABC,q14413,ABC,LoadBreakSwitch,Closed
2002200004641085_sw,d5587291-3_int,ABC,q14734,ABC,LoadBreakSwitch,Closed
xj171_48332_sw,d5513564-1_int,ABC,e192201,ABC,LoadBreakSwitch,Closed
l5437_48332_sw,d5535139-1_int,ABC,e183473,ABC,LoadBreakSwitch,Closed
ln0409774-4_int,n1136027,A,d6409775-4_int,A,LoadBreakSwitch,Closed
ln0895780_sw,n1140519,ABC,d5895780-3_int,ABC,LoadBreakSwitch,Closed
ln4625680_sw,d5956499-2_int,ABC,q14411,ABC,LoadBreakSwitch,Closed
ln2000701_sw,m2000701,B,d2000701_int,B,LoadBreakSwitch,Closed
wf586_48332_sw,228-979371-2_int,C,193-48013,C,LoadBreakSwitch,Open
ln0712587_sw,n1144667,A,d5712587-2_int,A,LoadBreakSwitch,Closed
g9343_48332_sw,d5682346-3_int,ABC,e206211,ABC,LoadBreakSwitch,Closed
l9191_48332_sw,d5534970-1_int,ABC,e182732,ABC,LoadBreakSwitch,Closed
tsw568613_sw,l2692000,A,l2841000,A,LoadBreakSwitch,Open
wg127_48332_sw,228-961799-3_int,C,193-46661,C,LoadBreakSwitch,Open
hvmv69s2b2_sw,hvmv11sub2_lsb,ABC,m1047300,ABC,LoadBreakSwitch,Closed
x8225_48332_sw,d5565090-1_int,B,e182744,B,LoadBreakSwitch,Closed
tsw30473047_sw,l3047059,ABC,l3047060,ABC,LoadBreakSwitch,Closed
ln1047pvfrm_sw,m1047pv-2,ABC,m1047pv-1,ABC,LoadBreakSwitch,Closed
ln3693186_sw,d5861005-2_int,ABC,q1301,ABC,LoadBreakSwitch,Closed
hvmv115b1_sw,hvmv115_hsb1,ABC,hvmv115_hsb2,ABC,LoadBreakSwitch,Closed
hvmv69s1b4_sw,regxfmr_hvmv69sub1_lsb1,ABC,hvmv69sub1_lsb2,ABC,LoadBreakSwitch,Closed
tsw10891089_sw,l2990827,ABC,l2990828,ABC,LoadBreakSwitch,Closed
ln2001ess1_sw,m2001der-4,ABC,m2001-ess1,ABC,LoadBreakSwitch,Closed
ln2001mt3_sw,m2001der-3,ABC,m2001-mt3,ABC,LoadBreakSwitch,Closed
ln0804798_sw,n1136030,B,d5804798-3_int,B,LoadBreakSwitch,Closed
a8645_48332_sw,d5958866-1_int,ABC,e183493,ABC,LoadBreakSwitch,Open
ln0141147_sw,d6141147-1_int,C,m1108317,C,LoadBreakSwitch,Closed
dg1089lng_sw,m1089der480-1,ABC,m1089-lng1,ABC,LoadBreakSwitch,Closed
ln0138609_sw,m1089112,ABC,d6138609-1_int,ABC,LoadBreakSwitch,Closed
ln0746703_sw,p829957,C,d5746703-1_int,C,LoadBreakSwitch,Closed
l5659_48332_sw,d6231996-1_int,B,e206614,B,LoadBreakSwitch,Closed
tsw320328_sw,d6320328-1_int,C,l2879062,C,LoadBreakSwitch,Open
hvmv69s1b1_sw,hvmv69sub1_lsb2,ABC,hvmv69sub1_hsb,ABC,LoadBreakSwitch,Closed
ln2000901_sw,m2000901,C,d2000901_int,C,LoadBreakSwitch,Closed
ln2000401_sw,m2000401,A,d2000401_int,A,LoadBreakSwitch,Closed
ln0077781_sw,d6077791-3_int,ABC,m1047522,ABC,LoadBreakSwitch,Closed
ln247171_sw,d6047588-1_int,B,f739844,B,LoadBreakSwitch,Closed
ln5472335-1,d5472350-1_int,ABC,m1089120,ABC,LoadBreakSwitch,Closed
ln2001301_sw,m2001301,A,d2001301_int,A,LoadBreakSwitch,Closed
ln2001001_sw,m2001001,B,d2001001_int,B,LoadBreakSwitch,Closed
ln247160_sw,d5865224-1_int,B,f739841,B,LoadBreakSwitch,Closed
a333_48332_sw,d5746546-1_int,ABC,e182723,ABC,LoadBreakSwitch,Open
hvmv69s1s2-10,hvmv69s1s2_10,ABC,hvmv69sub2_lnb,ABC,LoadBreakSwitch,Closed
ln0048634_sw,m1186072,ABC,d6048634-1_int,ABC,LoadBreakSwitch,Closed
ln0017295_sw,l2973156,ABC,d6017295-1_int,ABC,LoadBreakSwitch,Closed
ln0170302_sw,d6170302-1_int,ABC,l2879773,ABC,LoadBreakSwitch,Closed
ln4625876_sw,d5835167-6_int,ABC,q14414,ABC,LoadBreakSwitch,Closed
ln293471_sw,d5686080-1_int,ABC,f739845,ABC,LoadBreakSwitch,Closed
ln2001mt1_sw,m2001der-1,ABC,m2001-mt1,ABC,LoadBreakSwitch,Closed
l5491_48332_sw,d5655682-1_int,B,e182725,B,LoadBreakSwitch,Closed
