Name,Bus1,Phase,Bus2,Phase,Vreg,PTRatio,CTRating,Band,R,X
feeder_reg3a,regxfmr_hvmv11sub3_lsb,A,hvmv11sub3_lsb,A,123.00,60.00,300.00,2.00,0.00,0.00
feeder_reg2a,regxfmr_hvmv11sub2_lsb,A,hvmv11sub2_lsb,A,123.00,60.00,300.00,2.00,0.00,0.00
feeder_reg3b,regxfmr_hvmv11sub3_lsb,B,hvmv11sub3_lsb,B,123.00,60.00,300.00,2.00,0.00,0.00
vreg2_a,regxfmr_190-8593,A,190-8593,A,125.00,60.00,300.00,2.00,0.00,0.00
vreg2_b,regxfmr_190-8593,B,190-8593,B,125.00,60.00,300.00,2.00,0.00,0.00
vreg3_a,regxfmr_190-8581,A,190-8581,A,125.00,60.00,300.00,2.00,0.00,0.00
feeder_reg1c,regxfmr_hvmv11sub1_lsb,C,hvmv11sub1_lsb,C,123.00,60.00,300.00,2.00,0.00,0.00
feeder_reg1a,regxfmr_hvmv11sub1_lsb,A,hvmv11sub1_lsb,A,123.00,60.00,300.00,2.00,0.00,0.00
feeder_reg2b,regxfmr_hvmv11sub2_lsb,B,hvmv11sub2_lsb,B,123.00,60.00,300.00,2.00,0.00,0.00
feeder_reg3c,regxfmr_hvmv11sub3_lsb,C,hvmv11sub3_lsb,C,123.00,60.00,300.00,2.00,0.00,0.00
feeder_reg1b,regxfmr_hvmv11sub1_lsb,B,hvmv11sub1_lsb,B,123.00,60.00,300.00,2.00,0.00,0.00
feeder_reg2c,regxfmr_hvmv11sub2_lsb,C,hvmv11sub2_lsb,C,123.00,60.00,300.00,2.00,0.00,0.00
vreg4_c,regxfmr_190-7361,C,190-7361,C,125.00,60.00,300.00,2.00,0.00,0.00
vreg2_c,regxfmr_190-8593,C,190-8593,C,125.00,60.00,300.00,2.00,0.00,0.00
vreg3_b,regxfmr_190-8581,B,190-8581,B,125.00,60.00,300.00,2.00,0.00,0.00
vreg4_a,regxfmr_190-7361,A,190-7361,A,125.00,60.00,300.00,2.00,0.00,0.00
vreg3_c,regxfmr_190-8581,C,190-8581,C,125.00,60.00,300.00,2.00,0.00,0.00
vreg4_b,regxfmr_190-7361,B,190-7361,B,125.00,60.00,300.00,2.00,0.00,0.00
