Name,NumPhases,Bus,Phases,kV,kVA,kW,pf
diesel620,3,m1209-dies1,ABC,0.480,775.000,0.000,1.0000
microturb-1,3,m2001-mt1,ABC,0.480,250.000,50.000,0.9000
microturb-2,3,m2001-mt2,ABC,0.480,250.000,0.000,1.0000
microturb-3,3,m2001-mt3,ABC,0.480,250.000,0.000,1.0000
steamgen1,3,m1026chp-3,ABC,12.470,4000.000,1000.000,-0.6796
microturb-4,3,m1069-mt1,ABC,0.480,250.000,100.000,0.9000
lngengine100,3,m1142-lng1,ABC,0.480,125.000,0.000,1.0000
diesel590,3,m1089-dies1,ABC,0.480,737.000,0.000,1.0000
lngengine1800,3,m1089-lng1,ABC,0.480,2250.000,0.000,1.0000
