Name,Bus1,Phases,Bus2,Phases,LineCode,Length,Units
cap_2c,q16483,C,q16483_cap,C,cap_2c_PUZ,3.281,ft
cap_1b,l2823592,B,l2823592_cap,B,cap_1b_PUZ,3.281,ft
cap_3b,q16642,B,q16642_cap,B,cap_3b_PUZ,0.003,ft
cap_1c,l2823592,C,l2823592_cap,C,cap_1c_PUZ,3.281,ft
cap_3c,q16642,C,q16642_cap,C,cap_3c_PUZ,0.003,ft
cap_2a,q16483,A,q16483_cap,A,cap_2a_PUZ,3.281,ft
cap_3a,q16642,A,q16642_cap,A,cap_3a_PUZ,0.003,ft
cap_1a,l2823592,A,l2823592_cap,A,cap_1a_PUZ,3.281,ft
cap_2b,q16483,B,q16483_cap,B,cap_2b_PUZ,3.281,ft
