Name,Capacitor,MonitoredElement,ElementTerminal,MonitoredBus,Type,PTRatio,CTRatio,ONSetting,OFFSetting,Delay
capbank1b,capbank1b,line.cap_1b,1,l2823592,kvar,1,1,150.00,-225.00,101.00
capbank3b,capbank3b,line.cap_3b,1,q16642,kvar,1,1,200.00,-300.00,81.00
capbank3a,capbank3a,line.cap_3a,1,q16642,kvar,1,1,200.00,-300.00,80.00
capbank1a,capbank1a,line.cap_1a,1,l2823592,kvar,1,1,150.00,-225.00,100.00
capbank2a,capbank2a,line.cap_2a,1,q16483,kvar,1,1,150.00,-225.00,90.00
capbank3c,capbank3c,line.cap_3c,1,q16642,kvar,1,1,200.00,-300.00,82.00
capbank1c,capbank1c,line.cap_1c,1,l2823592,kvar,1,1,150.00,-225.00,102.00
capbank2b,capbank2b,line.cap_2b,1,q16483,kvar,1,1,150.00,-225.00,91.00
capbank2c,capbank2c,line.cap_2c,1,q16483,kvar,1,1,150.00,-225.00,92.00
