Name,Bus1,Phases,Bus2,Phases,Vreg,PTRatio,CTRating,CTRatio,Band,R,X,Step,lowStep,highStep,neutralStep,normalStep,initDelay,subDelay,vLimit,vMin,Increment,neutralU,Wdg,CtlMode,MonPhs,Enabled,LDC,LTC,reversible,reverseToNeutral,revSet,revBand,revR,revX,revDelay,revKWThreshold,Discrete,CtlEnabled
feeder_reg3a,regxfmr_hvmv11sub3_lsb,AN,hvmv11sub3_lsb,AN,123.00,60.00,300.00,1500.00,2.00,0.00,0.00,0,-16,16,0,0,30.00,2.00,132.00,108.00,0.6250,7200.00,2,voltage,A,true,false,true,false,false,0.00,0.00,0.00,0.00,0.00,0.00,true,true
vreg4_a,regxfmr_190-7361,AN,190-7361,AN,125.00,60.00,300.00,1500.00,2.00,0.00,0.00,-2,-16,16,0,0,70.00,2.00,132.00,108.00,0.6250,7200.00,2,voltage,A,true,false,true,true,false,125.00,2.00,0.00,0.00,10.00,50.00,true,true
feeder_reg3b,regxfmr_hvmv11sub3_lsb,BN,hvmv11sub3_lsb,BN,123.00,60.00,300.00,1500.00,2.00,0.00,0.00,0,-16,16,0,0,31.00,2.00,132.00,108.00,0.6250,7200.00,2,voltage,B,true,false,true,false,false,0.00,0.00,0.00,0.00,0.00,0.00,true,true
feeder_reg1b,regxfmr_hvmv11sub1_lsb,BN,hvmv11sub1_lsb,BN,123.00,60.00,300.00,1500.00,2.00,0.00,0.00,-3,-16,16,0,0,11.00,2.00,132.00,108.00,0.6250,7200.00,2,voltage,B,true,false,true,false,false,0.00,0.00,0.00,0.00,0.00,0.00,true,true
feeder_reg2c,regxfmr_hvmv11sub2_lsb,CN,hvmv11sub2_lsb,CN,123.00,60.00,300.00,1500.00,2.00,0.00,0.00,-1,-16,16,0,0,22.00,2.00,132.00,108.00,0.6250,7200.00,2,voltage,C,true,false,true,false,false,0.00,0.00,0.00,0.00,0.00,0.00,true,true
feeder_reg1c,regxfmr_hvmv11sub1_lsb,CN,hvmv11sub1_lsb,CN,123.00,60.00,300.00,1500.00,2.00,0.00,0.00,-3,-16,16,0,0,12.00,2.00,132.00,108.00,0.6250,7200.00,2,voltage,C,true,false,true,false,false,0.00,0.00,0.00,0.00,0.00,0.00,true,true
vreg4_c,regxfmr_190-7361,CN,190-7361,CN,125.00,60.00,300.00,1500.00,2.00,0.00,0.00,-3,-16,16,0,0,72.00,2.00,132.00,108.00,0.6250,7200.00,2,voltage,C,true,false,true,true,false,125.00,2.00,0.00,0.00,10.00,50.00,true,true
vreg3_b,regxfmr_190-8581,BN,190-8581,BN,125.00,60.00,300.00,1500.00,2.00,0.00,0.00,5,-16,16,0,0,61.00,2.00,132.00,108.00,0.6250,7200.00,2,voltage,B,true,false,true,true,false,125.00,2.00,0.00,0.00,10.00,50.00,true,true
feeder_reg1a,regxfmr_hvmv11sub1_lsb,AN,hvmv11sub1_lsb,AN,123.00,60.00,300.00,1500.00,2.00,0.00,0.00,-3,-16,16,0,0,10.00,2.00,132.00,108.00,0.6250,7200.00,2,voltage,A,true,false,true,false,false,0.00,0.00,0.00,0.00,0.00,0.00,true,true
vreg2_a,regxfmr_190-8593,AN,190-8593,AN,125.00,60.00,300.00,1500.00,2.00,0.00,0.00,-4,-16,16,0,0,50.00,2.00,132.00,108.00,0.6250,7200.00,2,voltage,A,true,false,true,true,false,125.00,2.00,0.00,0.00,10.00,50.00,true,true
vreg2_c,regxfmr_190-8593,CN,190-8593,CN,125.00,60.00,300.00,1500.00,2.00,0.00,0.00,-2,-16,16,0,0,52.00,2.00,132.00,108.00,0.6250,7200.00,2,voltage,C,true,false,true,true,false,125.00,2.00,0.00,0.00,10.00,50.00,true,true
feeder_reg2a,regxfmr_hvmv11sub2_lsb,AN,hvmv11sub2_lsb,AN,123.00,60.00,300.00,1500.00,2.00,0.00,0.00,-1,-16,16,0,0,20.00,2.00,132.00,108.00,0.6250,7200.00,2,voltage,A,true,false,true,false,false,0.00,0.00,0.00,0.00,0.00,0.00,true,true
vreg2_b,regxfmr_190-8593,BN,190-8593,BN,125.00,60.00,300.00,1500.00,2.00,0.00,0.00,-5,-16,16,0,0,51.00,2.00,132.00,108.00,0.6250,7200.00,2,voltage,B,true,false,true,true,false,125.00,2.00,0.00,0.00,10.00,50.00,true,true
vreg3_c,regxfmr_190-8581,CN,190-8581,CN,125.00,60.00,300.00,1500.00,2.00,0.00,0.00,4,-16,16,0,0,62.00,2.00,132.00,108.00,0.6250,7200.00,2,voltage,C,true,false,true,true,false,125.00,2.00,0.00,0.00,10.00,50.00,true,true
vreg3_a,regxfmr_190-8581,AN,190-8581,AN,125.00,60.00,300.00,1500.00,2.00,0.00,0.00,5,-16,16,0,0,60.00,2.00,132.00,108.00,0.6250,7200.00,2,voltage,A,true,false,true,true,false,125.00,2.00,0.00,0.00,10.00,50.00,true,true
vreg4_b,regxfmr_190-7361,BN,190-7361,BN,125.00,60.00,300.00,1500.00,2.00,0.00,0.00,-3,-16,16,0,0,71.00,2.00,132.00,108.00,0.6250,7200.00,2,voltage,B,true,false,true,true,false,125.00,2.00,0.00,0.00,10.00,50.00,true,true
feeder_reg3c,regxfmr_hvmv11sub3_lsb,CN,hvmv11sub3_lsb,CN,123.00,60.00,300.00,1500.00,2.00,0.00,0.00,-1,-16,16,0,0,32.00,2.00,132.00,108.00,0.6250,7200.00,2,voltage,C,true,false,true,false,false,0.00,0.00,0.00,0.00,0.00,0.00,true,true
feeder_reg2b,regxfmr_hvmv11sub2_lsb,BN,hvmv11sub2_lsb,BN,123.00,60.00,300.00,1500.00,2.00,0.00,0.00,-1,-16,16,0,0,21.00,2.00,132.00,108.00,0.6250,7200.00,2,voltage,B,true,false,true,false,false,0.00,0.00,0.00,0.00,0.00,0.00,true,true
