Name,Bus1,Phase,Bus2,Phase,Vreg,PTRatio,CTRating,Band,R,X,revR,revX
feeder_reg3a,regxfmr_hvmv11sub3_lsb,AN,hvmv11sub3_lsb,AN,123.00,60.00,300.00,2.00,0.00,0.00,0.00,0.00
feeder_reg2a,regxfmr_hvmv11sub2_lsb,AN,hvmv11sub2_lsb,AN,123.00,60.00,300.00,2.00,0.00,0.00,0.00,0.00
feeder_reg3b,regxfmr_hvmv11sub3_lsb,BN,hvmv11sub3_lsb,BN,123.00,60.00,300.00,2.00,0.00,0.00,0.00,0.00
vreg2_a,regxfmr_190-8593,AN,190-8593,AN,125.00,60.00,300.00,2.00,0.00,0.00,0.00,0.00
vreg2_b,regxfmr_190-8593,BN,190-8593,BN,125.00,60.00,300.00,2.00,0.00,0.00,0.00,0.00
vreg3_a,regxfmr_190-8581,AN,190-8581,AN,125.00,60.00,300.00,2.00,0.00,0.00,0.00,0.00
feeder_reg1c,regxfmr_hvmv11sub1_lsb,CN,hvmv11sub1_lsb,CN,123.00,60.00,300.00,2.00,0.00,0.00,0.00,0.00
feeder_reg1a,regxfmr_hvmv11sub1_lsb,AN,hvmv11sub1_lsb,AN,123.00,60.00,300.00,2.00,0.00,0.00,0.00,0.00
feeder_reg2b,regxfmr_hvmv11sub2_lsb,BN,hvmv11sub2_lsb,BN,123.00,60.00,300.00,2.00,0.00,0.00,0.00,0.00
feeder_reg3c,regxfmr_hvmv11sub3_lsb,CN,hvmv11sub3_lsb,CN,123.00,60.00,300.00,2.00,0.00,0.00,0.00,0.00
feeder_reg1b,regxfmr_hvmv11sub1_lsb,BN,hvmv11sub1_lsb,BN,123.00,60.00,300.00,2.00,0.00,0.00,0.00,0.00
feeder_reg2c,regxfmr_hvmv11sub2_lsb,CN,hvmv11sub2_lsb,CN,123.00,60.00,300.00,2.00,0.00,0.00,0.00,0.00
vreg4_c,regxfmr_190-7361,CN,190-7361,CN,125.00,60.00,300.00,2.00,0.00,0.00,0.00,0.00
vreg2_c,regxfmr_190-8593,CN,190-8593,CN,125.00,60.00,300.00,2.00,0.00,0.00,0.00,0.00
vreg3_b,regxfmr_190-8581,BN,190-8581,BN,125.00,60.00,300.00,2.00,0.00,0.00,0.00,0.00
vreg4_a,regxfmr_190-7361,AN,190-7361,AN,125.00,60.00,300.00,2.00,0.00,0.00,0.00,0.00
vreg3_c,regxfmr_190-8581,CN,190-8581,CN,125.00,60.00,300.00,2.00,0.00,0.00,0.00,0.00
vreg4_b,regxfmr_190-7361,BN,190-7361,BN,125.00,60.00,300.00,2.00,0.00,0.00,0.00,0.00
