Name,Bus1,Phases,Bus2,Phases,LineCode,Length,Units
tpx260474a0,x2917330a,s1s2,sx2917330a,s1s2,4/0triplex,50.000,ft
tpx28148060c0,x2991940c,s1s2,sx2991940c,s1s2,4/0triplex,50.000,ft
tpx325474b0,x3254228b,s1s2,sx3254228b,s1s2,4/0triplex,50.000,ft
tpx293471b0,x_293471b,s1s2,sx_293471b,s1s2,4/0triplex,50.000,ft
tpx355590b0,x2860478b,s1s2,sx2860478b,s1s2,4/0triplex,50.000,ft
tpx226308729b0,x3102286b,s1s2,sx3102286b,s1s2,4/0triplex,50.000,ft
tpx260518c0,x3104853c,s1s2,sx3104853c,s1s2,4/0triplex,50.000,ft
tpx247184c0,x2936279c,s1s2,sx2936279c,s1s2,4/0triplex,50.000,ft
tpx302812c0,x2691945c,s1s2,sx2691945c,s1s2,4/0triplex,50.000,ft
tpx356064b0,x2935556b,s1s2,sx2935556b,s1s2,4/0triplex,50.000,ft
tpx21469960b0,x3066830b,s1s2,sx3066830b,s1s2,4/0triplex,50.000,ft
tpx2001313a0,x2001313a,s1s2,sx2001313a,s1s2,4/0triplex,50.000,ft
tpx302809c0,x2954350c,s1s2,sx2954350c,s1s2,4/0triplex,50.000,ft
tpx339043c0,x2804277c,s1s2,sx2804277c,s1s2,4/0triplex,50.000,ft
tpx21482181a0,x3254237a,s1s2,sx3254237a,s1s2,4/0triplex,50.000,ft
tpx138265a0,x3160107a,s1s2,sx3160107a,s1s2,4/0triplex,50.000,ft
tpx2224386617a0,x3729298a,s1s2,sx3729298a,s1s2,4/0triplex,50.000,ft
tpx337648b0,x3216367b,s1s2,sx3216367b,s1s2,4/0triplex,50.000,ft
tpx321854b0,x2804257b,s1s2,sx2804257b,s1s2,4/0triplex,50.000,ft
tpx2221108403b0,x1108403b,s1s2,sx1108403b,s1s2,4/0triplex,50.000,ft
tpx2224230651c0,x3645810c,s1s2,sx3645810c,s1s2,4/0triplex,50.000,ft
tpx138465c0,x2879055c,s1s2,sx2879055c,s1s2,4/0triplex,50.000,ft
tpx226196648a0,x2820556a,s1s2,sx2820556a,s1s2,4/0triplex,50.000,ft
tpx21389092b0,x2917328b,s1s2,sx2917328b,s1s2,4/0triplex,50.000,ft
tpx226308719b0,x3027670b,s1s2,sx3027670b,s1s2,4/0triplex,50.000,ft
tpx321859b0,x3254213b,s1s2,sx3254213b,s1s2,4/0triplex,50.000,ft
tpx338908c0,x2860481c,s1s2,sx2860481c,s1s2,4/0triplex,50.000,ft
tpx275008c0,x3235243c,s1s2,sx3235243c,s1s2,4/0triplex,50.000,ft
tpx337635c0,x2822863c,s1s2,sx2822863c,s1s2,4/0triplex,50.000,ft
tpx302469a0,x3104132a,s1s2,sx3104132a,s1s2,4/0triplex,50.000,ft
tpx260558c0,x3160861c,s1s2,sx3160861c,s1s2,4/0triplex,50.000,ft
tpx337713c0,x2766716c,s1s2,sx2766716c,s1s2,4/0triplex,50.000,ft
tpx251867c0,x2861157c,s1s2,sx2861157c,s1s2,4/0triplex,50.000,ft
tpx2001307a0,x2001307a,s1s2,sx2001307a,s1s2,4/0triplex,50.000,ft
tpx138404c0,x2841630c,s1s2,sx2841630c,s1s2,4/0triplex,50.000,ft
tpx226194262c0,x2745806c,s1s2,sx2745806c,s1s2,4/0triplex,50.000,ft
tpx2221108406b0,x1108406b,s1s2,sx1108406b,s1s2,4/0triplex,50.000,ft
tpx321880a0,x2876812a,s1s2,sx2876812a,s1s2,4/0triplex,50.000,ft
tpx260632a0,x2917333a,s1s2,sx2917333a,s1s2,4/0triplex,50.000,ft
tpx338999b0,x2822873b,s1s2,sx2822873b,s1s2,4/0triplex,50.000,ft
tpx391748b0,x2991902b,s1s2,sx2991902b,s1s2,4/0triplex,50.000,ft
tpx226109079a0,x2726983a,s1s2,sx2726983a,s1s2,4/0triplex,50.000,ft
tpx260457b0,x3086079b,s1s2,sx3086079b,s1s2,4/0triplex,50.000,ft
tpx338968c0,x3178979c,s1s2,sx3178979c,s1s2,4/0triplex,50.000,ft
tpx356810c0,x3142049c,s1s2,sx3142049c,s1s2,4/0triplex,50.000,ft
tpx302804c0,x3141399c,s1s2,sx3141399c,s1s2,4/0triplex,50.000,ft
tpx226196642a0,x2914324a,s1s2,sx2914324a,s1s2,4/0triplex,50.000,ft
tpx21249674b0,x2879753b,s1s2,sx2879753b,s1s2,4/0triplex,50.000,ft
tpx247105b0,x2691942b,s1s2,sx2691942b,s1s2,4/0triplex,50.000,ft
tpx338932c0,x3197661c,s1s2,sx3197661c,s1s2,4/0triplex,50.000,ft
tpx2224237713a0,x3649304a,s1s2,sx3649304a,s1s2,4/0triplex,50.000,ft
tpx260561c0,x3104850c,s1s2,sx3104850c,s1s2,4/0triplex,50.000,ft
tpx293521a0,x3216370a,s1s2,sx3216370a,s1s2,4/0triplex,50.000,ft
tpx356010a0,x3216336a,s1s2,sx3216336a,s1s2,4/0triplex,50.000,ft
tpx2001013b0,x2001013b,s1s2,sx2001013b,s1s2,4/0triplex,50.000,ft
tpx227678342c0,x2727795c,s1s2,sx2727795c,s1s2,4/0triplex,50.000,ft
tpx338900a0,x2991908a,s1s2,sx2991908a,s1s2,4/0triplex,50.000,ft
tpx21393643a0,x2851933a,s1s2,sx2851933a,s1s2,4/0triplex,50.000,ft
tpx225577437c0,x2724120c,s1s2,sx2724120c,s1s2,4/0triplex,50.000,ft
tpx321845b0,x3178975b,s1s2,sx3178975b,s1s2,4/0triplex,50.000,ft
tpx247164b0,x2766732b,s1s2,sx2766732b,s1s2,4/0triplex,50.000,ft
tpx391756b0,x2879079b,s1s2,sx2879079b,s1s2,4/0triplex,50.000,ft
tpx323387b0,x2690941b,s1s2,sx2690941b,s1s2,4/0triplex,50.000,ft
tpx2001006b0,x2001006b,s1s2,sx2001006b,s1s2,4/0triplex,50.000,ft
tpx293471c0,x_293471c,s1s2,sx_293471c,s1s2,4/0triplex,50.000,ft
tpx321891c0,x2748126c,s1s2,sx2748126c,s1s2,4/0triplex,50.000,ft
tpx391743b0,x3141390b,s1s2,sx3141390b,s1s2,4/0triplex,50.000,ft
tpx302471a0,x3085402a,s1s2,sx3085402a,s1s2,4/0triplex,50.000,ft
tpx302508c0,x2897779c,s1s2,sx2897779c,s1s2,4/0triplex,50.000,ft
tpx338941c0,x2991914c,s1s2,sx2991914c,s1s2,4/0triplex,50.000,ft
tpx138563a0,x2916627a,s1s2,sx2916627a,s1s2,4/0triplex,50.000,ft
tpx323388b0,x3234185b,s1s2,sx3234185b,s1s2,4/0triplex,50.000,ft
tpx293656b0,x2973167b,s1s2,sx2973167b,s1s2,4/0triplex,50.000,ft
tpx337691b0,x2897774b,s1s2,sx2897774b,s1s2,4/0triplex,50.000,ft
tpx323261b0,x3085397b,s1s2,sx3085397b,s1s2,4/0triplex,50.000,ft
tpx337627c0,x3085393c,s1s2,sx3085393c,s1s2,4/0triplex,50.000,ft
tpx247059a0,x2766721a,s1s2,sx2766721a,s1s2,4/0triplex,50.000,ft
tpx2000412a0,x2000412a,s1s2,sx2000412a,s1s2,4/0triplex,50.000,ft
tpx28127253a0,x3085401a,s1s2,sx3085401a,s1s2,4/0triplex,50.000,ft
tpx392037b0,x2673320b,s1s2,sx2673320b,s1s2,4/0triplex,50.000,ft
tpx323403b0,x2916603b,s1s2,sx2916603b,s1s2,4/0triplex,50.000,ft
tpx338985a0,x2897792a,s1s2,sx2897792a,s1s2,4/0triplex,50.000,ft
tpx28044328c0,x2785524c,s1s2,sx2785524c,s1s2,4/0triplex,50.000,ft
tpx138260a0,x3048208a,s1s2,sx3048208a,s1s2,4/0triplex,50.000,ft
tpx207291c0,x2786274c,s1s2,sx2786274c,s1s2,4/0triplex,50.000,ft
tpx338954a0,x2860482a,s1s2,sx2860482a,s1s2,4/0triplex,50.000,ft
tpx355607b0,x2991927b,s1s2,sx2991927b,s1s2,4/0triplex,50.000,ft
tpx21031694b0,x3122812b,s1s2,sx3122812b,s1s2,4/0triplex,50.000,ft
tpx226308723b0,x3252336b,s1s2,sx3252336b,s1s2,4/0triplex,50.000,ft
tpx138645b0,x3104120b,s1s2,sx3104120b,s1s2,4/0triplex,50.000,ft
tpx321840b0,x2804256b,s1s2,sx2804256b,s1s2,4/0triplex,50.000,ft
tpx330121b0,x3142078b,s1s2,sx3142078b,s1s2,4/0triplex,50.000,ft
tpx355593b0,x2766715b,s1s2,sx2766715b,s1s2,4/0triplex,50.000,ft
tpx2224387074a0,x3728041a,s1s2,sx3728041a,s1s2,4/0triplex,50.000,ft
tpx2000907c0,x2000907c,s1s2,sx2000907c,s1s2,4/0triplex,50.000,ft
tpx302834c0,x2841625c,s1s2,sx2841625c,s1s2,4/0triplex,50.000,ft
tpx323283b0,x2916618b,s1s2,sx2916618b,s1s2,4/0triplex,50.000,ft
tpx293665c0,x2973166c,s1s2,sx2973166c,s1s2,4/0triplex,50.000,ft
tpx356796c0,x3235945c,s1s2,sx3235945c,s1s2,4/0triplex,50.000,ft
tpx226193886b0,x2783231b,s1s2,sx2783231b,s1s2,4/0triplex,50.000,ft
tpx2224387053a0,x3728039a,s1s2,sx3728039a,s1s2,4/0triplex,50.000,ft
tpx2000410a0,x2000410a,s1s2,sx2000410a,s1s2,4/0triplex,50.000,ft
tpx247170b0,x2897784b,s1s2,sx2897784b,s1s2,4/0triplex,50.000,ft
tpx21393643b0,x2851933b,s1s2,sx2851933b,s1s2,4/0triplex,50.000,ft
tpx260487a0,x2692654a,s1s2,sx2692654a,s1s2,4/0triplex,50.000,ft
tpx21381118b0,x2710530b,s1s2,sx2710530b,s1s2,4/0triplex,50.000,ft
tpx2224387138a0,x3728043a,s1s2,sx3728043a,s1s2,4/0triplex,50.000,ft
tpx2000712b0,x2000712b,s1s2,sx2000712b,s1s2,4/0triplex,50.000,ft
tpx355602b0,x3251806b,s1s2,sx3251806b,s1s2,4/0triplex,50.000,ft
tpx138581a0,x2879064a,s1s2,sx2879064a,s1s2,4/0triplex,50.000,ft
tpx2001210c0,x2001210c,s1s2,sx2001210c,s1s2,4/0triplex,50.000,ft
tpx21486213b0,x3029520b,s1s2,sx3029520b,s1s2,4/0triplex,50.000,ft
tpx138313a0,x3141400a,s1s2,sx3141400a,s1s2,4/0triplex,50.000,ft
tpx138466c0,x2973144c,s1s2,sx2973144c,s1s2,4/0triplex,50.000,ft
tpx321836a0,x3235247a,s1s2,sx3235247a,s1s2,4/0triplex,50.000,ft
tpx260481c0,x2730163c,s1s2,sx2730163c,s1s2,4/0triplex,50.000,ft
tpx338927a0,x2972930a,s1s2,sx2972930a,s1s2,4/0triplex,50.000,ft
tpx260479a0,x2955074a,s1s2,sx2955074a,s1s2,4/0triplex,50.000,ft
tpx355780b0,x3160102b,s1s2,sx3160102b,s1s2,4/0triplex,50.000,ft
tpx227760021c0,x2803199c,s1s2,sx2803199c,s1s2,4/0triplex,50.000,ft
tpx355596b0,x3178969b,s1s2,sx3178969b,s1s2,4/0triplex,50.000,ft
tpx2001312a0,x2001312a,s1s2,sx2001312a,s1s2,4/0triplex,50.000,ft
tpx391973c0,x2673319c,s1s2,sx2673319c,s1s2,4/0triplex,50.000,ft
tpx138470c0,x2766717c,s1s2,sx2766717c,s1s2,4/0triplex,50.000,ft
tpx251857c0,x3064514c,s1s2,sx3064514c,s1s2,4/0triplex,50.000,ft
tpx355603b0,x3160108b,s1s2,sx3160108b,s1s2,4/0triplex,50.000,ft
tpx138641c0,x2841638c,s1s2,sx2841638c,s1s2,4/0triplex,50.000,ft
tpx337659c0,x3066810c,s1s2,sx3066810c,s1s2,4/0triplex,50.000,ft
tpx293652c0,x3235258c,s1s2,sx3235258c,s1s2,4/0triplex,50.000,ft
tpx338957c0,x2785517c,s1s2,sx2785517c,s1s2,4/0triplex,50.000,ft
tpx2224230754c0,x3645812c,s1s2,sx3645812c,s1s2,4/0triplex,50.000,ft
tpx28128517c0,x3048890c,s1s2,sx3048890c,s1s2,4/0triplex,50.000,ft
tpx2001010b0,x2001010b,s1s2,sx2001010b,s1s2,4/0triplex,50.000,ft
tpx310561a0,x3122820a,s1s2,sx3122820a,s1s2,4/0triplex,50.000,ft
tpx321887c0,x2691941c,s1s2,sx2691941c,s1s2,4/0triplex,50.000,ft
tpx321851b0,x2729434b,s1s2,sx2729434b,s1s2,4/0triplex,50.000,ft
tpx21399752a0,x2785546a,s1s2,sx2785546a,s1s2,4/0triplex,50.000,ft
tpx21399826a0,x3216358a,s1s2,sx3216358a,s1s2,4/0triplex,50.000,ft
tpx227921427a0,x2915542a,s1s2,sx2915542a,s1s2,4/0triplex,50.000,ft
tpx294812a0,x3120502a,s1s2,sx3120502a,s1s2,4/0triplex,50.000,ft
tpx138259c0,x2973158c,s1s2,sx2973158c,s1s2,4/0triplex,50.000,ft
tpx338989a0,x3254230a,s1s2,sx3254230a,s1s2,4/0triplex,50.000,ft
tpx2224386750a0,x3727707a,s1s2,sx3727707a,s1s2,4/0triplex,50.000,ft
tpx2001015b0,x2001015b,s1s2,sx2001015b,s1s2,4/0triplex,50.000,ft
tpx260638c0,x3160871c,s1s2,sx3160871c,s1s2,4/0triplex,50.000,ft
tpx338925a0,x2973153a,s1s2,sx2973153a,s1s2,4/0triplex,50.000,ft
tpx338975a0,x2785537a,s1s2,sx2785537a,s1s2,4/0triplex,50.000,ft
tpx356009a0,x2691936a,s1s2,sx2691936a,s1s2,4/0triplex,50.000,ft
tpx21386143c0,x3160862c,s1s2,sx3160862c,s1s2,4/0triplex,50.000,ft
tpx260573c0,x3160896c,s1s2,sx3160896c,s1s2,4/0triplex,50.000,ft
tpx355601b0,x2673326b,s1s2,sx2673326b,s1s2,4/0triplex,50.000,ft
tpx293667a0,x2860504a,s1s2,sx2860504a,s1s2,4/0triplex,50.000,ft
tpx226881700a0,x3251854a,s1s2,sx3251854a,s1s2,4/0triplex,50.000,ft
tpx302677a0,x3066819a,s1s2,sx3066819a,s1s2,4/0triplex,50.000,ft
tpx323389b0,x3065750b,s1s2,sx3065750b,s1s2,4/0triplex,50.000,ft
tpx227921427c0,x2915542c,s1s2,sx2915542c,s1s2,4/0triplex,50.000,ft
tpx337669a0,x3122811a,s1s2,sx3122811a,s1s2,4/0triplex,50.000,ft
tpx21383494b0,x2954361b,s1s2,sx2954361b,s1s2,4/0triplex,50.000,ft
tpx356798c0,x2692600c,s1s2,sx2692600c,s1s2,4/0triplex,50.000,ft
tpx226159329a0,x3082993a,s1s2,sx3082993a,s1s2,4/0triplex,50.000,ft
tpx321858b0,x3122815b,s1s2,sx3122815b,s1s2,4/0triplex,50.000,ft
tpx21393454b0,x3179699b,s1s2,sx3179699b,s1s2,4/0triplex,50.000,ft
tpx339051c0,x3231255c,s1s2,sx3231255c,s1s2,4/0triplex,50.000,ft
tpx21398402a0,x2729428a,s1s2,sx2729428a,s1s2,4/0triplex,50.000,ft
tpx321882c0,x2916607c,s1s2,sx2916607c,s1s2,4/0triplex,50.000,ft
tpx355933a0,x2916598a,s1s2,sx2916598a,s1s2,4/0triplex,50.000,ft
tpx21393412b0,x2729405b,s1s2,sx2729405b,s1s2,4/0triplex,50.000,ft
tpx338915c0,x2954345c,s1s2,sx2954345c,s1s2,4/0triplex,50.000,ft
tpx28129466b0,x3011293b,s1s2,sx3011293b,s1s2,4/0triplex,50.000,ft
tpx391995a0,x2748140a,s1s2,sx2748140a,s1s2,4/0triplex,50.000,ft
tpx2000407a0,x2000407a,s1s2,sx2000407a,s1s2,4/0triplex,50.000,ft
tpx328364c0,x2692633c,s1s2,sx2692633c,s1s2,4/0triplex,50.000,ft
tpx28126875b0,x3066811b,s1s2,sx3066811b,s1s2,4/0triplex,50.000,ft
tpx28127681b0,x2785522b,s1s2,sx2785522b,s1s2,4/0triplex,50.000,ft
tpx338922b0,x2822866b,s1s2,sx2822866b,s1s2,4/0triplex,50.000,ft
tpx247126b0,x2879065b,s1s2,sx2879065b,s1s2,4/0triplex,50.000,ft
tpx21470326a0,x2766748a,s1s2,sx2766748a,s1s2,4/0triplex,50.000,ft
tpx337677a0,x2785513a,s1s2,sx2785513a,s1s2,4/0triplex,50.000,ft
tpx227760021a0,x2803199a,s1s2,sx2803199a,s1s2,4/0triplex,50.000,ft
tpx2000906c0,x2000906c,s1s2,sx2000906c,s1s2,4/0triplex,50.000,ft
tpx138646a0,x2804251a,s1s2,sx2804251a,s1s2,4/0triplex,50.000,ft
tpx302678a0,x3029499a,s1s2,sx3029499a,s1s2,4/0triplex,50.000,ft
tpx338970a0,x3141401a,s1s2,sx3141401a,s1s2,4/0triplex,50.000,ft
tpx28150292a0,x2839305a,s1s2,sx2839305a,s1s2,4/0triplex,50.000,ft
tpx2000713b0,x2000713b,s1s2,sx2000713b,s1s2,4/0triplex,50.000,ft
tpx2000706b0,x2000706b,s1s2,sx2000706b,s1s2,4/0triplex,50.000,ft
tpx2000707b0,x2000707b,s1s2,sx2000707b,s1s2,4/0triplex,50.000,ft
tpx227917130c0,x2803194c,s1s2,sx2803194c,s1s2,4/0triplex,50.000,ft
tpx293486c0,x2673346c,s1s2,sx2673346c,s1s2,4/0triplex,50.000,ft
tpx2000909c0,x2000909c,s1s2,sx2000909c,s1s2,4/0triplex,50.000,ft
tpx226029836a0,x3251808a,s1s2,sx3251808a,s1s2,4/0triplex,50.000,ft
tpx225869139a0,x3120503a,s1s2,sx3120503a,s1s2,4/0triplex,50.000,ft
tpx302507b0,x3235275b,s1s2,sx3235275b,s1s2,4/0triplex,50.000,ft
tpx339005b0,x2785535b,s1s2,sx2785535b,s1s2,4/0triplex,50.000,ft
tpx21386771b0,x2897807b,s1s2,sx2897807b,s1s2,4/0triplex,50.000,ft
tpx2001306a0,x2001306a,s1s2,sx2001306a,s1s2,4/0triplex,50.000,ft
tpx21386754a0,x2766741a,s1s2,sx2766741a,s1s2,4/0triplex,50.000,ft
tpx138566a0,x2785519a,s1s2,sx2785519a,s1s2,4/0triplex,50.000,ft
tpx2001003b0,x2001003b,s1s2,sx2001003b,s1s2,4/0triplex,50.000,ft
tpx339016b0,x3235273b,s1s2,sx3235273b,s1s2,4/0triplex,50.000,ft
tpx225571845b0,x2948732b,s1s2,sx2948732b,s1s2,4/0triplex,50.000,ft
tpx356063c0,x3160103c,s1s2,sx3160103c,s1s2,4/0triplex,50.000,ft
tpx2221108403c0,x1108403c,s1s2,sx1108403c,s1s2,4/0triplex,50.000,ft
tpx223658a0,x2823592a,s1s2,sx2823592a,s1s2,4/0triplex,50.000,ft
tpx338918a0,x2897773a,s1s2,sx2897773a,s1s2,4/0triplex,50.000,ft
tpx339003b0,x3066826b,s1s2,sx3066826b,s1s2,4/0triplex,50.000,ft
tpx338913b0,x2804255b,s1s2,sx2804255b,s1s2,4/0triplex,50.000,ft
tpx293655b0,x2729414b,s1s2,sx2729414b,s1s2,4/0triplex,50.000,ft
tpx355376b0,x2914323b,s1s2,sx2914323b,s1s2,4/0triplex,50.000,ft
tpx323399b0,x3178974b,s1s2,sx3178974b,s1s2,4/0triplex,50.000,ft
tpx21469911a0,x2955047a,s1s2,sx2955047a,s1s2,4/0triplex,50.000,ft
tpx225918926b0,x2688692b,s1s2,sx2688692b,s1s2,4/0triplex,50.000,ft
tpx2001202c0,x2001202c,s1s2,sx2001202c,s1s2,4/0triplex,50.000,ft
tpx21459629c0,x2763811c,s1s2,sx2763811c,s1s2,4/0triplex,50.000,ft
tpx337624c0,x3066807c,s1s2,sx3066807c,s1s2,4/0triplex,50.000,ft
tpx138412c0,x2785523c,s1s2,sx2785523c,s1s2,4/0triplex,50.000,ft
tpx321837a0,x2673312a,s1s2,sx2673312a,s1s2,4/0triplex,50.000,ft
tpx21015829a0,x2822861a,s1s2,sx2822861a,s1s2,4/0triplex,50.000,ft
tpx391752b0,x2804260b,s1s2,sx2804260b,s1s2,4/0triplex,50.000,ft
tpx260461b0,x2861223b,s1s2,sx2861223b,s1s2,4/0triplex,50.000,ft
tpx356791c0,x2767343c,s1s2,sx2767343c,s1s2,4/0triplex,50.000,ft
tpx302405a0,x2860489a,s1s2,sx2860489a,s1s2,4/0triplex,50.000,ft
tpx337628c0,x2897770c,s1s2,sx2897770c,s1s2,4/0triplex,50.000,ft
tpx251859c0,x2952007c,s1s2,sx2952007c,s1s2,4/0triplex,50.000,ft
tpx138379c0,x2691951c,s1s2,sx2691951c,s1s2,4/0triplex,50.000,ft
tpx323392b0,x2748124b,s1s2,sx2748124b,s1s2,4/0triplex,50.000,ft
tpx338978c0,x2766738c,s1s2,sx2766738c,s1s2,4/0triplex,50.000,ft
tpx21387206c0,x3235251c,s1s2,sx3235251c,s1s2,4/0triplex,50.000,ft
tpx226193298a0,x2820533a,s1s2,sx2820533a,s1s2,4/0triplex,50.000,ft
tpx226192954c0,x3157708c,s1s2,sx3157708c,s1s2,4/0triplex,50.000,ft
tpx260517c0,x2767408c,s1s2,sx2767408c,s1s2,4/0triplex,50.000,ft
tpx321847b0,x3160100b,s1s2,sx3160100b,s1s2,4/0triplex,50.000,ft
tpx28150172a0,x2748135a,s1s2,sx2748135a,s1s2,4/0triplex,50.000,ft
tpx293592a0,x2973161a,s1s2,sx2973161a,s1s2,4/0triplex,50.000,ft
tpx226191772c0,x3120484c,s1s2,sx3120484c,s1s2,4/0triplex,50.000,ft
tpx226193078a0,x2764403a,s1s2,sx2764403a,s1s2,4/0triplex,50.000,ft
tpx138262a0,x3029502a,s1s2,sx3029502a,s1s2,4/0triplex,50.000,ft
tpx21325725c0,x2842390c,s1s2,sx2842390c,s1s2,4/0triplex,50.000,ft
tpx28129466a0,x3011293a,s1s2,sx3011293a,s1s2,4/0triplex,50.000,ft
tpx302368b0,x3029507b,s1s2,sx3029507b,s1s2,4/0triplex,50.000,ft
tpx323253b0,x2973152b,s1s2,sx2973152b,s1s2,4/0triplex,50.000,ft
tpx260515a0,x3160865a,s1s2,sx3160865a,s1s2,4/0triplex,50.000,ft
tpx338956a0,x3104119a,s1s2,sx3104119a,s1s2,4/0triplex,50.000,ft
tpx21357901b0,x3160117b,s1s2,sx3160117b,s1s2,4/0triplex,50.000,ft
tpx338981b0,x2820535b,s1s2,sx2820535b,s1s2,4/0triplex,50.000,ft
tpx21399619c0,x2991943c,s1s2,sx2991943c,s1s2,4/0triplex,50.000,ft
tpx339097b0,x3085410b,s1s2,sx3085410b,s1s2,4/0triplex,50.000,ft
tpx21386976a0,x3141398a,s1s2,sx3141398a,s1s2,4/0triplex,50.000,ft
tpx226308730a0,x2802481a,s1s2,sx2802481a,s1s2,4/0triplex,50.000,ft
tpx21380528a0,x2973150a,s1s2,sx2973150a,s1s2,4/0triplex,50.000,ft
tpx225533237b0,x2798067b,s1s2,sx2798067b,s1s2,4/0triplex,50.000,ft
tpx157717b0,x2748840b,s1s2,sx2748840b,s1s2,4/0triplex,50.000,ft
tpx302369b0,x3197643b,s1s2,sx3197643b,s1s2,4/0triplex,50.000,ft
tpx323245b0,x2785512b,s1s2,sx2785512b,s1s2,4/0triplex,50.000,ft
tpx323267b0,x2710514b,s1s2,sx2710514b,s1s2,4/0triplex,50.000,ft
tpx228001810a0,x2859403a,s1s2,sx2859403a,s1s2,4/0triplex,50.000,ft
tpx337650a0,x3010561a,s1s2,sx3010561a,s1s2,4/0triplex,50.000,ft
tpx337631c0,x3029497c,s1s2,sx3029497c,s1s2,4/0triplex,50.000,ft
tpx260643a0,x2692660a,s1s2,sx2692660a,s1s2,4/0triplex,50.000,ft
tpx355768b0,x2729408b,s1s2,sx2729408b,s1s2,4/0triplex,50.000,ft
tpx225897943c0,x2875754c,s1s2,sx2875754c,s1s2,4/0triplex,50.000,ft
tpx260598a0,x3067478a,s1s2,sx3067478a,s1s2,4/0triplex,50.000,ft
tpx302731a0,x3122826a,s1s2,sx3122826a,s1s2,4/0triplex,50.000,ft
tpx2221108404c0,x1108404c,s1s2,sx1108404c,s1s2,4/0triplex,50.000,ft
tpx21389831a0,x2674051a,s1s2,sx2674051a,s1s2,4/0triplex,50.000,ft
tpx227187012b0,x2896685b,s1s2,sx2896685b,s1s2,4/0triplex,50.000,ft
tpx138644a0,x3197630a,s1s2,sx3197630a,s1s2,4/0triplex,50.000,ft
tpx262075c0,x3067448c,s1s2,sx3067448c,s1s2,4/0triplex,50.000,ft
tpx321861c0,x3235248c,s1s2,sx3235248c,s1s2,4/0triplex,50.000,ft
tpx321894c0,x3066829c,s1s2,sx3066829c,s1s2,4/0triplex,50.000,ft
tpx274986c0,x2822865c,s1s2,sx2822865c,s1s2,4/0triplex,50.000,ft
tpx323285b0,x2804269b,s1s2,sx2804269b,s1s2,4/0triplex,50.000,ft
tpx260590b0,x3216988b,s1s2,sx3216988b,s1s2,4/0triplex,50.000,ft
tpx337729b0,x2728247b,s1s2,sx2728247b,s1s2,4/0triplex,50.000,ft
tpx2000911c0,x2000911c,s1s2,sx2000911c,s1s2,4/0triplex,50.000,ft
tpx392038b0,x2841634b,s1s2,sx2841634b,s1s2,4/0triplex,50.000,ft
tpx28129399c0,x2991921c,s1s2,sx2991921c,s1s2,4/0triplex,50.000,ft
tpx355779c0,x3122817c,s1s2,sx3122817c,s1s2,4/0triplex,50.000,ft
tpx28147018b0,x2841620b,s1s2,sx2841620b,s1s2,4/0triplex,50.000,ft
tpx337614b0,x2952003b,s1s2,sx2952003b,s1s2,4/0triplex,50.000,ft
tpx2001002b0,x2001002b,s1s2,sx2001002b,s1s2,4/0triplex,50.000,ft
tpx302862c0,x3085399c,s1s2,sx3085399c,s1s2,4/0triplex,50.000,ft
tpx260630b0,x2973833b,s1s2,sx2973833b,s1s2,4/0triplex,50.000,ft
tpx323244b0,x2804248b,s1s2,sx2804248b,s1s2,4/0triplex,50.000,ft
tpx323280b0,x2710512b,s1s2,sx2710512b,s1s2,4/0triplex,50.000,ft
tpx138719a0,x2860490a,s1s2,sx2860490a,s1s2,4/0triplex,50.000,ft
tpx310570a0,x3160106a,s1s2,sx3160106a,s1s2,4/0triplex,50.000,ft
tpx338972b0,x2841632b,s1s2,sx2841632b,s1s2,4/0triplex,50.000,ft
tpx293487b0,x3254238b,s1s2,sx3254238b,s1s2,4/0triplex,50.000,ft
tpx260514c0,x2674047c,s1s2,sx2674047c,s1s2,4/0triplex,50.000,ft
tpx226193170a0,x3176656a,s1s2,sx3176656a,s1s2,4/0triplex,50.000,ft
tpx338894a0,x2879069a,s1s2,sx2879069a,s1s2,4/0triplex,50.000,ft
tpx275247b0,x2786273b,s1s2,sx2786273b,s1s2,4/0triplex,50.000,ft
tpx28099529c0,x3235268c,s1s2,sx3235268c,s1s2,4/0triplex,50.000,ft
tpx338969a0,x3104129a,s1s2,sx3104129a,s1s2,4/0triplex,50.000,ft
tpx260532c0,x3086074c,s1s2,sx3086074c,s1s2,4/0triplex,50.000,ft
tpx356803a0,x2748780a,s1s2,sx2748780a,s1s2,4/0triplex,50.000,ft
tpx21482279a0,x2710544a,s1s2,sx2710544a,s1s2,4/0triplex,50.000,ft
tpx391746b0,x3085388b,s1s2,sx3085388b,s1s2,4/0triplex,50.000,ft
tpx2001014b0,x2001014b,s1s2,sx2001014b,s1s2,4/0triplex,50.000,ft
tpx391753b0,x2973163b,s1s2,sx2973163b,s1s2,4/0triplex,50.000,ft
tpx138771a0,x3197644a,s1s2,sx3197644a,s1s2,4/0triplex,50.000,ft
tpx223661b0,x2730108b,s1s2,sx2730108b,s1s2,4/0triplex,50.000,ft
tpx274988c0,x3085394c,s1s2,sx3085394c,s1s2,4/0triplex,50.000,ft
tpx227100753a0,x3189190a,s1s2,sx3189190a,s1s2,4/0triplex,50.000,ft
tpx2000415a0,x2000415a,s1s2,sx2000415a,s1s2,4/0triplex,50.000,ft
tpx21391242b0,x2767409b,s1s2,sx2767409b,s1s2,4/0triplex,50.000,ft
tpx260595c0,x2767340c,s1s2,sx2767340c,s1s2,4/0triplex,50.000,ft
tpx2001314a0,x2001314a,s1s2,sx2001314a,s1s2,4/0triplex,50.000,ft
tpx226192185a0,x3195310a,s1s2,sx3195310a,s1s2,4/0triplex,50.000,ft
tpx260551c0,x3160872c,s1s2,sx3160872c,s1s2,4/0triplex,50.000,ft
tpx2001012b0,x2001012b,s1s2,sx2001012b,s1s2,4/0triplex,50.000,ft
tpx355605b0,x2729409b,s1s2,sx2729409b,s1s2,4/0triplex,50.000,ft
tpx338959c0,x2954344c,s1s2,sx2954344c,s1s2,4/0triplex,50.000,ft
tpx260554c0,x3030200c,s1s2,sx3030200c,s1s2,4/0triplex,50.000,ft
tpx321884c0,x2710515c,s1s2,sx2710515c,s1s2,4/0triplex,50.000,ft
tpx228580047b0,x3029183b,s1s2,sx3029183b,s1s2,4/0triplex,50.000,ft
tpx2001011b0,x2001011b,s1s2,sx2001011b,s1s2,4/0triplex,50.000,ft
tpx293425a0,x2763153a,s1s2,sx2763153a,s1s2,4/0triplex,50.000,ft
tpx293664a0,x3207907a,s1s2,sx3207907a,s1s2,4/0triplex,50.000,ft
tpx226191995b0,x2801896b,s1s2,sx2801896b,s1s2,4/0triplex,50.000,ft
tpx321881a0,x2970811a,s1s2,sx2970811a,s1s2,4/0triplex,50.000,ft
tpx226924200b0,x2763072b,s1s2,sx2763072b,s1s2,4/0triplex,50.000,ft
tpx338945a0,x2954353a,s1s2,sx2954353a,s1s2,4/0triplex,50.000,ft
tpx391994a0,x3066821a,s1s2,sx3066821a,s1s2,4/0triplex,50.000,ft
tpx356007a0,x3141389a,s1s2,sx3141389a,s1s2,4/0triplex,50.000,ft
tpx2000405a0,x2000405a,s1s2,sx2000405a,s1s2,4/0triplex,50.000,ft
tpx294787a0,x3197647a,s1s2,sx3197647a,s1s2,4/0triplex,50.000,ft
tpx323250b0,x2748131b,s1s2,sx2748131b,s1s2,4/0triplex,50.000,ft
tpx21399809a0,x2785531a,s1s2,sx2785531a,s1s2,4/0triplex,50.000,ft
tpx228091193c0,x3047289c,s1s2,sx3047289c,s1s2,4/0triplex,50.000,ft
tpx260473a0,x2861222a,s1s2,sx2861222a,s1s2,4/0triplex,50.000,ft
tpx391755b0,x3104130b,s1s2,sx3104130b,s1s2,4/0triplex,50.000,ft
tpx21389307c0,x2692655c,s1s2,sx2692655c,s1s2,4/0triplex,50.000,ft
tpx21399508a0,x3104135a,s1s2,sx3104135a,s1s2,4/0triplex,50.000,ft
tpx321159a0,x3008248a,s1s2,sx3008248a,s1s2,4/0triplex,50.000,ft
tpx355944b0,x3197646b,s1s2,sx3197646b,s1s2,4/0triplex,50.000,ft
tpx260622c0,x3198347c,s1s2,sx3198347c,s1s2,4/0triplex,50.000,ft
tpx302860c0,x3122819c,s1s2,sx3122819c,s1s2,4/0triplex,50.000,ft
tpx21391094a0,x3085395a,s1s2,sx3085395a,s1s2,4/0triplex,50.000,ft
tpx260601c0,x2730149c,s1s2,sx2730149c,s1s2,4/0triplex,50.000,ft
tpx260594a0,x2898457a,s1s2,sx2898457a,s1s2,4/0triplex,50.000,ft
tpx247171b0,x0247171b,s1s2,sx0247171b,s1s2,4/0triplex,50.000,ft
tpx302412a0,x3048210a,s1s2,sx3048210a,s1s2,4/0triplex,50.000,ft
tpx323282b0,x2897791b,s1s2,sx2897791b,s1s2,4/0triplex,50.000,ft
tpx356008a0,x3197618a,s1s2,sx3197618a,s1s2,4/0triplex,50.000,ft
tpx138717c0,x3254220c,s1s2,sx3254220c,s1s2,4/0triplex,50.000,ft
tpx302373b0,x2766726b,s1s2,sx2766726b,s1s2,4/0triplex,50.000,ft
tpx226194280b0,x3195318b,s1s2,sx3195318b,s1s2,4/0triplex,50.000,ft
tpx355359b0,x2766730b,s1s2,sx2766730b,s1s2,4/0triplex,50.000,ft
tpx138650c0,x2710510c,s1s2,sx2710510c,s1s2,4/0triplex,50.000,ft
tpx356794c0,x3086002c,s1s2,sx3086002c,s1s2,4/0triplex,50.000,ft
tpx302813c0,x3010567c,s1s2,sx3010567c,s1s2,4/0triplex,50.000,ft
tpx338990b0,x2673331b,s1s2,sx2673331b,s1s2,4/0triplex,50.000,ft
tpx138380c0,x2879076c,s1s2,sx2879076c,s1s2,4/0triplex,50.000,ft
tpx355934a0,x3048212a,s1s2,sx3048212a,s1s2,4/0triplex,50.000,ft
tpx227917119a0,x2821770a,s1s2,sx2821770a,s1s2,4/0triplex,50.000,ft
tpx138680a0,x2710521a,s1s2,sx2710521a,s1s2,4/0triplex,50.000,ft
tpx21391390b0,x3217064b,s1s2,sx3217064b,s1s2,4/0triplex,50.000,ft
tpx225533337a0,x2929261a,s1s2,sx2929261a,s1s2,4/0triplex,50.000,ft
tpx226191778c0,x2820528c,s1s2,sx2820528c,s1s2,4/0triplex,50.000,ft
tpx302803c0,x3085400c,s1s2,sx3085400c,s1s2,4/0triplex,50.000,ft
tpx138416c0,x3141388c,s1s2,sx3141388c,s1s2,4/0triplex,50.000,ft
tpx21387929c0,x2935551c,s1s2,sx2935551c,s1s2,4/0triplex,50.000,ft
tpx302733a0,x2860491a,s1s2,sx2860491a,s1s2,4/0triplex,50.000,ft
tpx293608c0,x2673306c,s1s2,sx2673306c,s1s2,4/0triplex,50.000,ft
tpx356793c0,x3179608c,s1s2,sx3179608c,s1s2,4/0triplex,50.000,ft
tpx21236413b0,x3085391b,s1s2,sx3085391b,s1s2,4/0triplex,50.000,ft
tpx226193134c0,x2895449c,s1s2,sx2895449c,s1s2,4/0triplex,50.000,ft
tpx323252b0,x2879066b,s1s2,sx2879066b,s1s2,4/0triplex,50.000,ft
tpx226192994a0,x2858166a,s1s2,sx2858166a,s1s2,4/0triplex,50.000,ft
tpx21396606c0,x2785525c,s1s2,sx2785525c,s1s2,4/0triplex,50.000,ft
tpx21384099c0,x3215385c,s1s2,sx3215385c,s1s2,4/0triplex,50.000,ft
tpx226192890c0,x2933120c,s1s2,sx2933120c,s1s2,4/0triplex,50.000,ft
tpx226193737c0,x3082981c,s1s2,sx3082981c,s1s2,4/0triplex,50.000,ft
tpx302400a0,x2991919a,s1s2,sx2991919a,s1s2,4/0triplex,50.000,ft
tpx356797c0,x2955006c,s1s2,sx2955006c,s1s2,4/0triplex,50.000,ft
tpx21385192c0,x2879062c,s1s2,sx2879062c,s1s2,4/0triplex,50.000,ft
tpx337729c0,x2728247c,s1s2,sx2728247c,s1s2,4/0triplex,50.000,ft
tpx337714c0,x3254209c,s1s2,sx3254209c,s1s2,4/0triplex,50.000,ft
tpx2224490448c0,x3778577c,s1s2,sx3778577c,s1s2,4/0triplex,50.000,ft
tpx225991691a0,x2989571a,s1s2,sx2989571a,s1s2,4/0triplex,50.000,ft
tpx138586c0,x2860487c,s1s2,sx2860487c,s1s2,4/0triplex,50.000,ft
tpx302808c0,x2841626c,s1s2,sx2841626c,s1s2,4/0triplex,50.000,ft
tpx338896a0,x3178971a,s1s2,sx3178971a,s1s2,4/0triplex,50.000,ft
tpx138571a0,x2991913a,s1s2,sx2991913a,s1s2,4/0triplex,50.000,ft
tpx356790c0,x2804957c,s1s2,sx2804957c,s1s2,4/0triplex,50.000,ft
tpx228665517c0,x3103822c,s1s2,sx3103822c,s1s2,4/0triplex,50.000,ft
tpx28120126a0,x2814529a,s1s2,sx2814529a,s1s2,4/0triplex,50.000,ft
tpx260567c0,x2936211c,s1s2,sx2936211c,s1s2,4/0triplex,50.000,ft
tpx21399707a0,x3141403a,s1s2,sx3141403a,s1s2,4/0triplex,50.000,ft
tpx251862c0,x3254873c,s1s2,sx3254873c,s1s2,4/0triplex,50.000,ft
tpx138294b0,x2785516b,s1s2,sx2785516b,s1s2,4/0triplex,50.000,ft
tpx21396699b0,x2860483b,s1s2,sx2860483b,s1s2,4/0triplex,50.000,ft
tpx226308728a0,x3027671a,s1s2,sx3027671a,s1s2,4/0triplex,50.000,ft
tpx302672c0,x3254205c,s1s2,sx3254205c,s1s2,4/0triplex,50.000,ft
tpx28120855a0,x2673316a,s1s2,sx2673316a,s1s2,4/0triplex,50.000,ft
tpx338943c0,x2729410c,s1s2,sx2729410c,s1s2,4/0triplex,50.000,ft
tpx2000408a0,x2000408a,s1s2,sx2000408a,s1s2,4/0triplex,50.000,ft
tpx21149420a0,x3178973a,s1s2,sx3178973a,s1s2,4/0triplex,50.000,ft
tpx337660c0,x2897769c,s1s2,sx2897769c,s1s2,4/0triplex,50.000,ft
tpx28127390c0,x2860486c,s1s2,sx2860486c,s1s2,4/0triplex,50.000,ft
tpx225918936c0,x2688693c,s1s2,sx2688693c,s1s2,4/0triplex,50.000,ft
tpx337672b0,x2822877b,s1s2,sx2822877b,s1s2,4/0triplex,50.000,ft
tpx337699b0,x2954349b,s1s2,sx2954349b,s1s2,4/0triplex,50.000,ft
tpx226192846b0,x3139086b,s1s2,sx3139086b,s1s2,4/0triplex,50.000,ft
tpx260475a0,x2879794a,s1s2,sx2879794a,s1s2,4/0triplex,50.000,ft
tpx21386065c0,x2917255c,s1s2,sx2917255c,s1s2,4/0triplex,50.000,ft
tpx260513c0,x2917336c,s1s2,sx2917336c,s1s2,4/0triplex,50.000,ft
tpx138642a0,x3235256a,s1s2,sx3235256a,s1s2,4/0triplex,50.000,ft
tpx21384215a0,x2841622a,s1s2,sx2841622a,s1s2,4/0triplex,50.000,ft
tpx260624c0,x3048946c,s1s2,sx3048946c,s1s2,4/0triplex,50.000,ft
tpx28118822a0,x2991920a,s1s2,sx2991920a,s1s2,4/0triplex,50.000,ft
tpx207286c0,x3011298c,s1s2,sx3011298c,s1s2,4/0triplex,50.000,ft
tpx21399112c0,x3254217c,s1s2,sx3254217c,s1s2,4/0triplex,50.000,ft
tpx226191951b0,x2801895b,s1s2,sx2801895b,s1s2,4/0triplex,50.000,ft
tpx337679a0,x3010559a,s1s2,sx3010559a,s1s2,4/0triplex,50.000,ft
tpx2001303a0,x2001303a,s1s2,sx2001303a,s1s2,4/0triplex,50.000,ft
tpx302733b0,x2860491b,s1s2,sx2860491b,s1s2,4/0triplex,50.000,ft
tpx355778c0,x2673314c,s1s2,sx2673314c,s1s2,4/0triplex,50.000,ft
tpx337625c0,x3197627c,s1s2,sx3197627c,s1s2,4/0triplex,50.000,ft
tpx260511c0,x3160878c,s1s2,sx3160878c,s1s2,4/0triplex,50.000,ft
tpx21386442c0,x3179637c,s1s2,sx3179637c,s1s2,4/0triplex,50.000,ft
tpx260581c0,x3254870c,s1s2,sx3254870c,s1s2,4/0triplex,50.000,ft
tpx260640c0,x3179673c,s1s2,sx3179673c,s1s2,4/0triplex,50.000,ft
tpx330122b0,x2879752b,s1s2,sx2879752b,s1s2,4/0triplex,50.000,ft
tpx2001302a0,x2001302a,s1s2,sx2001302a,s1s2,4/0triplex,50.000,ft
tpx2224237718a0,x3649305a,s1s2,sx3649305a,s1s2,4/0triplex,50.000,ft
tpx338958c0,x3066809c,s1s2,sx3066809c,s1s2,4/0triplex,50.000,ft
tpx323397b0,x2954346b,s1s2,sx2954346b,s1s2,4/0triplex,50.000,ft
tpx338986a0,x2785538a,s1s2,sx2785538a,s1s2,4/0triplex,50.000,ft
tpx138342c0,x2897775c,s1s2,sx2897775c,s1s2,4/0triplex,50.000,ft
tpx21396959a0,x3197638a,s1s2,sx3197638a,s1s2,4/0triplex,50.000,ft
tpx339006b0,x2916619b,s1s2,sx2916619b,s1s2,4/0triplex,50.000,ft
tpx338933b0,x3216345b,s1s2,sx3216345b,s1s2,4/0triplex,50.000,ft
tpx260595b0,x2767340b,s1s2,sx2767340b,s1s2,4/0triplex,50.000,ft
tpx52107636a0,x3030204a,s1s2,sx3030204a,s1s2,4/0triplex,50.000,ft
tpx391740b0,x3048200b,s1s2,sx3048200b,s1s2,4/0triplex,50.000,ft
tpx293657b0,x3189189b,s1s2,sx3189189b,s1s2,4/0triplex,50.000,ft
tpx28149184c0,x3141395c,s1s2,sx3141395c,s1s2,4/0triplex,50.000,ft
tpx355600b0,x2691938b,s1s2,sx2691938b,s1s2,4/0triplex,50.000,ft
tpx260637c0,x2842384c,s1s2,sx2842384c,s1s2,4/0triplex,50.000,ft
tpx338995b0,x3254227b,s1s2,sx3254227b,s1s2,4/0triplex,50.000,ft
tpx226194419c0,x3214071c,s1s2,sx3214071c,s1s2,4/0triplex,50.000,ft
tpx138560a0,x3104113a,s1s2,sx3104113a,s1s2,4/0triplex,50.000,ft
tpx2224237653a0,x3649302a,s1s2,sx3649302a,s1s2,4/0triplex,50.000,ft
tpx226192175c0,x3214055c,s1s2,sx3214055c,s1s2,4/0triplex,50.000,ft
tpx260607b0,x3029055b,s1s2,sx3029055b,s1s2,4/0triplex,50.000,ft
tpx260634a0,x2842383a,s1s2,sx2842383a,s1s2,4/0triplex,50.000,ft
tpx321855b0,x2860485b,s1s2,sx2860485b,s1s2,4/0triplex,50.000,ft
tpx21395720c0,x2860492c,s1s2,sx2860492c,s1s2,4/0triplex,50.000,ft
tpx226194421c0,x3214069c,s1s2,sx3214069c,s1s2,4/0triplex,50.000,ft
tpx339044c0,x3197625c,s1s2,sx3197625c,s1s2,4/0triplex,50.000,ft
tpx2001215c0,x2001215c,s1s2,sx2001215c,s1s2,4/0triplex,50.000,ft
tpx2001203c0,x2001203c,s1s2,sx2001203c,s1s2,4/0triplex,50.000,ft
tpx338963c0,x2673303c,s1s2,sx2673303c,s1s2,4/0triplex,50.000,ft
tpx260631a0,x2786266a,s1s2,sx2786266a,s1s2,4/0triplex,50.000,ft
tpx293655c0,x2729414c,s1s2,sx2729414c,s1s2,4/0triplex,50.000,ft
tpx247185b0,x3179678b,s1s2,sx3179678b,s1s2,4/0triplex,50.000,ft
tpx293490c0,x3048230c,s1s2,sx3048230c,s1s2,4/0triplex,50.000,ft
tpx225533423c0,x2891575c,s1s2,sx2891575c,s1s2,4/0triplex,50.000,ft
tpx354851b0,x2991901b,s1s2,sx2991901b,s1s2,4/0triplex,50.000,ft
tpx302673a0,x3010569a,s1s2,sx3010569a,s1s2,4/0triplex,50.000,ft
tpx337704b0,x2710546b,s1s2,sx2710546b,s1s2,4/0triplex,50.000,ft
tpx2212168880c0,x2766499c,s1s2,sx2766499c,s1s2,4/0triplex,50.000,ft
tpx21386552b0,x2822867b,s1s2,sx2822867b,s1s2,4/0triplex,50.000,ft
tpx260589b0,x2955005b,s1s2,sx2955005b,s1s2,4/0triplex,50.000,ft
tpx323286b0,x2989564b,s1s2,sx2989564b,s1s2,4/0triplex,50.000,ft
tpx218474a0,x3217056a,s1s2,sx3217056a,s1s2,4/0triplex,50.000,ft
tpx338953b0,x3122821b,s1s2,sx3122821b,s1s2,4/0triplex,50.000,ft
tpx339013b0,x2804270b,s1s2,sx2804270b,s1s2,4/0triplex,50.000,ft
tpx226881057b0,x3214112b,s1s2,sx3214112b,s1s2,4/0triplex,50.000,ft
tpx391744b0,x2710537b,s1s2,sx2710537b,s1s2,4/0triplex,50.000,ft
tpx260535c0,x3067507c,s1s2,sx3067507c,s1s2,4/0triplex,50.000,ft
tpx227989724b0,x2859391b,s1s2,sx2859391b,s1s2,4/0triplex,50.000,ft
tpx247060a0,x2991906a,s1s2,sx2991906a,s1s2,4/0triplex,50.000,ft
tpx2000406a0,x2000406a,s1s2,sx2000406a,s1s2,4/0triplex,50.000,ft
tpx321890c0,x3104118c,s1s2,sx3104118c,s1s2,4/0triplex,50.000,ft
tpx138720a0,x3254218a,s1s2,sx3254218a,s1s2,4/0triplex,50.000,ft
tpx138472c0,x2673309c,s1s2,sx2673309c,s1s2,4/0triplex,50.000,ft
tpx21399171c0,x2822870c,s1s2,sx2822870c,s1s2,4/0triplex,50.000,ft
tpx227187012c0,x2896685c,s1s2,sx2896685c,s1s2,4/0triplex,50.000,ft
tpx218475a0,x3217057a,s1s2,sx3217057a,s1s2,4/0triplex,50.000,ft
tpx323247b0,x2935553b,s1s2,sx2935553b,s1s2,4/0triplex,50.000,ft
tpx21399326c0,x2879092c,s1s2,sx2879092c,s1s2,4/0triplex,50.000,ft
tpx2000704b0,x2000704b,s1s2,sx2000704b,s1s2,4/0triplex,50.000,ft
tpx228091193b0,x3047289b,s1s2,sx3047289b,s1s2,4/0triplex,50.000,ft
tpx339017c0,x2729423c,s1s2,sx2729423c,s1s2,4/0triplex,50.000,ft
tpx226192493b0,x2764399b,s1s2,sx2764399b,s1s2,4/0triplex,50.000,ft
tpx294786c0,x2766724c,s1s2,sx2766724c,s1s2,4/0triplex,50.000,ft
tpx338950b0,x2822872b,s1s2,sx2822872b,s1s2,4/0triplex,50.000,ft
tpx21459660c0,x3101194c,s1s2,sx3101194c,s1s2,4/0triplex,50.000,ft
tpx293422c0,x3178997c,s1s2,sx3178997c,s1s2,4/0triplex,50.000,ft
tpx338924c0,x3104123c,s1s2,sx3104123c,s1s2,4/0triplex,50.000,ft
tpx391750b0,x2897764b,s1s2,sx2897764b,s1s2,4/0triplex,50.000,ft
tpx260502b0,x2748839b,s1s2,sx2748839b,s1s2,4/0triplex,50.000,ft
tpx338998b0,x3254229b,s1s2,sx3254229b,s1s2,4/0triplex,50.000,ft
tpx355438c0,x2673323c,s1s2,sx2673323c,s1s2,4/0triplex,50.000,ft
tpx293655a0,x2729414a,s1s2,sx2729414a,s1s2,4/0triplex,50.000,ft
tpx338949b0,x3104136b,s1s2,sx3104136b,s1s2,4/0triplex,50.000,ft
tpx21399630a0,x3233353a,s1s2,sx3233353a,s1s2,4/0triplex,50.000,ft
tpx138679a0,x2710520a,s1s2,sx2710520a,s1s2,4/0triplex,50.000,ft
tpx21397067a0,x2729413a,s1s2,sx2729413a,s1s2,4/0triplex,50.000,ft
tpx356788c0,x3176661c,s1s2,sx3176661c,s1s2,4/0triplex,50.000,ft
tpx21474587c0,x3104155c,s1s2,sx3104155c,s1s2,4/0triplex,50.000,ft
tpx226264795a0,x3139366a,s1s2,sx3139366a,s1s2,4/0triplex,50.000,ft
tpx323398b0,x2710505b,s1s2,sx2710505b,s1s2,4/0triplex,50.000,ft
tpx226193338a0,x2876796a,s1s2,sx2876796a,s1s2,4/0triplex,50.000,ft
tpx21396867a0,x2710536a,s1s2,sx2710536a,s1s2,4/0triplex,50.000,ft
tpx21397771a0,x2673317a,s1s2,sx2673317a,s1s2,4/0triplex,50.000,ft
tpx21399229a0,x2879078a,s1s2,sx2879078a,s1s2,4/0triplex,50.000,ft
tpx227921416a0,x3065696a,s1s2,sx3065696a,s1s2,4/0triplex,50.000,ft
tpx391985a0,x2785530a,s1s2,sx2785530a,s1s2,4/0triplex,50.000,ft
tpx138372c0,x3104126c,s1s2,sx3104126c,s1s2,4/0triplex,50.000,ft
tpx223663c0,x2936216c,s1s2,sx2936216c,s1s2,4/0triplex,50.000,ft
tpx2001315a0,x2001315a,s1s2,sx2001315a,s1s2,4/0triplex,50.000,ft
tpx260555a0,x3048962a,s1s2,sx3048962a,s1s2,4/0triplex,50.000,ft
tpx355433c0,x2991933c,s1s2,sx2991933c,s1s2,4/0triplex,50.000,ft
tpx391745b0,x2673300b,s1s2,sx2673300b,s1s2,4/0triplex,50.000,ft
tpx21398815a0,x3216351a,s1s2,sx3216351a,s1s2,4/0triplex,50.000,ft
tpx355591b0,x2822858b,s1s2,sx2822858b,s1s2,4/0triplex,50.000,ft
tpx226308710b0,x2708744b,s1s2,sx2708744b,s1s2,4/0triplex,50.000,ft
tpx355942a0,x2973165a,s1s2,sx2973165a,s1s2,4/0triplex,50.000,ft
tpx302473a0,x2804252a,s1s2,sx2804252a,s1s2,4/0triplex,50.000,ft
tpx302674a0,x2673321a,s1s2,sx2673321a,s1s2,4/0triplex,50.000,ft
tpx2001213c0,x2001213c,s1s2,sx2001213c,s1s2,4/0triplex,50.000,ft
tpx207288b0,x3198355b,s1s2,sx3198355b,s1s2,4/0triplex,50.000,ft
tpx2000411a0,x2000411a,s1s2,sx2000411a,s1s2,4/0triplex,50.000,ft
tpx338934b0,x2879070b,s1s2,sx2879070b,s1s2,4/0triplex,50.000,ft
tpx337696b0,x3197635b,s1s2,sx3197635b,s1s2,4/0triplex,50.000,ft
tpx247057a0,x3104128a,s1s2,sx3104128a,s1s2,4/0triplex,50.000,ft
tpx441854c0,x2935566c,s1s2,sx2935566c,s1s2,4/0triplex,50.000,ft
tpx338936c0,x3066815c,s1s2,sx3066815c,s1s2,4/0triplex,50.000,ft
tpx21386877a0,x2823611a,s1s2,sx2823611a,s1s2,4/0triplex,50.000,ft
tpx21397721a0,x3178976a,s1s2,sx3178976a,s1s2,4/0triplex,50.000,ft
tpx260639c0,x3030203c,s1s2,sx3030203c,s1s2,4/0triplex,50.000,ft
tpx138413c0,x3216347c,s1s2,sx3216347c,s1s2,4/0triplex,50.000,ft
tpx355937a0,x2841639a,s1s2,sx2841639a,s1s2,4/0triplex,50.000,ft
tpx225906836c0,x2763407c,s1s2,sx2763407c,s1s2,4/0triplex,50.000,ft
tpx228057846a0,x3215340a,s1s2,sx3215340a,s1s2,4/0triplex,50.000,ft
tpx2000913c0,x2000913c,s1s2,sx2000913c,s1s2,4/0triplex,50.000,ft
tpx21399361b0,x2691954b,s1s2,sx2691954b,s1s2,4/0triplex,50.000,ft
tpx223660a0,x3160863a,s1s2,sx3160863a,s1s2,4/0triplex,50.000,ft
tpx337642c0,x3104154c,s1s2,sx3104154c,s1s2,4/0triplex,50.000,ft
tpx21380156b0,x2841641b,s1s2,sx2841641b,s1s2,4/0triplex,50.000,ft
tpx356815a0,x2936212a,s1s2,sx2936212a,s1s2,4/0triplex,50.000,ft
tpx138798b0,x3104859b,s1s2,sx3104859b,s1s2,4/0triplex,50.000,ft
tpx2223664050b0,x3315860b,s1s2,sx3315860b,s1s2,4/0triplex,50.000,ft
tpx294810a0,x3010585a,s1s2,sx3010585a,s1s2,4/0triplex,50.000,ft
tpx323418a0,x2804254a,s1s2,sx2804254a,s1s2,4/0triplex,50.000,ft
tpx391758b0,x2841636b,s1s2,sx2841636b,s1s2,4/0triplex,50.000,ft
tpx21380453a0,x3010557a,s1s2,sx3010557a,s1s2,4/0triplex,50.000,ft
tpx226193698c0,x3125349c,s1s2,sx3125349c,s1s2,4/0triplex,50.000,ft
tpx338955b0,x3010560b,s1s2,sx3010560b,s1s2,4/0triplex,50.000,ft
tpx351019c0,x2767414c,s1s2,sx2767414c,s1s2,4/0triplex,50.000,ft
tpx138797b0,x3198358b,s1s2,sx3198358b,s1s2,4/0triplex,50.000,ft
tpx247061a0,x2879054a,s1s2,sx2879054a,s1s2,4/0triplex,50.000,ft
tpx337623c0,x3197626c,s1s2,sx3197626c,s1s2,4/0triplex,50.000,ft
tpx337665b0,x2973178b,s1s2,sx2973178b,s1s2,4/0triplex,50.000,ft
tpx2001211c0,x2001211c,s1s2,sx2001211c,s1s2,4/0triplex,50.000,ft
tpx293609c0,x2785515c,s1s2,sx2785515c,s1s2,4/0triplex,50.000,ft
tpx21483138a0,x3122847a,s1s2,sx3122847a,s1s2,4/0triplex,50.000,ft
tpx323273b0,x3048203b,s1s2,sx3048203b,s1s2,4/0triplex,50.000,ft
tpx138236b0,x2673305b,s1s2,sx2673305b,s1s2,4/0triplex,50.000,ft
tpx293673a0,x3122827a,s1s2,sx3122827a,s1s2,4/0triplex,50.000,ft
tpx294844a0,x2841623a,s1s2,sx2841623a,s1s2,4/0triplex,50.000,ft
tpx321860b0,x2785543b,s1s2,sx2785543b,s1s2,4/0triplex,50.000,ft
tpx21398563a0,x3254216a,s1s2,sx3254216a,s1s2,4/0triplex,50.000,ft
tpx227734175b0,x3102793b,s1s2,sx3102793b,s1s2,4/0triplex,50.000,ft
tpx2221108404a0,x1108404a,s1s2,sx1108404a,s1s2,4/0triplex,50.000,ft
tpx337702b0,x3029504b,s1s2,sx3029504b,s1s2,4/0triplex,50.000,ft
tpx356011a0,x3216337a,s1s2,sx3216337a,s1s2,4/0triplex,50.000,ft
tpx294809a0,x2952014a,s1s2,sx2952014a,s1s2,4/0triplex,50.000,ft
tpx323284b0,x3160113b,s1s2,sx3160113b,s1s2,4/0triplex,50.000,ft
tpx323264b0,x3216344b,s1s2,sx3216344b,s1s2,4/0triplex,50.000,ft
tpx2224237643a0,x3649301a,s1s2,sx3649301a,s1s2,4/0triplex,50.000,ft
tpx21388572b0,x3235252b,s1s2,sx3235252b,s1s2,4/0triplex,50.000,ft
tpx356795c0,x2842330c,s1s2,sx2842330c,s1s2,4/0triplex,50.000,ft
tpx52107693b0,x3160868b,s1s2,sx3160868b,s1s2,4/0triplex,50.000,ft
tpx337630c0,x3085392c,s1s2,sx3085392c,s1s2,4/0triplex,50.000,ft
tpx218472a0,x2936270a,s1s2,sx2936270a,s1s2,4/0triplex,50.000,ft
tpx21400108b0,x2748139b,s1s2,sx2748139b,s1s2,4/0triplex,50.000,ft
tpx21380325b0,x2674027b,s1s2,sx2674027b,s1s2,4/0triplex,50.000,ft
tpx302807c0,x3235266c,s1s2,sx3235266c,s1s2,4/0triplex,50.000,ft
tpx21470405a0,x2897801a,s1s2,sx2897801a,s1s2,4/0triplex,50.000,ft
tpx21470122b0,x2673343b,s1s2,sx2673343b,s1s2,4/0triplex,50.000,ft
tpx227944551a0,x3234149a,s1s2,sx3234149a,s1s2,750_triplex,50.000,ft
tpx293659c0,x2935560c,s1s2,sx2935560c,s1s2,4/0triplex,50.000,ft
tpx225533675b0,x3225319b,s1s2,sx3225319b,s1s2,4/0triplex,50.000,ft
tpx2221108407b0,x1108407b,s1s2,sx1108407b,s1s2,4/0triplex,50.000,ft
tpx441331c0,x3235254c,s1s2,sx3235254c,s1s2,4/0triplex,50.000,ft
tpx337643c0,x2897806c,s1s2,sx2897806c,s1s2,4/0triplex,50.000,ft
tpx21148701b0,x2897771b,s1s2,sx2897771b,s1s2,4/0triplex,50.000,ft
tpx260647a0,x2805034a,s1s2,sx2805034a,s1s2,4/0triplex,50.000,ft
tpx302675a0,x2954354a,s1s2,sx2954354a,s1s2,4/0triplex,50.000,ft
tpx337693b0,x3066813b,s1s2,sx3066813b,s1s2,4/0triplex,50.000,ft
tpx226193395b0,x2726974b,s1s2,sx2726974b,s1s2,4/0triplex,50.000,ft
tpx28121587a0,x2860477a,s1s2,sx2860477a,s1s2,4/0triplex,50.000,ft
tpx2001005b0,x2001005b,s1s2,sx2001005b,s1s2,4/0triplex,50.000,ft
tpx226192926a0,x2726973a,s1s2,sx2726973a,s1s2,4/0triplex,50.000,ft
tpx226195194c0,x3027124c,s1s2,sx3027124c,s1s2,4/0triplex,50.000,ft
tpx138570a0,x2748146a,s1s2,sx2748146a,s1s2,4/0triplex,50.000,ft
tpx2001205c0,x2001205c,s1s2,sx2001205c,s1s2,4/0triplex,50.000,ft
tpx321848b0,x3085390b,s1s2,sx3085390b,s1s2,4/0triplex,50.000,ft
tpx302637a0,x2748132a,s1s2,sx2748132a,s1s2,4/0triplex,50.000,ft
tpx337629c0,x2748128c,s1s2,sx2748128c,s1s2,4/0triplex,50.000,ft
tpx225533215c0,x3097861c,s1s2,sx3097861c,s1s2,4/0triplex,50.000,ft
tpx260575b0,x3254869b,s1s2,sx3254869b,s1s2,4/0triplex,50.000,ft
tpx260528c0,x3217052c,s1s2,sx3217052c,s1s2,4/0triplex,50.000,ft
tpx2221108405b0,x1108405b,s1s2,sx1108405b,s1s2,4/0triplex,50.000,ft
tpx227896008c0,x3177881c,s1s2,sx3177881c,s1s2,4/0triplex,50.000,ft
tpx355936a0,x2954357a,s1s2,sx2954357a,s1s2,4/0triplex,50.000,ft
tpx260620c0,x3067506c,s1s2,sx3067506c,s1s2,4/0triplex,50.000,ft
tpx338977c0,x2916620c,s1s2,sx2916620c,s1s2,4/0triplex,50.000,ft
tpx228219458b0,x3215549b,s1s2,sx3215549b,s1s2,4/0triplex,50.000,ft
tpx138237b0,x3048196b,s1s2,sx3048196b,s1s2,4/0triplex,50.000,ft
tpx391980a0,x2691952a,s1s2,sx2691952a,s1s2,4/0triplex,50.000,ft
tpx21471907a0,x2897805a,s1s2,sx2897805a,s1s2,4/0triplex,50.000,ft
tpx337645b0,x3216342b,s1s2,sx3216342b,s1s2,4/0triplex,50.000,ft
tpx21015706a0,x3160123a,s1s2,sx3160123a,s1s2,4/0triplex,50.000,ft
tpx302468a0,x2897778a,s1s2,sx2897778a,s1s2,4/0triplex,50.000,ft
tpx21031684a0,x2841616a,s1s2,sx2841616a,s1s2,4/0triplex,50.000,ft
tpx356802a0,x2767342a,s1s2,sx2767342a,s1s2,4/0triplex,50.000,ft
tpx28118903b0,x2973146b,s1s2,sx2973146b,s1s2,4/0triplex,50.000,ft
tpx21373784a0,x3066817a,s1s2,sx3066817a,s1s2,4/0triplex,50.000,ft
tpx339021a0,x3197652a,s1s2,sx3197652a,s1s2,4/0triplex,50.000,ft
tpx356807a0,x2823545a,s1s2,sx2823545a,s1s2,4/0triplex,50.000,ft
tpx338994b0,x3160115b,s1s2,sx3160115b,s1s2,4/0triplex,50.000,ft
tpx260648a0,x2898522a,s1s2,sx2898522a,s1s2,4/0triplex,50.000,ft
tpx138343c0,x3010565c,s1s2,sx3010565c,s1s2,4/0triplex,50.000,ft
tpx28127319b0,x2766744b,s1s2,sx2766744b,s1s2,4/0triplex,50.000,ft
tpx21399762a0,x2879087a,s1s2,sx2879087a,s1s2,4/0triplex,50.000,ft
tpx225498968b0,x2684420b,s1s2,sx2684420b,s1s2,4/0triplex,50.000,ft
tpx227187012a0,x2896685a,s1s2,sx2896685a,s1s2,4/0triplex,50.000,ft
tpx260503b0,x2917310b,s1s2,sx2917310b,s1s2,4/0triplex,50.000,ft
tpx337722a0,x2973157a,s1s2,sx2973157a,s1s2,4/0triplex,50.000,ft
tpx223655c0,x2936268c,s1s2,sx2936268c,s1s2,4/0triplex,50.000,ft
tpx21249647b0,x2955055b,s1s2,sx2955055b,s1s2,4/0triplex,50.000,ft
tpx225901711a0,x3195327a,s1s2,sx3195327a,s1s2,4/0triplex,50.000,ft
tpx337710b0,x2991916b,s1s2,sx2991916b,s1s2,4/0triplex,50.000,ft
tpx339047a0,x2973148a,s1s2,sx2973148a,s1s2,4/0triplex,50.000,ft
tpx21397029a0,x2673311a,s1s2,sx2673311a,s1s2,4/0triplex,50.000,ft
tpx21398676a0,x3066816a,s1s2,sx3066816a,s1s2,4/0triplex,50.000,ft
tpx247056a0,x2991912a,s1s2,sx2991912a,s1s2,4/0triplex,50.000,ft
tpx2212168887c0,x2878848c,s1s2,sx2878848c,s1s2,4/0triplex,50.000,ft
tpx260508a0,x2955081a,s1s2,sx2955081a,s1s2,4/0triplex,50.000,ft
tpx21396254a0,x2804253a,s1s2,sx2804253a,s1s2,4/0triplex,50.000,ft
tpx2224387019a0,x3728038a,s1s2,sx3728038a,s1s2,4/0triplex,50.000,ft
tpx21380616a0,x2879067a,s1s2,sx2879067a,s1s2,4/0triplex,50.000,ft
tpx138371c0,x2879073c,s1s2,sx2879073c,s1s2,4/0triplex,50.000,ft
tpx323254b0,x2879068b,s1s2,sx2879068b,s1s2,4/0triplex,50.000,ft
tpx2001309a0,x2001309a,s1s2,sx2001309a,s1s2,4/0triplex,50.000,ft
tpx226163467a0,x3120376a,s1s2,sx3120376a,s1s2,4/0triplex,50.000,ft
tpx274985c0,x2822864c,s1s2,sx2822864c,s1s2,4/0triplex,50.000,ft
tpx260467a0,x3104856a,s1s2,sx3104856a,s1s2,4/0triplex,50.000,ft
tpx21459651c0,x2763812c,s1s2,sx2763812c,s1s2,4/0triplex,50.000,ft
tpx226193422b0,x2726975b,s1s2,sx2726975b,s1s2,4/0triplex,50.000,ft
tpx2224386815a0,x3727708a,s1s2,sx3727708a,s1s2,4/0triplex,50.000,ft
tpx227917133c0,x3047073c,s1s2,sx3047073c,s1s2,4/0triplex,50.000,ft
tpx227760024c0,x3215203c,s1s2,sx3215203c,s1s2,4/0triplex,50.000,ft
tpx21389761b0,x2861219b,s1s2,sx2861219b,s1s2,4/0triplex,50.000,ft
tpx442373c0,x3141393c,s1s2,sx3141393c,s1s2,4/0triplex,50.000,ft
tpx21383553b0,x2935547b,s1s2,sx2935547b,s1s2,4/0triplex,50.000,ft
tpx355589b0,x2691939b,s1s2,sx2691939b,s1s2,4/0triplex,50.000,ft
tpx321877a0,x3101787a,s1s2,sx3101787a,s1s2,4/0triplex,50.000,ft
tpx21384099b0,x3215385b,s1s2,sx3215385b,s1s2,4/0triplex,50.000,ft
tpx207290a0,x2879773a,s1s2,sx2879773a,s1s2,4/0triplex,50.000,ft
tpx302514a0,x2973164a,s1s2,sx2973164a,s1s2,4/0triplex,50.000,ft
tpx294789a0,x2895461a,s1s2,sx2895461a,s1s2,4/0triplex,50.000,ft
tpx2224237546a0,x3649300a,s1s2,sx3649300a,s1s2,4/0triplex,50.000,ft
tpx228314460c0,x3253570c,s1s2,sx3253570c,s1s2,4/0triplex,50.000,ft
tpx226197070a0,x2933135a,s1s2,sx2933135a,s1s2,4/0triplex,50.000,ft
tpx391996a0,x3141412a,s1s2,sx3141412a,s1s2,4/0triplex,50.000,ft
tpx218473a0,x3086078a,s1s2,sx3086078a,s1s2,4/0triplex,50.000,ft
tpx275248b0,x2805036b,s1s2,sx2805036b,s1s2,4/0triplex,50.000,ft
tpx391749b0,x2991918b,s1s2,sx2991918b,s1s2,4/0triplex,50.000,ft
tpx21396331b0,x3178981b,s1s2,sx3178981b,s1s2,4/0triplex,50.000,ft
tpx260562a0,x3251799a,s1s2,sx3251799a,s1s2,4/0triplex,50.000,ft
tpx337652b0,x2991939b,s1s2,sx2991939b,s1s2,4/0triplex,50.000,ft
tpx339046a0,x2785511a,s1s2,sx2785511a,s1s2,4/0triplex,50.000,ft
tpx321849b0,x2748152b,s1s2,sx2748152b,s1s2,4/0triplex,50.000,ft
tpx260491c0,x2805031c,s1s2,sx2805031c,s1s2,4/0triplex,50.000,ft
tpx260569c0,x3104796c,s1s2,sx3104796c,s1s2,4/0triplex,50.000,ft
tpx294788a0,x2821010a,s1s2,sx2821010a,s1s2,4/0triplex,50.000,ft
tpx21357515a0,x2710511a,s1s2,sx2710511a,s1s2,4/0triplex,50.000,ft
tpx260484a0,x2992624a,s1s2,sx2992624a,s1s2,4/0triplex,50.000,ft
tpx323237b0,x3048199b,s1s2,sx3048199b,s1s2,4/0triplex,50.000,ft
tpx338982b0,x2785534b,s1s2,sx2785534b,s1s2,4/0triplex,50.000,ft
tpx391992a0,x3029500a,s1s2,sx3029500a,s1s2,4/0triplex,50.000,ft
tpx2000708b0,x2000708b,s1s2,sx2000708b,s1s2,4/0triplex,50.000,ft
tpx321888c0,x3235241c,s1s2,sx3235241c,s1s2,4/0triplex,50.000,ft
tpx323255b0,x2860484b,s1s2,sx2860484b,s1s2,4/0triplex,50.000,ft
tpx260595a0,x2767340a,s1s2,sx2767340a,s1s2,4/0triplex,50.000,ft
tpx260572c0,x3236004c,s1s2,sx3236004c,s1s2,4/0triplex,50.000,ft
tpx337690b0,x3104127b,s1s2,sx3104127b,s1s2,4/0triplex,50.000,ft
tpx2001310a0,x2001310a,s1s2,sx2001310a,s1s2,4/0triplex,50.000,ft
tpx391751b0,x2860488b,s1s2,sx2860488b,s1s2,4/0triplex,50.000,ft
tpx293664c0,x3207907c,s1s2,sx3207907c,s1s2,4/0triplex,50.000,ft
tpx339011b0,x3104145b,s1s2,sx3104145b,s1s2,4/0triplex,50.000,ft
tpx337654c0,x3066808c,s1s2,sx3066808c,s1s2,4/0triplex,50.000,ft
tpx138264b0,x3104125b,s1s2,sx3104125b,s1s2,4/0triplex,50.000,ft
tpx260627a0,x2992656a,s1s2,sx2992656a,s1s2,4/0triplex,50.000,ft
tpx227760024b0,x3215203b,s1s2,sx3215203b,s1s2,4/0triplex,50.000,ft
tpx325472b0,x2973149b,s1s2,sx2973149b,s1s2,4/0triplex,50.000,ft
tpx226193696a0,x3143999a,s1s2,sx3143999a,s1s2,4/0triplex,50.000,ft
tpx2000904c0,x2000904c,s1s2,sx2000904c,s1s2,4/0triplex,50.000,ft
tpx302810c0,x3178977c,s1s2,sx3178977c,s1s2,4/0triplex,50.000,ft
tpx225533531a0,x2685805a,s1s2,sx2685805a,s1s2,4/0triplex,50.000,ft
tpx338977a0,x2916620a,s1s2,sx2916620a,s1s2,4/0triplex,50.000,ft
tpx325473b0,x3010562b,s1s2,sx3010562b,s1s2,4/0triplex,50.000,ft
tpx2001311a0,x2001311a,s1s2,sx2001311a,s1s2,4/0triplex,50.000,ft
tpx302735a0,x2991923a,s1s2,sx2991923a,s1s2,4/0triplex,50.000,ft
tpx294843a0,x3178982a,s1s2,sx3178982a,s1s2,4/0triplex,50.000,ft
tpx275002c0,x3066806c,s1s2,sx3066806c,s1s2,4/0triplex,50.000,ft
tpx260605a0,x2973791a,s1s2,sx2973791a,s1s2,4/0triplex,50.000,ft
tpx338917a0,x2935555a,s1s2,sx2935555a,s1s2,4/0triplex,50.000,ft
tpx2224386842a0,x3727709a,s1s2,sx3727709a,s1s2,4/0triplex,50.000,ft
tpx227731863a0,x3177665a,s1s2,sx3177665a,s1s2,4/0triplex,50.000,ft
tpx2224237384a0,x3649298a,s1s2,sx3649298a,s1s2,4/0triplex,50.000,ft
tpx21399220c0,x2766725c,s1s2,sx2766725c,s1s2,4/0triplex,50.000,ft
tpx338979b0,x3066814b,s1s2,sx3066814b,s1s2,4/0triplex,50.000,ft
tpx337678a0,x3160101a,s1s2,sx3160101a,s1s2,4/0triplex,50.000,ft
tpx226191850a0,x3270814a,s1s2,sx3270814a,s1s2,4/0triplex,50.000,ft
tpx323275b0,x3197660b,s1s2,sx3197660b,s1s2,4/0triplex,50.000,ft
tpx391738b0,x3104115b,s1s2,sx3104115b,s1s2,4/0triplex,50.000,ft
tpx21396015a0,x3048211a,s1s2,sx3048211a,s1s2,4/0triplex,50.000,ft
tpx2224387062a0,x3728040a,s1s2,sx3728040a,s1s2,4/0triplex,50.000,ft
tpx337717a0,x3216348a,s1s2,sx3216348a,s1s2,4/0triplex,50.000,ft
tpx226194002b0,x2801902b,s1s2,sx2801902b,s1s2,4/0triplex,50.000,ft
tpx138751b0,x3066818b,s1s2,sx3066818b,s1s2,4/0triplex,50.000,ft
tpx138567a0,x2748129a,s1s2,sx2748129a,s1s2,4/0triplex,50.000,ft
tpx293652a0,x3235258a,s1s2,sx3235258a,s1s2,4/0triplex,50.000,ft
tpx2212371533c0,x3263051c,s1s2,sx3263051c,s1s2,4/0triplex,50.000,ft
tpx391979c0,x3197642c,s1s2,sx3197642c,s1s2,4/0triplex,50.000,ft
tpx225534325a0,x2983432a,s1s2,sx2983432a,s1s2,4/0triplex,50.000,ft
tpx2224061203c0,x3552667c,s1s2,sx3552667c,s1s2,4/0triplex,50.000,ft
tpx227917122a0,x2915534a,s1s2,sx2915534a,s1s2,4/0triplex,50.000,ft
tpx138562a0,x2673310a,s1s2,sx2673310a,s1s2,4/0triplex,50.000,ft
tpx337695b0,x2879072b,s1s2,sx2879072b,s1s2,4/0triplex,50.000,ft
tpx21451973b0,x3010580b,s1s2,sx3010580b,s1s2,4/0triplex,50.000,ft
tpx337720a0,x2841648a,s1s2,sx2841648a,s1s2,4/0triplex,50.000,ft
tpx2001207c0,x2001207c,s1s2,sx2001207c,s1s2,4/0triplex,50.000,ft
tpx21197413c0,x3141411c,s1s2,sx3141411c,s1s2,4/0triplex,50.000,ft
tpx293471a0,x_293471a,s1s2,sx_293471a,s1s2,4/0triplex,50.000,ft
tpx2224237380a0,x3649297a,s1s2,sx3649297a,s1s2,4/0triplex,50.000,ft
tpx337715a0,x3254204a,s1s2,sx3254204a,s1s2,4/0triplex,50.000,ft
tpx138564a0,x2804283a,s1s2,sx2804283a,s1s2,4/0triplex,50.000,ft
tpx321856b0,x2860506b,s1s2,sx2860506b,s1s2,4/0triplex,50.000,ft
tpx391987a0,x3122822a,s1s2,sx3122822a,s1s2,4/0triplex,50.000,ft
tpx321852c0,x2916608c,s1s2,sx2916608c,s1s2,4/0triplex,50.000,ft
tpx228549643a0,x2916234a,s1s2,sx2916234a,s1s2,4/0triplex,50.000,ft
tpx338921a0,x2935554a,s1s2,sx2935554a,s1s2,4/0triplex,50.000,ft
tpx338923c0,x3178972c,s1s2,sx3178972c,s1s2,4/0triplex,50.000,ft
tpx355598b0,x2804245b,s1s2,sx2804245b,s1s2,4/0triplex,50.000,ft
tpx260543c0,x2955077c,s1s2,sx2955077c,s1s2,4/0triplex,50.000,ft
tpx337666b0,x3029518b,s1s2,sx3029518b,s1s2,4/0triplex,50.000,ft
tpx355935a0,x2691973a,s1s2,sx2691973a,s1s2,4/0triplex,50.000,ft
tpx21400253b0,x2691959b,s1s2,sx2691959b,s1s2,750_triplex,50.000,ft
tpx21357984c0,x2897790c,s1s2,sx2897790c,s1s2,4/0triplex,50.000,ft
tpx21393643c0,x2851933c,s1s2,sx2851933c,s1s2,4/0triplex,50.000,ft
tpx2224237391a0,x3649299a,s1s2,sx3649299a,s1s2,4/0triplex,50.000,ft
tpx2226061820b0,x1108410b,s1s2,sx1108410b,s1s2,4/0triplex,50.000,ft
tpx293424c0,x2766750c,s1s2,sx2766750c,s1s2,4/0triplex,50.000,ft
tpx323234b0,x2860480b,s1s2,sx2860480b,s1s2,4/0triplex,50.000,ft
tpx293652b0,x3235258b,s1s2,sx3235258b,s1s2,4/0triplex,50.000,ft
tpx21386157a0,x3067447a,s1s2,sx3067447a,s1s2,4/0triplex,50.000,ft
tpx2000910c0,x2000910c,s1s2,sx2000910c,s1s2,4/0triplex,50.000,ft
tpx339019a0,x3160114a,s1s2,sx3160114a,s1s2,4/0triplex,50.000,ft
tpx260494b0,x3068944b,s1s2,sx3068944b,s1s2,4/0triplex,50.000,ft
tpx21399099a0,x2841635a,s1s2,sx2841635a,s1s2,4/0triplex,50.000,ft
tpx21400185a0,x2935559a,s1s2,sx2935559a,s1s2,4/0triplex,50.000,ft
tpx310569a0,x3197639a,s1s2,sx3197639a,s1s2,4/0triplex,50.000,ft
tpx2001004b0,x2001004b,s1s2,sx2001004b,s1s2,4/0triplex,50.000,ft
tpx28120195b0,x3048209b,s1s2,sx3048209b,s1s2,4/0triplex,50.000,ft
tpx2001009b0,x2001009b,s1s2,sx2001009b,s1s2,4/0triplex,50.000,ft
tpx2224500658a0,x3784018a,s1s2,sx3784018a,s1s2,4/0triplex,50.000,ft
tpx2224230689c0,x3645811c,s1s2,sx3645811c,s1s2,4/0triplex,50.000,ft
tpx302402a0,x3122824a,s1s2,sx3122824a,s1s2,4/0triplex,50.000,ft
tpx323233b0,x3254203b,s1s2,sx3254203b,s1s2,4/0triplex,50.000,ft
tpx351021c0,x2692664c,s1s2,sx2692664c,s1s2,4/0triplex,50.000,ft
tpx138464c0,x3066801c,s1s2,sx3066801c,s1s2,4/0triplex,50.000,ft
tpx227760021b0,x2803199b,s1s2,sx2803199b,s1s2,4/0triplex,50.000,ft
tpx138469c0,x2785518c,s1s2,sx2785518c,s1s2,4/0triplex,50.000,ft
tpx338920a0,x3197631a,s1s2,sx3197631a,s1s2,4/0triplex,50.000,ft
tpx260591b0,x3179607b,s1s2,sx3179607b,s1s2,4/0triplex,50.000,ft
tpx355584b0,x2710542b,s1s2,sx2710542b,s1s2,4/0triplex,50.000,ft
tpx21398646b0,x2973180b,s1s2,sx2973180b,s1s2,4/0triplex,50.000,ft
tpx339018a0,x2729424a,s1s2,sx2729424a,s1s2,4/0triplex,50.000,ft
tpx225940756b0,x2913406b,s1s2,sx2913406b,s1s2,4/0triplex,50.000,ft
tpx355938a0,x2804262a,s1s2,sx2804262a,s1s2,4/0triplex,50.000,ft
tpx391990a0,x2858163a,s1s2,sx2858163a,s1s2,4/0triplex,50.000,ft
tpx2000709b0,x2000709b,s1s2,sx2000709b,s1s2,4/0triplex,50.000,ft
tpx226010605c0,x2764411c,s1s2,sx2764411c,s1s2,4/0triplex,50.000,ft
tpx339002b0,x2785536b,s1s2,sx2785536b,s1s2,4/0triplex,50.000,ft
tpx2001212c0,x2001212c,s1s2,sx2001212c,s1s2,4/0triplex,50.000,ft
tpx21382992a0,x3197654a,s1s2,sx3197654a,s1s2,4/0triplex,50.000,ft
tpx223400157c0,x3150961c,s1s2,sx3150961c,s1s2,4/0triplex,50.000,ft
tpx337700b0,x2766722b,s1s2,sx2766722b,s1s2,4/0triplex,50.000,ft
tpx260520b0,x3254915b,s1s2,sx3254915b,s1s2,4/0triplex,50.000,ft
tpx337668b0,x2935549b,s1s2,sx2935549b,s1s2,4/0triplex,50.000,ft
tpx138755b0,x2785520b,s1s2,sx2785520b,s1s2,4/0triplex,50.000,ft
tpx28147899c0,x3160793c,s1s2,sx3160793c,s1s2,4/0triplex,50.000,ft
tpx2224387113a0,x3728042a,s1s2,sx3728042a,s1s2,4/0triplex,50.000,ft
tpx338935b0,x2973160b,s1s2,sx2973160b,s1s2,4/0triplex,50.000,ft
tpx2000914c0,x2000914c,s1s2,sx2000914c,s1s2,4/0triplex,50.000,ft
tpx339008b0,x3122835b,s1s2,sx3122835b,s1s2,4/0triplex,50.000,ft
tpx138718c0,x3104134c,s1s2,sx3104134c,s1s2,4/0triplex,50.000,ft
tpx323243b0,x2897765b,s1s2,sx2897765b,s1s2,4/0triplex,50.000,ft
tpx2212168874c0,x2729207c,s1s2,sx2729207c,s1s2,4/0triplex,50.000,ft
tpx2001206c0,x2001206c,s1s2,sx2001206c,s1s2,4/0triplex,50.000,ft
tpx251855c0,x2730107c,s1s2,sx2730107c,s1s2,4/0triplex,50.000,ft
tpx338897a0,x2973154a,s1s2,sx2973154a,s1s2,4/0triplex,50.000,ft
tpx226193345a0,x2876797a,s1s2,sx2876797a,s1s2,4/0triplex,50.000,ft
tpx21397121c0,x3122848c,s1s2,sx3122848c,s1s2,4/0triplex,50.000,ft
tpx338942a0,x2822869a,s1s2,sx2822869a,s1s2,4/0triplex,50.000,ft
tpx339010b0,x2691966b,s1s2,sx2691966b,s1s2,4/0triplex,50.000,ft
tpx2224386889a0,x3727712a,s1s2,sx3727712a,s1s2,4/0triplex,50.000,ft
tpx2224179616c0,x3626914c,s1s2,sx3626914c,s1s2,4/0triplex,50.000,ft
tpx337701b0,x2879071b,s1s2,sx2879071b,s1s2,4/0triplex,50.000,ft
tpx157715b0,x2936275b,s1s2,sx2936275b,s1s2,4/0triplex,50.000,ft
tpx21482431a0,x2917359a,s1s2,sx2917359a,s1s2,4/0triplex,50.000,ft
tpx293427c0,x3104157c,s1s2,sx3104157c,s1s2,4/0triplex,50.000,ft
tpx441311a0,x2766720a,s1s2,sx2766720a,s1s2,4/0triplex,50.000,ft
tpx391741b0,x3216339b,s1s2,sx3216339b,s1s2,4/0triplex,50.000,ft
tpx138716c0,x3254219c,s1s2,sx3254219c,s1s2,4/0triplex,50.000,ft
tpx260480c0,x3030199c,s1s2,sx3030199c,s1s2,4/0triplex,50.000,ft
tpx138753b0,x2748130b,s1s2,sx2748130b,s1s2,4/0triplex,50.000,ft
tpx321883c0,x3010564c,s1s2,sx3010564c,s1s2,4/0triplex,50.000,ft
tpx138565a0,x3104122a,s1s2,sx3104122a,s1s2,4/0triplex,50.000,ft
tpx302805c0,x2954351c,s1s2,sx2954351c,s1s2,4/0triplex,50.000,ft
tpx2000414a0,x2000414a,s1s2,sx2000414a,s1s2,4/0triplex,50.000,ft
tpx227447984c0,x2862616c,s1s2,sx2862616c,s1s2,4/0triplex,50.000,ft
tpx391747b0,x2822859b,s1s2,sx2822859b,s1s2,4/0triplex,50.000,ft
tpx321841b0,x2954347b,s1s2,sx2954347b,s1s2,4/0triplex,50.000,ft
tpx138796b0,x3236011b,s1s2,sx3236011b,s1s2,4/0triplex,50.000,ft
tpx355604b0,x2841624b,s1s2,sx2841624b,s1s2,4/0triplex,50.000,ft
tpx355767b0,x3197634b,s1s2,sx3197634b,s1s2,4/0triplex,50.000,ft
tpx338973a0,x2748157a,s1s2,sx2748157a,s1s2,4/0triplex,50.000,ft
tpx293668a0,x3085403a,s1s2,sx3085403a,s1s2,4/0triplex,50.000,ft
tpx226308721a0,x2990098a,s1s2,sx2990098a,s1s2,4/0triplex,50.000,ft
tpx356787c0,x2970804c,s1s2,sx2970804c,s1s2,4/0triplex,50.000,ft
tpx28120126c0,x2814529c,s1s2,sx2814529c,s1s2,4/0triplex,50.000,ft
tpx302859c0,x3254215c,s1s2,sx3254215c,s1s2,4/0triplex,50.000,ft
tpx350993c0,x3198356c,s1s2,sx3198356c,s1s2,4/0triplex,50.000,ft
tpx391977a0,x3216350a,s1s2,sx3216350a,s1s2,4/0triplex,50.000,ft
tpx28127090c0,x2954352c,s1s2,sx2954352c,s1s2,4/0triplex,50.000,ft
tpx302732a0,x2691953a,s1s2,sx2691953a,s1s2,4/0triplex,50.000,ft
tpx227903012a0,x3177894a,s1s2,sx3177894a,s1s2,4/0triplex,50.000,ft
tpx21452406b0,x3216361b,s1s2,sx3216361b,s1s2,4/0triplex,50.000,ft
tpx356062b0,x3122816b,s1s2,sx3122816b,s1s2,4/0triplex,50.000,ft
tpx226193892b0,x3176660b,s1s2,sx3176660b,s1s2,4/0triplex,50.000,ft
tpx21396796b0,x3141397b,s1s2,sx3141397b,s1s2,4/0triplex,50.000,ft
tpx302510c0,x3178980c,s1s2,sx3178980c,s1s2,4/0triplex,50.000,ft
tpx226024307b0,x3119793b,s1s2,sx3119793b,s1s2,4/0triplex,50.000,ft
tpx293492c0,x2841637c,s1s2,sx2841637c,s1s2,4/0triplex,50.000,ft
tpx138585c0,x3197637c,s1s2,sx3197637c,s1s2,4/0triplex,50.000,ft
tpx355843a0,x2952013a,s1s2,sx2952013a,s1s2,4/0triplex,50.000,ft
tpx138573a0,x3235253a,s1s2,sx3235253a,s1s2,4/0triplex,50.000,ft
tpx226194865a0,x3027122a,s1s2,sx3027122a,s1s2,4/0triplex,50.000,ft
tpx323287b0,x2897789b,s1s2,sx2897789b,s1s2,4/0triplex,50.000,ft
tpx337724a0,x2879075a,s1s2,sx2879075a,s1s2,4/0triplex,50.000,ft
tpx225767272a0,x3139103a,s1s2,sx3139103a,s1s2,4/0triplex,50.000,ft
tpx356065b0,x3104124b,s1s2,sx3104124b,s1s2,4/0triplex,50.000,ft
tpx227944551b0,x3234149b,s1s2,sx3234149b,s1s2,750_triplex,50.000,ft
tpx274994c0,x3048205c,s1s2,sx3048205c,s1s2,4/0triplex,50.000,ft
tpx2001209c0,x2001209c,s1s2,sx2001209c,s1s2,4/0triplex,50.000,ft
tpx28120786a0,x2841628a,s1s2,sx2841628a,s1s2,4/0triplex,50.000,ft
tpx323248b0,x3048207b,s1s2,sx3048207b,s1s2,4/0triplex,50.000,ft
tpx226195333c0,x2801909c,s1s2,sx2801909c,s1s2,4/0triplex,50.000,ft
tpx138346c0,x2916609c,s1s2,sx2916609c,s1s2,4/0triplex,50.000,ft
tpx356804a0,x2823544a,s1s2,sx2823544a,s1s2,4/0triplex,50.000,ft
tpx138561a0,x3104121a,s1s2,sx3104121a,s1s2,4/0triplex,50.000,ft
tpx2221108405c0,x1108405c,s1s2,sx1108405c,s1s2,4/0triplex,50.000,ft
tpx338898a0,x2973155a,s1s2,sx2973155a,s1s2,4/0triplex,50.000,ft
tpx355587b0,x3104114b,s1s2,sx3104114b,s1s2,4/0triplex,50.000,ft
tpx21393570c0,x2674052c,s1s2,sx2674052c,s1s2,4/0triplex,50.000,ft
tpx339001b0,x3178988b,s1s2,sx3178988b,s1s2,4/0triplex,50.000,ft
tpx28120126b0,x2814529b,s1s2,sx2814529b,s1s2,4/0triplex,50.000,ft
tpx2000703b0,x2000703b,s1s2,sx2000703b,s1s2,4/0triplex,50.000,ft
tpx2221108405a0,x1108405a,s1s2,sx1108405a,s1s2,4/0triplex,50.000,ft
tpx337689b0,x2691949b,s1s2,sx2691949b,s1s2,4/0triplex,50.000,ft
tpx337705b0,x2785547b,s1s2,sx2785547b,s1s2,4/0triplex,50.000,ft
tpx356013a0,x2954348a,s1s2,sx2954348a,s1s2,4/0triplex,50.000,ft
tpx260576c0,x3030126c,s1s2,sx3030126c,s1s2,4/0triplex,50.000,ft
tpx328367c0,x3104830c,s1s2,sx3104830c,s1s2,4/0triplex,50.000,ft
tpx251858c0,x2861158c,s1s2,sx2861158c,s1s2,4/0triplex,50.000,ft
tpx2000903c0,x2000903c,s1s2,sx2000903c,s1s2,4/0triplex,50.000,ft
tpx275007c0,x2916606c,s1s2,sx2916606c,s1s2,4/0triplex,50.000,ft
tpx337707b0,x3160104b,s1s2,sx3160104b,s1s2,4/0triplex,50.000,ft
tpx28148633a0,x2991905a,s1s2,sx2991905a,s1s2,4/0triplex,50.000,ft
tpx293480a0,x2748158a,s1s2,sx2748158a,s1s2,4/0triplex,50.000,ft
tpx338930b0,x3029506b,s1s2,sx3029506b,s1s2,4/0triplex,50.000,ft
tpx339048a0,x3160098a,s1s2,sx3160098a,s1s2,4/0triplex,50.000,ft
tpx338988a0,x3254231a,s1s2,sx3254231a,s1s2,4/0triplex,50.000,ft
tpx338947b0,x3160109b,s1s2,sx3160109b,s1s2,4/0triplex,50.000,ft
tpx21399305a0,x3048221a,s1s2,sx3048221a,s1s2,4/0triplex,50.000,ft
tpx391757b0,x2991917b,s1s2,sx2991917b,s1s2,4/0triplex,50.000,ft
tpx21474556a0,x3086098a,s1s2,sx3086098a,s1s2,4/0triplex,50.000,ft
tpx226193838c0,x3008237c,s1s2,sx3008237c,s1s2,4/0triplex,50.000,ft
tpx337634c0,x2897768c,s1s2,sx2897768c,s1s2,4/0triplex,50.000,ft
tpx138684a0,x3085396a,s1s2,sx3085396a,s1s2,4/0triplex,50.000,ft
tpx260586b0,x3048887b,s1s2,sx3048887b,s1s2,4/0triplex,50.000,ft
tpx251865c0,x3142050c,s1s2,sx3142050c,s1s2,4/0triplex,50.000,ft
tpx260476a0,x2936271a,s1s2,sx2936271a,s1s2,4/0triplex,50.000,ft
tpx337675a0,x2785514a,s1s2,sx2785514a,s1s2,4/0triplex,50.000,ft
tpx337619c0,x2990826c,s1s2,sx2990826c,s1s2,4/0triplex,50.000,ft
tpx328363b0,x2936213b,s1s2,sx2936213b,s1s2,4/0triplex,50.000,ft
tpx337698b0,x3235250b,s1s2,sx3235250b,s1s2,4/0triplex,50.000,ft
tpx228091193a0,x3047289a,s1s2,sx3047289a,s1s2,4/0triplex,50.000,ft
tpx321892c0,x3235267c,s1s2,sx3235267c,s1s2,4/0triplex,50.000,ft
tpx226193745b0,x2876798b,s1s2,sx2876798b,s1s2,4/0triplex,50.000,ft
tpx338937c0,x2897777c,s1s2,sx2897777c,s1s2,4/0triplex,50.000,ft
tpx21397544a0,x2822868a,s1s2,sx2822868a,s1s2,4/0triplex,50.000,ft
tpx338997b0,x2860499b,s1s2,sx2860499b,s1s2,4/0triplex,50.000,ft
tpx2000705b0,x2000705b,s1s2,sx2000705b,s1s2,4/0triplex,50.000,ft
tpx355840b0,x2822871b,s1s2,sx2822871b,s1s2,4/0triplex,50.000,ft
tpx225700953a0,x3081380a,s1s2,sx3081380a,s1s2,4/0triplex,50.000,ft
tpx391737b0,x2804247b,s1s2,sx2804247b,s1s2,4/0triplex,50.000,ft
tpx338899c0,x3122814c,s1s2,sx3122814c,s1s2,4/0triplex,50.000,ft
tpx323235b0,x3197624b,s1s2,sx3197624b,s1s2,4/0triplex,50.000,ft
tpx2000702b0,x2000702b,s1s2,sx2000702b,s1s2,4/0triplex,50.000,ft
tpx138374c0,x2691950c,s1s2,sx2691950c,s1s2,4/0triplex,50.000,ft
tpx260501b0,x3142098b,s1s2,sx3142098b,s1s2,4/0triplex,50.000,ft
tpx21209868a0,x2710518a,s1s2,sx2710518a,s1s2,4/0triplex,50.000,ft
tpx338983b0,x2691965b,s1s2,sx2691965b,s1s2,4/0triplex,50.000,ft
tpx226194826a0,x3232902a,s1s2,sx3232902a,s1s2,4/0triplex,50.000,ft
tpx356789c0,x3048937c,s1s2,sx3048937c,s1s2,4/0triplex,50.000,ft
tpx21426205b0,x2731712b,s1s2,sx2731712b,s1s2,4/0triplex,50.000,ft
tpx2224386874a0,x3727711a,s1s2,sx3727711a,s1s2,4/0triplex,50.000,ft
tpx293672a0,x2954355a,s1s2,sx2954355a,s1s2,4/0triplex,50.000,ft
tpx391991a0,x3216346a,s1s2,sx3216346a,s1s2,4/0triplex,50.000,ft
tpx294842a0,x3101789a,s1s2,sx3101789a,s1s2,4/0triplex,50.000,ft
tpx337626c0,x3216343c,s1s2,sx3216343c,s1s2,4/0triplex,50.000,ft
tpx337673a0,x2841618a,s1s2,sx2841618a,s1s2,4/0triplex,50.000,ft
tpx225897846a0,x3120504a,s1s2,sx3120504a,s1s2,4/0triplex,50.000,ft
tpx2000404a0,x2000404a,s1s2,sx2000404a,s1s2,4/0triplex,50.000,ft
tpx2000714b0,x2000714b,s1s2,sx2000714b,s1s2,4/0triplex,50.000,ft
tpx302734a0,x2991922a,s1s2,sx2991922a,s1s2,4/0triplex,50.000,ft
tpx21380599a0,x3066804a,s1s2,sx3066804a,s1s2,4/0triplex,50.000,ft
tpx225668688a0,x2858175a,s1s2,sx2858175a,s1s2,4/0triplex,50.000,ft
tpx293423b0,x3122849b,s1s2,sx3122849b,s1s2,4/0triplex,50.000,ft
tpx2001304a0,x2001304a,s1s2,sx2001304a,s1s2,4/0triplex,50.000,ft
tpx21389962c0,x2804249c,s1s2,sx2804249c,s1s2,4/0triplex,50.000,ft
tpx227732939b0,x3046854b,s1s2,sx3046854b,s1s2,4/0triplex,50.000,ft
tpx337703b0,x2691948b,s1s2,sx2691948b,s1s2,4/0triplex,50.000,ft
tpx356808a0,x3101782a,s1s2,sx3101782a,s1s2,4/0triplex,50.000,ft
tpx226192936b0,x2820531b,s1s2,sx2820531b,s1s2,4/0triplex,50.000,ft
tpx251828b0,x3179650b,s1s2,sx3179650b,s1s2,4/0triplex,50.000,ft
tpx2000711b0,x2000711b,s1s2,sx2000711b,s1s2,4/0triplex,50.000,ft
tpx28121368a0,x2748143a,s1s2,sx2748143a,s1s2,4/0triplex,50.000,ft
tpx2001204c0,x2001204c,s1s2,sx2001204c,s1s2,4/0triplex,50.000,ft
tpx337671a0,x3254207a,s1s2,sx3254207a,s1s2,4/0triplex,50.000,ft
tpx2000403a0,x2000403a,s1s2,sx2000403a,s1s2,4/0triplex,50.000,ft
tpx21397304a0,x2973169a,s1s2,sx2973169a,s1s2,4/0triplex,50.000,ft
tpx2000413a0,x2000413a,s1s2,sx2000413a,s1s2,4/0triplex,50.000,ft
tpx310568a0,x2710517a,s1s2,sx2710517a,s1s2,4/0triplex,50.000,ft
tpx338961c0,x3254208c,s1s2,sx3254208c,s1s2,4/0triplex,50.000,ft
tpx350994c0,x3048968c,s1s2,sx3048968c,s1s2,4/0triplex,50.000,ft
tpx356014a0,x3235249a,s1s2,sx3235249a,s1s2,4/0triplex,50.000,ft
tpx260505c0,x2861218c,s1s2,sx2861218c,s1s2,4/0triplex,50.000,ft
tpx260641b0,x3048965b,s1s2,sx3048965b,s1s2,4/0triplex,50.000,ft
tpx227921427b0,x2915542b,s1s2,sx2915542b,s1s2,4/0triplex,50.000,ft
tpx391976c0,x2841631c,s1s2,sx2841631c,s1s2,4/0triplex,50.000,ft
tpx338987a0,x2897793a,s1s2,sx2897793a,s1s2,4/0triplex,50.000,ft
tpx293519b0,x3235255b,s1s2,sx3235255b,s1s2,4/0triplex,50.000,ft
tpx260553c0,x2711225c,s1s2,sx2711225c,s1s2,4/0triplex,50.000,ft
tpx228445756c0,x2972704c,s1s2,sx2972704c,s1s2,4/0triplex,50.000,ft
tpx323263a0,x3066812a,s1s2,sx3066812a,s1s2,4/0triplex,50.000,ft
tpx207292c0,x3179682c,s1s2,sx3179682c,s1s2,4/0triplex,50.000,ft
tpx260521b0,x3048963b,s1s2,sx3048963b,s1s2,4/0triplex,50.000,ft
tpx337641c0,x2804282c,s1s2,sx2804282c,s1s2,4/0triplex,50.000,ft
tpx337619a0,x2990826a,s1s2,sx2990826a,s1s2,4/0triplex,50.000,ft
tpx2224386592a0,x3729297a,s1s2,sx3729297a,s1s2,4/0triplex,50.000,ft
tpx138655a0,x3010556a,s1s2,sx3010556a,s1s2,4/0triplex,50.000,ft
tpx21357865a0,x2766719a,s1s2,sx2766719a,s1s2,4/0triplex,50.000,ft
tpx2221108406a0,x1108406a,s1s2,sx1108406a,s1s2,4/0triplex,50.000,ft
tpx21475841a0,x2992657a,s1s2,sx2992657a,s1s2,4/0triplex,50.000,ft
tpx2224192013a0,x3632979a,s1s2,sx3632979a,s1s2,4/0triplex,50.000,ft
tpx321839a0,x2710516a,s1s2,sx2710516a,s1s2,4/0triplex,50.000,ft
tpx355943c0,x2785529c,s1s2,sx2785529c,s1s2,4/0triplex,50.000,ft
tpx227917127c0,x2690868c,s1s2,sx2690868c,s1s2,4/0triplex,50.000,ft
tpx28119958b0,x2935568b,s1s2,sx2935568b,s1s2,4/0triplex,50.000,ft
tpx337712c0,x3235245c,s1s2,sx3235245c,s1s2,4/0triplex,50.000,ft
tpx339042b0,x3141394b,s1s2,sx3141394b,s1s2,4/0triplex,50.000,ft
tpx226308727b0,x3233413b,s1s2,sx3233413b,s1s2,4/0triplex,50.000,ft
tpx302811c0,x3160105c,s1s2,sx3160105c,s1s2,4/0triplex,50.000,ft
tpx138651c0,x3197628c,s1s2,sx3197628c,s1s2,4/0triplex,50.000,ft
tpx21248901b0,x2729430b,s1s2,sx2729430b,s1s2,4/0triplex,50.000,ft
tpx293644a0,x2729429a,s1s2,sx2729429a,s1s2,4/0triplex,50.000,ft
tpx226964880a0,x3172805a,s1s2,sx3172805a,s1s2,4/0triplex,50.000,ft
tpx28129466c0,x3011293c,s1s2,sx3011293c,s1s2,4/0triplex,50.000,ft
tpx337718a0,x2691947a,s1s2,sx2691947a,s1s2,4/0triplex,50.000,ft
tpx338966c0,x3029505c,s1s2,sx3029505c,s1s2,4/0triplex,50.000,ft
tpx260458b0,x2936276b,s1s2,sx2936276b,s1s2,4/0triplex,50.000,ft
tpx293518b0,x2897780b,s1s2,sx2897780b,s1s2,4/0triplex,50.000,ft
tpx355586b0,x3254234b,s1s2,sx3254234b,s1s2,4/0triplex,50.000,ft
tpx355431c0,x3048222c,s1s2,sx3048222c,s1s2,4/0triplex,50.000,ft
tpx226194093a0,x3157718a,s1s2,sx3157718a,s1s2,4/0triplex,50.000,ft
tpx351020c0,x3045895c,s1s2,sx3045895c,s1s2,4/0triplex,50.000,ft
tpx226192492b0,x3008232b,s1s2,sx3008232b,s1s2,4/0triplex,50.000,ft
tpx338976b0,x2691967b,s1s2,sx2691967b,s1s2,4/0triplex,50.000,ft
tpx323277b0,x2897800b,s1s2,sx2897800b,s1s2,4/0triplex,50.000,ft
tpx226192684a0,x3027116a,s1s2,sx3027116a,s1s2,4/0triplex,50.000,ft
tpx355599b0,x3216338b,s1s2,sx3216338b,s1s2,4/0triplex,50.000,ft
tpx28128464c0,x3048889c,s1s2,sx3048889c,s1s2,4/0triplex,50.000,ft
tpx321878a0,x3101788a,s1s2,sx3101788a,s1s2,4/0triplex,50.000,ft
tpx274992c0,x2804250c,s1s2,sx2804250c,s1s2,4/0triplex,50.000,ft
tpx157718b0,x3142099b,s1s2,sx3142099b,s1s2,4/0triplex,50.000,ft
tpx338910c0,x2841621c,s1s2,sx2841621c,s1s2,4/0triplex,50.000,ft
tpx225684682b0,x3231269b,s1s2,sx3231269b,s1s2,4/0triplex,50.000,ft
tpx321874a0,x2764412a,s1s2,sx2764412a,s1s2,4/0triplex,50.000,ft
tpx2001305a0,x2001305a,s1s2,sx2001305a,s1s2,4/0triplex,50.000,ft
tpx339052c0,x3118855c,s1s2,sx3118855c,s1s2,4/0triplex,50.000,ft
tpx391993a0,x3156034a,s1s2,sx3156034a,s1s2,4/0triplex,50.000,ft
tpx2001208c0,x2001208c,s1s2,sx2001208c,s1s2,4/0triplex,50.000,ft
tpx339049a0,x2916602a,s1s2,sx2916602a,s1s2,4/0triplex,50.000,ft
tpx293660b0,x2916610b,s1s2,sx2916610b,s1s2,4/0triplex,50.000,ft
tpx21384099a0,x3215385a,s1s2,sx3215385a,s1s2,4/0triplex,50.000,ft
tpx321893c0,x2841645c,s1s2,sx2841645c,s1s2,4/0triplex,50.000,ft
tpx337723a0,x3178978a,s1s2,sx3178978a,s1s2,4/0triplex,50.000,ft
tpx226192762b0,x2689678b,s1s2,sx2689678b,s1s2,4/0triplex,50.000,ft
tpx260463b0,x3086075b,s1s2,sx3086075b,s1s2,4/0triplex,50.000,ft
tpx226163575b0,x2989432b,s1s2,sx2989432b,s1s2,4/0triplex,50.000,ft
tpx355592b0,x3254206b,s1s2,sx3254206b,s1s2,4/0triplex,50.000,ft
tpx337684a0,x3159448a,s1s2,sx3159448a,s1s2,4/0triplex,50.000,ft
tpx28127372a0,x2804259a,s1s2,sx2804259a,s1s2,4/0triplex,50.000,ft
tpx321876a0,x3027132a,s1s2,sx3027132a,s1s2,4/0triplex,50.000,ft
tpx247058a0,x2673315a,s1s2,sx2673315a,s1s2,4/0triplex,50.000,ft
tpx337716a0,x2841627a,s1s2,sx2841627a,s1s2,4/0triplex,50.000,ft
tpx2224386863a0,x3727710a,s1s2,sx3727710a,s1s2,4/0triplex,50.000,ft
tpx226195153b0,x3082988b,s1s2,sx3082988b,s1s2,4/0triplex,50.000,ft
tpx293681a0,x3195751a,s1s2,sx3195751a,s1s2,4/0triplex,50.000,ft
tpx391736b0,x3029495b,s1s2,sx3029495b,s1s2,4/0triplex,50.000,ft
tpx225673440a0,x3251807a,s1s2,sx3251807a,s1s2,4/0triplex,50.000,ft
tpx226311345b0,x3139598b,s1s2,sx3139598b,s1s2,4/0triplex,50.000,ft
tpx223662a0,x2786204a,s1s2,sx2786204a,s1s2,4/0triplex,50.000,ft
tpx226101460a0,x2857591a,s1s2,sx2857591a,s1s2,4/0triplex,50.000,ft
tpx28147974b0,x2691946b,s1s2,sx2691946b,s1s2,4/0triplex,50.000,ft
tpx323266b0,x3197632b,s1s2,sx3197632b,s1s2,4/0triplex,50.000,ft
tpx207287b0,x2711234b,s1s2,sx2711234b,s1s2,4/0triplex,50.000,ft
tpx227895952a0,x3065665a,s1s2,sx3065665a,s1s2,4/0triplex,50.000,ft
tpx274997c0,x3048228c,s1s2,sx3048228c,s1s2,4/0triplex,50.000,ft
tpx338992b0,x2935567b,s1s2,sx2935567b,s1s2,4/0triplex,50.000,ft
tpx21393486c0,x2898526c,s1s2,sx2898526c,s1s2,4/0triplex,50.000,ft
tpx302367b0,x2766727b,s1s2,sx2766727b,s1s2,4/0triplex,50.000,ft
tpx21390038c0,x3030205c,s1s2,sx3030205c,s1s2,4/0triplex,50.000,ft
tpx338962c0,x2748125c,s1s2,sx2748125c,s1s2,4/0triplex,50.000,ft
tpx2000402a0,x2000402a,s1s2,sx2000402a,s1s2,4/0triplex,50.000,ft
tpx251856c0,x3048888c,s1s2,sx3048888c,s1s2,4/0triplex,50.000,ft
tpx337661b0,x2766749b,s1s2,sx2766749b,s1s2,4/0triplex,50.000,ft
tpx337655c0,x3141396c,s1s2,sx3141396c,s1s2,4/0triplex,50.000,ft
tpx226308725b0,x2802480b,s1s2,sx2802480b,s1s2,4/0triplex,50.000,ft
tpx138754b0,x3254212b,s1s2,sx3254212b,s1s2,4/0triplex,50.000,ft
tpx138405c0,x2841629c,s1s2,sx2841629c,s1s2,4/0triplex,50.000,ft
tpx2000912c0,x2000912c,s1s2,sx2000912c,s1s2,4/0triplex,50.000,ft
tpx293521b0,x3216370b,s1s2,sx3216370b,s1s2,4/0triplex,50.000,ft
tpx339012b0,x2973171b,s1s2,sx2973171b,s1s2,4/0triplex,50.000,ft
tpx226192801c0,x2951995c,s1s2,sx2951995c,s1s2,4/0triplex,50.000,ft
tpx227760024a0,x3215203a,s1s2,sx3215203a,s1s2,4/0triplex,50.000,ft
tpx21243817a0,x2955076a,s1s2,sx2955076a,s1s2,4/0triplex,50.000,ft
tpx21455388c0,x2879089c,s1s2,sx2879089c,s1s2,4/0triplex,50.000,ft
tpx227411655c0,x2806553c,s1s2,sx2806553c,s1s2,4/0triplex,50.000,ft
tpx337697b0,x2804258b,s1s2,sx2804258b,s1s2,4/0triplex,50.000,ft
tpx323241b0,x2710508b,s1s2,sx2710508b,s1s2,4/0triplex,50.000,ft
tpx355585b0,x2766742b,s1s2,sx2766742b,s1s2,4/0triplex,50.000,ft
tpx356811a0,x2804956a,s1s2,sx2804956a,s1s2,4/0triplex,50.000,ft
tpx227100746a0,x3226771a,s1s2,sx3226771a,s1s2,4/0triplex,50.000,ft
tpx260496b0,x2879767b,s1s2,sx2879767b,s1s2,4/0triplex,50.000,ft
tpx260500b0,x2711224b,s1s2,sx2711224b,s1s2,4/0triplex,50.000,ft
tpx337692b0,x2879061b,s1s2,sx2879061b,s1s2,4/0triplex,50.000,ft
tpx337709b0,x2879077b,s1s2,sx2879077b,s1s2,4/0triplex,50.000,ft
tpx302410a0,x3104131a,s1s2,sx3104131a,s1s2,4/0triplex,50.000,ft
tpx21400215b0,x3048231b,s1s2,sx3048231b,s1s2,4/0triplex,50.000,ft
tpx138574a0,x2991907a,s1s2,sx2991907a,s1s2,4/0triplex,50.000,ft
tpx2001214c0,x2001214c,s1s2,sx2001214c,s1s2,4/0triplex,50.000,ft
tpx21380500c0,x3235242c,s1s2,sx3235242c,s1s2,4/0triplex,50.000,ft
tpx260488a0,x2842379a,s1s2,sx2842379a,s1s2,4/0triplex,50.000,ft
tpx293521c0,x3216370c,s1s2,sx3216370c,s1s2,4/0triplex,50.000,ft
tpx2001008b0,x2001008b,s1s2,sx2001008b,s1s2,4/0triplex,50.000,ft
tpx138752b0,x2785528b,s1s2,sx2785528b,s1s2,4/0triplex,50.000,ft
tpx2000902c0,x2000902c,s1s2,sx2000902c,s1s2,4/0triplex,50.000,ft
tpx21474711c0,x2861197c,s1s2,sx2861197c,s1s2,4/0triplex,50.000,ft
tpx228622562a0,x3108449a,s1s2,sx3108449a,s1s2,4/0triplex,50.000,ft
tpx2224238167a0,x3649306a,s1s2,sx3649306a,s1s2,4/0triplex,50.000,ft
tpx28148580b0,x3197636b,s1s2,sx3197636b,s1s2,4/0triplex,50.000,ft
tpx355606b0,x3029510b,s1s2,sx3029510b,s1s2,4/0triplex,50.000,ft
tpx325245b0,x2710513b,s1s2,sx2710513b,s1s2,4/0triplex,50.000,ft
tpx138373c0,x3029503c,s1s2,sx3029503c,s1s2,4/0triplex,50.000,ft
tpx2001007b0,x2001007b,s1s2,sx2001007b,s1s2,4/0triplex,50.000,ft
tpx28129923c0,x3123509c,s1s2,sx3123509c,s1s2,4/0triplex,50.000,ft
tpx356800a0,x3235946a,s1s2,sx3235946a,s1s2,4/0triplex,50.000,ft
tpx2000915c0,x2000915c,s1s2,sx2000915c,s1s2,4/0triplex,50.000,ft
tpx2221108403a0,x1108403a,s1s2,sx1108403a,s1s2,4/0triplex,50.000,ft
tpx275001c0,x2822862c,s1s2,sx2822862c,s1s2,4/0triplex,50.000,ft
tpx321838a0,x2691944a,s1s2,sx2691944a,s1s2,4/0triplex,50.000,ft
tpx338984a0,x2748144a,s1s2,sx2748144a,s1s2,4/0triplex,50.000,ft
tpx260527b0,x2711226b,s1s2,sx2711226b,s1s2,4/0triplex,50.000,ft
tpx28118808a0,x3122825a,s1s2,sx3122825a,s1s2,4/0triplex,50.000,ft
tpx391765b0,x3085389b,s1s2,sx3085389b,s1s2,4/0triplex,50.000,ft
tpx226115278a0,x3157167a,s1s2,sx3157167a,s1s2,4/0triplex,50.000,ft
tpx338893a0,x3197633a,s1s2,sx3197633a,s1s2,4/0triplex,50.000,ft
tpx274903c0,x2935552c,s1s2,sx2935552c,s1s2,4/0triplex,50.000,ft
tpx391981a0,x2879081a,s1s2,sx2879081a,s1s2,4/0triplex,50.000,ft
tpx226308717a0,x3233412a,s1s2,sx3233412a,s1s2,4/0triplex,50.000,ft
tpx338977b0,x2916620b,s1s2,sx2916620b,s1s2,4/0triplex,50.000,ft
tpx2000905c0,x2000905c,s1s2,sx2000905c,s1s2,4/0triplex,50.000,ft
tpx293522a0,x2785527a,s1s2,sx2785527a,s1s2,4/0triplex,50.000,ft
tpx138776c0,x3010566c,s1s2,sx3010566c,s1s2,4/0triplex,50.000,ft
tpx226193899b0,x3082983b,s1s2,sx3082983b,s1s2,4/0triplex,50.000,ft
tpx321886c0,x2766746c,s1s2,sx2766746c,s1s2,4/0triplex,50.000,ft
tpx328365b0,x3179646b,s1s2,sx3179646b,s1s2,4/0triplex,50.000,ft
tpx355437c0,x2710525c,s1s2,sx2710525c,s1s2,4/0triplex,50.000,ft
tpx391739b0,x2954339b,s1s2,sx2954339b,s1s2,4/0triplex,50.000,ft
tpx260529c0,x3217053c,s1s2,sx3217053c,s1s2,4/0triplex,50.000,ft
tpx227411650c0,x2937757c,s1s2,sx2937757c,s1s2,4/0triplex,50.000,ft
tpx2001400c0,x2001400c,s1s2,sx2001400c,s1s2,4/0triplex,50.000,ft
tpx260577c0,x2767341c,s1s2,sx2767341c,s1s2,4/0triplex,50.000,ft
tpx339007b0,x2916617b,s1s2,sx2916617b,s1s2,4/0triplex,50.000,ft
tpx337676a0,x3235244a,s1s2,sx3235244a,s1s2,4/0triplex,50.000,ft
tpx225571871b0,x2911069b,s1s2,sx2911069b,s1s2,4/0triplex,50.000,ft
tpx260542a0,x2955078a,s1s2,sx2955078a,s1s2,4/0triplex,50.000,ft
tpx247122b0,x3197629b,s1s2,sx3197629b,s1s2,4/0triplex,50.000,ft
tpx260574c0,x3123452c,s1s2,sx3123452c,s1s2,4/0triplex,50.000,ft
tpx138258c0,x2991911c,s1s2,sx2991911c,s1s2,4/0triplex,50.000,ft
tpx323242b0,x3122810b,s1s2,sx3122810b,s1s2,4/0triplex,50.000,ft
tpx355618b0,x2954338b,s1s2,sx2954338b,s1s2,4/0triplex,50.000,ft
tpx138649a0,x3048206a,s1s2,sx3048206a,s1s2,4/0triplex,50.000,ft
tpx274987c0,x2916605c,s1s2,sx2916605c,s1s2,4/0triplex,50.000,ft
tpx356814c0,x2730106c,s1s2,sx2730106c,s1s2,4/0triplex,50.000,ft
tpx355375a0,x2689691a,s1s2,sx2689691a,s1s2,4/0triplex,50.000,ft
tpx21467859b0,x2916625b,s1s2,sx2916625b,s1s2,4/0triplex,50.000,ft
tpx293523a0,x2766729a,s1s2,sx2766729a,s1s2,4/0triplex,50.000,ft
tpx247100b0,x2729407b,s1s2,sx2729407b,s1s2,4/0triplex,50.000,ft
tpx337674a0,x3066805a,s1s2,sx3066805a,s1s2,4/0triplex,50.000,ft
tpx302679a0,x2897772a,s1s2,sx2897772a,s1s2,4/0triplex,50.000,ft
tpx356805a0,x3195321a,s1s2,sx3195321a,s1s2,4/0triplex,50.000,ft
tpx2001308a0,x2001308a,s1s2,sx2001308a,s1s2,4/0triplex,50.000,ft
tpx321853b0,x2673313b,s1s2,sx2673313b,s1s2,4/0triplex,50.000,ft
tpx28147708b0,x2991929b,s1s2,sx2991929b,s1s2,4/0triplex,50.000,ft
tpx2000908c0,x2000908c,s1s2,sx2000908c,s1s2,4/0triplex,50.000,ft
tpx227653310c0,x2746587c,s1s2,sx2746587c,s1s2,4/0triplex,50.000,ft
tpx391989a0,x2766747a,s1s2,sx2766747a,s1s2,4/0triplex,50.000,ft
tpx337636c0,x2841619c,s1s2,sx2841619c,s1s2,4/0triplex,50.000,ft
tpx323394b0,x2710504b,s1s2,sx2710504b,s1s2,4/0triplex,50.000,ft
tpx337647a0,x3048227a,s1s2,sx3048227a,s1s2,4/0triplex,50.000,ft
tpx2221108404b0,x1108404b,s1s2,sx1108404b,s1s2,4/0triplex,50.000,ft
tpx302509c0,x2804261c,s1s2,sx2804261c,s1s2,4/0triplex,50.000,ft
tpx339004b0,x3197653b,s1s2,sx3197653b,s1s2,4/0triplex,50.000,ft
tpx355595b0,x2860479b,s1s2,sx2860479b,s1s2,4/0triplex,50.000,ft
tpx338967c0,x2673318c,s1s2,sx2673318c,s1s2,4/0triplex,50.000,ft
tpx339020a0,x3104144a,s1s2,sx3104144a,s1s2,4/0triplex,50.000,ft
tpx260621c0,x2898515c,s1s2,sx2898515c,s1s2,4/0triplex,50.000,ft
tpx302374b0,x2785526b,s1s2,sx2785526b,s1s2,4/0triplex,50.000,ft
tpx260464a0,x2730187a,s1s2,sx2730187a,s1s2,4/0triplex,50.000,ft
tpx391986a0,x2766723a,s1s2,sx2766723a,s1s2,4/0triplex,50.000,ft
tpx310560a0,x2879074a,s1s2,sx2879074a,s1s2,4/0triplex,50.000,ft
tpx260602b0,x2989566b,s1s2,sx2989566b,s1s2,4/0triplex,50.000,ft
tpx21397005a0,x2935557a,s1s2,sx2935557a,s1s2,4/0triplex,50.000,ft
tpx2223703238c0,x3342743c,s1s2,sx3342743c,s1s2,4/0triplex,50.000,ft
tpx355773a0,x2991909a,s1s2,sx2991909a,s1s2,4/0triplex,50.000,ft
tpx337653b0,x2673308b,s1s2,sx2673308b,s1s2,4/0triplex,50.000,ft
tpx302375b0,x2973162b,s1s2,sx2973162b,s1s2,4/0triplex,50.000,ft
tpx260625c0,x3048966c,s1s2,sx3048966c,s1s2,4/0triplex,50.000,ft
tpx21397645a0,x2860493a,s1s2,sx2860493a,s1s2,4/0triplex,50.000,ft
tpx226308731a0,x3214549a,s1s2,sx3214549a,s1s2,4/0triplex,50.000,ft
tpx323236b0,x2822860b,s1s2,sx2822860b,s1s2,4/0triplex,50.000,ft
tpx337632c0,x2673307c,s1s2,sx2673307c,s1s2,4/0triplex,50.000,ft
tpx138769a0,x2729411a,s1s2,sx2729411a,s1s2,4/0triplex,50.000,ft
tpx228532641a0,x3091052a,s1s2,sx3091052a,s1s2,4/0triplex,50.000,ft
tpx337633c0,x2729406c,s1s2,sx2729406c,s1s2,4/0triplex,50.000,ft
tpx260495b0,x2767407b,s1s2,sx2767407b,s1s2,4/0triplex,50.000,ft
tpx226193702c0,x3181545c,s1s2,sx3181545c,s1s2,4/0triplex,50.000,ft
tpx302676a0,x2710519a,s1s2,sx2710519a,s1s2,4/0triplex,50.000,ft
tpx392036b0,x2991915b,s1s2,sx2991915b,s1s2,4/0triplex,50.000,ft
tpx355432c0,x3122837c,s1s2,sx3122837c,s1s2,4/0triplex,50.000,ft
tpx355777b0,x3085398b,s1s2,sx3085398b,s1s2,4/0triplex,50.000,ft
tpx275000c0,x2710509c,s1s2,sx2710509c,s1s2,4/0triplex,50.000,ft
tpx355588b0,x2822857b,s1s2,sx2822857b,s1s2,4/0triplex,50.000,ft
tpx21474614c0,x2710543c,s1s2,sx2710543c,s1s2,4/0triplex,50.000,ft
tpx229106135c0,x2991640c,s1s2,sx2991640c,s1s2,4/0triplex,50.000,ft
tpx337729a0,x2728247a,s1s2,sx2728247a,s1s2,4/0triplex,50.000,ft
tpx21395962a0,x3197645a,s1s2,sx3197645a,s1s2,4/0triplex,50.000,ft
tpx226193662a0,x3195315a,s1s2,sx3195315a,s1s2,4/0triplex,50.000,ft
tpx2000710b0,x2000710b,s1s2,sx2000710b,s1s2,4/0triplex,50.000,ft
tpx338960c0,x2897767c,s1s2,sx2897767c,s1s2,4/0triplex,50.000,ft
tpx2212168870c0,x2897554c,s1s2,sx2897554c,s1s2,4/0triplex,50.000,ft
tpx2224386946a0,x3728037a,s1s2,sx3728037a,s1s2,4/0triplex,50.000,ft
tpx227905262a0,x3140238a,s1s2,sx3140238a,s1s2,4/0triplex,50.000,ft
tpx293483a0,x3104133a,s1s2,sx3104133a,s1s2,4/0triplex,50.000,ft
tpx138685a0,x3122813a,s1s2,sx3122813a,s1s2,4/0triplex,50.000,ft
tpx225806974a0,x2876814a,s1s2,sx2876814a,s1s2,4/0triplex,50.000,ft
tpx356809a0,x2936214a,s1s2,sx2936214a,s1s2,4/0triplex,50.000,ft
tpx323265b0,x2860501b,s1s2,sx2860501b,s1s2,4/0triplex,50.000,ft
tpx337706b0,x3254214b,s1s2,sx3254214b,s1s2,4/0triplex,50.000,ft
tpx337619b0,x2990826b,s1s2,sx2990826b,s1s2,4/0triplex,50.000,ft
tpx355842a0,x2876813a,s1s2,sx2876813a,s1s2,4/0triplex,50.000,ft
tpx247036c0,x3029498c,s1s2,sx3029498c,s1s2,4/0triplex,50.000,ft
tpx138569a0,x2973151a,s1s2,sx2973151a,s1s2,4/0triplex,50.000,ft
tpx338965a0,x3010568a,s1s2,sx3010568a,s1s2,4/0triplex,50.000,ft
tpx302392a0,x3010570a,s1s2,sx3010570a,s1s2,4/0triplex,50.000,ft
tpx323274b0,x2860500b,s1s2,sx2860500b,s1s2,4/0triplex,50.000,ft
tpx138652c0,x2766718c,s1s2,sx2766718c,s1s2,4/0triplex,50.000,ft
tpx227944551c0,x3234149c,s1s2,sx3234149c,s1s2,750_triplex,50.000,ft
tpx294845a0,x3010563a,s1s2,sx3010563a,s1s2,4/0triplex,50.000,ft
tpx338931c0,x2785521c,s1s2,sx2785521c,s1s2,4/0triplex,50.000,ft
tpx21458756c0,x3232301c,s1s2,sx3232301c,s1s2,4/0triplex,50.000,ft
tpx225533162a0,x2685809a,s1s2,sx2685809a,s1s2,4/0triplex,50.000,ft
tpx337728a0,x3082992a,s1s2,sx3082992a,s1s2,4/0triplex,50.000,ft
tpx338993b0,x2804272b,s1s2,sx2804272b,s1s2,4/0triplex,50.000,ft
tpx138770a0,x2897781a,s1s2,sx2897781a,s1s2,4/0triplex,50.000,ft
tpx226308720a0,x2821087a,s1s2,sx2821087a,s1s2,4/0triplex,50.000,ft
tpx293591a0,x3197641a,s1s2,sx3197641a,s1s2,4/0triplex,50.000,ft
tpx225533703c0,x2925506c,s1s2,sx2925506c,s1s2,4/0triplex,50.000,ft
tpx293666c0,x2710532c,s1s2,sx2710532c,s1s2,4/0triplex,50.000,ft
tpx2000715b0,x2000715b,s1s2,sx2000715b,s1s2,4/0triplex,50.000,ft
tpx293658c0,x3189188c,s1s2,sx3189188c,s1s2,4/0triplex,50.000,ft
tpx302861c0,x2748133c,s1s2,sx2748133c,s1s2,4/0triplex,50.000,ft
tpx138647c0,x3254210c,s1s2,sx3254210c,s1s2,4/0triplex,50.000,ft
tpx302858c0,x2897776c,s1s2,sx2897776c,s1s2,4/0triplex,50.000,ft
tpx391742b0,x3048201b,s1s2,sx3048201b,s1s2,4/0triplex,50.000,ft
tpx28120183c0,x3122818c,s1s2,sx3122818c,s1s2,4/0triplex,50.000,ft
tpx302370b0,x3122823b,s1s2,sx3122823b,s1s2,4/0triplex,50.000,ft
tpx293664b0,x3207907b,s1s2,sx3207907b,s1s2,4/0triplex,50.000,ft
tpx337646b0,x2879063b,s1s2,sx2879063b,s1s2,4/0triplex,50.000,ft
tpx21459640c0,x2970258c,s1s2,sx2970258c,s1s2,4/0triplex,50.000,ft
tpx2212168866c0,x2729206c,s1s2,sx2729206c,s1s2,4/0triplex,50.000,ft
tpx226193361b0,x3157710b,s1s2,sx3157710b,s1s2,4/0triplex,50.000,ft
tpx21382813a0,x2748781a,s1s2,sx2748781a,s1s2,4/0triplex,50.000,ft
tpx338944c0,x3197640c,s1s2,sx3197640c,s1s2,4/0triplex,50.000,ft
tpx157716b0,x3179674b,s1s2,sx3179674b,s1s2,4/0triplex,50.000,ft
tpx274999c0,x2935550c,s1s2,sx2935550c,s1s2,4/0triplex,50.000,ft
tpx323400b0,x2691943b,s1s2,sx2691943b,s1s2,4/0triplex,50.000,ft
tpx293645a0,x2841633a,s1s2,sx2841633a,s1s2,4/0triplex,50.000,ft
tpx21249626b0,x3142079b,s1s2,sx3142079b,s1s2,4/0triplex,50.000,ft
tpx337708b0,x3216349b,s1s2,sx3216349b,s1s2,4/0triplex,50.000,ft
tpx346639a0,x2992556a,s1s2,sx2992556a,s1s2,4/0triplex,50.000,ft
tpx356015a0,x2916599a,s1s2,sx2916599a,s1s2,4/0triplex,50.000,ft
tpx247084b0,x3254211b,s1s2,sx3254211b,s1s2,4/0triplex,50.000,ft
tpx2223878647b0,x3448661b,s1s2,sx3448661b,s1s2,4/0triplex,50.000,ft
tpx21398536a0,x2973159a,s1s2,sx2973159a,s1s2,4/0triplex,50.000,ft
tpx227902981a0,x3047058a,s1s2,sx3047058a,s1s2,4/0triplex,50.000,ft
tpx323249b0,x2729427b,s1s2,sx2729427b,s1s2,4/0triplex,50.000,ft
tpx337688b0,x3029501b,s1s2,sx3029501b,s1s2,4/0triplex,50.000,ft
tpx260568c0,x2842329c,s1s2,sx2842329c,s1s2,4/0triplex,50.000,ft
tpx2223661373a0,x3312692a,s1s2,sx3312692a,s1s2,4/0triplex,50.000,ft
tpx28150189a0,x2729412a,s1s2,sx2729412a,s1s2,4/0triplex,50.000,ft
tpx338926a0,x3216123a,s1s2,sx3216123a,s1s2,4/0triplex,50.000,ft
tpx260650a0,x2692661a,s1s2,sx2692661a,s1s2,4/0triplex,50.000,ft
tpx251863c0,x2745811c,s1s2,sx2745811c,s1s2,4/0triplex,50.000,ft
tpx323391b0,x3159037b,s1s2,sx3159037b,s1s2,4/0triplex,50.000,ft
tpx391978c0,x3141402c,s1s2,sx3141402c,s1s2,4/0triplex,50.000,ft
tpx337687b0,x2973156b,s1s2,sx2973156b,s1s2,4/0triplex,50.000,ft
tpx226101449a0,x3027133a,s1s2,sx3027133a,s1s2,4/0triplex,50.000,ft
tpx323279b0,x3235246b,s1s2,sx3235246b,s1s2,4/0triplex,50.000,ft
tpx21389237a0,x2989565a,s1s2,sx2989565a,s1s2,4/0triplex,50.000,ft
tpx355358b0,x2673322b,s1s2,sx2673322b,s1s2,4/0triplex,50.000,ft
tpx293663c0,x3216368c,s1s2,sx3216368c,s1s2,4/0triplex,50.000,ft
tpx338919a0,x2748127a,s1s2,sx2748127a,s1s2,4/0triplex,50.000,ft
tpx356801a0,x3011229a,s1s2,sx3011229a,s1s2,4/0triplex,50.000,ft
tpx247160b0,x0247160b,s1s2,sx0247160b,s1s2,4/0triplex,50.000,ft
tpx247162b0,x0247162b,s1s2,sx0247162b,s1s2,4/0triplex,50.000,ft
tpx28128007c0,x2897766c,s1s2,sx2897766c,s1s2,4/0triplex,50.000,ft
tpx338964c0,x3104117c,s1s2,sx3104117c,s1s2,4/0triplex,50.000,ft
tpx260552a0,x3198348a,s1s2,sx3198348a,s1s2,4/0triplex,50.000,ft
tpx2224230615c0,x3645809c,s1s2,sx3645809c,s1s2,4/0triplex,50.000,ft
tpx21396815c0,x3253995c,s1s2,sx3253995c,s1s2,4/0triplex,50.000,ft
tpx28127146b0,x3160864b,s1s2,sx3160864b,s1s2,4/0triplex,50.000,ft
tpx355597b0,x2729401b,s1s2,sx2729401b,s1s2,4/0triplex,50.000,ft
tpx2000409a0,x2000409a,s1s2,sx2000409a,s1s2,4/0triplex,50.000,ft
tpx302474a0,x3048214a,s1s2,sx3048214a,s1s2,4/0triplex,50.000,ft
tpx337694b0,x2991910b,s1s2,sx2991910b,s1s2,4/0triplex,50.000,ft
tpx226191779c0,x2745799c,s1s2,sx2745799c,s1s2,4/0triplex,50.000,ft
tpx356012a0,x2841615a,s1s2,sx2841615a,s1s2,4/0triplex,50.000,ft
tpx226308716b0,x2690187b,s1s2,sx2690187b,s1s2,4/0triplex,50.000,ft
tpx228446184a0,x3159645a,s1s2,sx3159645a,s1s2,4/0triplex,50.000,ft
