Name,Wdg1Bus,Phase,Wdg2Bus,Phase,Wdg3Bus,Phase,XfmrCode
xfs49a,49,A,s49a,s1,s49a,s2,ct50
xfs69a,69,A,s69a,s1,s69a,s2,ct50
xfs29a,29,A,s29a,s1,s29a,s2,ct50
xfs77b,77,B,s77b,s1,s77b,s2,ct50
xfs9a,9,A,s9a,s1,s9a,s2,ct50
xfs109a,109,A,s109a,s1,s109a,s2,ct50
xfs53a,53,A,s53a,s1,s53a,s2,ct50
xfs33a,33,A,s33a,s1,s33a,s2,ct50
xfs45a,45,A,s45a,s1,s45a,s2,ct25
xfs49c,49,C,s49c,s1,s49c,s2,ct50
xfs17c,17,C,s17c,s1,s17c,s2,ct25
xfs37a,37,A,s37a,s1,s37a,s2,ct50
xfs49b,49,B,s49b,s1,s49b,s2,ct100
xfs60a,60,A,s60a,s1,s60a,s2,ct25
xfs113a,113,A,s113a,s1,s113a,s2,ct50
xfs5c,5,C,s5c,s1,s5c,s2,ct25
xfs96b,96,B,s96b,s1,s96b,s2,ct25
xfs84c,84,C,s84c,s1,s84c,s2,ct25
xfs80b,80,B,s80b,s1,s80b,s2,ct50
xfs92c,92,C,s92c,s1,s92c,s2,ct50
xfs1a,1,A,s1a,s1,s1a,s2,ct50
xfs98a,98,A,s98a,s1,s98a,s2,ct50
xfs66c,66,C,s66c,s1,s66c,s2,ct100
xfs86b,86,B,s86b,s1,s86b,s2,ct25
xfs42a,42,A,s42a,s1,s42a,s2,ct25
xfs10a,10,A,s10a,s1,s10a,s2,ct25
xfs22b,22,B,s22b,s1,s22b,s2,ct50
xfs34c,34,C,s34c,s1,s34c,s2,ct50
xfs46a,46,A,s46a,s1,s46a,s2,ct25
xfs58b,58,B,s58b,s1,s58b,s2,ct25
xfs38b,38,B,s38b,s1,s38b,s2,ct25
xfs112a,112,A,s112a,s1,s112a,s2,ct25
xfs100c,100,C,s100c,s1,s100c,s2,ct50
reg4c,160,C,160r,C,,,cimxfmrcode_reg4c
xfs104c,104,C,s104c,s1,s104c,s2,ct50
xfs41c,41,C,s41c,s1,s41c,s2,ct25
reg4b,160,B,160r,B,,,cimxfmrcode_reg4b
xfs6c,6,C,s6c,s1,s6c,s2,ct50
xfs85c,85,C,s85c,s1,s85c,s2,ct50
xfs73c,73,C,s73c,s1,s73c,s2,ct50
xfs2b,2,B,s2b,s1,s2b,s2,ct25
xfs39b,39,B,s39b,s1,s39b,s2,ct25
xfs79a,79,A,s79a,s1,s79a,s2,ct50
xfs19a,19,A,s19a,s1,s19a,s2,ct50
xfs7a,7,A,s7a,s1,s7a,s2,ct25
xfs99b,99,B,s99b,s1,s99b,s2,ct50
xfs87b,87,B,s87b,s1,s87b,s2,ct50
xfs63a,63,A,s63a,s1,s63a,s2,ct50
xfs43b,43,B,s43b,s1,s43b,s2,ct50
xfs107b,107,B,s107b,s1,s107b,s2,ct50
xfs11a,11,A,s11a,s1,s11a,s2,ct50
xfs55a,55,A,s55a,s1,s55a,s2,ct25
xfs59b,59,B,s59b,s1,s59b,s2,ct25
xfs111a,111,A,s111a,s1,s111a,s2,ct25
reg3c,25,C,25r,C,,,cimxfmrcode_reg3c
xfs103c,103,C,s103c,s1,s103c,s2,ct50
xfs50c,50,C,s50c,s1,s50c,s2,ct50
xfs62c,62,C,s62c,s1,s62c,s2,ct50
xfs30c,30,C,s30c,s1,s30c,s2,ct50
xfs74c,74,C,s74c,s1,s74c,s2,ct50
xfs94a,94,A,s94a,s1,s94a,s2,ct50
xfs82a,82,A,s82a,s1,s82a,s2,ct50
xfs70a,70,A,s70a,s1,s70a,s2,ct25
xfs90b,90,B,s90b,s1,s90b,s2,ct50
xfs28a,28,A,s28a,s1,s28a,s2,ct50
xfs68a,68,A,s68a,s1,s68a,s2,ct25
xfs88a,88,A,s88a,s1,s88a,s2,ct50
xfs32c,32,C,s32c,s1,s32c,s2,ct25
xfs52a,52,A,s52a,s1,s52a,s2,ct50
xfs64b,64,B,s64b,s1,s64b,s2,ct100
xfs20a,20,A,s20a,s1,s20a,s2,ct50
xfs12b,12,B,s12b,s1,s12b,s2,ct25
xfs24c,24,C,s24c,s1,s24c,s2,ct50
xfs56b,56,B,s56b,s1,s56b,s2,ct25
xfs16c,16,C,s16c,s1,s16c,s2,ct50
xfs102c,102,C,s102c,s1,s102c,s2,ct25
xfs106b,106,B,s106b,s1,s106b,s2,ct50
xfs114a,114,A,s114a,s1,s114a,s2,ct25
xfs31c,31,C,s31c,s1,s31c,s2,ct25
xfs51a,51,A,s51a,s1,s51a,s2,ct25
xfs75c,75,C,s75c,s1,s75c,s2,ct50
xfs95b,95,B,s95b,s1,s95b,s2,ct25
xfs71a,71,A,s71a,s1,s71a,s2,ct50
xfs83c,83,C,s83c,s1,s83c,s2,ct25
xfs4c,4,C,s4c,s1,s4c,s2,ct50
